condition,episode_index,step,previous_hold_depth,target_correction_l2,target_vs_stale_target_l2
low_discrepancy_linear,0,3,2,0.10223141750222896,0.10223141750222896
low_discrepancy_linear,0,5,1,0.18159509441538982,0.18159509441538982
low_discrepancy_linear,0,8,2,0.3186163999767083,0.3186163999767083
low_discrepancy_linear,0,10,1,0.4024698304159532,0.4024698304159532
low_discrepancy_linear,0,13,2,0.3121728128172092,0.3121728128172092
low_discrepancy_linear,0,15,1,0.11970396262891227,0.11970396262891227
low_discrepancy_linear,0,18,2,0.04494145866217545,0.04494145866217545
low_discrepancy_linear,0,20,1,0.1270752498267074,0.1270752498267074
low_discrepancy_linear,0,23,2,0.1692219035989765,0.1692219035989765
low_discrepancy_linear,0,25,1,0.3210190032307637,0.3210190032307637
low_discrepancy_linear,0,28,2,0.5274562936292518,0.5274562936292518
low_discrepancy_linear,0,30,1,0.32557209434014167,0.32557209434014167
low_discrepancy_linear,0,33,2,0.28047600493434116,0.28047600493434116
low_discrepancy_linear,0,35,1,0.3160163163061778,0.3160163163061778
low_discrepancy_linear,0,38,2,0.18743738503179996,0.18743738503179996
low_discrepancy_linear,0,40,1,0.4533634722578814,0.4533634722578814
low_discrepancy_linear,0,43,2,0.27148899388946734,0.27148899388946734
low_discrepancy_linear,0,45,1,0.1617570391110299,0.1617570391110299
low_discrepancy_linear,0,48,2,0.0,0.0
low_discrepancy_linear,0,50,1,0.04898515112813664,0.04898515112813664
low_discrepancy_linear,0,53,2,0.3953936877915154,0.3953936877915154
low_discrepancy_linear,0,55,1,0.5134645975391545,0.5134645975391545
low_discrepancy_linear,0,58,2,0.5577974363338779,0.5577974363338779
low_discrepancy_linear,0,60,1,0.1337483303239203,0.1337483303239203
low_discrepancy_linear,0,63,2,0.26519354231881487,0.26519354231881487
low_discrepancy_linear,0,65,1,0.07092794703147719,0.07092794703147719
low_discrepancy_linear,0,68,2,0.11106998323439493,0.11106998323439493
low_discrepancy_linear,0,70,1,0.023987115001028483,0.023987115001028483
low_discrepancy_linear,0,73,2,0.3274046971663188,0.3274046971663188
low_discrepancy_linear,0,75,1,0.2377373262608236,0.2377373262608236
low_discrepancy_linear,0,78,2,0.2934471770883779,0.2934471770883779
low_discrepancy_linear,0,80,1,0.09239852925375414,0.09239852925375414
low_discrepancy_linear,0,83,2,0.36562609523087847,0.36562609523087847
low_discrepancy_linear,0,85,1,0.19048070680171694,0.19048070680171694
low_discrepancy_linear,0,88,2,0.17502482923134058,0.17502482923134058
low_discrepancy_linear,0,90,1,0.6671264985362433,0.6671264985362433
low_discrepancy_linear,0,93,2,0.895751862341868,0.895751862341868
low_discrepancy_linear,0,95,1,0.6669090479700095,0.6669090479700095
low_discrepancy_linear,0,98,2,0.2463338224229987,0.2463338224229987
low_discrepancy_linear,0,100,1,0.13742122588628483,0.13742122588628483
low_discrepancy_linear,0,103,2,0.394659686932063,0.394659686932063
low_discrepancy_linear,0,105,1,0.19064435344306763,0.19064435344306763
low_discrepancy_linear,0,108,2,0.18195838164375258,0.18195838164375258
low_discrepancy_linear,0,110,1,0.0,0.0
low_discrepancy_linear,0,113,2,0.45622348754685704,0.45622348754685704
low_discrepancy_linear,0,115,1,0.2001493396856057,0.2001493396856057
low_discrepancy_linear,0,118,2,0.21222168503148076,0.21222168503148076
low_discrepancy_linear,0,120,1,0.4085019526989314,0.4085019526989314
low_discrepancy_linear,0,123,2,0.39079569903448175,0.39079569903448175
low_discrepancy_linear,0,125,1,0.4544951435138225,0.4544951435138225
low_discrepancy_linear,0,128,2,0.0973941575512547,0.0973941575512547
low_discrepancy_linear,0,130,1,0.37463267082638557,0.37463267082638557
low_discrepancy_linear,0,133,2,0.6671199571127526,0.6671199571127526
low_discrepancy_linear,0,135,1,0.6746785065322682,0.6746785065322682
low_discrepancy_linear,0,138,2,0.4811082477768648,0.4811082477768648
low_discrepancy_linear,0,140,1,0.10560814303568208,0.10560814303568208
low_discrepancy_linear,0,143,2,0.2494217852408936,0.2494217852408936
low_discrepancy_linear,0,145,1,0.37278955815663045,0.37278955815663045
low_discrepancy_linear,0,148,2,0.2548697821326375,0.2548697821326375
low_discrepancy_linear,0,150,1,0.06809821889210664,0.06809821889210664
low_discrepancy_linear,0,153,2,0.26109361760926253,0.26109361760926253
low_discrepancy_linear,0,155,1,1.3560965946308208,1.3560965946308208
low_discrepancy_linear,0,158,2,0.09618379650608275,0.09618379650608275
low_discrepancy_linear,0,160,1,0.735297003011349,0.735297003011349
low_discrepancy_linear,0,163,2,0.17240764184962687,0.17240764184962687
low_discrepancy_linear,0,165,1,0.2517220977626964,0.2517220977626964
low_discrepancy_linear,0,168,2,0.2283787432195022,0.2283787432195022
low_discrepancy_linear,0,170,1,0.3162106384279115,0.3162106384279115
low_discrepancy_linear,0,173,2,1.184921958024714,1.184921958024714
low_discrepancy_linear,0,175,1,1.3648201959152693,1.3648201959152693
low_discrepancy_linear,0,178,2,0.07851869267832362,0.07851869267832362
low_discrepancy_linear,0,180,1,1.300890327904111,1.300890327904111
low_discrepancy_linear,0,183,2,0.22834249333922832,0.22834249333922832
low_discrepancy_linear,0,185,1,0.32747501086512526,0.32747501086512526
low_discrepancy_linear,0,188,2,0.2887972008307341,0.2887972008307341
low_discrepancy_linear,0,190,1,0.0,0.0
low_discrepancy_linear,0,193,2,0.06477333758917841,0.06477333758917841
low_discrepancy_linear,0,195,1,0.28755090448391557,0.28755090448391557
low_discrepancy_linear,0,198,2,0.10041031063400889,0.10041031063400889
low_discrepancy_linear,0,200,1,0.0,0.0
low_discrepancy_linear,0,203,2,0.8040411776276668,0.8040411776276668
low_discrepancy_linear,0,205,1,0.06654344679038636,0.06654344679038636
low_discrepancy_linear,0,208,2,0.47128078104385845,0.47128078104385845
low_discrepancy_linear,0,210,1,0.040881537016774404,0.040881537016774404
low_discrepancy_linear,0,213,2,0.132296252608878,0.132296252608878
low_discrepancy_linear,0,215,1,0.4495775197135539,0.4495775197135539
low_discrepancy_linear,0,218,2,0.009058823480325606,0.009058823480325606
low_discrepancy_linear,1,3,2,0.20268149288059217,0.20268149288059217
low_discrepancy_linear,1,5,1,0.1522060059738009,0.1522060059738009
low_discrepancy_linear,1,8,2,0.07850988303077483,0.07850988303077483
low_discrepancy_linear,1,10,1,0.27185290270413903,0.27185290270413903
low_discrepancy_linear,1,13,2,0.483602870339795,0.483602870339795
low_discrepancy_linear,1,15,1,0.04463158050157093,0.04463158050157093
low_discrepancy_linear,1,18,2,0.15397793535989765,0.15397793535989765
low_discrepancy_linear,1,20,1,0.1899723642786514,0.1899723642786514
low_discrepancy_linear,1,23,2,0.5573324496033948,0.5573324496033948
low_discrepancy_linear,1,25,1,0.3998713985017121,0.3998713985017121
low_discrepancy_linear,1,28,2,0.5220183674318737,0.5220183674318737
low_discrepancy_linear,1,30,1,0.25838689367203943,0.25838689367203943
low_discrepancy_linear,1,33,2,0.813240346349013,0.813240346349013
low_discrepancy_linear,1,35,1,0.196755791522086,0.196755791522086
low_discrepancy_linear,1,38,2,0.23615124628068054,0.23615124628068054
low_discrepancy_linear,1,40,1,0.6490967434299741,0.6490967434299741
low_discrepancy_linear,1,43,2,0.7442311459419059,0.7442311459419059
low_discrepancy_linear,1,45,1,0.36802147732877355,0.36802147732877355
low_discrepancy_linear,1,48,2,0.08828558251206926,0.08828558251206926
low_discrepancy_linear,1,50,1,0.09097925243965739,0.09097925243965739
low_discrepancy_linear,1,53,2,0.1429567759658641,0.1429567759658641
low_discrepancy_linear,1,55,1,0.14618105232916828,0.14618105232916828
low_discrepancy_linear,1,58,2,0.11442876829103855,0.11442876829103855
low_discrepancy_linear,1,60,1,0.0,0.0
low_discrepancy_linear,1,63,2,0.5260660481651533,0.5260660481651533
low_discrepancy_linear,1,65,1,0.3256962372040721,0.3256962372040721
low_discrepancy_linear,1,68,2,0.29591578047821804,0.29591578047821804
low_discrepancy_linear,1,70,1,0.16624106006087194,0.16624106006087194
low_discrepancy_linear,1,73,2,0.6839569132483646,0.6839569132483646
low_discrepancy_linear,1,75,1,0.0880149508263435,0.0880149508263435
low_discrepancy_linear,1,78,2,0.6186225858718369,0.6186225858718369
low_discrepancy_linear,1,80,1,0.46220416761498095,0.46220416761498095
low_discrepancy_linear,1,83,2,0.5514190776192539,0.5514190776192539
low_discrepancy_linear,1,85,1,0.2816283936645391,0.2816283936645391
low_discrepancy_linear,1,88,2,0.4511272476310729,0.4511272476310729
low_discrepancy_linear,1,90,1,0.05008804056496494,0.05008804056496494
low_discrepancy_linear,2,3,2,0.3674102042966285,0.3674102042966285
low_discrepancy_linear,2,5,1,0.2670942195878411,0.2670942195878411
low_discrepancy_linear,2,8,2,0.1872739923438914,0.1872739923438914
low_discrepancy_linear,2,10,1,0.08494790962108528,0.08494790962108528
low_discrepancy_linear,2,13,2,0.1310479173707725,0.1310479173707725
low_discrepancy_linear,2,15,1,0.41872688532170066,0.41872688532170066
low_discrepancy_linear,2,18,2,0.5730363749585989,0.5730363749585989
low_discrepancy_linear,2,20,1,0.6464958974439565,0.6464958974439565
low_discrepancy_linear,2,23,2,0.4156380751872942,0.4156380751872942
low_discrepancy_linear,2,25,1,0.07922168876392209,0.07922168876392209
low_discrepancy_linear,2,28,2,0.2433322959418229,0.2433322959418229
low_discrepancy_linear,2,30,1,0.19926890084654003,0.19926890084654003
low_discrepancy_linear,2,33,2,0.060810645547141925,0.060810645547141925
low_discrepancy_linear,2,35,1,0.2854231636915703,0.2854231636915703
low_discrepancy_linear,2,38,2,0.796886330485994,0.796886330485994
low_discrepancy_linear,2,40,1,0.2986541812021394,0.2986541812021394
low_discrepancy_linear,2,43,2,0.12937019356379612,0.12937019356379612
low_discrepancy_linear,2,45,1,0.14511028388873332,0.14511028388873332
low_discrepancy_linear,2,48,2,0.6117275395478329,0.6117275395478329
low_discrepancy_linear,2,50,1,0.1377017505038839,0.1377017505038839
low_discrepancy_linear,2,53,2,0.2874934959743988,0.2874934959743988
low_discrepancy_linear,2,55,1,0.28463773096447353,0.28463773096447353
low_discrepancy_linear,2,58,2,0.2867175762548156,0.2867175762548156
low_discrepancy_linear,2,60,1,0.14255698570917402,0.14255698570917402
low_discrepancy_linear,2,63,2,0.28946789514272725,0.28946789514272725
low_discrepancy_linear,2,65,1,0.17373861678959016,0.17373861678959016
low_discrepancy_linear,2,68,2,0.17470486384153724,0.17470486384153724
low_discrepancy_linear,2,70,1,0.3865436599236317,0.3865436599236317
low_discrepancy_linear,2,73,2,0.9950983456067577,0.9950983456067577
low_discrepancy_linear,2,75,1,0.0,0.0
low_discrepancy_linear,2,78,2,0.6651452685783875,0.6651452685783875
low_discrepancy_linear,2,80,1,0.09233317874288338,0.09233317874288338
low_discrepancy_linear,3,3,2,0.0,0.0
low_discrepancy_linear,3,5,1,0.0,0.0
low_discrepancy_linear,3,8,2,0.47384427890896147,0.47384427890896147
low_discrepancy_linear,3,10,1,0.47384427890896147,0.47384427890896147
low_discrepancy_linear,3,13,2,0.0,0.0
low_discrepancy_linear,3,15,1,0.428891975517678,0.428891975517678
low_discrepancy_linear,3,18,2,0.20333668883608574,0.20333668883608574
low_discrepancy_linear,3,20,1,0.35329593355894795,0.35329593355894795
low_discrepancy_linear,3,23,2,0.24430483898681687,0.24430483898681687
low_discrepancy_linear,3,25,1,0.19544232440032858,0.19544232440032858
low_discrepancy_linear,3,28,2,0.2673829050681991,0.2673829050681991
low_discrepancy_linear,3,30,1,0.20531195314181214,0.20531195314181214
low_discrepancy_linear,3,33,2,0.5564547606325292,0.5564547606325292
low_discrepancy_linear,3,35,1,0.21050555458664386,0.21050555458664386
low_discrepancy_linear,3,38,2,0.3648777332228012,0.3648777332228012
low_discrepancy_linear,3,40,1,0.09122649598891391,0.09122649598891391
low_discrepancy_linear,3,43,2,0.09367389220220057,0.09367389220220057
low_discrepancy_linear,3,45,1,0.33986723775208355,0.33986723775208355
low_discrepancy_linear,3,48,2,0.4964934303337177,0.4964934303337177
low_discrepancy_linear,3,50,1,0.0,0.0
low_discrepancy_linear,3,53,2,0.6317830600570998,0.6317830600570998
low_discrepancy_linear,3,55,1,0.04313176865019145,0.04313176865019145
low_discrepancy_linear,3,58,2,0.0,0.0
low_discrepancy_linear,3,60,1,0.053065279256753355,0.053065279256753355
low_discrepancy_linear,3,63,2,0.0012941176400465132,0.0012941176400465132
low_discrepancy_linear,3,65,1,0.1414887064055671,0.1414887064055671
low_discrepancy_linear,3,68,2,0.07738042249321098,0.07738042249321098
low_discrepancy_linear,3,70,1,0.06598739483777205,0.06598739483777205
low_discrepancy_linear,3,73,2,0.19137116821096217,0.19137116821096217
low_discrepancy_linear,3,75,1,0.1567942988835831,0.1567942988835831
low_discrepancy_linear,3,78,2,0.22366463887295265,0.22366463887295265
low_discrepancy_linear,3,80,1,0.15175824489511835,0.15175824489511835
low_discrepancy_linear,3,83,2,0.10983721831872437,0.10983721831872437
low_discrepancy_linear,3,85,1,0.12864273774572832,0.12864273774572832
low_discrepancy_linear,3,88,2,0.22744376296287952,0.22744376296287952
low_discrepancy_linear,3,90,1,0.3049183806559917,0.3049183806559917
low_discrepancy_linear,3,93,2,0.7195904196062743,0.7195904196062743
low_discrepancy_linear,3,95,1,0.2659805451463673,0.2659805451463673
low_discrepancy_linear,3,98,2,0.18237608607001682,0.18237608607001682
low_discrepancy_linear,3,100,1,0.20698577974973895,0.20698577974973895
low_discrepancy_linear,3,103,2,0.3049156793453015,0.3049156793453015
low_discrepancy_linear,3,105,1,0.1747191364749881,0.1747191364749881
low_discrepancy_linear,3,108,2,0.9002836669529773,0.9002836669529773
low_discrepancy_linear,3,110,1,0.6932566197495124,0.6932566197495124
low_discrepancy_linear,3,113,2,0.28552899853433705,0.28552899853433705
low_discrepancy_linear,3,115,1,0.3994889553609665,0.3994889553609665
low_discrepancy_linear,3,118,2,0.24096941125363894,0.24096941125363894
low_discrepancy_linear,4,3,2,0.5712349798979748,0.5712349798979748
low_discrepancy_linear,4,5,1,0.025264220976769565,0.025264220976769565
low_discrepancy_linear,4,8,2,0.16044719458336157,0.16044719458336157
low_discrepancy_linear,4,10,1,0.05978277996334601,0.05978277996334601
low_discrepancy_linear,4,13,2,0.3937101784103543,0.3937101784103543
low_discrepancy_linear,4,15,1,0.13810690558539224,0.13810690558539224
low_discrepancy_linear,4,18,2,0.5594431638970928,0.5594431638970928
low_discrepancy_linear,4,20,1,0.7022281205563975,0.7022281205563975
low_discrepancy_linear,4,23,2,0.33600192965822673,0.33600192965822673
low_discrepancy_linear,4,25,1,0.09117028576837875,0.09117028576837875
low_discrepancy_linear,4,28,2,0.10612831223706587,0.10612831223706587
low_discrepancy_linear,4,30,1,0.30130955497936146,0.30130955497936146
low_discrepancy_linear,4,33,2,0.4253776989526518,0.4253776989526518
low_discrepancy_linear,4,35,1,0.30703263124678903,0.30703263124678903
low_discrepancy_linear,4,38,2,0.28992771653820065,0.28992771653820065
low_discrepancy_linear,4,40,1,0.5976347139698318,0.5976347139698318
low_discrepancy_linear,4,43,2,0.3788098420315611,0.3788098420315611
low_discrepancy_linear,4,45,1,0.22363679920440033,0.22363679920440033
low_discrepancy_linear,4,48,2,0.22075013241054461,0.22075013241054461
low_discrepancy_linear,4,50,1,0.003008403263840026,0.003008403263840026
low_discrepancy_linear,4,53,2,0.27199999736071345,0.27199999736071345
low_discrepancy_linear,4,55,1,0.2802797460070186,0.2802797460070186
low_discrepancy_linear,4,58,2,0.3157135518200942,0.3157135518200942
low_discrepancy_linear,4,60,1,0.08609566048447384,0.08609566048447384
low_discrepancy_linear,4,63,2,0.42991583727404564,0.42991583727404564
low_discrepancy_linear,4,65,1,0.20423858172227236,0.20423858172227236
low_discrepancy_linear,4,68,2,0.44542813750265037,0.44542813750265037
low_discrepancy_linear,4,70,1,0.2083457308741975,0.2083457308741975
low_discrepancy_linear,4,73,2,0.8601623681602196,0.8601623681602196
low_discrepancy_linear,4,75,1,0.29698599401308795,0.29698599401308795
low_discrepancy_linear,4,78,2,0.46181988324927414,0.46181988324927414
low_discrepancy_linear,4,80,1,0.015212016137918347,0.015212016137918347
low_discrepancy_linear,5,3,2,0.4554817263550597,0.4554817263550597
low_discrepancy_linear,5,5,1,0.7418377047860922,0.7418377047860922
low_discrepancy_linear,5,8,2,0.09108659202512079,0.09108659202512079
low_discrepancy_linear,5,10,1,0.11871236603302998,0.11871236603302998
low_discrepancy_linear,5,13,2,0.010053520072590041,0.010053520072590041
low_discrepancy_linear,5,15,1,0.23098574929865878,0.23098574929865878
low_discrepancy_linear,5,18,2,0.4542719134423301,0.4542719134423301
low_discrepancy_linear,5,20,1,0.1679634253334761,0.1679634253334761
low_discrepancy_linear,5,23,2,0.6600972508192063,0.6600972508192063
low_discrepancy_linear,5,25,1,0.30861409496967374,0.30861409496967374
low_discrepancy_linear,5,28,2,0.21025906910398734,0.21025906910398734
low_discrepancy_linear,5,30,1,0.21090927333454484,0.21090927333454484
low_discrepancy_linear,5,33,2,0.17807441167777555,0.17807441167777555
low_discrepancy_linear,5,35,1,0.48001337782219344,0.48001337782219344
low_discrepancy_linear,5,38,2,0.11670261208551887,0.11670261208551887
low_discrepancy_linear,5,40,1,0.05449795114844295,0.05449795114844295
low_discrepancy_linear,5,43,2,0.10970293212042553,0.10970293212042553
low_discrepancy_linear,5,45,1,0.6939649994763982,0.6939649994763982
low_discrepancy_linear,5,48,2,0.5264996441903015,0.5264996441903015
low_discrepancy_linear,5,50,1,0.3000460136971609,0.3000460136971609
low_discrepancy_linear,5,53,2,0.26829445776119704,0.26829445776119704
low_discrepancy_linear,5,55,1,0.3942096584411024,0.3942096584411024
low_discrepancy_linear,5,58,2,0.45472124491408933,0.45472124491408933
low_discrepancy_linear,5,60,1,0.11153001923569136,0.11153001923569136
low_discrepancy_linear,5,63,2,0.08979775055783941,0.08979775055783941
low_discrepancy_linear,5,65,1,0.2507616969677092,0.2507616969677092
low_discrepancy_linear,5,68,2,0.507459004029395,0.507459004029395
low_discrepancy_linear,5,70,1,0.39743103953609143,0.39743103953609143
low_discrepancy_linear,5,73,2,0.15819419584586258,0.15819419584586258
low_discrepancy_linear,5,75,1,0.4792254639303264,0.4792254639303264
low_discrepancy_linear,5,78,2,0.7687942938035345,0.7687942938035345
low_discrepancy_linear,5,80,1,0.16663193167313595,0.16663193167313595
low_discrepancy_linear,5,83,2,0.21728142344273652,0.21728142344273652
low_discrepancy_linear,5,85,1,0.12741556273933205,0.12741556273933205
low_discrepancy_linear,5,88,2,0.9870362841401439,0.9870362841401439
low_discrepancy_linear,5,90,1,0.06801015409765672,0.06801015409765672
low_discrepancy_linear,5,93,2,0.0015042016319199991,0.0015042016319199991
low_discrepancy_linear,5,95,1,0.18552641306701495,0.18552641306701495
low_discrepancy_linear,5,98,2,0.10228747905832357,0.10228747905832357
low_discrepancy_linear,5,100,1,0.07671183607917721,0.07671183607917721
low_discrepancy_linear,5,103,2,0.02070588224074421,0.02070588224074421
low_discrepancy_linear,5,105,1,0.33145761157076253,0.33145761157076253
low_discrepancy_linear,5,108,2,1.0779411874917457,1.0779411874917457
low_discrepancy_linear,5,110,1,0.7312592091992514,0.7312592091992514
low_discrepancy_linear,5,113,2,0.24058054810551116,0.24058054810551116
low_discrepancy_linear,5,115,1,0.2032856060420917,0.2032856060420917
low_discrepancy_linear,5,118,2,0.08336121259757331,0.08336121259757331
low_discrepancy_linear,5,120,1,0.06842941917674603,0.06842941917674603
low_discrepancy_linear,5,123,2,0.0660000834692071,0.0660000834692071
low_discrepancy_linear,5,125,1,0.14700225746990053,0.14700225746990053
low_discrepancy_linear,5,128,2,0.1767338629935013,0.1767338629935013
low_discrepancy_linear,5,130,1,0.38004717299980123,0.38004717299980123
low_discrepancy_linear,5,133,2,0.20162181426414824,0.20162181426414824
low_discrepancy_linear,5,135,1,0.6476089146660475,0.6476089146660475
low_discrepancy_linear,5,138,2,0.16774808649522577,0.16774808649522577
low_discrepancy_linear,5,140,1,0.6633644075651871,0.6633644075651871
low_discrepancy_linear,5,143,2,0.0796151977704302,0.0796151977704302
low_discrepancy_linear,5,145,1,1.0350847861766377,1.0350847861766377
low_discrepancy_linear,5,148,2,0.34829665259757997,0.34829665259757997
low_discrepancy_linear,5,150,1,0.31917929286360924,0.31917929286360924
low_discrepancy_linear,5,153,2,0.8728189108354916,0.8728189108354916
low_discrepancy_linear,5,155,1,0.07792728413252992,0.07792728413252992
low_discrepancy_linear,5,158,2,0.4415407186317812,0.4415407186317812
low_discrepancy_linear,5,160,1,0.060560807903191884,0.060560807903191884
low_discrepancy_linear,5,163,2,0.18663091998369366,0.18663091998369366
low_discrepancy_linear,5,165,1,0.2510642298134494,0.2510642298134494
low_discrepancy_linear,5,168,2,1.4354417580879946,1.4354417580879946
low_discrepancy_linear,5,170,1,0.0680446084208839,0.0680446084208839
low_discrepancy_linear,5,173,2,1.5136425383940426,1.5136425383940426
low_discrepancy_linear,5,175,1,0.2874771601796811,0.2874771601796811
low_discrepancy_linear,5,178,2,0.2874771601796811,0.2874771601796811
low_discrepancy_linear,5,180,1,0.2938609532564164,0.2938609532564164
low_discrepancy_linear,5,183,2,0.0,0.0
low_discrepancy_linear,5,185,1,1.1906721570350707,1.1906721570350707
low_discrepancy_linear,5,188,2,1.3911240566005825,1.3911240566005825
low_discrepancy_linear,5,190,1,0.0,0.0
low_discrepancy_linear,5,193,2,1.447656651052733,1.447656651052733
low_discrepancy_linear,5,195,1,0.2157412439220411,0.2157412439220411
low_discrepancy_linear,5,198,2,1.0610644567875906,1.0610644567875906
low_discrepancy_linear,5,200,1,0.14973275364808827,0.14973275364808827
low_discrepancy_linear,5,203,2,0.1280360201281155,0.1280360201281155
low_discrepancy_linear,5,205,1,0.4680049011972582,0.4680049011972582
low_discrepancy_linear,5,208,2,0.31799205133687486,0.31799205133687486
low_discrepancy_linear,5,210,1,0.33674175518889443,0.33674175518889443
low_discrepancy_linear,5,213,2,1.388933162260325,1.388933162260325
low_discrepancy_linear,5,215,1,0.9484590108237949,0.9484590108237949
low_discrepancy_linear,5,218,2,0.2122344530384492,0.2122344530384492
low_discrepancy_linear,6,3,2,0.4746395013253612,0.4746395013253612
low_discrepancy_linear,6,5,1,0.030919846975892652,0.030919846975892652
low_discrepancy_linear,6,8,2,0.08763888894872736,0.08763888894872736
low_discrepancy_linear,6,10,1,0.1270752498267074,0.1270752498267074
low_discrepancy_linear,6,13,2,0.1692219035989765,0.1692219035989765
low_discrepancy_linear,6,15,1,0.3210190032307637,0.3210190032307637
low_discrepancy_linear,6,18,2,0.5274562936292518,0.5274562936292518
low_discrepancy_linear,6,20,1,0.37817772585175996,0.37817772585175996
low_discrepancy_linear,6,23,2,0.08983139638328787,0.08983139638328787
low_discrepancy_linear,6,25,1,0.49003646227314795,0.49003646227314795
low_discrepancy_linear,6,28,2,0.7022128054341952,0.7022128054341952
low_discrepancy_linear,6,30,1,0.44784469062028,0.44784469062028
low_discrepancy_linear,6,33,2,0.019312381543089206,0.019312381543089206
low_discrepancy_linear,6,35,1,0.3124473992233088,0.3124473992233088
low_discrepancy_linear,6,38,2,0.3507536837095634,0.3507536837095634
low_discrepancy_linear,6,40,1,0.37850016090398303,0.37850016090398303
low_discrepancy_linear,6,43,2,0.7053518821632915,0.7053518821632915
low_discrepancy_linear,6,45,1,0.14751831805592344,0.14751831805592344
low_discrepancy_linear,6,48,2,0.18629978210200712,0.18629978210200712
low_discrepancy_linear,6,50,1,0.14714702779822536,0.14714702779822536
low_discrepancy_linear,6,53,2,0.029327731039010096,0.029327731039010096
low_discrepancy_linear,6,55,1,0.19815377336353815,0.19815377336353815
low_discrepancy_linear,6,58,2,0.47526424128129846,0.47526424128129846
low_discrepancy_linear,6,60,1,0.21715188173872885,0.21715188173872885
low_discrepancy_linear,6,63,2,0.27400390147937015,0.27400390147937015
low_discrepancy_linear,6,65,1,0.1559276176452929,0.1559276176452929
low_discrepancy_linear,6,68,2,0.4655424506611245,0.4655424506611245
low_discrepancy_linear,6,70,1,0.014235294040511645,0.014235294040511645
low_discrepancy_linear,6,73,2,0.6938091409682393,0.6938091409682393
low_discrepancy_linear,6,75,1,0.6743164911696435,0.6743164911696435
low_discrepancy_linear,6,78,2,0.26191805062783163,0.26191805062783163
low_discrepancy_linear,6,80,1,0.2373911076273674,0.2373911076273674
low_discrepancy_linear,6,83,2,0.44062396987949043,0.44062396987949043
low_discrepancy_linear,6,85,1,0.4238102379139173,0.4238102379139173
low_discrepancy_linear,6,88,2,0.6127028121022511,0.6127028121022511
low_discrepancy_linear,7,3,2,0.12293409207834129,0.12293409207834129
low_discrepancy_linear,7,5,1,0.3732514011795915,0.3732514011795915
low_discrepancy_linear,7,8,2,0.3701604323094293,0.3701604323094293
low_discrepancy_linear,7,10,1,0.0486094631300505,0.0486094631300505
low_discrepancy_linear,7,13,2,0.05182593042282885,0.05182593042282885
low_discrepancy_linear,7,15,1,0.09840085294349836,0.09840085294349836
low_discrepancy_linear,7,18,2,0.22767657821455642,0.22767657821455642
low_discrepancy_linear,7,20,1,0.1101595421780476,0.1101595421780476
low_discrepancy_linear,7,23,2,0.4752713561440634,0.4752713561440634
low_discrepancy_linear,7,25,1,0.3511639367151324,0.3511639367151324
low_discrepancy_linear,7,28,2,1.0448724714710707,1.0448724714710707
low_discrepancy_linear,7,30,1,0.17768103600740004,0.17768103600740004
low_discrepancy_linear,7,33,2,0.027906588260370825,0.027906588260370825
low_discrepancy_linear,7,35,1,0.5013259426294826,0.5013259426294826
low_discrepancy_linear,7,38,2,0.7455365027937436,0.7455365027937436
low_discrepancy_linear,7,40,1,0.7443002592036295,0.7443002592036295
low_discrepancy_linear,7,43,2,0.8740158435174228,0.8740158435174228
low_discrepancy_linear,7,45,1,0.18617083308706617,0.18617083308706617
low_discrepancy_linear,7,48,2,0.0998153910879426,0.0998153910879426
low_discrepancy_linear,7,50,1,0.2131303943462811,0.2131303943462811
low_discrepancy_linear,7,53,2,0.09757932315572292,0.09757932315572292
low_discrepancy_linear,7,55,1,0.12187167558707714,0.12187167558707714
low_discrepancy_linear,7,58,2,0.30950154665200885,0.30950154665200885
low_discrepancy_linear,7,60,1,0.3837661872824776,0.3837661872824776
low_discrepancy_linear,7,63,2,0.2590952268561247,0.2590952268561247
low_discrepancy_linear,7,65,1,0.3835283957342544,0.3835283957342544
low_discrepancy_linear,7,68,2,0.9162359252887339,0.9162359252887339
low_discrepancy_linear,7,70,1,0.1998844221505743,0.1998844221505743
low_discrepancy_linear,7,73,2,0.132881127934159,0.132881127934159
low_discrepancy_linear,7,75,1,0.538762265137501,0.538762265137501
low_discrepancy_linear,7,78,2,0.45795117972159294,0.45795117972159294
low_discrepancy_linear,7,80,1,0.8029327779824259,0.8029327779824259
low_discrepancy_linear,7,83,2,0.8991762780644648,0.8991762780644648
low_discrepancy_linear,7,85,1,0.6079834142593656,0.6079834142593656
low_discrepancy_linear,7,88,2,0.5557051590744067,0.5557051590744067
low_discrepancy_linear,7,90,1,1.120197077805983,1.120197077805983
low_discrepancy_linear,7,93,2,0.13300647334488003,0.13300647334488003
low_discrepancy_linear,7,95,1,0.13333578552008898,0.13333578552008898
low_discrepancy_linear,7,98,2,0.30742062848957835,0.30742062848957835
low_discrepancy_linear,7,100,1,0.7278858981943825,0.7278858981943825
low_discrepancy_linear,7,103,2,1.7254447398819124,1.7254447398819124
low_discrepancy_linear,7,105,1,1.7666482256015952,1.7666482256015952
low_discrepancy_linear,7,108,2,1.8044919363982874,1.8044919363982874
low_discrepancy_linear,7,110,1,0.0397401204193238,0.0397401204193238
low_discrepancy_linear,7,113,2,0.33926758750760716,0.33926758750760716
low_discrepancy_linear,7,115,1,0.4712425011183575,0.4712425011183575
low_discrepancy_linear,7,118,2,0.04785441405775092,0.04785441405775092
low_discrepancy_linear,7,120,1,0.8973580808347513,0.8973580808347513
low_discrepancy_linear,7,123,2,0.0,0.0
low_discrepancy_linear,7,125,1,0.229262072344709,0.229262072344709
low_discrepancy_linear,7,128,2,0.37852424671332613,0.37852424671332613
low_discrepancy_linear,7,130,1,0.15242866150927195,0.15242866150927195
low_discrepancy_linear,7,133,2,0.04565354443421328,0.04565354443421328
low_discrepancy_linear,7,135,1,1.499477868224155,1.499477868224155
low_discrepancy_linear,7,138,2,1.849426154532367,1.849426154532367
low_discrepancy_linear,7,140,1,0.1616186473013288,0.1616186473013288
low_discrepancy_linear,7,143,2,1.6731840573529808,1.6731840573529808
low_discrepancy_linear,7,145,1,0.030454458039030557,0.030454458039030557
low_discrepancy_linear,7,148,2,0.2693944677748604,0.2693944677748604
low_discrepancy_linear,7,150,1,0.012941176400465132,0.012941176400465132
low_discrepancy_linear,7,153,2,0.17468333121692364,0.17468333121692364
low_discrepancy_linear,7,155,1,0.2113557839860065,0.2113557839860065
low_discrepancy_linear,7,158,2,0.0,0.0
low_discrepancy_linear,7,160,1,0.2099307008186921,0.2099307008186921
low_discrepancy_linear,7,163,2,1.5683444517222835,1.5683444517222835
low_discrepancy_linear,7,165,1,0.4564363517483633,0.4564363517483633
low_discrepancy_linear,7,168,2,0.5131403273055577,0.5131403273055577
low_discrepancy_linear,7,170,1,0.3708350187559951,0.3708350187559951
low_discrepancy_linear,7,173,2,1.3335121547385427,1.3335121547385427
low_discrepancy_linear,7,175,1,0.13309361988156218,0.13309361988156218
low_discrepancy_linear,7,178,2,1.5262531435957747,1.5262531435957747
low_discrepancy_linear,7,180,1,0.7971407885707464,0.7971407885707464
low_discrepancy_linear,7,183,2,0.4177981854624305,0.4177981854624305
low_discrepancy_linear,7,185,1,0.2831052718200928,0.2831052718200928
low_discrepancy_linear,7,188,2,0.0,0.0
low_discrepancy_linear,7,190,1,0.5628959793864897,0.5628959793864897
low_discrepancy_linear,7,193,2,0.34185019416849255,0.34185019416849255
low_discrepancy_linear,7,195,1,1.5261507839766777,1.5261507839766777
low_discrepancy_linear,7,198,2,1.1693661515763423,1.1693661515763423
low_discrepancy_linear,7,200,1,0.06997478714981732,0.06997478714981732
low_discrepancy_linear,7,203,2,0.3531664019895767,0.3531664019895767
low_discrepancy_linear,7,205,1,0.11323816700021379,0.11323816700021379
low_discrepancy_linear,7,208,2,0.6749760239569956,0.6749760239569956
low_discrepancy_linear,7,210,1,1.1130369182520308,1.1130369182520308
low_discrepancy_linear,7,213,2,0.29807368384684774,0.29807368384684774
low_discrepancy_linear,7,215,1,1.09338959250073,1.09338959250073
low_discrepancy_linear,7,218,2,0.2811000605109279,0.2811000605109279
low_discrepancy_linear,8,3,2,0.023543642621386897,0.023543642621386897
low_discrepancy_linear,8,5,1,0.16632190052092827,0.16632190052092827
low_discrepancy_linear,8,8,2,0.4239322617902938,0.4239322617902938
low_discrepancy_linear,8,10,1,0.3756273803306376,0.3756273803306376
low_discrepancy_linear,8,13,2,0.440481180318319,0.440481180318319
low_discrepancy_linear,8,15,1,0.40141763607665487,0.40141763607665487
low_discrepancy_linear,8,18,2,0.1566368276703675,0.1566368276703675
low_discrepancy_linear,8,20,1,0.14354829813543246,0.14354829813543246
low_discrepancy_linear,8,23,2,0.16577836349150546,0.16577836349150546
low_discrepancy_linear,8,25,1,0.36283752057222896,0.36283752057222896
low_discrepancy_linear,8,28,2,0.7196683344362352,0.7196683344362352
low_discrepancy_linear,8,30,1,0.11727014862389189,0.11727014862389189
low_discrepancy_linear,8,33,2,0.5397084487159313,0.5397084487159313
low_discrepancy_linear,8,35,1,0.33037683768740456,0.33037683768740456
low_discrepancy_linear,8,38,2,0.33309426420683497,0.33309426420683497
low_discrepancy_linear,8,40,1,0.2897159063504307,0.2897159063504307
low_discrepancy_linear,8,43,2,0.4951872727510547,0.4951872727510547
low_discrepancy_linear,8,45,1,0.11067905620971957,0.11067905620971957
low_discrepancy_linear,8,48,2,0.18796239039598336,0.18796239039598336
low_discrepancy_linear,8,50,1,0.40376691014754235,0.40376691014754235
low_discrepancy_linear,8,53,2,0.48149220470297827,0.48149220470297827
low_discrepancy_linear,8,55,1,0.1607137332103195,0.1607137332103195
low_discrepancy_linear,8,58,2,0.3259021460038005,0.3259021460038005
low_discrepancy_linear,8,60,1,0.2490939650558098,0.2490939650558098
low_discrepancy_linear,8,63,2,0.4917039051447909,0.4917039051447909
low_discrepancy_linear,8,65,1,0.20603971936455212,0.20603971936455212
low_discrepancy_linear,8,68,2,0.3075439375701915,0.3075439375701915
low_discrepancy_linear,8,70,1,0.25035560711663585,0.25035560711663585
low_discrepancy_linear,8,73,2,0.3535708823790462,0.3535708823790462
low_discrepancy_linear,8,75,1,0.0654318477994398,0.0654318477994398
low_discrepancy_linear,8,78,2,0.20736053070917015,0.20736053070917015
low_discrepancy_linear,8,80,1,0.5948164331678517,0.5948164331678517
low_discrepancy_linear,8,83,2,0.7912337952304034,0.7912337952304034
low_discrepancy_linear,8,85,1,0.46579411568991347,0.46579411568991347
low_discrepancy_linear,8,88,2,0.4767357130419162,0.4767357130419162
low_discrepancy_linear,8,90,1,0.25892895155871437,0.25892895155871437
low_discrepancy_linear,8,93,2,0.504747318098491,0.504747318098491
low_discrepancy_linear,9,3,2,0.14402638554834596,0.14402638554834596
low_discrepancy_linear,9,5,1,0.0,0.0
low_discrepancy_linear,9,8,2,0.6052787264596149,0.6052787264596149
low_discrepancy_linear,9,10,1,0.19445013577806033,0.19445013577806033
low_discrepancy_linear,9,13,2,0.38573827079008777,0.38573827079008777
low_discrepancy_linear,9,15,1,0.041680647562141376,0.041680647562141376
low_discrepancy_linear,9,18,2,0.17210319607031951,0.17210319607031951
low_discrepancy_linear,9,20,1,0.029450992248257223,0.029450992248257223
low_discrepancy_linear,9,23,2,0.34364980365812164,0.34364980365812164
low_discrepancy_linear,9,25,1,0.3947341121576102,0.3947341121576102
low_discrepancy_linear,9,28,2,0.3564886020536537,0.3564886020536537
low_discrepancy_linear,9,30,1,0.6430288541141962,0.6430288541141962
low_discrepancy_linear,9,33,2,0.05437768337647853,0.05437768337647853
low_discrepancy_linear,9,35,1,0.47012725520671383,0.47012725520671383
low_discrepancy_linear,9,38,2,0.4787828273919716,0.4787828273919716
low_discrepancy_linear,9,40,1,0.530311175278952,0.530311175278952
low_discrepancy_linear,9,43,2,0.2705564549159433,0.2705564549159433
low_discrepancy_linear,9,45,1,0.21373224836374816,0.21373224836374816
low_discrepancy_linear,9,48,2,0.3971912528027603,0.3971912528027603
low_discrepancy_linear,9,50,1,0.21784650330807453,0.21784650330807453
low_discrepancy_linear,9,53,2,0.6536981456393809,0.6536981456393809
low_discrepancy_linear,9,55,1,0.10963559455980217,0.10963559455980217
low_discrepancy_linear,9,58,2,0.4703201836974037,0.4703201836974037
low_discrepancy_linear,9,60,1,0.3147518843723804,0.3147518843723804
low_discrepancy_linear,9,63,2,0.40960392253292316,0.40960392253292316
low_discrepancy_linear,9,65,1,0.08897275128245237,0.08897275128245237
low_discrepancy_linear,9,68,2,0.4249237513667757,0.4249237513667757
low_discrepancy_linear,9,70,1,0.47503011067316153,0.47503011067316153
low_discrepancy_linear,9,73,2,0.23454334293060228,0.23454334293060228
low_discrepancy_linear,9,75,1,0.21614435961739112,0.21614435961739112
low_discrepancy_linear,9,78,2,0.9259254300662194,0.9259254300662194
low_discrepancy_linear,9,80,1,0.3804332201876941,0.3804332201876941
low_discrepancy_linear,9,83,2,0.5548299791796448,0.5548299791796448
low_discrepancy_linear,9,85,1,0.2353988148170504,0.2353988148170504
low_discrepancy_linear,10,3,2,0.0,0.0
low_discrepancy_linear,10,5,1,0.13984627895787913,0.13984627895787913
low_discrepancy_linear,10,8,2,0.22904234083301475,0.22904234083301475
low_discrepancy_linear,10,10,1,0.13046484553595317,0.13046484553595317
low_discrepancy_linear,10,13,2,0.5296022585333915,0.5296022585333915
low_discrepancy_linear,10,15,1,0.3740415831669394,0.3740415831669394
low_discrepancy_linear,10,18,2,0.14711315698300653,0.14711315698300653
low_discrepancy_linear,10,20,1,0.1508746946965213,0.1508746946965213
low_discrepancy_linear,10,23,2,0.19354213296636247,0.19354213296636247
low_discrepancy_linear,10,25,1,0.10250000158945705,0.10250000158945705
low_discrepancy_linear,10,28,2,0.7187759781461237,0.7187759781461237
low_discrepancy_linear,10,30,1,0.23866441094785681,0.23866441094785681
low_discrepancy_linear,10,33,2,0.65769316366379,0.65769316366379
low_discrepancy_linear,10,35,1,0.1460398880093717,0.1460398880093717
low_discrepancy_linear,10,38,2,0.49186533116981,0.49186533116981
low_discrepancy_linear,10,40,1,0.21583690385931165,0.21583690385931165
low_discrepancy_linear,10,43,2,0.41314312328022934,0.41314312328022934
low_discrepancy_linear,10,45,1,0.1502623547132208,0.1502623547132208
low_discrepancy_linear,10,48,2,0.4319426032518785,0.4319426032518785
low_discrepancy_linear,10,50,1,0.439730508211599,0.439730508211599
low_discrepancy_linear,10,53,2,0.42002706633469705,0.42002706633469705
low_discrepancy_linear,10,55,1,0.14547922589257978,0.14547922589257978
low_discrepancy_linear,10,58,2,0.2647906395352917,0.2647906395352917
low_discrepancy_linear,10,60,1,0.2469243369546481,0.2469243369546481
low_discrepancy_linear,10,63,2,0.5055845595875923,0.5055845595875923
low_discrepancy_linear,10,65,1,0.11584853294982321,0.11584853294982321
low_discrepancy_linear,10,68,2,0.0,0.0
low_discrepancy_linear,10,70,1,0.2626480327024062,0.2626480327024062
low_discrepancy_linear,10,73,2,0.18210746463972693,0.18210746463972693
low_discrepancy_linear,10,75,1,0.48087412212155717,0.48087412212155717
low_discrepancy_linear,10,78,2,0.12323155288534157,0.12323155288534157
low_discrepancy_linear,10,80,1,0.9050083812341304,0.9050083812341304
low_discrepancy_linear,10,83,2,0.36763302121260705,0.36763302121260705
low_discrepancy_linear,10,85,1,0.2769945481951927,0.2769945481951927
low_discrepancy_linear,10,88,2,0.2991415825727315,0.2991415825727315
low_discrepancy_linear,10,90,1,0.1610092432389782,0.1610092432389782
low_discrepancy_linear,11,3,2,0.23987394873499618,0.23987394873499618
low_discrepancy_linear,11,5,1,0.21257312041692045,0.21257312041692045
low_discrepancy_linear,11,8,2,0.11162958675975265,0.11162958675975265
low_discrepancy_linear,11,10,1,0.2714515039207785,0.2714515039207785
low_discrepancy_linear,11,13,2,0.16423575494541878,0.16423575494541878
low_discrepancy_linear,11,15,1,0.05393624752632648,0.05393624752632648
low_discrepancy_linear,11,18,2,0.5439753740926443,0.5439753740926443
low_discrepancy_linear,11,20,1,0.0,0.0
low_discrepancy_linear,11,23,2,1.225690111610336,1.225690111610336
low_discrepancy_linear,11,25,1,0.44527239981506,0.44527239981506
low_discrepancy_linear,11,28,2,0.7330111810046248,0.7330111810046248
low_discrepancy_linear,11,30,1,0.05077057779354402,0.05077057779354402
low_discrepancy_linear,11,33,2,0.12236319174623327,0.12236319174623327
low_discrepancy_linear,11,35,1,0.44546912464400695,0.44546912464400695
low_discrepancy_linear,11,38,2,0.6605201855999637,0.6605201855999637
low_discrepancy_linear,11,40,1,0.37183430114546223,0.37183430114546223
low_discrepancy_linear,11,43,2,0.11208708504439914,0.11208708504439914
low_discrepancy_linear,11,45,1,0.10116842127205428,0.10116842127205428
low_discrepancy_linear,11,48,2,0.126309067698454,0.126309067698454
low_discrepancy_linear,11,50,1,0.6058085224206488,0.6058085224206488
low_discrepancy_linear,11,53,2,0.06592150224787559,0.06592150224787559
low_discrepancy_linear,11,55,1,0.22440104757824034,0.22440104757824034
low_discrepancy_linear,11,58,2,0.19959133342966986,0.19959133342966986
low_discrepancy_linear,11,60,1,0.2892563261733946,0.2892563261733946
low_discrepancy_linear,11,63,2,0.30599164391355904,0.30599164391355904
low_discrepancy_linear,11,65,1,0.6120517037704922,0.6120517037704922
low_discrepancy_linear,11,68,2,0.22978980045123484,0.22978980045123484
low_discrepancy_linear,11,70,1,0.44766990882077745,0.44766990882077745
low_discrepancy_linear,11,73,2,0.814257613325681,0.814257613325681
low_discrepancy_linear,11,75,1,0.23478998423713912,0.23478998423713912
low_discrepancy_linear,11,78,2,0.3120090610512791,0.3120090610512791
low_discrepancy_linear,11,80,1,0.3715433093054055,0.3715433093054055
low_discrepancy_linear,12,3,2,0.17169910919300513,0.17169910919300513
low_discrepancy_linear,12,5,1,0.0,0.0
low_discrepancy_linear,12,8,2,0.516918861077693,0.516918861077693
low_discrepancy_linear,12,10,1,0.45684650388750236,0.45684650388750236
low_discrepancy_linear,12,13,2,0.12929629548642282,0.12929629548642282
low_discrepancy_linear,12,15,1,0.1123966157353877,0.1123966157353877
low_discrepancy_linear,12,18,2,0.1109315778422259,0.1109315778422259
low_discrepancy_linear,12,20,1,0.13042574946327123,0.13042574946327123
low_discrepancy_linear,12,23,2,0.10682516974796143,0.10682516974796143
low_discrepancy_linear,12,25,1,0.8561069572353436,0.8561069572353436
low_discrepancy_linear,12,28,2,0.2248355437374129,0.2248355437374129
low_discrepancy_linear,12,30,1,0.27989245740504987,0.27989245740504987
low_discrepancy_linear,12,33,2,0.49291244934784495,0.49291244934784495
low_discrepancy_linear,12,35,1,0.28815048337486404,0.28815048337486404
low_discrepancy_linear,12,38,2,0.17153691324518086,0.17153691324518086
low_discrepancy_linear,12,40,1,0.29794612191193803,0.29794612191193803
low_discrepancy_linear,12,43,2,0.0776269963262186,0.0776269963262186
low_discrepancy_linear,12,45,1,0.0,0.0
low_discrepancy_linear,12,48,2,1.2163672761578992,1.2163672761578992
low_discrepancy_linear,12,50,1,0.6055210817757366,0.6055210817757366
low_discrepancy_linear,12,53,2,0.5798600620709197,0.5798600620709197
low_discrepancy_linear,12,55,1,0.22295381887511292,0.22295381887511292
low_discrepancy_linear,12,58,2,0.18959870615230137,0.18959870615230137
low_discrepancy_linear,12,60,1,0.06163693809658358,0.06163693809658358
low_discrepancy_linear,12,63,2,0.05550545320869151,0.05550545320869151
low_discrepancy_linear,12,65,1,0.162726893140681,0.162726893140681
low_discrepancy_linear,12,68,2,0.5437636200057487,0.5437636200057487
low_discrepancy_linear,12,70,1,0.2742595841676206,0.2742595841676206
low_discrepancy_linear,12,73,2,0.4671468097569249,0.4671468097569249
low_discrepancy_linear,12,75,1,0.08275089826066279,0.08275089826066279
low_discrepancy_linear,12,78,2,0.3720342391696819,0.3720342391696819
low_discrepancy_linear,12,80,1,0.7810053811568414,0.7810053811568414
low_discrepancy_linear,12,83,2,0.6947287183461542,0.6947287183461542
low_discrepancy_linear,12,85,1,0.36584883579920147,0.36584883579920147
low_discrepancy_linear,13,3,2,0.18407266936825947,0.18407266936825947
low_discrepancy_linear,13,5,1,0.0,0.0
low_discrepancy_linear,13,8,2,0.0,0.0
low_discrepancy_linear,13,10,1,0.0,0.0
low_discrepancy_linear,13,13,2,0.0,0.0
low_discrepancy_linear,13,15,1,0.621731355679298,0.621731355679298
low_discrepancy_linear,13,18,2,0.38191759319599383,0.38191759319599383
low_discrepancy_linear,13,20,1,0.09244454032544516,0.09244454032544516
low_discrepancy_linear,13,23,2,0.07405866960651963,0.07405866960651963
low_discrepancy_linear,13,25,1,0.13992978532626235,0.13992978532626235
low_discrepancy_linear,13,28,2,0.48087058427804175,0.48087058427804175
low_discrepancy_linear,13,30,1,0.23461475333041606,0.23461475333041606
low_discrepancy_linear,13,33,2,0.26450139051453037,0.26450139051453037
low_discrepancy_linear,13,35,1,0.36568873107281463,0.36568873107281463
low_discrepancy_linear,13,38,2,0.7385990057477964,0.7385990057477964
low_discrepancy_linear,13,40,1,0.19418582479475358,0.19418582479475358
low_discrepancy_linear,13,43,2,0.3134838967475081,0.3134838967475081
low_discrepancy_linear,13,45,1,0.1659100759920117,0.1659100759920117
low_discrepancy_linear,13,48,2,0.3689721212982617,0.3689721212982617
low_discrepancy_linear,13,50,1,0.9402247329471655,0.9402247329471655
low_discrepancy_linear,13,53,2,0.04437152654631362,0.04437152654631362
low_discrepancy_linear,13,55,1,0.012058823716406653,0.012058823716406653
low_discrepancy_linear,13,58,2,0.03158823427032026,0.03158823427032026
low_discrepancy_linear,13,60,1,0.20166538236337933,0.20166538236337933
low_discrepancy_linear,13,63,2,0.27948395756538225,0.27948395756538225
low_discrepancy_linear,13,65,1,0.21462886663682765,0.21462886663682765
low_discrepancy_linear,13,68,2,0.2297226899141445,0.2297226899141445
low_discrepancy_linear,13,70,1,0.27397393651297747,0.27397393651297747
low_discrepancy_linear,13,73,2,0.16477966921530593,0.16477966921530593
low_discrepancy_linear,13,75,1,0.1697317314057428,0.1697317314057428
low_discrepancy_linear,13,78,2,0.24124602930460454,0.24124602930460454
low_discrepancy_linear,13,80,1,0.10657956120636028,0.10657956120636028
low_discrepancy_linear,13,83,2,0.5330128174580274,0.5330128174580274
low_discrepancy_linear,13,85,1,0.5611370335968857,0.5611370335968857
low_discrepancy_linear,13,88,2,0.32141757297063983,0.32141757297063983
low_discrepancy_linear,13,90,1,0.6798677928028234,0.6798677928028234
low_discrepancy_linear,13,93,2,0.5229795264278688,0.5229795264278688
low_discrepancy_linear,13,95,1,0.02644239844394586,0.02644239844394586
low_discrepancy_linear,13,98,2,0.1998428146625035,0.1998428146625035
low_discrepancy_linear,13,100,1,0.06144269841114017,0.06144269841114017
low_discrepancy_linear,13,103,2,0.019158377731030636,0.019158377731030636
low_discrepancy_linear,13,105,1,0.10244374847084571,0.10244374847084571
low_discrepancy_linear,13,108,2,0.08225887883390565,0.08225887883390565
low_discrepancy_linear,13,110,1,0.18215005192988612,0.18215005192988612
low_discrepancy_linear,13,113,2,0.20645178983877002,0.20645178983877002
low_discrepancy_linear,13,115,1,0.12520206141112974,0.12520206141112974
low_discrepancy_linear,13,118,2,0.06744157553377837,0.06744157553377837
low_discrepancy_linear,13,120,1,0.08107547295876293,0.08107547295876293
low_discrepancy_linear,13,123,2,0.0839075974246617,0.0839075974246617
low_discrepancy_linear,13,125,1,0.08072751530061262,0.08072751530061262
low_discrepancy_linear,13,128,2,0.36874711206542493,0.36874711206542493
low_discrepancy_linear,13,130,1,0.0,0.0
low_discrepancy_linear,13,133,2,0.6649987564426609,0.6649987564426609
low_discrepancy_linear,13,135,1,0.33440881441661263,0.33440881441661263
low_discrepancy_linear,13,138,2,0.27574211504292057,0.27574211504292057
low_discrepancy_linear,13,140,1,0.18409052500348425,0.18409052500348425
low_discrepancy_linear,13,143,2,0.263930044554339,0.263930044554339
low_discrepancy_linear,13,145,1,0.2098486798836077,0.2098486798836077
low_discrepancy_linear,13,148,2,0.7607256152193508,0.7607256152193508
low_discrepancy_linear,13,150,1,0.06240749416526145,0.06240749416526145
low_discrepancy_linear,13,153,2,0.12557918205073515,0.12557918205073515
low_discrepancy_linear,13,155,1,0.5488147879707084,0.5488147879707084
low_discrepancy_linear,13,158,2,0.6359258303935338,0.6359258303935338
low_discrepancy_linear,13,160,1,0.45517974277484285,0.45517974277484285
low_discrepancy_linear,13,163,2,0.15922784731474396,0.15922784731474396
low_discrepancy_linear,13,165,1,0.17383658910715083,0.17383658910715083
low_discrepancy_linear,13,168,2,0.7247387179271146,0.7247387179271146
low_discrepancy_linear,13,170,1,0.7247387179271146,0.7247387179271146
low_discrepancy_linear,13,173,2,0.7714236112416747,0.7714236112416747
low_discrepancy_linear,13,175,1,0.17994717810817282,0.17994717810817282
low_discrepancy_linear,13,178,2,0.571677595825377,0.571677595825377
low_discrepancy_linear,13,180,1,0.714220611357607,0.714220611357607
low_discrepancy_linear,13,183,2,0.8387520104610732,0.8387520104610732
low_discrepancy_linear,13,185,1,0.9142311002511366,0.9142311002511366
low_discrepancy_linear,13,188,2,0.9919602096578793,0.9919602096578793
low_discrepancy_linear,13,190,1,0.2492857138315837,0.2492857138315837
low_discrepancy_linear,13,193,2,0.1246428569157918,0.1246428569157918
low_discrepancy_linear,13,195,1,0.403259107216417,0.403259107216417
low_discrepancy_linear,13,198,2,0.9996818533972419,0.9996818533972419
low_discrepancy_linear,13,200,1,0.15669041555762686,0.15669041555762686
low_discrepancy_linear,13,203,2,1.4314372165437053,1.4314372165437053
low_discrepancy_linear,13,205,1,0.18738569238845112,0.18738569238845112
low_discrepancy_linear,13,208,2,0.5839270926469811,0.5839270926469811
low_discrepancy_linear,13,210,1,0.2793984689181134,0.2793984689181134
low_discrepancy_linear,13,213,2,0.45543779766129466,0.45543779766129466
low_discrepancy_linear,13,215,1,0.0,0.0
low_discrepancy_linear,13,218,2,0.22886987142470852,0.22886987142470852
low_discrepancy_linear,14,3,2,0.18543118400835665,0.18543118400835665
low_discrepancy_linear,14,5,1,0.7648897739969074,0.7648897739969074
low_discrepancy_linear,14,8,2,0.6540683375723633,0.6540683375723633
low_discrepancy_linear,14,10,1,0.1965531939626017,0.1965531939626017
low_discrepancy_linear,14,13,2,0.13675193965423763,0.13675193965423763
low_discrepancy_linear,14,15,1,0.12322691763692169,0.12322691763692169
low_discrepancy_linear,14,18,2,0.03018010176933848,0.03018010176933848
low_discrepancy_linear,14,20,1,0.10441952158133251,0.10441952158133251
low_discrepancy_linear,14,23,2,0.5289847619951742,0.5289847619951742
low_discrepancy_linear,14,25,1,0.4868290624961877,0.4868290624961877
low_discrepancy_linear,14,28,2,0.36685272928909834,0.36685272928909834
low_discrepancy_linear,14,30,1,0.3963384499492177,0.3963384499492177
low_discrepancy_linear,14,33,2,0.7427029349347092,0.7427029349347092
low_discrepancy_linear,14,35,1,0.04562252961468201,0.04562252961468201
low_discrepancy_linear,14,38,2,0.14439660855825967,0.14439660855825967
low_discrepancy_linear,14,40,1,0.0,0.0
low_discrepancy_linear,14,43,2,0.01761412709465016,0.01761412709465016
low_discrepancy_linear,14,45,1,0.08358455289104944,0.08358455289104944
low_discrepancy_linear,14,48,2,0.33115385561660354,0.33115385561660354
low_discrepancy_linear,14,50,1,0.7947536852955256,0.7947536852955256
low_discrepancy_linear,14,53,2,0.26854712365278033,0.26854712365278033
low_discrepancy_linear,14,55,1,0.21302397242291682,0.21302397242291682
low_discrepancy_linear,14,58,2,0.4126678688502112,0.4126678688502112
low_discrepancy_linear,14,60,1,0.42453040101989037,0.42453040101989037
low_discrepancy_linear,14,63,2,0.3993529956712582,0.3993529956712582
low_discrepancy_linear,14,65,1,0.27241315086976037,0.27241315086976037
low_discrepancy_linear,14,68,2,0.09572838167538804,0.09572838167538804
low_discrepancy_linear,14,70,1,0.34118353236449084,0.34118353236449084
low_discrepancy_linear,14,73,2,0.5079119710951164,0.5079119710951164
low_discrepancy_linear,14,75,1,0.731389801243398,0.731389801243398
low_discrepancy_linear,14,78,2,0.7671465776504188,0.7671465776504188
low_discrepancy_linear,14,80,1,0.2740356480375237,0.2740356480375237
low_discrepancy_linear,14,83,2,0.7818358931947145,0.7818358931947145
low_discrepancy_linear,14,85,1,0.9201254803062864,0.9201254803062864
low_discrepancy_linear,14,88,2,0.915626264847921,0.915626264847921
low_discrepancy_linear,14,90,1,1.1952543820984352,1.1952543820984352
low_discrepancy_linear,15,3,2,0.4249115483203285,0.4249115483203285
low_discrepancy_linear,15,5,1,0.18424050183467308,0.18424050183467308
low_discrepancy_linear,15,8,2,0.11566406407453914,0.11566406407453914
low_discrepancy_linear,15,10,1,0.089919777150684,0.089919777150684
low_discrepancy_linear,15,13,2,0.2709352910932373,0.2709352910932373
low_discrepancy_linear,15,15,1,0.6907312912449317,0.6907312912449317
low_discrepancy_linear,15,18,2,0.5960554138362273,0.5960554138362273
low_discrepancy_linear,15,20,1,0.14519768882732764,0.14519768882732764
low_discrepancy_linear,15,23,2,0.36558657964146646,0.36558657964146646
low_discrepancy_linear,15,25,1,0.34515642708544514,0.34515642708544514
low_discrepancy_linear,15,28,2,0.24943948247010123,0.24943948247010123
low_discrepancy_linear,15,30,1,0.5558667427569214,0.5558667427569214
low_discrepancy_linear,15,33,2,0.3399892594390955,0.3399892594390955
low_discrepancy_linear,15,35,1,0.32415658547521103,0.32415658547521103
low_discrepancy_linear,15,38,2,0.6818316281759272,0.6818316281759272
low_discrepancy_linear,15,40,1,0.09985351054103918,0.09985351054103918
low_discrepancy_linear,15,43,2,0.062232335809439245,0.062232335809439245
low_discrepancy_linear,15,45,1,0.09514150538239585,0.09514150538239585
low_discrepancy_linear,15,48,2,0.08388029403751267,0.08388029403751267
low_discrepancy_linear,15,50,1,0.0,0.0
low_discrepancy_linear,15,53,2,0.2861578904879172,0.2861578904879172
low_discrepancy_linear,15,55,1,0.2690393493614004,0.2690393493614004
low_discrepancy_linear,15,58,2,0.2289367014013558,0.2289367014013558
low_discrepancy_linear,15,60,1,0.3463556146968123,0.3463556146968123
low_discrepancy_linear,15,63,2,0.2504241989756661,0.2504241989756661
low_discrepancy_linear,15,65,1,0.20124927803278278,0.20124927803278278
low_discrepancy_linear,15,68,2,0.7220104222918652,0.7220104222918652
low_discrepancy_linear,15,70,1,0.21380396755072686,0.21380396755072686
low_discrepancy_linear,15,73,2,0.9918124444326755,0.9918124444326755
low_discrepancy_linear,15,75,1,0.44512048216781347,0.44512048216781347
low_discrepancy_linear,15,78,2,0.5438916616327596,0.5438916616327596
low_discrepancy_linear,15,80,1,0.8514444462449452,0.8514444462449452
low_discrepancy_linear,15,83,2,0.9642098694203188,0.9642098694203188
low_discrepancy_linear,15,85,1,0.6235264848879708,0.6235264848879708
low_discrepancy_linear,16,3,2,0.10112082614421265,0.10112082614421265
low_discrepancy_linear,16,5,1,0.20009135904045525,0.20009135904045525
low_discrepancy_linear,16,8,2,0.30362512396863806,0.30362512396863806
low_discrepancy_linear,16,10,1,0.3704993670007304,0.3704993670007304
low_discrepancy_linear,16,13,2,0.3247630885353677,0.3247630885353677
low_discrepancy_linear,16,15,1,0.2597748863024878,0.2597748863024878
low_discrepancy_linear,16,18,2,0.18658985367684283,0.18658985367684283
low_discrepancy_linear,16,20,1,0.12171440295313944,0.12171440295313944
low_discrepancy_linear,16,23,2,0.6269916093789506,0.6269916093789506
low_discrepancy_linear,16,25,1,0.25082153905198185,0.25082153905198185
low_discrepancy_linear,16,28,2,0.4514688431389211,0.4514688431389211
low_discrepancy_linear,16,30,1,0.27516067904691327,0.27516067904691327
low_discrepancy_linear,16,33,2,0.7697872011838206,0.7697872011838206
low_discrepancy_linear,16,35,1,0.19394894767842247,0.19394894767842247
low_discrepancy_linear,16,38,2,0.29053066938879507,0.29053066938879507
low_discrepancy_linear,16,40,1,0.3561860286715559,0.3561860286715559
low_discrepancy_linear,16,43,2,0.32692176327527733,0.32692176327527733
low_discrepancy_linear,16,45,1,0.3192585710700579,0.3192585710700579
low_discrepancy_linear,16,48,2,0.4588785114704011,0.4588785114704011
low_discrepancy_linear,16,50,1,0.2360100594407711,0.2360100594407711
low_discrepancy_linear,16,53,2,0.5319742768610098,0.5319742768610098
low_discrepancy_linear,16,55,1,0.16505813616739512,0.16505813616739512
low_discrepancy_linear,16,58,2,0.11272471243920172,0.11272471243920172
low_discrepancy_linear,16,60,1,0.0709956191475275,0.0709956191475275
low_discrepancy_linear,16,63,2,0.06644265899452037,0.06644265899452037
low_discrepancy_linear,16,65,1,0.03033820140816822,0.03033820140816822
low_discrepancy_linear,16,68,2,0.19640942477845585,0.19640942477845585
low_discrepancy_linear,16,70,1,0.19640942477845585,0.19640942477845585
low_discrepancy_linear,16,73,2,0.07578772845674812,0.07578772845674812
low_discrepancy_linear,16,75,1,0.2487240495367754,0.2487240495367754
low_discrepancy_linear,16,78,2,0.4701230448551008,0.4701230448551008
low_discrepancy_linear,16,80,1,0.018969364647775166,0.018969364647775166
low_discrepancy_linear,16,83,2,0.39911494916473284,0.39911494916473284
low_discrepancy_linear,16,85,1,0.06773957661330675,0.06773957661330675
low_discrepancy_linear,16,88,2,0.2156976417076536,0.2156976417076536
low_discrepancy_linear,16,90,1,0.22739682918908335,0.22739682918908335
low_discrepancy_linear,16,93,2,0.2724741864963519,0.2724741864963519
low_discrepancy_linear,16,95,1,0.3123878281823756,0.3123878281823756
low_discrepancy_linear,16,98,2,0.7195701229873601,0.7195701229873601
low_discrepancy_linear,16,100,1,0.3955652188125834,0.3955652188125834
low_discrepancy_linear,16,103,2,0.6429931905477432,0.6429931905477432
low_discrepancy_linear,16,105,1,0.035170049940388165,0.035170049940388165
low_discrepancy_linear,17,3,2,0.32469090638740855,0.32469090638740855
low_discrepancy_linear,17,5,1,0.17702832281084938,0.17702832281084938
low_discrepancy_linear,17,8,2,0.18920843098250556,0.18920843098250556
low_discrepancy_linear,17,10,1,0.11103935096934088,0.11103935096934088
low_discrepancy_linear,17,13,2,0.38775867264796465,0.38775867264796465
low_discrepancy_linear,17,15,1,0.3405883533231607,0.3405883533231607
low_discrepancy_linear,17,18,2,0.6903964805301703,0.6903964805301703
low_discrepancy_linear,17,20,1,0.10628176160503242,0.10628176160503242
low_discrepancy_linear,17,23,2,0.32869113293938923,0.32869113293938923
low_discrepancy_linear,17,25,1,0.40538037029864926,0.40538037029864926
low_discrepancy_linear,17,28,2,0.2741047451791637,0.2741047451791637
low_discrepancy_linear,17,30,1,0.16521790266466466,0.16521790266466466
low_discrepancy_linear,17,33,2,0.5462471405845756,0.5462471405845756
low_discrepancy_linear,17,35,1,0.24223253130451938,0.24223253130451938
low_discrepancy_linear,17,38,2,0.507833654449098,0.507833654449098
low_discrepancy_linear,17,40,1,0.29651666308112073,0.29651666308112073
low_discrepancy_linear,17,43,2,0.08487514225269148,0.08487514225269148
low_discrepancy_linear,17,45,1,0.20972522270504135,0.20972522270504135
low_discrepancy_linear,17,48,2,0.07192197265704907,0.07192197265704907
low_discrepancy_linear,17,50,1,0.44770953873694713,0.44770953873694713
low_discrepancy_linear,17,53,2,0.16549523809176084,0.16549523809176084
low_discrepancy_linear,17,55,1,0.2559108773330119,0.2559108773330119
low_discrepancy_linear,17,58,2,0.21413395078061886,0.21413395078061886
low_discrepancy_linear,17,60,1,0.25112029132561914,0.25112029132561914
low_discrepancy_linear,17,63,2,0.8257473512535468,0.8257473512535468
low_discrepancy_linear,17,65,1,0.712009453716879,0.712009453716879
low_discrepancy_linear,17,68,2,1.591898902832814,1.591898902832814
low_discrepancy_linear,17,70,1,0.288679975578776,0.288679975578776
low_discrepancy_linear,17,73,2,0.6156265977146272,0.6156265977146272
low_discrepancy_linear,17,75,1,0.07799321654773568,0.07799321654773568
low_discrepancy_linear,17,78,2,1.1449054166776045,1.1449054166776045
low_discrepancy_linear,17,80,1,0.14187639972214253,0.14187639972214253
low_discrepancy_linear,17,83,2,0.04823529486562694,0.04823529486562694
low_discrepancy_linear,17,85,1,0.6504100777482708,0.6504100777482708
low_discrepancy_linear,17,88,2,0.2876917801718,0.2876917801718
low_discrepancy_linear,17,90,1,0.17461292571697443,0.17461292571697443
low_discrepancy_linear,17,93,2,0.6583083424578576,0.6583083424578576
low_discrepancy_linear,17,95,1,0.3665966379876231,0.3665966379876231
low_discrepancy_linear,17,98,2,1.0544607104303265,1.0544607104303265
low_discrepancy_linear,17,100,1,1.0148565728847603,1.0148565728847603
low_discrepancy_linear,17,103,2,0.7879726323962741,0.7879726323962741
low_discrepancy_linear,17,105,1,0.07204881444595765,0.07204881444595765
low_discrepancy_linear,17,108,2,0.057984610664302674,0.057984610664302674
low_discrepancy_linear,17,110,1,0.33929833147869787,0.33929833147869787
low_discrepancy_linear,17,113,2,0.4016939815868212,0.4016939815868212
low_discrepancy_linear,17,115,1,0.6477823242616466,0.6477823242616466
low_discrepancy_linear,17,118,2,1.1142379867084757,1.1142379867084757
low_discrepancy_linear,17,120,1,0.2523897486161086,0.2523897486161086
low_discrepancy_linear,17,123,2,1.1738623959246584,1.1738623959246584
low_discrepancy_linear,17,125,1,0.48103170132549433,0.48103170132549433
low_discrepancy_linear,17,128,2,0.3633162570808635,0.3633162570808635
low_discrepancy_linear,17,130,1,0.9962747877744668,0.9962747877744668
low_discrepancy_linear,17,133,2,1.0115039303691713,1.0115039303691713
low_discrepancy_linear,17,135,1,0.8007187241953595,0.8007187241953595
low_discrepancy_linear,17,138,2,0.7173668290226974,0.7173668290226974
low_discrepancy_linear,17,140,1,0.10812871319618154,0.10812871319618154
low_discrepancy_linear,17,143,2,0.3763416661679267,0.3763416661679267
low_discrepancy_linear,17,145,1,0.576195868952368,0.576195868952368
low_discrepancy_linear,17,148,2,1.461675627656666,1.461675627656666
low_discrepancy_linear,17,150,1,0.012289518780012682,0.012289518780012682
low_discrepancy_linear,17,153,2,1.5530766937868505,1.5530766937868505
low_discrepancy_linear,17,155,1,0.23748306985705323,0.23748306985705323
low_discrepancy_linear,17,158,2,1.496567916698254,1.496567916698254
low_discrepancy_linear,17,160,1,0.0,0.0
low_discrepancy_linear,17,163,2,1.4885721690556875,1.4885721690556875
low_discrepancy_linear,17,165,1,0.5696113832391859,0.5696113832391859
low_discrepancy_linear,17,168,2,0.6334593961055734,0.6334593961055734
low_discrepancy_linear,17,170,1,0.4991603981817621,0.4991603981817621
low_discrepancy_linear,17,173,2,0.40744142402596334,0.40744142402596334
low_discrepancy_linear,17,175,1,1.4282808310679238,1.4282808310679238
low_discrepancy_linear,17,178,2,1.0131644211177189,1.0131644211177189
low_discrepancy_linear,17,180,1,0.09583428688765112,0.09583428688765112
low_discrepancy_linear,17,183,2,0.1647874243432195,0.1647874243432195
low_discrepancy_linear,17,185,1,0.0,0.0
low_discrepancy_linear,17,188,2,0.0,0.0
low_discrepancy_linear,17,190,1,0.0754548459765089,0.0754548459765089
low_discrepancy_linear,17,193,2,0.0599676622153866,0.0599676622153866
low_discrepancy_linear,17,195,1,0.0,0.0
low_discrepancy_linear,17,198,2,0.0,0.0
low_discrepancy_linear,17,200,1,0.20829693041199723,0.20829693041199723
low_discrepancy_linear,17,203,2,0.1787438314993099,0.1787438314993099
low_discrepancy_linear,17,205,1,0.0,0.0
low_discrepancy_linear,17,208,2,0.08000313538561443,0.08000313538561443
low_discrepancy_linear,17,210,1,0.08152941132293026,0.08152941132293026
low_discrepancy_linear,17,213,2,0.26993113978662836,0.26993113978662836
low_discrepancy_linear,17,215,1,0.5224364877152239,0.5224364877152239
low_discrepancy_linear,17,218,2,0.9568927534056316,0.9568927534056316
low_discrepancy_linear,18,3,2,0.0,0.0
low_discrepancy_linear,18,5,1,0.15270477889621453,0.15270477889621453
low_discrepancy_linear,18,8,2,0.46314560393555554,0.46314560393555554
low_discrepancy_linear,18,10,1,0.27410923179857893,0.27410923179857893
low_discrepancy_linear,18,13,2,0.17598885998617916,0.17598885998617916
low_discrepancy_linear,18,15,1,0.0408792761193356,0.0408792761193356
low_discrepancy_linear,18,18,2,0.15517483403644025,0.15517483403644025
low_discrepancy_linear,18,20,1,0.34287326300577997,0.34287326300577997
low_discrepancy_linear,18,23,2,0.4436330142266758,0.4436330142266758
low_discrepancy_linear,18,25,1,0.43637143659103494,0.43637143659103494
low_discrepancy_linear,18,28,2,0.4072365865535587,0.4072365865535587
low_discrepancy_linear,18,30,1,0.3635468293444843,0.3635468293444843
low_discrepancy_linear,18,33,2,0.47171920406661294,0.47171920406661294
low_discrepancy_linear,18,35,1,0.17339158445860603,0.17339158445860603
low_discrepancy_linear,18,38,2,1.7685779792097638,1.7685779792097638
low_discrepancy_linear,18,40,1,0.30259352999658845,0.30259352999658845
low_discrepancy_linear,18,43,2,1.8787550330776224,1.8787550330776224
low_discrepancy_linear,18,45,1,0.033916305442519765,0.033916305442519765
low_discrepancy_linear,18,48,2,0.03229756004760118,0.03229756004760118
low_discrepancy_linear,18,50,1,0.6082382203659252,0.6082382203659252
low_discrepancy_linear,18,53,2,0.17551606407756046,0.17551606407756046
low_discrepancy_linear,18,55,1,0.5190938173710188,0.5190938173710188
low_discrepancy_linear,18,58,2,0.19691624927994628,0.19691624927994628
low_discrepancy_linear,18,60,1,0.2596643638805997,0.2596643638805997
low_discrepancy_linear,18,63,2,0.0786168716301873,0.0786168716301873
low_discrepancy_linear,18,65,1,0.4229622856604047,0.4229622856604047
low_discrepancy_linear,18,68,2,0.36132661587352916,0.36132661587352916
low_discrepancy_linear,18,70,1,0.4381629277021702,0.4381629277021702
low_discrepancy_linear,18,73,2,0.23461831134451275,0.23461831134451275
low_discrepancy_linear,18,75,1,0.7318248722979666,0.7318248722979666
low_discrepancy_linear,18,78,2,0.24624258378010286,0.24624258378010286
low_discrepancy_linear,18,80,1,0.7593121408879474,0.7593121408879474
low_discrepancy_linear,18,83,2,1.0692058406195823,1.0692058406195823
low_discrepancy_linear,18,85,1,0.45966381116036986,0.45966381116036986
low_discrepancy_linear,18,88,2,0.4935860141424058,0.4935860141424058
low_discrepancy_linear,18,90,1,0.4387173278837193,0.4387173278837193
low_discrepancy_linear,18,93,2,0.17722201641999885,0.17722201641999885
low_discrepancy_linear,18,95,1,0.027342476768339143,0.027342476768339143
low_discrepancy_linear,18,98,2,0.577486165108669,0.577486165108669
low_discrepancy_linear,18,100,1,0.27811575703962554,0.27811575703962554
low_discrepancy_linear,18,103,2,0.10684048042620402,0.10684048042620402
low_discrepancy_linear,18,105,1,0.06232124237595305,0.06232124237595305
low_discrepancy_linear,18,108,2,0.6184366175373777,0.6184366175373777
low_discrepancy_linear,18,110,1,0.2497689527296506,0.2497689527296506
low_discrepancy_linear,18,113,2,0.24950060222445172,0.24950060222445172
low_discrepancy_linear,18,115,1,0.0,0.0
low_discrepancy_linear,18,118,2,0.0,0.0
low_discrepancy_linear,18,120,1,0.0,0.0
low_discrepancy_linear,18,123,2,0.5565934912697048,0.5565934912697048
low_discrepancy_linear,18,125,1,0.1890507983997817,0.1890507983997817
low_discrepancy_linear,18,128,2,0.6548617433180695,0.6548617433180695
low_discrepancy_linear,18,130,1,0.0,0.0
low_discrepancy_linear,18,133,2,0.020705882240744197,0.020705882240744197
low_discrepancy_linear,18,135,1,0.020705882240744197,0.020705882240744197
low_discrepancy_linear,18,138,2,0.020705882240744197,0.020705882240744197
low_discrepancy_linear,18,140,1,0.0,0.0
low_discrepancy_linear,18,143,2,0.0,0.0
low_discrepancy_linear,18,145,1,0.02588235280093025,0.02588235280093025
low_discrepancy_linear,18,148,2,0.04658823504167445,0.04658823504167445
low_discrepancy_linear,18,150,1,0.04658823504167445,0.04658823504167445
low_discrepancy_linear,18,153,2,0.06082352908218609,0.06082352908218609
low_discrepancy_linear,18,155,1,0.010352941120372106,0.010352941120372106
low_discrepancy_linear,18,158,2,0.0,0.0
low_discrepancy_linear,18,160,1,0.0,0.0
low_discrepancy_linear,18,163,2,0.0,0.0
low_discrepancy_linear,18,165,1,0.18162471845938039,0.18162471845938039
low_discrepancy_linear,18,168,2,0.19543065839210322,0.19543065839210322
low_discrepancy_linear,18,170,1,0.19999900220492006,0.19999900220492006
low_discrepancy_linear,18,173,2,1.078396893388184,1.078396893388184
low_discrepancy_linear,18,175,1,0.7986142340198766,0.7986142340198766
low_discrepancy_linear,18,178,2,0.0,0.0
low_discrepancy_linear,18,180,1,0.5287347704280697,0.5287347704280697
low_discrepancy_linear,18,183,2,1.4034565209227712,1.4034565209227712
low_discrepancy_linear,18,185,1,1.1822374246442287,1.1822374246442287
low_discrepancy_linear,18,188,2,0.9886320904915613,0.9886320904915613
low_discrepancy_linear,18,190,1,0.7517169092416498,0.7517169092416498
low_discrepancy_linear,18,193,2,0.0,0.0
low_discrepancy_linear,18,195,1,0.0,0.0
low_discrepancy_linear,18,198,2,0.4599654942509259,0.4599654942509259
low_discrepancy_linear,18,200,1,0.16498391724358755,0.16498391724358755
low_discrepancy_linear,18,203,2,0.06948941957705002,0.06948941957705002
low_discrepancy_linear,18,205,1,0.13564013737042524,0.13564013737042524
low_discrepancy_linear,18,208,2,1.6072143447380345,1.6072143447380345
low_discrepancy_linear,18,210,1,0.07336568134633577,0.07336568134633577
low_discrepancy_linear,18,213,2,1.4301569644039986,1.4301569644039986
low_discrepancy_linear,18,215,1,0.43665464785663094,0.43665464785663094
low_discrepancy_linear,18,218,2,0.6032426828567189,0.6032426828567189
low_discrepancy_linear,19,3,2,0.035268479380827715,0.035268479380827715
low_discrepancy_linear,19,5,1,0.2860404391799334,0.2860404391799334
low_discrepancy_linear,19,8,2,0.1248834969943318,0.1248834969943318
low_discrepancy_linear,19,10,1,0.2866147128807814,0.2866147128807814
low_discrepancy_linear,19,13,2,0.25452785735011996,0.25452785735011996
low_discrepancy_linear,19,15,1,0.20905412132119983,0.20905412132119983
low_discrepancy_linear,19,18,2,0.6307570516908743,0.6307570516908743
low_discrepancy_linear,19,20,1,0.4644815722779851,0.4644815722779851
low_discrepancy_linear,19,23,2,0.3484581326422516,0.3484581326422516
low_discrepancy_linear,19,25,1,0.4994296829734644,0.4994296829734644
low_discrepancy_linear,19,28,2,0.34017856330449076,0.34017856330449076
low_discrepancy_linear,19,30,1,0.4314070615515293,0.4314070615515293
low_discrepancy_linear,19,33,2,0.04743422957311507,0.04743422957311507
low_discrepancy_linear,19,35,1,0.15247804908536924,0.15247804908536924
low_discrepancy_linear,19,38,2,0.24072286558680747,0.24072286558680747
low_discrepancy_linear,19,40,1,0.1402991616948538,0.1402991616948538
low_discrepancy_linear,19,43,2,0.26485236708952886,0.26485236708952886
low_discrepancy_linear,19,45,1,0.0,0.0
low_discrepancy_linear,19,48,2,0.5967932728409769,0.5967932728409769
low_discrepancy_linear,19,50,1,0.2874165080082302,0.2874165080082302
low_discrepancy_linear,19,53,2,0.13727838561087186,0.13727838561087186
low_discrepancy_linear,19,55,1,0.29623251672801104,0.29623251672801104
low_discrepancy_linear,19,58,2,0.3159498132524774,0.3159498132524774
low_discrepancy_linear,19,60,1,0.14550051222006202,0.14550051222006202
low_discrepancy_linear,19,63,2,0.20468144551066256,0.20468144551066256
low_discrepancy_linear,19,65,1,0.23406476326170914,0.23406476326170914
low_discrepancy_linear,19,68,2,0.5419086205569675,0.5419086205569675
low_discrepancy_linear,19,70,1,0.1623299579890943,0.1623299579890943
low_discrepancy_linear,19,73,2,0.4676598300976452,0.4676598300976452
low_discrepancy_linear,19,75,1,0.22475063358225364,0.22475063358225364
low_discrepancy_linear,19,78,2,0.7491436036903263,0.7491436036903263
low_discrepancy_linear,19,80,1,0.6223390101368871,0.6223390101368871
low_discrepancy_linear,19,83,2,0.44479630083801824,0.44479630083801824
low_discrepancy_linear,19,85,1,0.24392762391475936,0.24392762391475936
low_discrepancy_linear,19,88,2,0.2049531982054199,0.2049531982054199
low_discrepancy_linear,19,90,1,0.22708742517864297,0.22708742517864297
low_discrepancy_linear,19,93,2,0.44915017415498565,0.44915017415498565
low_discrepancy_linear,19,95,1,0.9197897760699989,0.9197897760699989
low_discrepancy_linear,19,98,2,0.23006574489610118,0.23006574489610118
low_discrepancy_linear,19,100,1,0.5888494600602576,0.5888494600602576
low_discrepancy_linear,19,103,2,0.23604221189163316,0.23604221189163316
low_discrepancy_linear,19,105,1,0.1425730785830835,0.1425730785830835
low_discrepancy_linear,19,108,2,0.28804710136785844,0.28804710136785844
low_discrepancy_linear,19,110,1,1.4069260522873264,1.4069260522873264
low_discrepancy_linear,19,113,2,0.05147002494142929,0.05147002494142929
low_discrepancy_linear,19,115,1,0.1591003560141426,0.1591003560141426
low_discrepancy_linear,19,118,2,0.8122457963081806,0.8122457963081806
low_discrepancy_linear,19,120,1,0.12291181748657723,0.12291181748657723
low_discrepancy_linear,19,123,2,0.9586047087008503,0.9586047087008503
low_discrepancy_linear,19,125,1,0.29720908953695174,0.29720908953695174
low_discrepancy_linear,19,128,2,0.1998292767412803,0.1998292767412803
low_discrepancy_linear,19,130,1,0.8467085159905755,0.8467085159905755
low_discrepancy_linear,19,133,2,0.4343058362147596,0.4343058362147596
low_discrepancy_linear,19,135,1,0.37793728253216524,0.37793728253216524
low_discrepancy_linear,19,138,2,0.3159317024714372,0.3159317024714372
low_discrepancy_linear,19,140,1,0.3748441598692248,0.3748441598692248
low_discrepancy_linear,19,143,2,0.33921868638279534,0.33921868638279534
low_discrepancy_linear,19,145,1,1.8012128559917921,1.8012128559917921
low_discrepancy_linear,19,148,2,0.21049318063225952,0.21049318063225952
low_discrepancy_linear,19,150,1,0.3684108439687403,0.3684108439687403
low_discrepancy_linear,19,153,2,0.22984478055369265,0.22984478055369265
low_discrepancy_linear,19,155,1,0.7710010763390756,0.7710010763390756
low_discrepancy_linear,19,158,2,0.205954434612595,0.205954434612595
low_discrepancy_linear,19,160,1,0.0,0.0
low_discrepancy_linear,19,163,2,0.4737256066005109,0.4737256066005109
low_discrepancy_linear,19,165,1,0.38513700582175353,0.38513700582175353
low_discrepancy_linear,19,168,2,0.23282251572282914,0.23282251572282914
low_discrepancy_linear,19,170,1,0.23263599042411806,0.23263599042411806
low_discrepancy_linear,19,173,2,0.26397531361125487,0.26397531361125487
low_discrepancy_linear,19,175,1,0.03847022832621755,0.03847022832621755
low_discrepancy_linear,19,178,2,0.34088986724088227,0.34088986724088227
low_discrepancy_linear,19,180,1,0.0,0.0
low_discrepancy_linear,19,183,2,0.2653371032741015,0.2653371032741015
low_discrepancy_linear,19,185,1,0.18008922827806353,0.18008922827806353
low_discrepancy_linear,19,188,2,0.9670701098425035,0.9670701098425035
low_discrepancy_linear,19,190,1,0.565016474534693,0.565016474534693
low_discrepancy_linear,19,193,2,0.7727268803436906,0.7727268803436906
low_discrepancy_linear,19,195,1,0.12903537735497206,0.12903537735497206
low_discrepancy_linear,19,198,2,0.9805123564933159,0.9805123564933159
low_discrepancy_linear,19,200,1,0.421747734489847,0.421747734489847
low_discrepancy_linear,19,203,2,0.6241920077334477,0.6241920077334477
low_discrepancy_linear,19,205,1,0.15861475194931307,0.15861475194931307
low_discrepancy_linear,19,208,2,0.14334656140606464,0.14334656140606464
low_discrepancy_linear,19,210,1,0.9236784544292427,0.9236784544292427
low_discrepancy_linear,19,213,2,0.10290201762204539,0.10290201762204539
low_discrepancy_linear,19,215,1,0.055937999165548855,0.055937999165548855
low_discrepancy_linear,19,218,2,0.13051486525836334,0.13051486525836334
low_discrepancy_linear,20,3,2,0.0,0.0
low_discrepancy_linear,20,5,1,0.17581616215016072,0.17581616215016072
low_discrepancy_linear,20,8,2,0.5347373225350731,0.5347373225350731
low_discrepancy_linear,20,10,1,0.14772501608195224,0.14772501608195224
low_discrepancy_linear,20,13,2,0.055880907647719615,0.055880907647719615
low_discrepancy_linear,20,15,1,0.04344549238806078,0.04344549238806078
low_discrepancy_linear,20,18,2,0.1348538635018258,0.1348538635018258
low_discrepancy_linear,20,20,1,0.3531631474537695,0.3531631474537695
low_discrepancy_linear,20,23,2,0.37800170038451597,0.37800170038451597
low_discrepancy_linear,20,25,1,0.15803149802911762,0.15803149802911762
low_discrepancy_linear,20,28,2,0.6724063742230894,0.6724063742230894
low_discrepancy_linear,20,30,1,0.3756953516553851,0.3756953516553851
low_discrepancy_linear,20,33,2,0.5345768939300259,0.5345768939300259
low_discrepancy_linear,20,35,1,0.04777120249649699,0.04777120249649699
low_discrepancy_linear,20,38,2,0.1867781483383617,0.1867781483383617
low_discrepancy_linear,20,40,1,0.348280056002136,0.348280056002136
low_discrepancy_linear,20,43,2,0.3833431064559115,0.3833431064559115
low_discrepancy_linear,20,45,1,0.6691188581538108,0.6691188581538108
low_discrepancy_linear,20,48,2,0.3568001248289215,0.3568001248289215
low_discrepancy_linear,20,50,1,0.9823221653818665,0.9823221653818665
low_discrepancy_linear,20,53,2,1.0173674256585177,1.0173674256585177
low_discrepancy_linear,20,55,1,0.19878684756162052,0.19878684756162052
low_discrepancy_linear,20,58,2,0.14824332130292422,0.14824332130292422
low_discrepancy_linear,20,60,1,0.13105916610543547,0.13105916610543547
low_discrepancy_linear,20,63,2,0.00647058820023258,0.00647058820023258
low_discrepancy_linear,20,65,1,0.27035778995781606,0.27035778995781606
low_discrepancy_linear,20,68,2,0.3768180001955017,0.3768180001955017
low_discrepancy_linear,20,70,1,0.6548609813246461,0.6548609813246461
low_discrepancy_linear,20,73,2,0.46493644963812775,0.46493644963812775
low_discrepancy_linear,20,75,1,0.1301539404713779,0.1301539404713779
low_discrepancy_linear,20,78,2,0.3964374259590127,0.3964374259590127
low_discrepancy_linear,20,80,1,0.54861703583366,0.54861703583366
low_discrepancy_linear,20,83,2,0.9062917516871736,0.9062917516871736
low_discrepancy_linear,20,85,1,0.5121422675079337,0.5121422675079337
low_discrepancy_linear,20,88,2,0.1979159441439183,0.1979159441439183
low_discrepancy_linear,20,90,1,0.676548566179923,0.676548566179923
low_discrepancy_linear,20,93,2,0.617029072783685,0.617029072783685
low_discrepancy_linear,20,95,1,0.2775669878425003,0.2775669878425003
low_discrepancy_linear,20,98,2,0.17212930980039545,0.17212930980039545
low_discrepancy_linear,20,100,1,1.327331245773845,1.327331245773845
low_discrepancy_linear,20,103,2,0.14838305357918458,0.14838305357918458
low_discrepancy_linear,20,105,1,0.7782947676827904,0.7782947676827904
low_discrepancy_linear,20,108,2,0.06889700932416769,0.06889700932416769
low_discrepancy_linear,21,3,2,0.3121320974028159,0.3121320974028159
low_discrepancy_linear,21,5,1,0.2021422195648489,0.2021422195648489
low_discrepancy_linear,21,8,2,0.37578217716628265,0.37578217716628265
low_discrepancy_linear,21,10,1,0.19411912693426328,0.19411912693426328
low_discrepancy_linear,21,13,2,0.4224068543019371,0.4224068543019371
low_discrepancy_linear,21,15,1,0.3010492789838066,0.3010492789838066
low_discrepancy_linear,21,18,2,0.4334598653540521,0.4334598653540521
low_discrepancy_linear,21,20,1,0.5674052072489768,0.5674052072489768
low_discrepancy_linear,21,23,2,0.5368055149021119,0.5368055149021119
low_discrepancy_linear,21,25,1,0.2942106058455938,0.2942106058455938
low_discrepancy_linear,21,28,2,0.545157606781123,0.545157606781123
low_discrepancy_linear,21,30,1,0.3825030632576819,0.3825030632576819
low_discrepancy_linear,21,33,2,0.3258446380694218,0.3258446380694218
low_discrepancy_linear,21,35,1,0.27955859899262886,0.27955859899262886
low_discrepancy_linear,21,38,2,0.46100333237685154,0.46100333237685154
low_discrepancy_linear,21,40,1,0.20886150017371624,0.20886150017371624
low_discrepancy_linear,21,43,2,0.3189435300175553,0.3189435300175553
low_discrepancy_linear,21,45,1,0.0195546212149601,0.0195546212149601
low_discrepancy_linear,21,48,2,0.20050423281517268,0.20050423281517268
low_discrepancy_linear,21,50,1,0.11664235500921796,0.11664235500921796
low_discrepancy_linear,21,53,2,0.4583359943661998,0.4583359943661998
low_discrepancy_linear,21,55,1,0.14189134019862373,0.14189134019862373
low_discrepancy_linear,21,58,2,0.6102310672523366,0.6102310672523366
low_discrepancy_linear,21,60,1,0.28952780932396105,0.28952780932396105
low_discrepancy_linear,21,63,2,0.43711917637123193,0.43711917637123193
low_discrepancy_linear,21,65,1,0.30655127348652794,0.30655127348652794
low_discrepancy_linear,21,68,2,0.9402701444906487,0.9402701444906487
low_discrepancy_linear,21,70,1,0.6994461455525159,0.6994461455525159
low_discrepancy_linear,21,73,2,0.7462417236283552,0.7462417236283552
low_discrepancy_linear,21,75,1,0.0929842557107754,0.0929842557107754
low_discrepancy_linear,22,3,2,0.147411759928161,0.147411759928161
low_discrepancy_linear,22,5,1,0.0485991711202269,0.0485991711202269
low_discrepancy_linear,22,8,2,0.37326952711109784,0.37326952711109784
low_discrepancy_linear,22,10,1,0.2114924723303472,0.2114924723303472
low_discrepancy_linear,22,13,2,0.5545687271156875,0.5545687271156875
low_discrepancy_linear,22,15,1,0.27446019620922674,0.27446019620922674
low_discrepancy_linear,22,18,2,0.11184893149046933,0.11184893149046933
low_discrepancy_linear,22,20,1,0.1006699233534391,0.1006699233534391
low_discrepancy_linear,22,23,2,0.04705199220157783,0.04705199220157783
low_discrepancy_linear,22,25,1,0.24452225873975703,0.24452225873975703
low_discrepancy_linear,22,28,2,0.4411012112517125,0.4411012112517125
low_discrepancy_linear,22,30,1,0.41616732370106757,0.41616732370106757
low_discrepancy_linear,22,33,2,0.4479787239905295,0.4479787239905295
low_discrepancy_linear,22,35,1,0.2648175309491939,0.2648175309491939
low_discrepancy_linear,22,38,2,0.6240217201154434,0.6240217201154434
low_discrepancy_linear,22,40,1,0.2897159063504307,0.2897159063504307
low_discrepancy_linear,22,43,2,0.4286810382820947,0.4286810382820947
low_discrepancy_linear,22,45,1,0.09630726042634774,0.09630726042634774
low_discrepancy_linear,22,48,2,0.17893173346318078,0.17893173346318078
low_discrepancy_linear,22,50,1,0.501002242933042,0.501002242933042
low_discrepancy_linear,22,53,2,0.5304302959801253,0.5304302959801253
low_discrepancy_linear,22,55,1,0.21823502378659976,0.21823502378659976
low_discrepancy_linear,22,58,2,0.14902733035010765,0.14902733035010765
low_discrepancy_linear,22,60,1,0.0,0.0
low_discrepancy_linear,22,63,2,0.17164628104870303,0.17164628104870303
low_discrepancy_linear,22,65,1,0.39209709246170266,0.39209709246170266
low_discrepancy_linear,22,68,2,0.3914229745309339,0.3914229745309339
low_discrepancy_linear,22,70,1,0.15974525649650503,0.15974525649650503
low_discrepancy_linear,22,73,2,0.26424453232161743,0.26424453232161743
low_discrepancy_linear,22,75,1,0.6009081723235675,0.6009081723235675
low_discrepancy_linear,22,78,2,0.008975137071599717,0.008975137071599717
low_discrepancy_linear,22,80,1,0.8465932144884911,0.8465932144884911
low_discrepancy_linear,22,83,2,1.1170894127014388,1.1170894127014388
low_discrepancy_linear,22,85,1,0.20749610175361352,0.20749610175361352
low_discrepancy_linear,22,88,2,0.976328570545763,0.976328570545763
low_discrepancy_linear,22,90,1,0.737173416031329,0.737173416031329
low_discrepancy_linear,23,3,2,0.3256606538603238,0.3256606538603238
low_discrepancy_linear,23,5,1,0.35039000346134275,0.35039000346134275
low_discrepancy_linear,23,8,2,0.13208712933152886,0.13208712933152886
low_discrepancy_linear,23,10,1,0.21544759121725715,0.21544759121725715
low_discrepancy_linear,23,13,2,0.1910711518447589,0.1910711518447589
low_discrepancy_linear,23,15,1,0.6089555061868949,0.6089555061868949
low_discrepancy_linear,23,18,2,0.6159343944550657,0.6159343944550657
low_discrepancy_linear,23,20,1,0.22804889168780965,0.22804889168780965
low_discrepancy_linear,23,23,2,0.3634929006582569,0.3634929006582569
low_discrepancy_linear,23,25,1,0.2786651349502413,0.2786651349502413
low_discrepancy_linear,23,28,2,0.2761562603962054,0.2761562603962054
low_discrepancy_linear,23,30,1,0.4424029631274895,0.4424029631274895
low_discrepancy_linear,23,33,2,0.9931661063961941,0.9931661063961941
low_discrepancy_linear,23,35,1,0.15164063362287028,0.15164063362287028
low_discrepancy_linear,23,38,2,0.36274774930112297,0.36274774930112297
low_discrepancy_linear,23,40,1,0.11981129756957197,0.11981129756957197
low_discrepancy_linear,23,43,2,0.3304422336550583,0.3304422336550583
low_discrepancy_linear,23,45,1,0.09356399063408027,0.09356399063408027
low_discrepancy_linear,23,48,2,0.5356082208320914,0.5356082208320914
low_discrepancy_linear,23,50,1,0.14893176591335364,0.14893176591335364
low_discrepancy_linear,23,53,2,0.32766427813565363,0.32766427813565363
low_discrepancy_linear,23,55,1,0.10853782676282102,0.10853782676282102
low_discrepancy_linear,23,58,2,0.1611293980397682,0.1611293980397682
low_discrepancy_linear,23,60,1,0.4069339482560695,0.4069339482560695
low_discrepancy_linear,23,63,2,0.5554304549928939,0.5554304549928939
low_discrepancy_linear,23,65,1,0.01854259198770077,0.01854259198770077
low_discrepancy_linear,23,68,2,0.18572640043915856,0.18572640043915856
low_discrepancy_linear,23,70,1,0.7701124931260355,0.7701124931260355
low_discrepancy_linear,23,73,2,0.46778852542378935,0.46778852542378935
low_discrepancy_linear,23,75,1,0.49330752883396617,0.49330752883396617
low_discrepancy_linear,23,78,2,0.20419805057042503,0.20419805057042503
low_discrepancy_linear,23,80,1,0.2875173880468266,0.2875173880468266
low_discrepancy_linear,23,83,2,0.2672749382528431,0.2672749382528431
low_discrepancy_linear,23,85,1,0.6497780796193349,0.6497780796193349
low_discrepancy_linear,24,3,2,0.3016586805365688,0.3016586805365688
low_discrepancy_linear,24,5,1,0.10315983489495567,0.10315983489495567
low_discrepancy_linear,24,8,2,0.15374609127602393,0.15374609127602393
low_discrepancy_linear,24,10,1,0.38929675688517945,0.38929675688517945
low_discrepancy_linear,24,13,2,0.24854766275592524,0.24854766275592524
low_discrepancy_linear,24,15,1,0.549106857293085,0.549106857293085
low_discrepancy_linear,24,18,2,0.29616356350922035,0.29616356350922035
low_discrepancy_linear,24,20,1,0.4855269579161082,0.4855269579161082
low_discrepancy_linear,24,23,2,0.3408101406225517,0.3408101406225517
low_discrepancy_linear,24,25,1,0.5247060753705729,0.5247060753705729
low_discrepancy_linear,24,28,2,0.5105534790624733,0.5105534790624733
low_discrepancy_linear,24,30,1,0.28894093567471957,0.28894093567471957
low_discrepancy_linear,24,33,2,0.5096694920169695,0.5096694920169695
low_discrepancy_linear,24,35,1,0.5190210402087563,0.5190210402087563
low_discrepancy_linear,24,38,2,0.1017165400167457,0.1017165400167457
low_discrepancy_linear,24,40,1,0.3631446152287419,0.3631446152287419
low_discrepancy_linear,24,43,2,0.7390090238773657,0.7390090238773657
low_discrepancy_linear,24,45,1,0.15467335103627283,0.15467335103627283
low_discrepancy_linear,24,48,2,0.21200149041107336,0.21200149041107336
low_discrepancy_linear,24,50,1,0.11229530281543569,0.11229530281543569
low_discrepancy_linear,24,53,2,0.4452921263809289,0.4452921263809289
low_discrepancy_linear,24,55,1,0.18026414578391944,0.18026414578391944
low_discrepancy_linear,24,58,2,0.38077444064415367,0.38077444064415367
low_discrepancy_linear,24,60,1,0.4332029314127887,0.4332029314127887
low_discrepancy_linear,24,63,2,0.8966456152235436,0.8966456152235436
low_discrepancy_linear,24,65,1,0.22918417402746527,0.22918417402746527
low_discrepancy_linear,24,68,2,0.522084653370224,0.522084653370224
low_discrepancy_linear,24,70,1,0.4450130547652985,0.4450130547652985
low_discrepancy_linear,24,73,2,0.3527321126311844,0.3527321126311844
low_discrepancy_linear,24,75,1,0.013263076328514744,0.013263076328514744
low_discrepancy_linear,25,3,2,0.46327154194710174,0.46327154194710174
low_discrepancy_linear,25,5,1,0.22099781680281352,0.22099781680281352
low_discrepancy_linear,25,8,2,0.2897137212136302,0.2897137212136302
low_discrepancy_linear,25,10,1,0.25298430337143846,0.25298430337143846
low_discrepancy_linear,25,13,2,0.23825265568898998,0.23825265568898998
low_discrepancy_linear,25,15,1,0.3894707099259649,0.3894707099259649
low_discrepancy_linear,25,18,2,0.7963025408736724,0.7963025408736724
low_discrepancy_linear,25,20,1,0.594083791145229,0.594083791145229
low_discrepancy_linear,25,23,2,1.0048211489036467,1.0048211489036467
low_discrepancy_linear,25,25,1,0.18109787863016702,0.18109787863016702
low_discrepancy_linear,25,28,2,0.6724005700129468,0.6724005700129468
low_discrepancy_linear,25,30,1,0.3845507332422836,0.3845507332422836
low_discrepancy_linear,25,33,2,0.20232873459178924,0.20232873459178924
low_discrepancy_linear,25,35,1,0.644472612055711,0.644472612055711
low_discrepancy_linear,25,38,2,0.12558421558803773,0.12558421558803773
low_discrepancy_linear,25,40,1,0.03725291709169454,0.03725291709169454
low_discrepancy_linear,25,43,2,0.4128023548125133,0.4128023548125133
low_discrepancy_linear,25,45,1,0.28735576475662084,0.28735576475662084
low_discrepancy_linear,25,48,2,0.3207126461743235,0.3207126461743235
low_discrepancy_linear,25,50,1,0.09285231133406147,0.09285231133406147
low_discrepancy_linear,25,53,2,0.4872079172451357,0.4872079172451357
low_discrepancy_linear,25,55,1,0.6663790025236193,0.6663790025236193
low_discrepancy_linear,25,58,2,0.6529680493946535,0.6529680493946535
low_discrepancy_linear,25,60,1,0.19426711718712952,0.19426711718712952
low_discrepancy_linear,25,63,2,0.9423337003835908,0.9423337003835908
low_discrepancy_linear,25,65,1,0.26200030663469864,0.26200030663469864
low_discrepancy_linear,26,3,2,0.1696710739661661,0.1696710739661661
low_discrepancy_linear,26,5,1,0.006621848835664648,0.006621848835664648
low_discrepancy_linear,26,8,2,0.5828874350689857,0.5828874350689857
low_discrepancy_linear,26,10,1,0.1652649240840782,0.1652649240840782
low_discrepancy_linear,26,13,2,0.21700699901993936,0.21700699901993936
low_discrepancy_linear,26,15,1,0.20610108802013627,0.20610108802013627
low_discrepancy_linear,26,18,2,0.10266040717753507,0.10266040717753507
low_discrepancy_linear,26,20,1,0.06474538348717761,0.06474538348717761
low_discrepancy_linear,26,23,2,0.13094136679975893,0.13094136679975893
low_discrepancy_linear,26,25,1,0.7025056536597019,0.7025056536597019
low_discrepancy_linear,26,28,2,0.3940632287941507,0.3940632287941507
low_discrepancy_linear,26,30,1,0.10485217945491415,0.10485217945491415
low_discrepancy_linear,26,33,2,0.6096497996435911,0.6096497996435911
low_discrepancy_linear,26,35,1,0.053383570123501416,0.053383570123501416
low_discrepancy_linear,26,38,2,0.7432970247479194,0.7432970247479194
low_discrepancy_linear,26,40,1,0.044152670515051874,0.044152670515051874
low_discrepancy_linear,26,43,2,0.20648260058932358,0.20648260058932358
low_discrepancy_linear,26,45,1,0.0,0.0
low_discrepancy_linear,26,48,2,0.04898515112813664,0.04898515112813664
low_discrepancy_linear,26,50,1,0.2003354780448069,0.2003354780448069
low_discrepancy_linear,26,53,2,0.9715718211293719,0.9715718211293719
low_discrepancy_linear,26,55,1,0.05318531825745291,0.05318531825745291
low_discrepancy_linear,26,58,2,0.2896043268707337,0.2896043268707337
low_discrepancy_linear,26,60,1,0.25478173925447917,0.25478173925447917
low_discrepancy_linear,26,63,2,0.3962756828253748,0.3962756828253748
low_discrepancy_linear,26,65,1,0.11328891313734085,0.11328891313734085
low_discrepancy_linear,26,68,2,0.29970118850123884,0.29970118850123884
low_discrepancy_linear,26,70,1,0.3560553912092439,0.3560553912092439
low_discrepancy_linear,26,73,2,0.14618388788687145,0.14618388788687145
low_discrepancy_linear,26,75,1,0.1372387159329308,0.1372387159329308
low_discrepancy_linear,26,78,2,0.28854632041298317,0.28854632041298317
low_discrepancy_linear,26,80,1,0.5474951256067696,0.5474951256067696
low_discrepancy_linear,26,83,2,0.22073504461518478,0.22073504461518478
low_discrepancy_linear,26,85,1,0.35676431170992307,0.35676431170992307
low_discrepancy_linear,26,88,2,0.9885921674792335,0.9885921674792335
low_discrepancy_linear,26,90,1,0.7306321674651967,0.7306321674651967
low_discrepancy_linear,26,93,2,0.2272248625169805,0.2272248625169805
low_discrepancy_linear,26,95,1,0.2508963359261942,0.2508963359261942
low_discrepancy_linear,26,98,2,0.2993670584145359,0.2993670584145359
low_discrepancy_linear,26,100,1,0.2214830611527066,0.2214830611527066
low_discrepancy_linear,26,103,2,0.3527939102207551,0.3527939102207551
low_discrepancy_linear,26,105,1,0.0,0.0
low_discrepancy_linear,26,108,2,0.3200134599698435,0.3200134599698435
low_discrepancy_linear,26,110,1,0.3252481500884883,0.3252481500884883
low_discrepancy_linear,26,113,2,0.4418172063303034,0.4418172063303034
low_discrepancy_linear,26,115,1,0.012355113624082918,0.012355113624082918
low_discrepancy_linear,26,118,2,0.1523477732232049,0.1523477732232049
low_discrepancy_linear,26,120,1,0.8807752249918033,0.8807752249918033
low_discrepancy_linear,26,123,2,0.228355660830263,0.228355660830263
low_discrepancy_linear,26,125,1,0.5324145293595459,0.5324145293595459
low_discrepancy_linear,26,128,2,1.765378201066995,1.765378201066995
low_discrepancy_linear,26,130,1,0.23811085999644507,0.23811085999644507
low_discrepancy_linear,26,133,2,0.9512352894947509,0.9512352894947509
low_discrepancy_linear,26,135,1,0.2224518312686371,0.2224518312686371
low_discrepancy_linear,26,138,2,0.1415688957055476,0.1415688957055476
low_discrepancy_linear,26,140,1,0.7211175925282026,0.7211175925282026
low_discrepancy_linear,26,143,2,0.22734885431698149,0.22734885431698149
low_discrepancy_linear,26,145,1,0.4538394751016439,0.4538394751016439
low_discrepancy_linear,26,148,2,0.5484446757688664,0.5484446757688664
low_discrepancy_linear,26,150,1,0.23460507204608913,0.23460507204608913
low_discrepancy_linear,26,153,2,0.3272341200312914,0.3272341200312914
low_discrepancy_linear,26,155,1,0.6857249521472503,0.6857249521472503
low_discrepancy_linear,26,158,2,0.08460805939161073,0.08460805939161073
low_discrepancy_linear,26,160,1,0.7088340545325097,0.7088340545325097
low_discrepancy_linear,26,163,2,1.5116745674035283,1.5116745674035283
low_discrepancy_linear,26,165,1,0.48770815921590477,0.48770815921590477
low_discrepancy_linear,26,168,2,0.4768602006958538,0.4768602006958538
low_discrepancy_linear,26,170,1,0.34565245724071647,0.34565245724071647
low_discrepancy_linear,26,173,2,0.8916358453668164,0.8916358453668164
low_discrepancy_linear,26,175,1,0.09797161956629703,0.09797161956629703
low_discrepancy_linear,26,178,2,0.24303346251887392,0.24303346251887392
low_discrepancy_linear,26,180,1,0.3819537714299217,0.3819537714299217
low_discrepancy_linear,26,183,2,0.4467035728185392,0.4467035728185392
low_discrepancy_linear,26,185,1,0.13679767099122808,0.13679767099122808
low_discrepancy_linear,26,188,2,0.501931719618378,0.501931719618378
low_discrepancy_linear,26,190,1,0.01158823546241311,0.01158823546241311
low_discrepancy_linear,26,193,2,0.19965270692846718,0.19965270692846718
low_discrepancy_linear,26,195,1,0.85440817247276,0.85440817247276
low_discrepancy_linear,26,198,2,0.2773076772138753,0.2773076772138753
low_discrepancy_linear,26,200,1,0.01654621795112013,0.01654621795112013
low_discrepancy_linear,26,203,2,0.11365212980507118,0.11365212980507118
low_discrepancy_linear,26,205,1,0.0,0.0
low_discrepancy_linear,26,208,2,0.16831831409703615,0.16831831409703615
low_discrepancy_linear,26,210,1,1.1294718191460005,1.1294718191460005
low_discrepancy_linear,26,213,2,0.9675603706062983,0.9675603706062983
low_discrepancy_linear,26,215,1,0.06950941084977381,0.06950941084977381
low_discrepancy_linear,26,218,2,0.11517646996413959,0.11517646996413959
low_discrepancy_linear,27,3,2,0.1256919934331626,0.1256919934331626
low_discrepancy_linear,27,5,1,0.20963886443650845,0.20963886443650845
low_discrepancy_linear,27,8,2,0.0,0.0
low_discrepancy_linear,27,10,1,0.0,0.0
low_discrepancy_linear,27,13,2,0.19167671115766796,0.19167671115766796
low_discrepancy_linear,27,15,1,0.19167671115766796,0.19167671115766796
low_discrepancy_linear,27,18,2,0.0,0.0
low_discrepancy_linear,27,20,1,0.0,0.0
low_discrepancy_linear,27,23,2,0.0,0.0
low_discrepancy_linear,27,25,1,0.0,0.0
low_discrepancy_linear,27,28,2,0.0,0.0
low_discrepancy_linear,27,30,1,0.0,0.0
low_discrepancy_linear,27,33,2,0.0,0.0
low_discrepancy_linear,27,35,1,0.0,0.0
low_discrepancy_linear,27,38,2,0.14470588459688072,0.14470588459688072
low_discrepancy_linear,27,40,1,0.14470588459688072,0.14470588459688072
low_discrepancy_linear,27,43,2,0.20197852385108492,0.20197852385108492
low_discrepancy_linear,27,45,1,0.20197852385108492,0.20197852385108492
low_discrepancy_linear,27,48,2,0.20197852385108492,0.20197852385108492
low_discrepancy_linear,27,50,1,0.0,0.0
low_discrepancy_linear,27,53,2,0.23620953405101497,0.23620953405101497
low_discrepancy_linear,27,55,1,0.5278278921635153,0.5278278921635153
low_discrepancy_linear,27,58,2,0.06696327539218187,0.06696327539218187
low_discrepancy_linear,27,60,1,0.31311333644896905,0.31311333644896905
low_discrepancy_linear,27,63,2,0.13005315192805492,0.13005315192805492
low_discrepancy_linear,27,65,1,0.25974154458930954,0.25974154458930954
low_discrepancy_linear,27,68,2,0.3258218279664791,0.3258218279664791
low_discrepancy_linear,27,70,1,0.23461475333041606,0.23461475333041606
low_discrepancy_linear,27,73,2,0.6390468054272316,0.6390468054272316
low_discrepancy_linear,27,75,1,0.11339016037288777,0.11339016037288777
low_discrepancy_linear,27,78,2,0.4572248500873046,0.4572248500873046
low_discrepancy_linear,27,80,1,0.5269858348211226,0.5269858348211226
low_discrepancy_linear,27,83,2,0.054579313578760086,0.054579313578760086
low_discrepancy_linear,27,85,1,0.1428824111042311,0.1428824111042311
low_discrepancy_linear,27,88,2,0.525916802163312,0.525916802163312
low_discrepancy_linear,27,90,1,0.8483896615265674,0.8483896615265674
low_discrepancy_linear,27,93,2,0.11579453818772169,0.11579453818772169
low_discrepancy_linear,27,95,1,0.402730842217505,0.402730842217505
low_discrepancy_linear,27,98,2,0.34517025663923595,0.34517025663923595
low_discrepancy_linear,27,100,1,0.26903558532536326,0.26903558532536326
low_discrepancy_linear,27,103,2,0.30373291257656226,0.30373291257656226
low_discrepancy_linear,27,105,1,0.22379991787119813,0.22379991787119813
low_discrepancy_linear,27,108,2,0.2037709530595888,0.2037709530595888
low_discrepancy_linear,27,110,1,0.3580069579025154,0.3580069579025154
low_discrepancy_linear,27,113,2,0.13132856056026915,0.13132856056026915
low_discrepancy_linear,27,115,1,0.3405963948818835,0.3405963948818835
low_discrepancy_linear,27,118,2,0.5203850291274601,0.5203850291274601
low_discrepancy_linear,27,120,1,0.45988881741420984,0.45988881741420984
low_discrepancy_linear,27,123,2,0.27053878541701476,0.27053878541701476
low_discrepancy_linear,27,125,1,0.6213431728692786,0.6213431728692786
low_discrepancy_linear,27,128,2,0.634396076379301,0.634396076379301
low_discrepancy_linear,27,130,1,0.3926504659530105,0.3926504659530105
low_discrepancy_linear,27,133,2,0.44240763586999016,0.44240763586999016
low_discrepancy_linear,27,135,1,0.10480637085474642,0.10480637085474642
low_discrepancy_linear,28,3,2,0.5312851143030531,0.5312851143030531
low_discrepancy_linear,28,5,1,0.15635865766137236,0.15635865766137236
low_discrepancy_linear,28,8,2,0.21546838866345122,0.21546838866345122
low_discrepancy_linear,28,10,1,0.15525403542840369,0.15525403542840369
low_discrepancy_linear,28,13,2,0.22522610779727498,0.22522610779727498
low_discrepancy_linear,28,15,1,0.7717526638538693,0.7717526638538693
low_discrepancy_linear,28,18,2,0.4758411965835657,0.4758411965835657
low_discrepancy_linear,28,20,1,0.13339553673194235,0.13339553673194235
low_discrepancy_linear,28,23,2,0.39503283693242236,0.39503283693242236
low_discrepancy_linear,28,25,1,0.7408884244692786,0.7408884244692786
low_discrepancy_linear,28,28,2,0.2239497274685791,0.2239497274685791
low_discrepancy_linear,28,30,1,0.4168302634773501,0.4168302634773501
low_discrepancy_linear,28,33,2,0.8447735955959376,0.8447735955959376
low_discrepancy_linear,28,35,1,0.86084810549083,0.86084810549083
low_discrepancy_linear,28,38,2,1.033851006065234,1.033851006065234
low_discrepancy_linear,28,40,1,0.061672266908720436,0.061672266908720436
low_discrepancy_linear,28,43,2,0.11807303796242287,0.11807303796242287
low_discrepancy_linear,28,45,1,0.1934704825627752,0.1934704825627752
low_discrepancy_linear,28,48,2,0.29057428593575835,0.29057428593575835
low_discrepancy_linear,28,50,1,0.2662202015309263,0.2662202015309263
low_discrepancy_linear,28,53,2,0.25677990912647014,0.25677990912647014
low_discrepancy_linear,28,55,1,0.21476402944253162,0.21476402944253162
low_discrepancy_linear,28,58,2,0.2655494186074363,0.2655494186074363
low_discrepancy_linear,28,60,1,0.25274618990880293,0.25274618990880293
low_discrepancy_linear,28,63,2,0.2801568136289861,0.2801568136289861
low_discrepancy_linear,28,65,1,0.48766876906929413,0.48766876906929413
low_discrepancy_linear,28,68,2,0.2330780396195737,0.2330780396195737
low_discrepancy_linear,28,70,1,0.20156064164596585,0.20156064164596585
low_discrepancy_linear,28,73,2,1.1252746201131307,1.1252746201131307
low_discrepancy_linear,28,75,1,0.3800033394563377,0.3800033394563377
low_discrepancy_linear,28,78,2,0.26909134938970836,0.26909134938970836
low_discrepancy_linear,28,80,1,0.038678334241183825,0.038678334241183825
low_discrepancy_linear,29,3,2,0.4744784851256541,0.4744784851256541
low_discrepancy_linear,29,5,1,0.1429025039062685,0.1429025039062685
low_discrepancy_linear,29,8,2,0.12227146558725137,0.12227146558725137
low_discrepancy_linear,29,10,1,0.29319258048933566,0.29319258048933566
low_discrepancy_linear,29,13,2,0.3374420263054134,0.3374420263054134
low_discrepancy_linear,29,15,1,0.3993617529057587,0.3993617529057587
low_discrepancy_linear,29,18,2,0.14977464426330622,0.14977464426330622
low_discrepancy_linear,29,20,1,0.6829977527775192,0.6829977527775192
low_discrepancy_linear,29,23,2,0.7221381644890553,0.7221381644890553
low_discrepancy_linear,29,25,1,0.17005552703646684,0.17005552703646684
low_discrepancy_linear,29,28,2,0.42346769795608175,0.42346769795608175
low_discrepancy_linear,29,30,1,0.16712333830659173,0.16712333830659173
low_discrepancy_linear,29,33,2,0.2065009744106765,0.2065009744106765
low_discrepancy_linear,29,35,1,0.5810867701930147,0.5810867701930147
low_discrepancy_linear,29,38,2,0.6061282077960354,0.6061282077960354
low_discrepancy_linear,29,40,1,0.0,0.0
low_discrepancy_linear,29,43,2,0.2624098614347841,0.2624098614347841
low_discrepancy_linear,29,45,1,0.0967705230980117,0.0967705230980117
low_discrepancy_linear,29,48,2,0.20444751078142703,0.20444751078142703
low_discrepancy_linear,29,50,1,0.14713528756663613,0.14713528756663613
low_discrepancy_linear,29,53,2,0.39241445007989656,0.39241445007989656
low_discrepancy_linear,29,55,1,0.060024188795450927,0.060024188795450927
low_discrepancy_linear,29,58,2,0.4337655144106923,0.4337655144106923
low_discrepancy_linear,29,60,1,0.11098470067940143,0.11098470067940143
low_discrepancy_linear,29,63,2,0.2734868611445714,0.2734868611445714
low_discrepancy_linear,29,65,1,0.1350072548611242,0.1350072548611242
low_discrepancy_linear,29,68,2,0.8148249436188882,0.8148249436188882
low_discrepancy_linear,29,70,1,0.22668168764411584,0.22668168764411584
low_discrepancy_linear,29,73,2,0.38553253552519146,0.38553253552519146
low_discrepancy_linear,29,75,1,0.7816032238983867,0.7816032238983867
low_discrepancy_linear,29,78,2,0.6287843249460761,0.6287843249460761
low_discrepancy_linear,29,80,1,0.1380175321153174,0.1380175321153174
low_discrepancy_linear,29,83,2,0.19728184931603315,0.19728184931603315
low_discrepancy_linear,29,85,1,0.14143880827201552,0.14143880827201552
low_discrepancy_linear,30,3,2,0.33123013962858094,0.33123013962858094
low_discrepancy_linear,30,5,1,0.08933370543846306,0.08933370543846306
low_discrepancy_linear,30,8,2,0.26107388769757967,0.26107388769757967
low_discrepancy_linear,30,10,1,0.06656926235933935,0.06656926235933935
low_discrepancy_linear,30,13,2,0.2341509310597335,0.2341509310597335
low_discrepancy_linear,30,15,1,0.7904678538593892,0.7904678538593892
low_discrepancy_linear,30,18,2,0.3285305686578923,0.3285305686578923
low_discrepancy_linear,30,20,1,0.23696750862352486,0.23696750862352486
low_discrepancy_linear,30,23,2,0.3491408694812397,0.3491408694812397
low_discrepancy_linear,30,25,1,0.23403776109271524,0.23403776109271524
low_discrepancy_linear,30,28,2,0.20453136144279385,0.20453136144279385
low_discrepancy_linear,30,30,1,0.7372028450196102,0.7372028450196102
low_discrepancy_linear,30,33,2,0.39600263555807985,0.39600263555807985
low_discrepancy_linear,30,35,1,0.07686884083703635,0.07686884083703635
low_discrepancy_linear,30,38,2,0.6379781707592053,0.6379781707592053
low_discrepancy_linear,30,40,1,0.0,0.0
low_discrepancy_linear,30,43,2,0.425035106563111,0.425035106563111
low_discrepancy_linear,30,45,1,0.2522519821057422,0.2522519821057422
low_discrepancy_linear,30,48,2,0.1266785348493325,0.1266785348493325
low_discrepancy_linear,30,50,1,0.23696495077935542,0.23696495077935542
low_discrepancy_linear,30,53,2,0.1880941423511741,0.1880941423511741
low_discrepancy_linear,30,55,1,0.09174003482461893,0.09174003482461893
low_discrepancy_linear,30,58,2,0.0,0.0
low_discrepancy_linear,30,60,1,0.0,0.0
low_discrepancy_linear,30,63,2,0.09518981842877536,0.09518981842877536
low_discrepancy_linear,30,65,1,0.5996859991851015,0.5996859991851015
low_discrepancy_linear,30,68,2,0.3252710473507794,0.3252710473507794
low_discrepancy_linear,30,70,1,0.19014493295570226,0.19014493295570226
low_discrepancy_linear,30,73,2,0.1513585659386002,0.1513585659386002
low_discrepancy_linear,30,75,1,0.2100036467390928,0.2100036467390928
low_discrepancy_linear,30,78,2,0.384942852581196,0.384942852581196
low_discrepancy_linear,30,80,1,0.0,0.0
low_discrepancy_linear,30,83,2,0.9907582643467873,0.9907582643467873
low_discrepancy_linear,30,85,1,0.5895901947933835,0.5895901947933835
low_discrepancy_linear,30,88,2,0.42141587728338914,0.42141587728338914
low_discrepancy_linear,30,90,1,0.20832229258063786,0.20832229258063786
low_discrepancy_linear,30,93,2,0.07280826783612608,0.07280826783612608
low_discrepancy_linear,30,95,1,0.2581313526592428,0.2581313526592428
low_discrepancy_linear,31,3,2,0.1357505987271467,0.1357505987271467
low_discrepancy_linear,31,5,1,0.1357505987271467,0.1357505987271467
low_discrepancy_linear,31,8,2,0.0,0.0
low_discrepancy_linear,31,10,1,0.1357505987271467,0.1357505987271467
low_discrepancy_linear,31,13,2,0.5970100127935822,0.5970100127935822
low_discrepancy_linear,31,15,1,0.30740273676809815,0.30740273676809815
low_discrepancy_linear,31,18,2,0.4418646701267779,0.4418646701267779
low_discrepancy_linear,31,20,1,0.20099540919021086,0.20099540919021086
low_discrepancy_linear,31,23,2,0.23552136571321455,0.23552136571321455
low_discrepancy_linear,31,25,1,0.17850404713215384,0.17850404713215384
low_discrepancy_linear,31,28,2,0.16656718068254853,0.16656718068254853
low_discrepancy_linear,31,30,1,0.2459396550738613,0.2459396550738613
low_discrepancy_linear,31,33,2,0.4638605562658491,0.4638605562658491
low_discrepancy_linear,31,35,1,0.45206605462933236,0.45206605462933236
low_discrepancy_linear,31,38,2,0.2611427655260854,0.2611427655260854
low_discrepancy_linear,31,40,1,0.21286933940435385,0.21286933940435385
low_discrepancy_linear,31,43,2,0.8422913894163,0.8422913894163
low_discrepancy_linear,31,45,1,0.29410481823319984,0.29410481823319984
low_discrepancy_linear,31,48,2,0.4533438969011325,0.4533438969011325
low_discrepancy_linear,31,50,1,0.0,0.0
low_discrepancy_linear,31,53,2,0.023611700647656688,0.023611700647656688
low_discrepancy_linear,31,55,1,0.3252502513632799,0.3252502513632799
low_discrepancy_linear,31,58,2,0.8904882326510843,0.8904882326510843
low_discrepancy_linear,31,60,1,0.18452522224958562,0.18452522224958562
low_discrepancy_linear,31,63,2,0.3001394928440713,0.3001394928440713
low_discrepancy_linear,31,65,1,0.06642092160274798,0.06642092160274798
low_discrepancy_linear,31,68,2,0.08756406684496121,0.08756406684496121
low_discrepancy_linear,31,70,1,0.07505882312269772,0.07505882312269772
low_discrepancy_linear,31,73,2,0.5454712896187783,0.5454712896187783
low_discrepancy_linear,31,75,1,0.2903693805105053,0.2903693805105053
low_discrepancy_linear,31,78,2,0.38831515794083626,0.38831515794083626
low_discrepancy_linear,31,80,1,0.20488535346930015,0.20488535346930015
low_discrepancy_linear,31,83,2,0.15172041537063247,0.15172041537063247
low_discrepancy_linear,31,85,1,0.20376611397628305,0.20376611397628305
low_discrepancy_linear,31,88,2,0.1472967214592961,0.1472967214592961
low_discrepancy_linear,31,90,1,0.24164062743149997,0.24164062743149997
low_discrepancy_linear,31,93,2,0.909201901282562,0.909201901282562
low_discrepancy_linear,31,95,1,0.44762879608384215,0.44762879608384215
low_discrepancy_linear,31,98,2,0.5219852981110976,0.5219852981110976
low_discrepancy_linear,31,100,1,0.22972063492855868,0.22972063492855868
low_discrepancy_linear,32,3,2,0.0,0.0
low_discrepancy_linear,32,5,1,0.0,0.0
low_discrepancy_linear,32,8,2,0.44194865800247723,0.44194865800247723
low_discrepancy_linear,32,10,1,0.6080575391886303,0.6080575391886303
low_discrepancy_linear,32,13,2,0.16777294560542078,0.16777294560542078
low_discrepancy_linear,32,15,1,0.2032469383357017,0.2032469383357017
low_discrepancy_linear,32,18,2,0.22568155330831657,0.22568155330831657
low_discrepancy_linear,32,20,1,0.395657305564182,0.395657305564182
low_discrepancy_linear,32,23,2,0.022877640620473927,0.022877640620473927
low_discrepancy_linear,32,25,1,0.19000475737480355,0.19000475737480355
low_discrepancy_linear,32,28,2,0.2082175090827974,0.2082175090827974
low_discrepancy_linear,32,30,1,0.39424612877055015,0.39424612877055015
low_discrepancy_linear,32,33,2,0.3674424557623621,0.3674424557623621
low_discrepancy_linear,32,35,1,0.34345497886041926,0.34345497886041926
low_discrepancy_linear,32,38,2,0.17823641136152082,0.17823641136152082
low_discrepancy_linear,32,40,1,0.6738003742646619,0.6738003742646619
low_discrepancy_linear,32,43,2,0.09469117902590078,0.09469117902590078
low_discrepancy_linear,32,45,1,0.12345429721124233,0.12345429721124233
low_discrepancy_linear,32,48,2,0.14706958827134847,0.14706958827134847
low_discrepancy_linear,32,50,1,0.2199139959204726,0.2199139959204726
low_discrepancy_linear,32,53,2,0.12607398075574847,0.12607398075574847
low_discrepancy_linear,32,55,1,0.28956617405719937,0.28956617405719937
low_discrepancy_linear,32,58,2,0.12351573595944226,0.12351573595944226
low_discrepancy_linear,32,60,1,0.2954295823381516,0.2954295823381516
low_discrepancy_linear,32,63,2,0.5810521161234843,0.5810521161234843
low_discrepancy_linear,32,65,1,0.6825908125650035,0.6825908125650035
low_discrepancy_linear,32,68,2,0.46604414054504467,0.46604414054504467
low_discrepancy_linear,32,70,1,0.33319801561338536,0.33319801561338536
low_discrepancy_linear,32,73,2,0.3159370078913795,0.3159370078913795
low_discrepancy_linear,32,75,1,0.4054617245057684,0.4054617245057684
low_discrepancy_linear,32,78,2,0.333099243101695,0.333099243101695
low_discrepancy_linear,32,80,1,0.25860739799294624,0.25860739799294624
low_discrepancy_linear,32,83,2,0.1539543508980444,0.1539543508980444
low_discrepancy_linear,32,85,1,0.33019067367739036,0.33019067367739036
low_discrepancy_linear,32,88,2,0.0,0.0
low_discrepancy_linear,32,90,1,0.0,0.0
low_discrepancy_linear,32,93,2,0.0,0.0
low_discrepancy_linear,32,95,1,0.2491830432371745,0.2491830432371745
low_discrepancy_linear,32,98,2,0.06988235256251167,0.06988235256251167
low_discrepancy_linear,32,100,1,1.1020959561659498,1.1020959561659498
low_discrepancy_linear,32,103,2,1.1061912561195053,1.1061912561195053
low_discrepancy_linear,32,105,1,0.9551441692107211,0.9551441692107211
low_discrepancy_linear,32,108,2,0.7340924929896278,0.7340924929896278
low_discrepancy_linear,32,110,1,0.6821629752649162,0.6821629752649162
low_discrepancy_linear,32,113,2,0.9685797101099786,0.9685797101099786
low_discrepancy_linear,32,115,1,0.4737285453382402,0.4737285453382402
low_discrepancy_linear,32,118,2,0.979657713020665,0.979657713020665
low_discrepancy_linear,32,120,1,0.9899281416899945,0.9899281416899945
low_discrepancy_linear,32,123,2,0.37401031372579846,0.37401031372579846
low_discrepancy_linear,32,125,1,0.3481502738726254,0.3481502738726254
low_discrepancy_linear,32,128,2,0.3249475926407014,0.3249475926407014
low_discrepancy_linear,32,130,1,0.259746537060174,0.259746537060174
low_discrepancy_linear,32,133,2,0.7773246521359184,0.7773246521359184
low_discrepancy_linear,32,135,1,0.5202877914498032,0.5202877914498032
low_discrepancy_linear,32,138,2,0.42247974598365895,0.42247974598365895
low_discrepancy_linear,32,140,1,0.730162180047089,0.730162180047089
low_discrepancy_linear,32,143,2,0.258911572818472,0.258911572818472
low_discrepancy_linear,32,145,1,1.1988005335773906,1.1988005335773906
low_discrepancy_linear,32,148,2,0.5723388094462074,0.5723388094462074
low_discrepancy_linear,32,150,1,0.32875778858580945,0.32875778858580945
low_discrepancy_linear,32,153,2,0.5873916370278935,0.5873916370278935
low_discrepancy_linear,32,155,1,1.1872647580620441,1.1872647580620441
low_discrepancy_linear,32,158,2,0.6006156721695598,0.6006156721695598
low_discrepancy_linear,32,160,1,0.40498950983590887,0.40498950983590887
low_discrepancy_linear,32,163,2,1.1358550167789678,1.1358550167789678
low_discrepancy_linear,32,165,1,1.1220671416219143,1.1220671416219143
low_discrepancy_linear,32,168,2,0.5095811726092512,0.5095811726092512
low_discrepancy_linear,32,170,1,0.2414657467224651,0.2414657467224651
low_discrepancy_linear,32,173,2,0.0025882352800929986,0.0025882352800929986
low_discrepancy_linear,32,175,1,0.2649290423467142,0.2649290423467142
low_discrepancy_linear,32,178,2,0.3524102432589577,0.3524102432589577
low_discrepancy_linear,32,180,1,1.6202942063183796,1.6202942063183796
low_discrepancy_linear,32,183,2,1.1173833578779577,1.1173833578779577
low_discrepancy_linear,32,185,1,0.4687888977503142,0.4687888977503142
low_discrepancy_linear,32,188,2,0.5277267450776105,0.5277267450776105
low_discrepancy_linear,32,190,1,0.595807302160399,0.595807302160399
low_discrepancy_linear,32,193,2,0.25091865984992257,0.25091865984992257
low_discrepancy_linear,32,195,1,0.0,0.0
low_discrepancy_linear,32,198,2,0.051323529318267225,0.051323529318267225
low_discrepancy_linear,32,200,1,0.09251593102152328,0.09251593102152328
low_discrepancy_linear,32,203,2,0.4989005087324321,0.4989005087324321
low_discrepancy_linear,32,205,1,0.31091507596643775,0.31091507596643775
low_discrepancy_linear,32,208,2,0.317394830671108,0.317394830671108
low_discrepancy_linear,32,210,1,0.555242725193688,0.555242725193688
low_discrepancy_linear,32,213,2,0.35311314752267214,0.35311314752267214
low_discrepancy_linear,32,215,1,0.5295750382012716,0.5295750382012716
low_discrepancy_linear,32,218,2,0.7646149716400796,0.7646149716400796
low_discrepancy_linear,33,3,2,0.08854293598672103,0.08854293598672103
low_discrepancy_linear,33,5,1,0.6307916524119458,0.6307916524119458
low_discrepancy_linear,33,8,2,0.26824842016109945,0.26824842016109945
low_discrepancy_linear,33,10,1,0.3631313371012131,0.3631313371012131
low_discrepancy_linear,33,13,2,0.1642282161690637,0.1642282161690637
low_discrepancy_linear,33,15,1,0.3436114175445437,0.3436114175445437
low_discrepancy_linear,33,18,2,0.5089843271087434,0.5089843271087434
low_discrepancy_linear,33,20,1,0.4686936502322702,0.4686936502322702
low_discrepancy_linear,33,23,2,0.4617222105526798,0.4617222105526798
low_discrepancy_linear,33,25,1,0.24160931841575925,0.24160931841575925
low_discrepancy_linear,33,28,2,0.3631138981369689,0.3631138981369689
low_discrepancy_linear,33,30,1,0.46835216572341193,0.46835216572341193
low_discrepancy_linear,33,33,2,0.3283542786831466,0.3283542786831466
low_discrepancy_linear,33,35,1,0.5326226805803181,0.5326226805803181
low_discrepancy_linear,33,38,2,0.19200000692210833,0.19200000692210833
low_discrepancy_linear,33,40,1,0.2261712319053601,0.2261712319053601
low_discrepancy_linear,33,43,2,0.30788581501570284,0.30788581501570284
low_discrepancy_linear,33,45,1,0.495984225369211,0.495984225369211
low_discrepancy_linear,33,48,2,0.36006456692923744,0.36006456692923744
low_discrepancy_linear,33,50,1,0.03494117628125584,0.03494117628125584
low_discrepancy_linear,33,53,2,0.15279703729690974,0.15279703729690974
low_discrepancy_linear,33,55,1,0.0421375226995063,0.0421375226995063
low_discrepancy_linear,33,58,2,0.17538793382461174,0.17538793382461174
low_discrepancy_linear,33,60,1,0.7280101969073993,0.7280101969073993
low_discrepancy_linear,33,63,2,0.34283953623113406,0.34283953623113406
low_discrepancy_linear,33,65,1,0.3141501390805347,0.3141501390805347
low_discrepancy_linear,33,68,2,0.2780827754409755,0.2780827754409755
low_discrepancy_linear,33,70,1,0.3601607581844183,0.3601607581844183
low_discrepancy_linear,33,73,2,0.04528852350058167,0.04528852350058167
low_discrepancy_linear,33,75,1,0.6665186425992958,0.6665186425992958
low_discrepancy_linear,33,78,2,0.8193318792443103,0.8193318792443103
low_discrepancy_linear,33,80,1,0.33756254257757756,0.33756254257757756
low_discrepancy_linear,33,83,2,0.3936415336242474,0.3936415336242474
low_discrepancy_linear,33,85,1,0.007521008159600079,0.007521008159600079
low_discrepancy_linear,34,3,2,0.2824235279623007,0.2824235279623007
low_discrepancy_linear,34,5,1,0.1523630999446928,0.1523630999446928
low_discrepancy_linear,34,8,2,0.23846708720114385,0.23846708720114385
low_discrepancy_linear,34,10,1,0.35362377172802445,0.35362377172802445
low_discrepancy_linear,34,13,2,0.260606517098496,0.260606517098496
low_discrepancy_linear,34,15,1,0.43054007784888165,0.43054007784888165
low_discrepancy_linear,34,18,2,0.27496489964615217,0.27496489964615217
low_discrepancy_linear,34,20,1,0.11919961901963994,0.11919961901963994
low_discrepancy_linear,34,23,2,0.42100724151966895,0.42100724151966895
low_discrepancy_linear,34,25,1,0.3615801974791518,0.3615801974791518
low_discrepancy_linear,34,28,2,0.5507256000675815,0.5507256000675815
low_discrepancy_linear,34,30,1,0.37275194773848147,0.37275194773848147
low_discrepancy_linear,34,33,2,0.4302590722663011,0.4302590722663011
low_discrepancy_linear,34,35,1,0.18372151500686035,0.18372151500686035
low_discrepancy_linear,34,38,2,0.1961444995484702,0.1961444995484702
low_discrepancy_linear,34,40,1,0.09995652633056507,0.09995652633056507
low_discrepancy_linear,34,43,2,0.26818839987064835,0.26818839987064835
low_discrepancy_linear,34,45,1,0.0594877349605682,0.0594877349605682
low_discrepancy_linear,34,48,2,0.17531222380086767,0.17531222380086767
low_discrepancy_linear,34,50,1,0.08804546831932401,0.08804546831932401
low_discrepancy_linear,34,53,2,0.07577245543877632,0.07577245543877632
low_discrepancy_linear,34,55,1,0.009533830750082373,0.009533830750082373
low_discrepancy_linear,34,58,2,0.4332720748706538,0.4332720748706538
low_discrepancy_linear,34,60,1,0.32233576513027407,0.32233576513027407
low_discrepancy_linear,34,63,2,0.4283778682443204,0.4283778682443204
low_discrepancy_linear,34,65,1,0.0,0.0
low_discrepancy_linear,34,68,2,0.6645742882147136,0.6645742882147136
low_discrepancy_linear,34,70,1,0.4437283118365034,0.4437283118365034
low_discrepancy_linear,34,73,2,0.9699026716413232,0.9699026716413232
low_discrepancy_linear,34,75,1,0.2719030116990674,0.2719030116990674
low_discrepancy_linear,34,78,2,0.7534128225221032,0.7534128225221032
low_discrepancy_linear,34,80,1,1.210223771888499,1.210223771888499
low_discrepancy_linear,35,3,2,0.0,0.0
low_discrepancy_linear,35,5,1,0.0,0.0
low_discrepancy_linear,35,8,2,0.0,0.0
low_discrepancy_linear,35,10,1,0.0,0.0
low_discrepancy_linear,35,13,2,0.0,0.0
low_discrepancy_linear,35,15,1,0.0,0.0
low_discrepancy_linear,35,18,2,0.0,0.0
low_discrepancy_linear,35,20,1,0.0,0.0
low_discrepancy_linear,35,23,2,0.0,0.0
low_discrepancy_linear,35,25,1,0.0,0.0
low_discrepancy_linear,35,28,2,0.0,0.0
low_discrepancy_linear,35,30,1,0.0,0.0
low_discrepancy_linear,35,33,2,0.0,0.0
low_discrepancy_linear,35,35,1,0.0,0.0
low_discrepancy_linear,35,38,2,0.0,0.0
low_discrepancy_linear,35,40,1,0.007331932759752413,0.007331932759752413
low_discrepancy_linear,35,43,2,0.007331932759752413,0.007331932759752413
low_discrepancy_linear,35,45,1,0.0,0.0
low_discrepancy_linear,35,48,2,0.0,0.0
low_discrepancy_linear,35,50,1,0.0,0.0
low_discrepancy_linear,35,53,2,0.0,0.0
low_discrepancy_linear,35,55,1,0.0,0.0
low_discrepancy_linear,35,58,2,0.0,0.0
low_discrepancy_linear,35,60,1,0.0,0.0
low_discrepancy_linear,35,63,2,0.0,0.0
low_discrepancy_linear,35,65,1,0.0,0.0
low_discrepancy_linear,35,68,2,0.0,0.0
low_discrepancy_linear,35,70,1,0.007331932759752413,0.007331932759752413
low_discrepancy_linear,35,73,2,0.007331932759752413,0.007331932759752413
low_discrepancy_linear,35,75,1,0.0,0.0
low_discrepancy_linear,35,78,2,0.0,0.0
low_discrepancy_linear,35,80,1,0.0,0.0
low_discrepancy_linear,35,83,2,0.0,0.0
low_discrepancy_linear,35,85,1,0.0,0.0
low_discrepancy_linear,35,88,2,0.0,0.0
low_discrepancy_linear,35,90,1,0.0,0.0
low_discrepancy_linear,35,93,2,0.0,0.0
low_discrepancy_linear,35,95,1,0.0,0.0
low_discrepancy_linear,35,98,2,0.0,0.0
low_discrepancy_linear,35,100,1,0.007331932759752413,0.007331932759752413
low_discrepancy_linear,35,103,2,0.007331932759752413,0.007331932759752413
low_discrepancy_linear,35,105,1,0.0,0.0
low_discrepancy_linear,35,108,2,0.0,0.0
low_discrepancy_linear,35,110,1,0.0,0.0
low_discrepancy_linear,35,113,2,0.0,0.0
low_discrepancy_linear,35,115,1,0.0,0.0
low_discrepancy_linear,35,118,2,0.0,0.0
low_discrepancy_linear,35,120,1,0.0,0.0
low_discrepancy_linear,35,123,2,0.0,0.0
low_discrepancy_linear,35,125,1,0.0,0.0
low_discrepancy_linear,35,128,2,0.0,0.0
low_discrepancy_linear,35,130,1,0.007331932759752413,0.007331932759752413
low_discrepancy_linear,35,133,2,0.007331932759752413,0.007331932759752413
low_discrepancy_linear,35,135,1,0.0,0.0
low_discrepancy_linear,35,138,2,0.0,0.0
low_discrepancy_linear,35,140,1,0.0,0.0
low_discrepancy_linear,35,143,2,0.0,0.0
low_discrepancy_linear,35,145,1,0.0,0.0
low_discrepancy_linear,35,148,2,0.0,0.0
low_discrepancy_linear,35,150,1,0.0,0.0
low_discrepancy_linear,35,153,2,0.0,0.0
low_discrepancy_linear,35,155,1,0.0,0.0
low_discrepancy_linear,35,158,2,0.0,0.0
low_discrepancy_linear,35,160,1,0.007331932759752413,0.007331932759752413
low_discrepancy_linear,35,163,2,0.007331932759752413,0.007331932759752413
low_discrepancy_linear,35,165,1,0.0,0.0
low_discrepancy_linear,35,168,2,0.0,0.0
low_discrepancy_linear,35,170,1,0.0,0.0
low_discrepancy_linear,35,173,2,0.0,0.0
low_discrepancy_linear,35,175,1,0.0,0.0
low_discrepancy_linear,35,178,2,0.0,0.0
low_discrepancy_linear,35,180,1,0.007331932759752413,0.007331932759752413
low_discrepancy_linear,35,183,2,0.007331932759752413,0.007331932759752413
low_discrepancy_linear,35,185,1,0.0,0.0
low_discrepancy_linear,35,188,2,0.0,0.0
low_discrepancy_linear,35,190,1,0.0,0.0
low_discrepancy_linear,35,193,2,0.0,0.0
low_discrepancy_linear,35,195,1,0.0,0.0
low_discrepancy_linear,35,198,2,0.0,0.0
low_discrepancy_linear,35,200,1,0.0,0.0
low_discrepancy_linear,35,203,2,0.0,0.0
low_discrepancy_linear,35,205,1,0.007331932759752413,0.007331932759752413
low_discrepancy_linear,35,208,2,0.007331932759752413,0.007331932759752413
low_discrepancy_linear,35,210,1,0.0,0.0
low_discrepancy_linear,35,213,2,0.0,0.0
low_discrepancy_linear,35,215,1,0.0,0.0
low_discrepancy_linear,35,218,2,0.0,0.0
low_discrepancy_linear,36,3,2,0.23475788991602564,0.23475788991602564
low_discrepancy_linear,36,5,1,0.4021872607704832,0.4021872607704832
low_discrepancy_linear,36,8,2,0.10090892048039869,0.10090892048039869
low_discrepancy_linear,36,10,1,0.16154990291835225,0.16154990291835225
low_discrepancy_linear,36,13,2,0.24814280065868838,0.24814280065868838
low_discrepancy_linear,36,15,1,0.07294148186407867,0.07294148186407867
low_discrepancy_linear,36,18,2,0.45633547318560924,0.45633547318560924
low_discrepancy_linear,36,20,1,0.41571792194778057,0.41571792194778057
low_discrepancy_linear,36,23,2,0.6360468592286299,0.6360468592286299
low_discrepancy_linear,36,25,1,0.14303598788289226,0.14303598788289226
low_discrepancy_linear,36,28,2,0.2760076409688128,0.2760076409688128
low_discrepancy_linear,36,30,1,0.16539507612800916,0.16539507612800916
low_discrepancy_linear,36,33,2,0.5889368702163181,0.5889368702163181
low_discrepancy_linear,36,35,1,0.5189818044852554,0.5189818044852554
low_discrepancy_linear,36,38,2,0.27530079887633363,0.27530079887633363
low_discrepancy_linear,36,40,1,0.08737449497391932,0.08737449497391932
low_discrepancy_linear,36,43,2,0.37975233817447324,0.37975233817447324
low_discrepancy_linear,36,45,1,0.22730982753921575,0.22730982753921575
low_discrepancy_linear,36,48,2,0.22171306506384816,0.22171306506384816
low_discrepancy_linear,36,50,1,0.2611496626058483,0.2611496626058483
low_discrepancy_linear,36,53,2,0.5380672209362292,0.5380672209362292
low_discrepancy_linear,36,55,1,0.09350204309423756,0.09350204309423756
low_discrepancy_linear,36,58,2,0.21623511519890576,0.21623511519890576
low_discrepancy_linear,36,60,1,0.40878075873706815,0.40878075873706815
low_discrepancy_linear,36,63,2,0.4811471462435525,0.4811471462435525
low_discrepancy_linear,36,65,1,0.0994879507133999,0.0994879507133999
low_discrepancy_linear,36,68,2,1.1626444048923705,1.1626444048923705
low_discrepancy_linear,36,70,1,0.23738134201001934,0.23738134201001934
low_discrepancy_linear,36,73,2,0.4675117593814575,0.4675117593814575
low_discrepancy_linear,36,75,1,0.27135081775175657,0.27135081775175657
low_discrepancy_linear,37,3,2,0.341181709592729,0.341181709592729
low_discrepancy_linear,37,5,1,0.3436152402592421,0.3436152402592421
low_discrepancy_linear,37,8,2,0.33808930191798897,0.33808930191798897
low_discrepancy_linear,37,10,1,0.2638688032738285,0.2638688032738285
low_discrepancy_linear,37,13,2,0.3803512899315898,0.3803512899315898
low_discrepancy_linear,37,15,1,0.17041404900190246,0.17041404900190246
low_discrepancy_linear,37,18,2,0.24052351909433906,0.24052351909433906
low_discrepancy_linear,37,20,1,0.03472791221121523,0.03472791221121523
low_discrepancy_linear,37,23,2,0.1963674684779653,0.1963674684779653
low_discrepancy_linear,37,25,1,0.08459941110781698,0.08459941110781698
low_discrepancy_linear,37,28,2,0.5223686737029972,0.5223686737029972
low_discrepancy_linear,37,30,1,0.1725713687050605,0.1725713687050605
low_discrepancy_linear,37,33,2,0.6712758641167225,0.6712758641167225
low_discrepancy_linear,37,35,1,0.467477124433131,0.467477124433131
low_discrepancy_linear,37,38,2,0.47656353604674623,0.47656353604674623
low_discrepancy_linear,37,40,1,0.1426041574484668,0.1426041574484668
low_discrepancy_linear,37,43,2,0.20384126192032134,0.20384126192032134
low_discrepancy_linear,37,45,1,0.040492361345678685,0.040492361345678685
low_discrepancy_linear,37,48,2,0.027106132018700293,0.027106132018700293
low_discrepancy_linear,37,50,1,0.027106132018700293,0.027106132018700293
low_discrepancy_linear,37,53,2,0.2632985273694883,0.2632985273694883
low_discrepancy_linear,37,55,1,0.22926765435524052,0.22926765435524052
low_discrepancy_linear,37,58,2,0.9709974841441757,0.9709974841441757
low_discrepancy_linear,37,60,1,0.15558701629375002,0.15558701629375002
low_discrepancy_linear,37,63,2,0.46900270828880675,0.46900270828880675
low_discrepancy_linear,37,65,1,0.29296255804760146,0.29296255804760146
low_discrepancy_linear,37,68,2,0.3262872016922862,0.3262872016922862
low_discrepancy_linear,37,70,1,0.28562132022768993,0.28562132022768993
low_discrepancy_linear,37,73,2,0.08944934857916062,0.08944934857916062
low_discrepancy_linear,37,75,1,0.2892572563271409,0.2892572563271409
low_discrepancy_linear,37,78,2,0.46986939273425066,0.46986939273425066
low_discrepancy_linear,37,80,1,0.1876132335745255,0.1876132335745255
low_discrepancy_linear,37,83,2,0.8225851959035279,0.8225851959035279
low_discrepancy_linear,37,85,1,0.4754138558651032,0.4754138558651032
low_discrepancy_linear,37,88,2,0.4491189868499224,0.4491189868499224
low_discrepancy_linear,37,90,1,0.2715573003955539,0.2715573003955539
low_discrepancy_linear,38,3,2,0.14161173308415947,0.14161173308415947
low_discrepancy_linear,38,5,1,0.0,0.0
low_discrepancy_linear,38,8,2,0.39896702252350175,0.39896702252350175
low_discrepancy_linear,38,10,1,0.24284472934666176,0.24284472934666176
low_discrepancy_linear,38,13,2,0.40706914662747773,0.40706914662747773
low_discrepancy_linear,38,15,1,0.04046120141890068,0.04046120141890068
low_discrepancy_linear,38,18,2,0.05026014771682808,0.05026014771682808
low_discrepancy_linear,38,20,1,0.1344667651177158,0.1344667651177158
low_discrepancy_linear,38,23,2,0.1291156878948012,0.1291156878948012
low_discrepancy_linear,38,25,1,0.280858188501975,0.280858188501975
low_discrepancy_linear,38,28,2,0.8169573477721479,0.8169573477721479
low_discrepancy_linear,38,30,1,0.26457654781480194,0.26457654781480194
low_discrepancy_linear,38,33,2,0.35404119622453617,0.35404119622453617
low_discrepancy_linear,38,35,1,0.3903414652649588,0.3903414652649588
low_discrepancy_linear,38,38,2,0.20037123498593648,0.20037123498593648
low_discrepancy_linear,38,40,1,0.34566399224936994,0.34566399224936994
low_discrepancy_linear,38,43,2,0.4837686692476648,0.4837686692476648
low_discrepancy_linear,38,45,1,0.025414194981458454,0.025414194981458454
low_discrepancy_linear,38,48,2,0.5815261083423625,0.5815261083423625
low_discrepancy_linear,38,50,1,0.4952382090180882,0.4952382090180882
low_discrepancy_linear,38,53,2,0.1728421163327937,0.1728421163327937
low_discrepancy_linear,38,55,1,0.3363689931288363,0.3363689931288363
low_discrepancy_linear,38,58,2,0.10475029079266972,0.10475029079266972
low_discrepancy_linear,38,60,1,0.11874145982530067,0.11874145982530067
low_discrepancy_linear,38,63,2,0.24945826146309777,0.24945826146309777
low_discrepancy_linear,38,65,1,0.35847541827608764,0.35847541827608764
low_discrepancy_linear,38,68,2,0.384731653140461,0.384731653140461
low_discrepancy_linear,38,70,1,0.46897478939076365,0.46897478939076365
low_discrepancy_linear,38,73,2,0.5855736179516395,0.5855736179516395
low_discrepancy_linear,38,75,1,0.08833259766726513,0.08833259766726513
low_discrepancy_linear,38,78,2,1.0781453939340644,1.0781453939340644
low_discrepancy_linear,38,80,1,0.2941768665463699,0.2941768665463699
low_discrepancy_linear,38,83,2,0.6727620125207547,0.6727620125207547
low_discrepancy_linear,38,85,1,0.5076847725778215,0.5076847725778215
low_discrepancy_linear,39,3,2,0.2546386313799389,0.2546386313799389
low_discrepancy_linear,39,5,1,0.06612468911857645,0.06612468911857645
low_discrepancy_linear,39,8,2,0.1389878506282528,0.1389878506282528
low_discrepancy_linear,39,10,1,0.1635631368806333,0.1635631368806333
low_discrepancy_linear,39,13,2,0.4734113097669665,0.4734113097669665
low_discrepancy_linear,39,15,1,0.31218637068146954,0.31218637068146954
low_discrepancy_linear,39,18,2,0.2744574229449617,0.2744574229449617
low_discrepancy_linear,39,20,1,0.4318496713260026,0.4318496713260026
low_discrepancy_linear,39,23,2,0.34640608740133744,0.34640608740133744
low_discrepancy_linear,39,25,1,0.2600936889672765,0.2600936889672765
low_discrepancy_linear,39,28,2,0.1498354693562575,0.1498354693562575
low_discrepancy_linear,39,30,1,0.5058097995835044,0.5058097995835044
low_discrepancy_linear,39,33,2,0.47786452206542634,0.47786452206542634
low_discrepancy_linear,39,35,1,0.7027334681065665,0.7027334681065665
low_discrepancy_linear,39,38,2,0.6308750552524176,0.6308750552524176
low_discrepancy_linear,39,40,1,0.2542923538859199,0.2542923538859199
low_discrepancy_linear,39,43,2,0.37457997082649647,0.37457997082649647
low_discrepancy_linear,39,45,1,0.2381522238089111,0.2381522238089111
low_discrepancy_linear,39,48,2,0.5832045189012962,0.5832045189012962
low_discrepancy_linear,39,50,1,0.47591990746809254,0.47591990746809254
low_discrepancy_linear,39,53,2,0.5581342047655147,0.5581342047655147
low_discrepancy_linear,39,55,1,0.3662845642890367,0.3662845642890367
low_discrepancy_linear,39,58,2,0.4437188439341106,0.4437188439341106
low_discrepancy_linear,39,60,1,0.7161172801889428,0.7161172801889428
low_discrepancy_linear,39,63,2,0.6335388268884038,0.6335388268884038
low_discrepancy_linear,39,65,1,0.3872846709112062,0.3872846709112062
low_discrepancy_linear,39,68,2,0.3282555063027497,0.3282555063027497
low_discrepancy_linear,40,3,2,0.258848929514406,0.258848929514406
low_discrepancy_linear,40,5,1,0.5641500556277502,0.5641500556277502
low_discrepancy_linear,40,8,2,0.3136075239374349,0.3136075239374349
low_discrepancy_linear,40,10,1,0.0765724159164095,0.0765724159164095
low_discrepancy_linear,40,13,2,0.058105169056889276,0.058105169056889276
low_discrepancy_linear,40,15,1,0.11267599231974448,0.11267599231974448
low_discrepancy_linear,40,18,2,0.15822781873900338,0.15822781873900338
low_discrepancy_linear,40,20,1,0.4830627011452605,0.4830627011452605
low_discrepancy_linear,40,23,2,0.614189289421832,0.614189289421832
low_discrepancy_linear,40,25,1,0.34661527116908175,0.34661527116908175
low_discrepancy_linear,40,28,2,0.2769921416399052,0.2769921416399052
low_discrepancy_linear,40,30,1,0.32357770288930005,0.32357770288930005
low_discrepancy_linear,40,33,2,0.379068384830647,0.379068384830647
low_discrepancy_linear,40,35,1,0.16222725800840868,0.16222725800840868
low_discrepancy_linear,40,38,2,0.2713165900214886,0.2713165900214886
low_discrepancy_linear,40,40,1,0.5656090649267617,0.5656090649267617
low_discrepancy_linear,40,43,2,0.6481566634840525,0.6481566634840525
low_discrepancy_linear,40,45,1,0.19531935522406738,0.19531935522406738
low_discrepancy_linear,40,48,2,0.20075018462517208,0.20075018462517208
low_discrepancy_linear,40,50,1,0.29684232026288576,0.29684232026288576
low_discrepancy_linear,40,53,2,0.26497649502421183,0.26497649502421183
low_discrepancy_linear,40,55,1,0.3187745884827699,0.3187745884827699
low_discrepancy_linear,40,58,2,0.22868127843967748,0.22868127843967748
low_discrepancy_linear,40,60,1,0.33790111101301096,0.33790111101301096
low_discrepancy_linear,40,63,2,0.6398680258544356,0.6398680258544356
low_discrepancy_linear,40,65,1,0.11821119200464673,0.11821119200464673
low_discrepancy_linear,40,68,2,0.20410356052392567,0.20410356052392567
low_discrepancy_linear,40,70,1,0.21938087030469408,0.21938087030469408
low_discrepancy_linear,40,73,2,1.053713760055407,1.053713760055407
low_discrepancy_linear,40,75,1,0.36469153456001263,0.36469153456001263
low_discrepancy_linear,40,78,2,0.35632998189047915,0.35632998189047915
low_discrepancy_linear,40,80,1,0.36636694601520065,0.36636694601520065
low_discrepancy_linear,40,83,2,0.0,0.0
low_discrepancy_linear,40,85,1,0.13243034013984367,0.13243034013984367
low_discrepancy_linear,41,3,2,0.14459739863171722,0.14459739863171722
low_discrepancy_linear,41,5,1,0.10215706429527181,0.10215706429527181
low_discrepancy_linear,41,8,2,0.20292380016251105,0.20292380016251105
low_discrepancy_linear,41,10,1,0.018698395151437494,0.018698395151437494
low_discrepancy_linear,41,13,2,0.6402615840369308,0.6402615840369308
low_discrepancy_linear,41,15,1,0.21772889509114257,0.21772889509114257
low_discrepancy_linear,41,18,2,0.4389904963113508,0.4389904963113508
low_discrepancy_linear,41,20,1,0.1660657137540643,0.1660657137540643
low_discrepancy_linear,41,23,2,0.4040238131641234,0.4040238131641234
low_discrepancy_linear,41,25,1,0.11803973174931372,0.11803973174931372
low_discrepancy_linear,41,28,2,0.4641591300098831,0.4641591300098831
low_discrepancy_linear,41,30,1,0.4351577579005015,0.4351577579005015
low_discrepancy_linear,41,33,2,0.35334537967941304,0.35334537967941304
low_discrepancy_linear,41,35,1,0.1425464240653379,0.1425464240653379
low_discrepancy_linear,41,38,2,0.4559902596225533,0.4559902596225533
low_discrepancy_linear,41,40,1,0.39871546407001357,0.39871546407001357
low_discrepancy_linear,41,43,2,0.11406161508756507,0.11406161508756507
low_discrepancy_linear,41,45,1,0.02804923203308227,0.02804923203308227
low_discrepancy_linear,41,48,2,0.3040000361197667,0.3040000361197667
low_discrepancy_linear,41,50,1,0.21146005033577675,0.21146005033577675
low_discrepancy_linear,41,53,2,0.112240997528166,0.112240997528166
low_discrepancy_linear,41,55,1,0.2792445897424527,0.2792445897424527
low_discrepancy_linear,41,58,2,0.29228349752585037,0.29228349752585037
low_discrepancy_linear,41,60,1,0.16863445347430672,0.16863445347430672
low_discrepancy_linear,41,63,2,0.6079627283566292,0.6079627283566292
low_discrepancy_linear,41,65,1,0.0,0.0
low_discrepancy_linear,41,68,2,0.6596220998726252,0.6596220998726252
low_discrepancy_linear,41,70,1,0.3281408433053345,0.3281408433053345
low_discrepancy_linear,41,73,2,0.4497204333018564,0.4497204333018564
low_discrepancy_linear,41,75,1,0.9364890206829141,0.9364890206829141
low_discrepancy_linear,41,78,2,0.3379885827729138,0.3379885827729138
low_discrepancy_linear,41,80,1,0.1717906990391893,0.1717906990391893
low_discrepancy_linear,42,3,2,0.4815547894892982,0.4815547894892982
low_discrepancy_linear,42,5,1,0.11764977526845562,0.11764977526845562
low_discrepancy_linear,42,8,2,0.198773587015954,0.198773587015954
low_discrepancy_linear,42,10,1,0.04956856756196098,0.04956856756196098
low_discrepancy_linear,42,13,2,0.1907098208978071,0.1907098208978071
low_discrepancy_linear,42,15,1,0.12558410291901434,0.12558410291901434
low_discrepancy_linear,42,18,2,0.18975352212810087,0.18975352212810087
low_discrepancy_linear,42,20,1,0.3989146392059609,0.3989146392059609
low_discrepancy_linear,42,23,2,0.7148736535755856,0.7148736535755856
low_discrepancy_linear,42,25,1,0.43319418851571145,0.43319418851571145
low_discrepancy_linear,42,28,2,0.29505200551457983,0.29505200551457983
low_discrepancy_linear,42,30,1,0.4541780799225995,0.4541780799225995
low_discrepancy_linear,42,33,2,0.12357242948766442,0.12357242948766442
low_discrepancy_linear,42,35,1,0.0,0.0
low_discrepancy_linear,42,38,2,0.12815558509292438,0.12815558509292438
low_discrepancy_linear,42,40,1,0.0,0.0
low_discrepancy_linear,42,43,2,0.606006124144404,0.606006124144404
low_discrepancy_linear,42,45,1,0.1832983189938115,0.1832983189938115
low_discrepancy_linear,42,48,2,0.48989172816650534,0.48989172816650534
low_discrepancy_linear,42,50,1,0.09681475146075963,0.09681475146075963
low_discrepancy_linear,42,53,2,0.2364269364187113,0.2364269364187113
low_discrepancy_linear,42,55,1,0.32305280420883226,0.32305280420883226
low_discrepancy_linear,42,58,2,0.5273231283921737,0.5273231283921737
low_discrepancy_linear,42,60,1,0.3134361472300979,0.3134361472300979
low_discrepancy_linear,42,63,2,0.04225401346134056,0.04225401346134056
low_discrepancy_linear,42,65,1,0.05364315477767471,0.05364315477767471
low_discrepancy_linear,42,68,2,0.18697340332927861,0.18697340332927861
low_discrepancy_linear,42,70,1,0.5907863630789041,0.5907863630789041
low_discrepancy_linear,42,73,2,0.3656271754879833,0.3656271754879833
low_discrepancy_linear,42,75,1,0.07564104649043417,0.07564104649043417
low_discrepancy_linear,42,78,2,0.6841436656027724,0.6841436656027724
low_discrepancy_linear,42,80,1,0.8116696133672217,0.8116696133672217
low_discrepancy_linear,42,83,2,0.2843315906590664,0.2843315906590664
low_discrepancy_linear,42,85,1,0.3563975014320715,0.3563975014320715
low_discrepancy_linear,42,88,2,0.31985412981276984,0.31985412981276984
low_discrepancy_linear,42,90,1,0.36371407757239405,0.36371407757239405
low_discrepancy_linear,43,3,2,0.5156120899645276,0.5156120899645276
low_discrepancy_linear,43,5,1,0.5748464146342394,0.5748464146342394
low_discrepancy_linear,43,8,2,0.17065332697432634,0.17065332697432634
low_discrepancy_linear,43,10,1,0.1742700550457811,0.1742700550457811
low_discrepancy_linear,43,13,2,0.09588764179959651,0.09588764179959651
low_discrepancy_linear,43,15,1,0.08844440825866579,0.08844440825866579
low_discrepancy_linear,43,18,2,0.5248097268308201,0.5248097268308201
low_discrepancy_linear,43,20,1,0.6159343944550657,0.6159343944550657
low_discrepancy_linear,43,23,2,0.24509643964840735,0.24509643964840735
low_discrepancy_linear,43,25,1,0.46313285924834185,0.46313285924834185
low_discrepancy_linear,43,28,2,0.737086368486861,0.737086368486861
low_discrepancy_linear,43,30,1,0.6081391435237027,0.6081391435237027
low_discrepancy_linear,43,33,2,0.508799338540267,0.508799338540267
low_discrepancy_linear,43,35,1,0.3073666342734967,0.3073666342734967
low_discrepancy_linear,43,38,2,0.1960196211169356,0.1960196211169356
low_discrepancy_linear,43,40,1,0.43845555502278416,0.43845555502278416
low_discrepancy_linear,43,43,2,0.5099709510139836,0.5099709510139836
low_discrepancy_linear,43,45,1,0.09278323866334755,0.09278323866334755
low_discrepancy_linear,43,48,2,0.2386820594980267,0.2386820594980267
low_discrepancy_linear,43,50,1,0.285449302702951,0.285449302702951
low_discrepancy_linear,43,53,2,0.20518746188678721,0.20518746188678721
low_discrepancy_linear,43,55,1,0.0,0.0
low_discrepancy_linear,43,58,2,0.12116122165929462,0.12116122165929462
low_discrepancy_linear,43,60,1,0.2132402660824561,0.2132402660824561
low_discrepancy_linear,43,63,2,0.3827165605965335,0.3827165605965335
low_discrepancy_linear,43,65,1,0.06363860562568212,0.06363860562568212
low_discrepancy_linear,43,68,2,0.2890159578982853,0.2890159578982853
low_discrepancy_linear,43,70,1,0.21007085024185573,0.21007085024185573
low_discrepancy_linear,43,73,2,1.0992213478935748,1.0992213478935748
low_discrepancy_linear,43,75,1,0.42168623237597497,0.42168623237597497
low_discrepancy_linear,43,78,2,0.3950190937147799,0.3950190937147799
low_discrepancy_linear,43,80,1,0.3180817647602186,0.3180817647602186
low_discrepancy_linear,44,3,2,0.21489047624236834,0.21489047624236834
low_discrepancy_linear,44,5,1,0.24338963133714958,0.24338963133714958
low_discrepancy_linear,44,8,2,0.20166826969486124,0.20166826969486124
low_discrepancy_linear,44,10,1,0.10535055867244199,0.10535055867244199
low_discrepancy_linear,44,13,2,0.5707645717176656,0.5707645717176656
low_discrepancy_linear,44,15,1,0.7067145082171802,0.7067145082171802
low_discrepancy_linear,44,18,2,0.21753255337064817,0.21753255337064817
low_discrepancy_linear,44,20,1,0.20937967390915993,0.20937967390915993
low_discrepancy_linear,44,23,2,0.1412471895449328,0.1412471895449328
low_discrepancy_linear,44,25,1,0.12202041722362007,0.12202041722362007
low_discrepancy_linear,44,28,2,0.0452472706891796,0.0452472706891796
low_discrepancy_linear,44,30,1,0.33040167928369896,0.33040167928369896
low_discrepancy_linear,44,33,2,0.4122678669710834,0.4122678669710834
low_discrepancy_linear,44,35,1,0.9531263850478557,0.9531263850478557
low_discrepancy_linear,44,38,2,0.14047993467771688,0.14047993467771688
low_discrepancy_linear,44,40,1,0.0,0.0
low_discrepancy_linear,44,43,2,0.1754824910505828,0.1754824910505828
low_discrepancy_linear,44,45,1,0.20834453396308864,0.20834453396308864
low_discrepancy_linear,44,48,2,0.09706967818555563,0.09706967818555563
low_discrepancy_linear,44,50,1,0.19797256072345223,0.19797256072345223
low_discrepancy_linear,44,53,2,0.1795593387078381,0.1795593387078381
low_discrepancy_linear,44,55,1,0.05865546207801975,0.05865546207801975
low_discrepancy_linear,44,58,2,0.3510700175843649,0.3510700175843649
low_discrepancy_linear,44,60,1,0.22364486390370616,0.22364486390370616
low_discrepancy_linear,44,63,2,0.2512128507412768,0.2512128507412768
low_discrepancy_linear,44,65,1,0.5126958310812995,0.5126958310812995
low_discrepancy_linear,44,68,2,0.5680293392325654,0.5680293392325654
low_discrepancy_linear,44,70,1,0.0030084032638400537,0.0030084032638400537
low_discrepancy_linear,44,73,2,0.9392806186728606,0.9392806186728606
low_discrepancy_linear,44,75,1,0.641837856572923,0.641837856572923
low_discrepancy_linear,44,78,2,0.40344354748372235,0.40344354748372235
low_discrepancy_linear,44,80,1,0.6562830236316867,0.6562830236316867
low_discrepancy_linear,44,83,2,0.3337760467227434,0.3337760467227434
low_discrepancy_linear,44,85,1,0.5788139343456822,0.5788139343456822
low_discrepancy_linear,44,88,2,0.42270849295028623,0.42270849295028623
low_discrepancy_linear,45,3,2,0.47506236531216434,0.47506236531216434
low_discrepancy_linear,45,5,1,0.04220884992912574,0.04220884992912574
low_discrepancy_linear,45,8,2,0.13214669654387085,0.13214669654387085
low_discrepancy_linear,45,10,1,0.012058823716406764,0.012058823716406764
low_discrepancy_linear,45,13,2,0.1955672636507447,0.1955672636507447
low_discrepancy_linear,45,15,1,0.09133743986663072,0.09133743986663072
low_discrepancy_linear,45,18,2,0.8956541020537012,0.8956541020537012
low_discrepancy_linear,45,20,1,0.2763844351131821,0.2763844351131821
low_discrepancy_linear,45,23,2,0.4839974543630573,0.4839974543630573
low_discrepancy_linear,45,25,1,0.12245266160420065,0.12245266160420065
low_discrepancy_linear,45,28,2,0.6220023834114207,0.6220023834114207
low_discrepancy_linear,45,30,1,0.03092021982361671,0.03092021982361671
low_discrepancy_linear,45,33,2,0.1377248070283914,0.1377248070283914
low_discrepancy_linear,45,35,1,0.08343534436239602,0.08343534436239602
low_discrepancy_linear,45,38,2,0.10868721486633218,0.10868721486633218
low_discrepancy_linear,45,40,1,0.3334835072014394,0.3334835072014394
low_discrepancy_linear,45,43,2,0.6461037539792143,0.6461037539792143
low_discrepancy_linear,45,45,1,0.23057482958286946,0.23057482958286946
low_discrepancy_linear,45,48,2,0.18944360547487182,0.18944360547487182
low_discrepancy_linear,45,50,1,0.0,0.0
low_discrepancy_linear,45,53,2,0.28429734612217844,0.28429734612217844
low_discrepancy_linear,45,55,1,0.3145492592068183,0.3145492592068183
low_discrepancy_linear,45,58,2,0.08861949042918624,0.08861949042918624
low_discrepancy_linear,45,60,1,0.5171266690435657,0.5171266690435657
low_discrepancy_linear,45,63,2,0.19203781192781214,0.19203781192781214
low_discrepancy_linear,45,65,1,0.23824153661590827,0.23824153661590827
low_discrepancy_linear,45,68,2,0.46105500922182224,0.46105500922182224
low_discrepancy_linear,45,70,1,0.13381604604080363,0.13381604604080363
low_discrepancy_linear,45,73,2,0.2553548217875819,0.2553548217875819
low_discrepancy_linear,45,75,1,0.7616798508234044,0.7616798508234044
low_discrepancy_linear,45,78,2,0.6185034991070797,0.6185034991070797
low_discrepancy_linear,45,80,1,0.44927720612568917,0.44927720612568917
low_discrepancy_linear,45,83,2,1.5682029617919326,1.5682029617919326
low_discrepancy_linear,45,85,1,1.6982919533082967,1.6982919533082967
low_discrepancy_linear,45,88,2,0.18431883925045447,0.18431883925045447
low_discrepancy_linear,45,90,1,0.047552053404011585,0.047552053404011585
low_discrepancy_linear,45,93,2,1.3938423284383596,1.3938423284383596
low_discrepancy_linear,45,95,1,0.10948137881820938,0.10948137881820938
low_discrepancy_linear,45,98,2,0.599854998623773,0.599854998623773
low_discrepancy_linear,45,100,1,1.4058960012021022,1.4058960012021022
low_discrepancy_linear,45,103,2,0.3473613168827519,0.3473613168827519
low_discrepancy_linear,45,105,1,0.21310951805365502,0.21310951805365502
low_discrepancy_linear,45,108,2,0.5859190223220904,0.5859190223220904
low_discrepancy_linear,45,110,1,0.018117646960651185,0.018117646960651185
low_discrepancy_linear,45,113,2,0.35453890213342426,0.35453890213342426
low_discrepancy_linear,45,115,1,0.11499835196826752,0.11499835196826752
low_discrepancy_linear,45,118,2,0.5165474046356696,0.5165474046356696
low_discrepancy_linear,45,120,1,0.14131798963576359,0.14131798963576359
low_discrepancy_linear,45,123,2,0.22400035664170692,0.22400035664170692
low_discrepancy_linear,45,125,1,0.6237010530707137,0.6237010530707137
low_discrepancy_linear,45,128,2,0.25298521462853946,0.25298521462853946
low_discrepancy_linear,45,130,1,0.4162396239538981,0.4162396239538981
low_discrepancy_linear,45,133,2,0.47983342021259007,0.47983342021259007
low_discrepancy_linear,45,135,1,0.9827291964995725,0.9827291964995725
low_discrepancy_linear,45,138,2,1.3815536189225217,1.3815536189225217
low_discrepancy_linear,45,140,1,0.2509889374144444,0.2509889374144444
low_discrepancy_linear,45,143,2,0.3389197285629872,0.3389197285629872
low_discrepancy_linear,45,145,1,0.15107879288287676,0.15107879288287676
low_discrepancy_linear,45,148,2,0.2138686655868071,0.2138686655868071
low_discrepancy_linear,45,150,1,0.11748017103608108,0.11748017103608108
low_discrepancy_linear,45,153,2,0.11956139626645271,0.11956139626645271
low_discrepancy_linear,45,155,1,0.4027788270271487,0.4027788270271487
low_discrepancy_linear,45,158,2,1.3279356967149372,1.3279356967149372
low_discrepancy_linear,45,160,1,0.2213829015798137,0.2213829015798137
low_discrepancy_linear,45,163,2,1.6146547649098815,1.6146547649098815
low_discrepancy_linear,45,165,1,0.6585055827874541,0.6585055827874541
low_discrepancy_linear,45,168,2,0.1300920928631501,0.1300920928631501
low_discrepancy_linear,45,170,1,0.9931594289609236,0.9931594289609236
low_discrepancy_linear,45,173,2,1.4974073706915825,1.4974073706915825
low_discrepancy_linear,45,175,1,0.05241208920826356,0.05241208920826356
low_discrepancy_linear,45,178,2,1.5041887694199547,1.5041887694199547
low_discrepancy_linear,45,180,1,0.0,0.0
low_discrepancy_linear,45,183,2,1.4960853659065245,1.4960853659065245
low_discrepancy_linear,45,185,1,0.13846236839850154,0.13846236839850154
low_discrepancy_linear,45,188,2,0.22821707614367376,0.22821707614367376
low_discrepancy_linear,45,190,1,0.3451586386199603,0.3451586386199603
low_discrepancy_linear,45,193,2,0.3737956779836943,0.3737956779836943
low_discrepancy_linear,45,195,1,0.23329335427595926,0.23329335427595926
low_discrepancy_linear,45,198,2,0.7543957289827706,0.7543957289827706
low_discrepancy_linear,45,200,1,0.748529711418663,0.748529711418663
low_discrepancy_linear,45,203,2,0.2152768369225545,0.2152768369225545
low_discrepancy_linear,45,205,1,0.667566425114384,0.667566425114384
low_discrepancy_linear,45,208,2,0.597156791757249,0.597156791757249
low_discrepancy_linear,45,210,1,0.4095156188665433,0.4095156188665433
low_discrepancy_linear,45,213,2,0.8996365244347431,0.8996365244347431
low_discrepancy_linear,45,215,1,0.9192696418397256,0.9192696418397256
low_discrepancy_linear,45,218,2,0.0,0.0
low_discrepancy_linear,46,3,2,0.2794677443932768,0.2794677443932768
low_discrepancy_linear,46,5,1,0.0,0.0
low_discrepancy_linear,46,8,2,0.3888223416346316,0.3888223416346316
low_discrepancy_linear,46,10,1,0.5561844993100775,0.5561844993100775
low_discrepancy_linear,46,13,2,0.14892649048210033,0.14892649048210033
low_discrepancy_linear,46,15,1,0.07372292243495372,0.07372292243495372
low_discrepancy_linear,46,18,2,0.1146683125476087,0.1146683125476087
low_discrepancy_linear,46,20,1,0.1602120226494871,0.1602120226494871
low_discrepancy_linear,46,23,2,0.27074852017176554,0.27074852017176554
low_discrepancy_linear,46,25,1,0.7767721705860829,0.7767721705860829
low_discrepancy_linear,46,28,2,0.42258981425420405,0.42258981425420405
low_discrepancy_linear,46,30,1,0.12986780641209578,0.12986780641209578
low_discrepancy_linear,46,33,2,0.6402894467842758,0.6402894467842758
low_discrepancy_linear,46,35,1,0.3775384090352145,0.3775384090352145
low_discrepancy_linear,46,38,2,0.6373198487331293,0.6373198487331293
low_discrepancy_linear,46,40,1,0.006470588200232608,0.006470588200232608
low_discrepancy_linear,46,43,2,0.1142079620613985,0.1142079620613985
low_discrepancy_linear,46,45,1,0.9379352115744394,0.9379352115744394
low_discrepancy_linear,46,48,2,0.33114547528442245,0.33114547528442245
low_discrepancy_linear,46,50,1,0.3524761736857852,0.3524761736857852
low_discrepancy_linear,46,53,2,0.2727713034505925,0.2727713034505925
low_discrepancy_linear,46,55,1,0.01248078778229689,0.01248078778229689
low_discrepancy_linear,46,58,2,0.351473673516659,0.351473673516659
low_discrepancy_linear,46,60,1,0.2916712199887295,0.2916712199887295
low_discrepancy_linear,46,63,2,0.4152767071897243,0.4152767071897243
low_discrepancy_linear,46,65,1,0.18673569987092067,0.18673569987092067
low_discrepancy_linear,46,68,2,0.19807075440386832,0.19807075440386832
low_discrepancy_linear,46,70,1,0.32081917073701854,0.32081917073701854
low_discrepancy_linear,46,73,2,0.5550458414510042,0.5550458414510042
low_discrepancy_linear,46,75,1,0.10345961866042298,0.10345961866042298
low_discrepancy_linear,46,78,2,0.6175750622001992,0.6175750622001992
low_discrepancy_linear,46,80,1,0.3900611232219437,0.3900611232219437
low_discrepancy_linear,46,83,2,0.7915704964065453,0.7915704964065453
low_discrepancy_linear,46,85,1,0.49036234122876504,0.49036234122876504
low_discrepancy_linear,46,88,2,0.20473593187750855,0.20473593187750855
low_discrepancy_linear,46,90,1,0.11792200568402735,0.11792200568402735
low_discrepancy_linear,46,93,2,0.13623699249421836,0.13623699249421836
low_discrepancy_linear,47,3,2,0.0,0.0
low_discrepancy_linear,47,5,1,0.20934604158279496,0.20934604158279496
low_discrepancy_linear,47,8,2,0.5283533465013156,0.5283533465013156
low_discrepancy_linear,47,10,1,0.5699380929752814,0.5699380929752814
low_discrepancy_linear,47,13,2,0.045081833976895205,0.045081833976895205
low_discrepancy_linear,47,15,1,0.14553721160129132,0.14553721160129132
low_discrepancy_linear,47,18,2,0.2561959152817868,0.2561959152817868
low_discrepancy_linear,47,20,1,0.33437608984928496,0.33437608984928496
low_discrepancy_linear,47,23,2,0.36553340976432774,0.36553340976432774
low_discrepancy_linear,47,25,1,0.17083408418073534,0.17083408418073534
low_discrepancy_linear,47,28,2,0.827515245441631,0.827515245441631
low_discrepancy_linear,47,30,1,0.2673179245459998,0.2673179245459998
low_discrepancy_linear,47,33,2,0.24839704464106535,0.24839704464106535
low_discrepancy_linear,47,35,1,0.1944761162500109,0.1944761162500109
low_discrepancy_linear,47,38,2,0.3696143510035752,0.3696143510035752
low_discrepancy_linear,47,40,1,0.06350029982277197,0.06350029982277197
low_discrepancy_linear,47,43,2,0.3424889169311728,0.3424889169311728
low_discrepancy_linear,47,45,1,0.4760038106988641,0.4760038106988641
low_discrepancy_linear,47,48,2,0.3958420439611863,0.3958420439611863
low_discrepancy_linear,47,50,1,0.11981129756957197,0.11981129756957197
low_discrepancy_linear,47,53,2,0.38560535853980094,0.38560535853980094
low_discrepancy_linear,47,55,1,0.10997899139628697,0.10997899139628697
low_discrepancy_linear,47,58,2,0.4974419927115684,0.4974419927115684
low_discrepancy_linear,47,60,1,0.13392441616396694,0.13392441616396694
low_discrepancy_linear,47,63,2,0.1944571747364822,0.1944571747364822
low_discrepancy_linear,47,65,1,0.889415898058468,0.889415898058468
low_discrepancy_linear,47,68,2,0.232425895008724,0.232425895008724
low_discrepancy_linear,47,70,1,0.2030394839033833,0.2030394839033833
low_discrepancy_linear,47,73,2,1.0469534125814948,1.0469534125814948
low_discrepancy_linear,47,75,1,0.38303651296012,0.38303651296012
low_discrepancy_linear,47,78,2,0.5299498355496787,0.5299498355496787
low_discrepancy_linear,47,80,1,0.15393636463301644,0.15393636463301644
low_discrepancy_linear,47,83,2,0.1344511543020419,0.1344511543020419
low_discrepancy_linear,47,85,1,0.6665466949758354,0.6665466949758354
low_discrepancy_linear,47,88,2,0.5713329822118948,0.5713329822118948
low_discrepancy_linear,47,90,1,0.8555087522925743,0.8555087522925743
low_discrepancy_linear,47,93,2,0.31198108919174006,0.31198108919174006
low_discrepancy_linear,47,95,1,0.31345956898734434,0.31345956898734434
low_discrepancy_linear,47,98,2,0.485362719322724,0.485362719322724
low_discrepancy_linear,47,100,1,0.09964705828358147,0.09964705828358147
low_discrepancy_linear,47,103,2,0.1034180083621108,0.1034180083621108
low_discrepancy_linear,47,105,1,0.3441430313931206,0.3441430313931206
low_discrepancy_linear,47,108,2,0.33227971344194573,0.33227971344194573
low_discrepancy_linear,47,110,1,0.1449877318268795,0.1449877318268795
low_discrepancy_linear,47,113,2,0.6857725709628637,0.6857725709628637
low_discrepancy_linear,47,115,1,0.021058822846880126,0.021058822846880126
low_discrepancy_linear,47,118,2,0.9999621814897266,0.9999621814897266
low_discrepancy_linear,47,120,1,0.14955682400728582,0.14955682400728582
low_discrepancy_linear,47,123,2,0.5581276477337376,0.5581276477337376
low_discrepancy_linear,47,125,1,0.668545283821174,0.668545283821174
low_discrepancy_linear,47,128,2,0.21524233710146376,0.21524233710146376
low_discrepancy_linear,47,130,1,0.3589101747575646,0.3589101747575646
low_discrepancy_linear,47,133,2,0.26800677281414664,0.26800677281414664
low_discrepancy_linear,47,135,1,0.20532489266500384,0.20532489266500384
low_discrepancy_linear,47,138,2,0.09137474117195718,0.09137474117195718
low_discrepancy_linear,47,140,1,1.6629809880944697,1.6629809880944697
low_discrepancy_linear,47,143,2,0.025175894078796546,0.025175894078796546
low_discrepancy_linear,47,145,1,1.4064320565255097,1.4064320565255097
low_discrepancy_linear,47,148,2,1.1725359679739091,1.1725359679739091
low_discrepancy_linear,47,150,1,0.1177226699305327,0.1177226699305327
low_discrepancy_linear,47,153,2,0.5986663194597351,0.5986663194597351
low_discrepancy_linear,47,155,1,0.0,0.0
low_discrepancy_linear,47,158,2,0.22535336282756285,0.22535336282756285
low_discrepancy_linear,47,160,1,0.08790528949169718,0.08790528949169718
low_discrepancy_linear,47,163,2,0.10623763762612698,0.10623763762612698
low_discrepancy_linear,47,165,1,0.0,0.0
low_discrepancy_linear,47,168,2,0.0,0.0
low_discrepancy_linear,47,170,1,0.0,0.0
low_discrepancy_linear,47,173,2,0.0,0.0
low_discrepancy_linear,47,175,1,0.0,0.0
low_discrepancy_linear,47,178,2,0.04660487391134519,0.04660487391134519
low_discrepancy_linear,47,180,1,0.0,0.0
low_discrepancy_linear,47,183,2,0.04660487391134519,0.04660487391134519
low_discrepancy_linear,47,185,1,0.0,0.0
low_discrepancy_linear,47,188,2,0.06681710768383717,0.06681710768383717
low_discrepancy_linear,47,190,1,0.06681710768383717,0.06681710768383717
low_discrepancy_linear,47,193,2,0.06681710768383717,0.06681710768383717
low_discrepancy_linear,47,195,1,0.030454458039030557,0.030454458039030557
low_discrepancy_linear,47,198,2,0.0,0.0
low_discrepancy_linear,47,200,1,0.0,0.0
low_discrepancy_linear,47,203,2,0.0015042016319199991,0.0015042016319199991
low_discrepancy_linear,47,205,1,0.0015042016319199991,0.0015042016319199991
low_discrepancy_linear,47,208,2,0.0,0.0
low_discrepancy_linear,47,210,1,0.030454458039030557,0.030454458039030557
low_discrepancy_linear,47,213,2,0.030454458039030557,0.030454458039030557
low_discrepancy_linear,47,215,1,0.0,0.0
low_discrepancy_linear,47,218,2,0.0,0.0
low_discrepancy_linear,48,3,2,0.8327098144439773,0.8327098144439773
low_discrepancy_linear,48,5,1,0.2633453322760909,0.2633453322760909
low_discrepancy_linear,48,8,2,0.17028073356251566,0.17028073356251566
low_discrepancy_linear,48,10,1,0.025940513259464226,0.025940513259464226
low_discrepancy_linear,48,13,2,0.15463179905817395,0.15463179905817395
low_discrepancy_linear,48,15,1,0.05333015799398321,0.05333015799398321
low_discrepancy_linear,48,18,2,0.48931128251319794,0.48931128251319794
low_discrepancy_linear,48,20,1,0.3624456453389903,0.3624456453389903
low_discrepancy_linear,48,23,2,0.2409910186165857,0.2409910186165857
low_discrepancy_linear,48,25,1,0.2098142060962024,0.2098142060962024
low_discrepancy_linear,48,28,2,1.056159086503409,1.056159086503409
low_discrepancy_linear,48,30,1,0.2918487443329322,0.2918487443329322
low_discrepancy_linear,48,33,2,0.21155902997378723,0.21155902997378723
low_discrepancy_linear,48,35,1,0.08738493721772758,0.08738493721772758
low_discrepancy_linear,48,38,2,0.5913148804122003,0.5913148804122003
low_discrepancy_linear,48,40,1,0.18064824073982802,0.18064824073982802
low_discrepancy_linear,48,43,2,0.549196933818843,0.549196933818843
low_discrepancy_linear,48,45,1,0.04079656627234793,0.04079656627234793
low_discrepancy_linear,48,48,2,0.20064535844328646,0.20064535844328646
low_discrepancy_linear,48,50,1,0.1572065455920344,0.1572065455920344
low_discrepancy_linear,48,53,2,0.08599851117010064,0.08599851117010064
low_discrepancy_linear,48,55,1,0.2604600599388573,0.2604600599388573
low_discrepancy_linear,48,58,2,0.4810867215167149,0.4810867215167149
low_discrepancy_linear,48,60,1,0.28834205991420114,0.28834205991420114
low_discrepancy_linear,48,63,2,0.32254375124484297,0.32254375124484297
low_discrepancy_linear,48,65,1,0.2600435622186327,0.2600435622186327
low_discrepancy_linear,48,68,2,0.13290919118707065,0.13290919118707065
low_discrepancy_linear,48,70,1,0.28902086388093284,0.28902086388093284
low_discrepancy_linear,48,73,2,0.09356976141478282,0.09356976141478282
low_discrepancy_linear,48,75,1,0.6020456634311848,0.6020456634311848
low_discrepancy_linear,48,78,2,0.8369981454316507,0.8369981454316507
low_discrepancy_linear,48,80,1,0.47022767431696755,0.47022767431696755
low_discrepancy_linear,48,83,2,0.6512094867063888,0.6512094867063888
low_discrepancy_linear,48,85,1,0.03617647114922018,0.03617647114922018
low_discrepancy_linear,48,88,2,0.007521008159600051,0.007521008159600051
low_discrepancy_linear,49,3,2,0.4006918367152679,0.4006918367152679
low_discrepancy_linear,49,5,1,0.037560396698342276,0.037560396698342276
low_discrepancy_linear,49,8,2,0.18670873700770063,0.18670873700770063
low_discrepancy_linear,49,10,1,0.16176486895198727,0.16176486895198727
low_discrepancy_linear,49,13,2,0.4781045494687261,0.4781045494687261
low_discrepancy_linear,49,15,1,0.1338860713262596,0.1338860713262596
low_discrepancy_linear,49,18,2,0.5956565637337318,0.5956565637337318
low_discrepancy_linear,49,20,1,0.11289828028366825,0.11289828028366825
low_discrepancy_linear,49,23,2,0.2584778569155742,0.2584778569155742
low_discrepancy_linear,49,25,1,0.06930260727031655,0.06930260727031655
low_discrepancy_linear,49,28,2,0.4834635381493772,0.4834635381493772
low_discrepancy_linear,49,30,1,0.18315537562851206,0.18315537562851206
low_discrepancy_linear,49,33,2,0.6090231699222527,0.6090231699222527
low_discrepancy_linear,49,35,1,0.169009137605029,0.169009137605029
low_discrepancy_linear,49,38,2,0.28027046693917207,0.28027046693917207
low_discrepancy_linear,49,40,1,0.0,0.0
low_discrepancy_linear,49,43,2,0.6669545260914194,0.6669545260914194
low_discrepancy_linear,49,45,1,0.18332337586188377,0.18332337586188377
low_discrepancy_linear,49,48,2,0.10767931438073736,0.10767931438073736
low_discrepancy_linear,49,50,1,0.5752743485473512,0.5752743485473512
low_discrepancy_linear,49,53,2,0.6883581851619509,0.6883581851619509
low_discrepancy_linear,49,55,1,0.4442685202637027,0.4442685202637027
low_discrepancy_linear,49,58,2,0.558805657468685,0.558805657468685
low_discrepancy_linear,49,60,1,0.25825674257802594,0.25825674257802594
low_discrepancy_linear,49,63,2,0.540757344373203,0.540757344373203
low_discrepancy_linear,49,65,1,1.5052317249945277,1.5052317249945277
low_discrepancy_linear,49,68,2,0.6644293195696337,0.6644293195696337
low_discrepancy_critical,0,3,2,0.07250679079291503,0.03147298518020971
low_discrepancy_critical,0,5,1,0.44267197214942117,0.44267197214942117
low_discrepancy_critical,0,8,2,0.7857523342985734,0.5657245319700911
low_discrepancy_critical,0,10,1,0.06319827569223375,0.06319827569223375
low_discrepancy_critical,0,13,2,0.4974916139170358,0.14442089315151052
low_discrepancy_critical,0,15,1,0.03817988846909267,0.03817988846909267
low_discrepancy_critical,0,18,2,0.49918605363450014,0.06572773283900576
low_discrepancy_critical,0,20,1,0.08244613511145184,0.08244613511145184
low_discrepancy_critical,0,23,2,0.5564181865529602,0.20768291192653654
low_discrepancy_critical,0,25,1,0.3905003577005952,0.3905003577005952
low_discrepancy_critical,0,28,2,0.6232878394809771,0.41425734205630876
low_discrepancy_critical,0,30,1,0.5850090958373194,0.5850090958373194
low_discrepancy_critical,0,33,2,0.5926578175149699,0.3314716329836503
low_discrepancy_critical,0,35,1,0.3180006407429289,0.3180006407429289
low_discrepancy_critical,0,38,2,0.47668118313215246,0.27431835134821625
low_discrepancy_critical,0,40,1,0.3426595910307497,0.3426595910307497
low_discrepancy_critical,0,43,2,0.6340894837756323,0.0979976580532344
low_discrepancy_critical,0,45,1,0.18256061005034507,0.18256061005034507
low_discrepancy_critical,0,48,2,0.3789242047721896,0.5072804294964944
low_discrepancy_critical,0,50,1,0.36158236649266323,0.36158236649266323
low_discrepancy_critical,0,53,2,0.3430632335265012,0.583265888020124
low_discrepancy_critical,0,55,1,0.10029270871760684,0.10029270871760684
low_discrepancy_critical,0,58,2,0.20370322619789713,0.18010446358502288
low_discrepancy_critical,0,60,1,0.06429953982112094,0.06429953982112094
low_discrepancy_critical,0,63,2,0.22293069959514109,0.10159006059244483
low_discrepancy_critical,0,65,1,0.1729633996407138,0.1729633996407138
low_discrepancy_critical,0,68,2,0.7549610423391862,0.6210908454939225
low_discrepancy_critical,0,70,1,0.055272360679097014,0.055272360679097014
low_discrepancy_critical,0,73,2,0.7482548841465172,0.3961663725459369
low_discrepancy_critical,0,75,1,0.0,0.0
low_discrepancy_critical,0,78,2,0.538377977688977,0.17347210584915024
low_discrepancy_critical,0,80,1,0.6194089083944693,0.6194089083944693
low_discrepancy_critical,0,83,2,0.5118625800908071,0.3336881856685259
low_discrepancy_critical,0,85,1,0.49617660176790207,0.49617660176790207
low_discrepancy_critical,0,88,2,0.8047146088997238,0.9661005073311129
low_discrepancy_critical,0,90,1,0.15261171194702078,0.15261171194702078
low_discrepancy_critical,0,93,2,0.6669838127093516,0.43028503751832675
low_discrepancy_critical,0,95,1,0.22112069868663223,0.22112069868663223
low_discrepancy_critical,1,3,2,0.21293399634705243,0.20268149288059217
low_discrepancy_critical,1,5,1,0.22808393974678354,0.22808393974678354
low_discrepancy_critical,1,8,2,0.0021229496385052568,0.0
low_discrepancy_critical,1,10,1,0.0,0.0
low_discrepancy_critical,1,13,2,0.33190229820218886,0.33362920062559664
low_discrepancy_critical,1,15,1,0.19997319846515696,0.19997319846515696
low_discrepancy_critical,1,18,2,0.32046993723413714,0.2810879903866645
low_discrepancy_critical,1,20,1,0.30340689774351526,0.30340689774351526
low_discrepancy_critical,1,23,2,0.6514201893293554,0.31233656217546324
low_discrepancy_critical,1,25,1,0.13630392010846518,0.13630392010846518
low_discrepancy_critical,1,28,2,0.5270348509830932,0.07903506400855513
low_discrepancy_critical,1,30,1,0.12868945845530752,0.12868945845530752
low_discrepancy_critical,1,33,2,0.5583117218935707,0.06687306472606247
low_discrepancy_critical,1,35,1,0.8656304829177169,0.8656304829177169
low_discrepancy_critical,1,38,2,0.615272519051173,0.1517277338516344
low_discrepancy_critical,1,40,1,0.2812939692636672,0.2812939692636672
low_discrepancy_critical,1,43,2,0.5191258517432924,0.546943878458108
low_discrepancy_critical,1,45,1,0.5322559859494785,0.5322559859494785
low_discrepancy_critical,1,48,2,0.4775873291763701,0.2006645518925386
low_discrepancy_critical,1,50,1,0.31205202993136577,0.31205202993136577
low_discrepancy_critical,1,53,2,0.5708068088492165,0.225170938087042
low_discrepancy_critical,1,55,1,0.2998045795001369,0.2998045795001369
low_discrepancy_critical,1,58,2,0.4398643011987559,0.8833680776538574
low_discrepancy_critical,1,60,1,0.2831723893720463,0.2831723893720463
low_discrepancy_critical,1,63,2,0.14145979276330695,0.18526075146038215
low_discrepancy_critical,1,65,1,0.09084352537943356,0.09084352537943356
low_discrepancy_critical,1,68,2,0.3041014037039539,0.21100929609264865
low_discrepancy_critical,1,70,1,0.12661916758986844,0.12661916758986844
low_discrepancy_critical,1,73,2,0.5555334146664265,0.3168615510092794
low_discrepancy_critical,1,75,1,0.28974378045209015,0.28974378045209015
low_discrepancy_critical,1,78,2,0.5447267157033187,0.04049923841465917
low_discrepancy_critical,1,80,1,0.2498637432698186,0.2498637432698186
low_discrepancy_critical,1,83,2,0.5349784964797417,0.7260923665054293
low_discrepancy_critical,1,85,1,0.438536578305206,0.438536578305206
low_discrepancy_critical,1,88,2,0.7750037611724042,0.7891983067704658
low_discrepancy_critical,1,90,1,0.4587129646437588,0.4587129646437588
low_discrepancy_critical,1,93,2,0.7773732828009111,0.8848768986909384
low_discrepancy_critical,1,95,1,0.45762649167966507,0.45762649167966507
low_discrepancy_critical,1,98,2,0.5107255893518251,0.10664128048880436
low_discrepancy_critical,1,100,1,0.24252997896538936,0.24252997896538936
low_discrepancy_critical,2,3,2,0.7326716883722829,0.4475484482602512
low_discrepancy_critical,2,5,1,0.26969392996759034,0.26969392996759034
low_discrepancy_critical,2,8,2,0.62297076707334,0.22717375715259042
low_discrepancy_critical,2,10,1,0.05433006814741806,0.05433006814741806
low_discrepancy_critical,2,13,2,0.534009982572199,0.21520774321345795
low_discrepancy_critical,2,15,1,0.0,0.0
low_discrepancy_critical,2,18,2,0.7543579984380661,0.4838727800970199
low_discrepancy_critical,2,20,1,0.27732752616714673,0.27732752616714673
low_discrepancy_critical,2,23,2,0.6592162404421806,0.94553731289299
low_discrepancy_critical,2,25,1,0.41613706809118545,0.41613706809118545
low_discrepancy_critical,2,28,2,0.5636631403772508,0.21173925604649768
low_discrepancy_critical,2,30,1,0.33333496576436833,0.33333496576436833
low_discrepancy_critical,2,33,2,0.5518955162468017,0.19330754627124638
low_discrepancy_critical,2,35,1,0.047247462848241294,0.047247462848241294
low_discrepancy_critical,2,38,2,0.6081704052898218,0.12686544643436912
low_discrepancy_critical,2,40,1,0.12612843225497442,0.12612843225497442
low_discrepancy_critical,2,43,2,0.45811338677346564,0.16386833894114428
low_discrepancy_critical,2,45,1,0.10631044344079554,0.10631044344079554
low_discrepancy_critical,2,48,2,0.17517631255352253,0.6278659947235704
low_discrepancy_critical,2,50,1,0.37405403232143847,0.37405403232143847
low_discrepancy_critical,2,53,2,0.4462626545258654,0.4515699949348839
low_discrepancy_critical,2,55,1,0.16629465088551168,0.16629465088551168
low_discrepancy_critical,2,58,2,0.6305004679953461,0.3445780306314856
low_discrepancy_critical,2,60,1,0.05924338895973047,0.05924338895973047
low_discrepancy_critical,2,63,2,0.5222372889473738,0.09620543267969582
low_discrepancy_critical,2,65,1,0.07632583361644545,0.07632583361644545
low_discrepancy_critical,2,68,2,0.6617353509739767,0.20569248414379895
low_discrepancy_critical,2,70,1,0.1481234365182953,0.1481234365182953
low_discrepancy_critical,2,73,2,0.49441242857834666,0.46197297306215546
low_discrepancy_critical,2,75,1,0.2613671866192539,0.2613671866192539
low_discrepancy_critical,2,78,2,0.4678055009660782,0.047882352681720974
low_discrepancy_critical,2,80,1,0.3373001881926716,0.3373001881926716
low_discrepancy_critical,2,83,2,0.5198557962371791,0.4268444068256086
low_discrepancy_critical,2,85,1,0.58614160278148,0.58614160278148
low_discrepancy_critical,2,88,2,0.8682884863764256,0.772783605581798
low_discrepancy_critical,2,90,1,0.1481070844359133,0.1481070844359133
low_discrepancy_critical,2,93,2,0.6402144724440918,0.17695860055278245
low_discrepancy_critical,2,95,1,0.06604449537242696,0.06604449537242696
low_discrepancy_critical,2,98,2,0.5941604561262447,0.026015544212961136
low_discrepancy_critical,3,3,2,0.014769669460058062,0.0
low_discrepancy_critical,3,5,1,0.0,0.0
low_discrepancy_critical,3,8,2,0.014769669460058062,0.0
low_discrepancy_critical,3,10,1,0.0,0.0
low_discrepancy_critical,3,13,2,0.014769669460058062,0.0
low_discrepancy_critical,3,15,1,0.0,0.0
low_discrepancy_critical,3,18,2,0.014769669460058062,0.0
low_discrepancy_critical,3,20,1,0.0,0.0
low_discrepancy_critical,3,23,2,0.014769669460058062,0.0
low_discrepancy_critical,3,25,1,0.0,0.0
low_discrepancy_critical,3,28,2,0.014769669460058062,0.0
low_discrepancy_critical,3,30,1,0.0,0.0
low_discrepancy_critical,3,33,2,0.10847807135904736,0.1116940974098997
low_discrepancy_critical,3,35,1,0.1116940974098997,0.1116940974098997
low_discrepancy_critical,3,38,2,0.014769669460058062,0.0
low_discrepancy_critical,3,40,1,0.0,0.0
low_discrepancy_critical,3,43,2,0.014769669460058062,0.0
low_discrepancy_critical,3,45,1,0.0,0.0
low_discrepancy_critical,3,48,2,0.014769669460058062,0.0
low_discrepancy_critical,3,50,1,0.0,0.0
low_discrepancy_critical,3,53,2,0.19306441122861587,0.1952902084009248
low_discrepancy_critical,3,55,1,0.1952902084009248,0.1952902084009248
low_discrepancy_critical,3,58,2,0.012935738885161587,0.02707935782611488
low_discrepancy_critical,3,60,1,0.0,0.0
low_discrepancy_critical,3,63,2,0.003068441487715606,0.0
low_discrepancy_critical,3,65,1,0.0,0.0
low_discrepancy_critical,3,68,2,0.003068441487715606,0.0
low_discrepancy_critical,3,70,1,0.0,0.0
low_discrepancy_critical,3,73,2,0.003068441487715606,0.0
low_discrepancy_critical,3,75,1,0.0,0.0
low_discrepancy_critical,3,78,2,0.003068441487715606,0.0
low_discrepancy_critical,3,80,1,0.0,0.0
low_discrepancy_critical,3,83,2,0.003068441487715606,0.0
low_discrepancy_critical,3,85,1,0.0,0.0
low_discrepancy_critical,3,88,2,0.003068441487715606,0.0
low_discrepancy_critical,3,90,1,0.0,0.0
low_discrepancy_critical,3,93,2,0.003068441487715606,0.0
low_discrepancy_critical,3,95,1,0.0,0.0
low_discrepancy_critical,3,98,2,0.003068441487715606,0.0
low_discrepancy_critical,3,100,1,0.0,0.0
low_discrepancy_critical,3,103,2,0.003068441487715606,0.0
low_discrepancy_critical,3,105,1,0.0,0.0
low_discrepancy_critical,3,108,2,0.003068441487715606,0.0
low_discrepancy_critical,3,110,1,0.0,0.0
low_discrepancy_critical,3,113,2,0.003068441487715606,0.0
low_discrepancy_critical,3,115,1,0.0,0.0
low_discrepancy_critical,3,118,2,0.003068441487715606,0.0
low_discrepancy_critical,3,120,1,0.0,0.0
low_discrepancy_critical,3,123,2,0.02816942933203642,0.02707935782611488
low_discrepancy_critical,3,125,1,0.20197852385108492,0.20197852385108492
low_discrepancy_critical,3,128,2,0.403857061743279,0.37623337830179393
low_discrepancy_critical,3,130,1,0.38686790851029834,0.38686790851029834
low_discrepancy_critical,3,133,2,0.32194204489267253,0.14208163202593993
low_discrepancy_critical,3,135,1,0.28442052394758494,0.28442052394758494
low_discrepancy_critical,3,138,2,0.5864115511377582,0.12633591520161486
low_discrepancy_critical,3,140,1,0.1220855810009725,0.1220855810009725
low_discrepancy_critical,3,143,2,0.5180532811217088,0.08652697591207553
low_discrepancy_critical,3,145,1,0.04236839149195299,0.04236839149195299
low_discrepancy_critical,3,148,2,0.603197166710439,0.3483332265302485
low_discrepancy_critical,3,150,1,0.04512604895760028,0.04512604895760028
low_discrepancy_critical,3,153,2,0.6118459983253349,0.4640876004121969
low_discrepancy_critical,3,155,1,0.5791729318707118,0.5791729318707118
low_discrepancy_critical,3,158,2,0.5176585544340098,0.24116372131594924
low_discrepancy_critical,3,160,1,0.3400962349581081,0.3400962349581081
low_discrepancy_critical,3,163,2,0.5435886812984467,0.27509761990493925
low_discrepancy_critical,3,165,1,0.09076196639975263,0.09076196639975263
low_discrepancy_critical,3,168,2,0.7188550099746875,0.3523602976806433
low_discrepancy_critical,3,170,1,0.16036563288681605,0.16036563288681605
low_discrepancy_critical,3,173,2,0.5234422939706557,0.1315315288457806
low_discrepancy_critical,3,175,1,0.71356877114332,0.71356877114332
low_discrepancy_critical,3,178,2,0.1537313133581936,0.35697985063640614
low_discrepancy_critical,3,180,1,0.12730823947616893,0.12730823947616893
low_discrepancy_critical,3,183,2,0.21301383836100124,0.18243261139679734
low_discrepancy_critical,3,185,1,0.2251132334494939,0.2251132334494939
low_discrepancy_critical,3,188,2,0.1786273769965602,0.16757845969009308
low_discrepancy_critical,3,190,1,0.35195112192342853,0.35195112192342853
low_discrepancy_critical,3,193,2,0.6646459788817496,0.40422606742042005
low_discrepancy_critical,3,195,1,0.17326223971642324,0.17326223971642324
low_discrepancy_critical,3,198,2,0.35812915374153387,0.3978320064419171
low_discrepancy_critical,3,200,1,0.5436244204404823,0.5436244204404823
low_discrepancy_critical,3,203,2,0.5423441385780369,0.1796214820167963
low_discrepancy_critical,3,205,1,0.1997134465105536,0.1997134465105536
low_discrepancy_critical,3,208,2,0.8098951239345156,1.0087189426503507
low_discrepancy_critical,3,210,1,0.17634273898049102,0.17634273898049102
low_discrepancy_critical,3,213,2,0.7051580849438949,0.4948580822455385
low_discrepancy_critical,4,3,2,0.6648119894970854,0.4019139616264427
low_discrepancy_critical,4,5,1,0.11665535854132737,0.11665535854132737
low_discrepancy_critical,4,8,2,0.482025600664537,0.09783428533436754
low_discrepancy_critical,4,10,1,0.12704502973995108,0.12704502973995108
low_discrepancy_critical,4,13,2,0.6637627893630723,0.431019721050347
low_discrepancy_critical,4,15,1,0.1550401108083828,0.1550401108083828
low_discrepancy_critical,4,18,2,0.7604456441116964,0.8131629115827931
low_discrepancy_critical,4,20,1,0.12961084689607988,0.12961084689607988
low_discrepancy_critical,4,23,2,0.5233548614018451,0.4152588929183973
low_discrepancy_critical,4,25,1,0.44922012043330994,0.44922012043330994
low_discrepancy_critical,4,28,2,0.5506535970992624,0.2886312895094203
low_discrepancy_critical,4,30,1,0.11763793965298547,0.11763793965298547
low_discrepancy_critical,4,33,2,0.40426391918394755,0.26933282893567484
low_discrepancy_critical,4,35,1,0.46575567635406945,0.46575567635406945
low_discrepancy_critical,4,38,2,0.15817081628259622,0.4080928152360481
low_discrepancy_critical,4,40,1,0.2272948928910042,0.2272948928910042
low_discrepancy_critical,4,43,2,0.11691183281707435,0.11653319729751326
low_discrepancy_critical,4,45,1,0.3640686892151313,0.3640686892151313
low_discrepancy_critical,4,48,2,0.12145179924683978,0.11752209019828948
low_discrepancy_critical,4,50,1,0.22208664287473023,0.22208664287473023
low_discrepancy_critical,4,53,2,0.31578584444035523,0.19523255598950223
low_discrepancy_critical,4,55,1,0.0,0.0
low_discrepancy_critical,4,58,2,0.6354909117192215,0.4317446286776235
low_discrepancy_critical,4,60,1,0.11249272281945547,0.11249272281945547
low_discrepancy_critical,4,63,2,0.579538378269321,0.39951285882209864
low_discrepancy_critical,4,65,1,0.0,0.0
low_discrepancy_critical,4,68,2,0.6350137997680949,0.40791099343380166
low_discrepancy_critical,4,70,1,0.15001198608512528,0.15001198608512528
low_discrepancy_critical,4,73,2,0.36301258447577045,0.49394332236449534
low_discrepancy_critical,4,75,1,0.4344175599257775,0.4344175599257775
low_discrepancy_critical,4,78,2,0.7908327416278399,0.845700048548209
low_discrepancy_critical,4,80,1,0.06861364371487355,0.06861364371487355
low_discrepancy_critical,4,83,2,0.8231347964155017,0.6707211528437944
low_discrepancy_critical,4,85,1,0.037605040798000255,0.037605040798000255
low_discrepancy_critical,4,88,2,0.601245387938256,0.24951080024565622
low_discrepancy_critical,4,90,1,0.31609878112103496,0.31609878112103496
low_discrepancy_critical,5,3,2,0.1517792022106965,0.1615920907089537
low_discrepancy_critical,5,5,1,0.9562143825555978,0.9562143825555978
low_discrepancy_critical,5,8,2,0.5199601752677857,0.10674933228043966
low_discrepancy_critical,5,10,1,0.10920447229456946,0.10920447229456946
low_discrepancy_critical,5,13,2,0.5261542502783447,0.062155505222717074
low_discrepancy_critical,5,15,1,0.03406210618230171,0.03406210618230171
low_discrepancy_critical,5,18,2,0.5591218084048364,0.3190953254164331
low_discrepancy_critical,5,20,1,0.16113983025266113,0.16113983025266113
low_discrepancy_critical,5,23,2,0.6391618730632729,0.593249839823352
low_discrepancy_critical,5,25,1,0.3582768214802903,0.3582768214802903
low_discrepancy_critical,5,28,2,0.6498965124397709,0.7908990824784476
low_discrepancy_critical,5,30,1,0.29861602032528284,0.29861602032528284
low_discrepancy_critical,5,33,2,0.6182967338803927,0.22219502661623938
low_discrepancy_critical,5,35,1,0.01899357961221829,0.01899357961221829
low_discrepancy_critical,5,38,2,0.6680835707775058,0.21825224264733134
low_discrepancy_critical,5,40,1,0.25152295764540045,0.25152295764540045
low_discrepancy_critical,5,43,2,0.5927457741818372,0.08008503925554905
low_discrepancy_critical,5,45,1,0.360898274038325,0.360898274038325
low_discrepancy_critical,5,48,2,0.19329189854372766,0.3582560862912381
low_discrepancy_critical,5,50,1,0.24660497004147422,0.24660497004147422
low_discrepancy_critical,5,53,2,0.24390973797282034,0.4687373530399713
low_discrepancy_critical,5,55,1,0.036093556594237214,0.036093556594237214
low_discrepancy_critical,5,58,2,0.4767755438072689,0.4845768131724037
low_discrepancy_critical,5,60,1,0.2833854450672593,0.2833854450672593
low_discrepancy_critical,5,63,2,0.48971784678120917,0.17525404032736944
low_discrepancy_critical,5,65,1,0.25016201132305066,0.25016201132305066
low_discrepancy_critical,5,68,2,0.5711850467235823,0.2716510854972796
low_discrepancy_critical,5,70,1,0.1351442770101492,0.1351442770101492
low_discrepancy_critical,5,73,2,0.5069215669198719,0.48489289094519766
low_discrepancy_critical,5,75,1,0.26524864588939157,0.26524864588939157
low_discrepancy_critical,5,78,2,0.6606537942806756,0.4436409372715644
low_discrepancy_critical,5,80,1,0.18733784791967734,0.18733784791967734
low_discrepancy_critical,5,83,2,0.7804072441581162,0.9093908391789941
low_discrepancy_critical,5,85,1,0.5377274540293535,0.5377274540293535
low_discrepancy_critical,5,88,2,0.5558624887536842,0.11364160776088054
low_discrepancy_critical,5,90,1,0.10262569271940855,0.10262569271940855
low_discrepancy_critical,6,3,2,0.7575445866024433,0.4746395013253612
low_discrepancy_critical,6,5,1,0.06696780376886145,0.06696780376886145
low_discrepancy_critical,6,8,2,0.5824131032196928,0.09250616861181647
low_discrepancy_critical,6,10,1,0.15692546219340964,0.15692546219340964
low_discrepancy_critical,6,13,2,0.5313967390680094,0.1689542771156814
low_discrepancy_critical,6,15,1,0.14102756017924137,0.14102756017924137
low_discrepancy_critical,6,18,2,0.6528831067038829,0.42398075017051706
low_discrepancy_critical,6,20,1,0.47392009074723884,0.47392009074723884
low_discrepancy_critical,6,23,2,0.5135594312129659,0.3519377531894275
low_discrepancy_critical,6,25,1,0.1523600026404806,0.1523600026404806
low_discrepancy_critical,6,28,2,0.5131736343143204,0.4226523807526104
low_discrepancy_critical,6,30,1,0.5249000446147979,0.5249000446147979
low_discrepancy_critical,6,33,2,0.47783213004193315,0.19012614976447262
low_discrepancy_critical,6,35,1,0.07061134252868109,0.07061134252868109
low_discrepancy_critical,6,38,2,0.7215214621740469,0.3482636241674916
low_discrepancy_critical,6,40,1,0.1561465767231894,0.1561465767231894
low_discrepancy_critical,6,43,2,0.3733745660365578,0.20685956106710757
low_discrepancy_critical,6,45,1,0.563619294829467,0.563619294829467
low_discrepancy_critical,6,48,2,0.29206196320482586,0.48187621688068244
low_discrepancy_critical,6,50,1,0.11563361295676575,0.11563361295676575
low_discrepancy_critical,6,53,2,0.29402041961465863,0.28423942062326857
low_discrepancy_critical,6,55,1,0.4188776392355436,0.4188776392355436
low_discrepancy_critical,6,58,2,0.5968833101130594,0.27994469841546116
low_discrepancy_critical,6,60,1,0.2511817510035893,0.2511817510035893
low_discrepancy_critical,6,63,2,0.5107584105492303,0.3998876732913939
low_discrepancy_critical,6,65,1,0.5501368613386711,0.5501368613386711
low_discrepancy_critical,6,68,2,0.633838388396995,0.5101157669341991
low_discrepancy_critical,6,70,1,0.4640172301959622,0.4640172301959622
low_discrepancy_critical,6,73,2,0.6016963133367085,0.5871653431629704
low_discrepancy_critical,6,75,1,0.3652102464903752,0.3652102464903752
low_discrepancy_critical,7,3,2,0.273535204541466,0.2493058852498027
low_discrepancy_critical,7,5,1,0.3331166083238016,0.3331166083238016
low_discrepancy_critical,7,8,2,0.5452471487718178,0.3109762270258923
low_discrepancy_critical,7,10,1,0.18623079822554212,0.18623079822554212
low_discrepancy_critical,7,13,2,0.5443620309732905,0.11921491622225666
low_discrepancy_critical,7,15,1,0.07348951173765787,0.07348951173765787
low_discrepancy_critical,7,18,2,0.5561421908021936,0.20157431033145895
low_discrepancy_critical,7,20,1,0.16965053937217112,0.16965053937217112
low_discrepancy_critical,7,23,2,0.5278043612391342,0.10633474000829182
low_discrepancy_critical,7,25,1,0.411159571566151,0.411159571566151
low_discrepancy_critical,7,28,2,0.6777278973519119,0.5562776783874692
low_discrepancy_critical,7,30,1,0.6302881796426035,0.6302881796426035
low_discrepancy_critical,7,33,2,0.493128688204746,0.15788499172742307
low_discrepancy_critical,7,35,1,0.35684707993289916,0.35684707993289916
low_discrepancy_critical,7,38,2,0.5180947100611666,0.026451434139646852
low_discrepancy_critical,7,40,1,0.21728597358706406,0.21728597358706406
low_discrepancy_critical,7,43,2,0.7274086886081387,0.47604136099748845
low_discrepancy_critical,7,45,1,0.059117562663034896,0.059117562663034896
low_discrepancy_critical,7,48,2,0.48560227332161804,0.38705148186859134
low_discrepancy_critical,7,50,1,0.6493976973351347,0.6493976973351347
low_discrepancy_critical,7,53,2,0.05251760036487851,0.22976272324707564
low_discrepancy_critical,7,55,1,0.23415596648518383,0.23415596648518383
low_discrepancy_critical,7,58,2,0.141393612570954,0.160024297779203
low_discrepancy_critical,7,60,1,0.023250065773919044,0.023250065773919044
low_discrepancy_critical,7,63,2,0.29590403724260655,0.3291725023551795
low_discrepancy_critical,7,65,1,0.03297867978205859,0.03297867978205859
low_discrepancy_critical,7,68,2,0.6396972944973891,0.5569215763663025
low_discrepancy_critical,7,70,1,0.0,0.0
low_discrepancy_critical,7,73,2,0.5604915181585396,0.30641184599154825
low_discrepancy_critical,7,75,1,0.1656551825591873,0.1656551825591873
low_discrepancy_critical,7,78,2,0.4376683291725729,0.35096922364339406
low_discrepancy_critical,7,80,1,0.4712608114552942,0.4712608114552942
low_discrepancy_critical,7,83,2,0.39483377208236714,0.06376912771948753
low_discrepancy_critical,7,85,1,0.058949483641348985,0.058949483641348985
low_discrepancy_critical,7,88,2,0.6173635094401593,0.4956265790230255
low_discrepancy_critical,7,90,1,0.8311291983100538,0.8311291983100538
low_discrepancy_critical,7,93,2,0.7634253481814112,0.6463224397461262
low_discrepancy_critical,7,95,1,0.23415096503280025,0.23415096503280025
low_discrepancy_critical,7,98,2,0.5768293842376737,0.06938428233527096
low_discrepancy_critical,8,3,2,0.05361040933067219,0.0
low_discrepancy_critical,8,5,1,0.16216987423453358,0.16216987423453358
low_discrepancy_critical,8,8,2,0.5144284846984022,0.5908371999585854
low_discrepancy_critical,8,10,1,0.4344963194125062,0.4344963194125062
low_discrepancy_critical,8,13,2,0.8647588057175277,0.8274177607416193
low_discrepancy_critical,8,15,1,0.19987890298367164,0.19987890298367164
low_discrepancy_critical,8,18,2,0.5824131032196928,0.09250616861181647
low_discrepancy_critical,8,20,1,0.15692546219340964,0.15692546219340964
low_discrepancy_critical,8,23,2,0.5362690502114351,0.14323270923780004
low_discrepancy_critical,8,25,1,0.02847805134036361,0.02847805134036361
low_discrepancy_critical,8,28,2,0.7048110139032632,0.5630245577943199
low_discrepancy_critical,8,30,1,0.3887553165875304,0.3887553165875304
low_discrepancy_critical,8,33,2,0.48639143013672204,0.3159290286523517
low_discrepancy_critical,8,35,1,0.3148533782721329,0.3148533782721329
low_discrepancy_critical,8,38,2,0.5579111036530829,0.39117681444243746
low_discrepancy_critical,8,40,1,0.48582629280990974,0.48582629280990974
low_discrepancy_critical,8,43,2,0.6319513905188805,0.27961299371578585
low_discrepancy_critical,8,45,1,0.25168382489458413,0.25168382489458413
low_discrepancy_critical,8,48,2,0.4972930172013824,0.3016823003284221
low_discrepancy_critical,8,50,1,0.10038693290116708,0.10038693290116708
low_discrepancy_critical,8,53,2,0.34426979398979135,0.18644005301110855
low_discrepancy_critical,8,55,1,0.40376691014754235,0.40376691014754235
low_discrepancy_critical,8,58,2,0.24969631460935565,0.48143741805511503
low_discrepancy_critical,8,60,1,0.14784708049927417,0.14784708049927417
low_discrepancy_critical,8,63,2,0.23437873162202105,0.14961515241820664
low_discrepancy_critical,8,65,1,0.1400584466448591,0.1400584466448591
low_discrepancy_critical,8,68,2,0.538026940669358,0.332770162409261
low_discrepancy_critical,8,70,1,0.296415261942243,0.296415261942243
low_discrepancy_critical,8,73,2,0.5812858894441387,0.1331713861856753
low_discrepancy_critical,8,75,1,0.14788860922188526,0.14788860922188526
low_discrepancy_critical,8,78,2,0.3914592893127784,0.5389201942135734
low_discrepancy_critical,8,80,1,0.19203281005627884,0.19203281005627884
low_discrepancy_critical,8,83,2,0.48515924477081734,0.5183752693472128
low_discrepancy_critical,8,85,1,0.2068755931045725,0.2068755931045725
low_discrepancy_critical,8,88,2,0.2905481861120234,0.20728208140428014
low_discrepancy_critical,8,90,1,0.8199874216344673,0.8199874216344673
low_discrepancy_critical,8,93,2,0.604660883203941,0.46661013517581706
low_discrepancy_critical,8,95,1,0.37314332417626567,0.37314332417626567
low_discrepancy_critical,8,98,2,0.6084244177961391,0.23652380184520844
low_discrepancy_critical,8,100,1,0.0,0.0
low_discrepancy_critical,8,103,2,0.6455562006163993,0.16809932568171596
low_discrepancy_critical,9,3,2,0.10733806376709253,0.12906282062914068
low_discrepancy_critical,9,5,1,0.10805216298763723,0.10805216298763723
low_discrepancy_critical,9,8,2,0.1553724055270302,0.09965758057635689
low_discrepancy_critical,9,10,1,0.34771600705504596,0.34771600705504596
low_discrepancy_critical,9,13,2,0.7784446812321221,0.5409010897456161
low_discrepancy_critical,9,15,1,0.025423572534709383,0.025423572534709383
low_discrepancy_critical,9,18,2,0.5429701053596165,0.06530659131109758
low_discrepancy_critical,9,20,1,0.03527463260065623,0.03527463260065623
low_discrepancy_critical,9,23,2,0.5180469266871279,0.057308633359252785
low_discrepancy_critical,9,25,1,0.16556598820955445,0.16556598820955445
low_discrepancy_critical,9,28,2,0.8086709054978144,0.799572754345826
low_discrepancy_critical,9,30,1,0.1920663876432062,0.1920663876432062
low_discrepancy_critical,9,33,2,0.5443372452728262,0.27111454258049356
low_discrepancy_critical,9,35,1,0.3137231901099261,0.3137231901099261
low_discrepancy_critical,9,38,2,0.662094174876579,0.7068163896146219
low_discrepancy_critical,9,40,1,0.3158912501978492,0.3158912501978492
low_discrepancy_critical,9,43,2,0.6202313198571404,0.28822849091789
low_discrepancy_critical,9,45,1,0.1801139137554675,0.1801139137554675
low_discrepancy_critical,9,48,2,0.5638573017835049,0.09344613103987306
low_discrepancy_critical,9,50,1,0.38394815337060323,0.38394815337060323
low_discrepancy_critical,9,53,2,0.6541674482510305,0.4534930556741635
low_discrepancy_critical,9,55,1,0.9710049700103266,0.9710049700103266
low_discrepancy_critical,9,58,2,0.04180903412928953,0.051759297796124
low_discrepancy_critical,9,60,1,0.5978002484722922,0.5978002484722922
low_discrepancy_critical,9,63,2,0.35791295006622276,0.35405238426541497
low_discrepancy_critical,9,65,1,0.50472720473323,0.50472720473323
low_discrepancy_critical,9,68,2,0.37839311469691667,0.33933746755393923
low_discrepancy_critical,9,70,1,0.18429341885284922,0.18429341885284922
low_discrepancy_critical,9,73,2,0.4172253629228374,0.23601944915673756
low_discrepancy_critical,9,75,1,0.25473571289337477,0.25473571289337477
low_discrepancy_critical,9,78,2,0.9297811357901511,0.7786323371493706
low_discrepancy_critical,9,80,1,0.15610132269303156,0.15610132269303156
low_discrepancy_critical,9,83,2,0.5431304703326009,0.5684182462499029
low_discrepancy_critical,9,85,1,0.29436210660205475,0.29436210660205475
low_discrepancy_critical,9,88,2,0.8211716042355435,0.9359701726576416
low_discrepancy_critical,9,90,1,0.33033179701889887,0.33033179701889887
low_discrepancy_critical,9,93,2,0.543789764428329,0.280126351563909
low_discrepancy_critical,9,95,1,0.8367190280045839,0.8367190280045839
low_discrepancy_critical,9,98,2,0.5653065466040669,1.0645907084772692
low_discrepancy_critical,9,100,1,0.08897436596614859,0.08897436596614859
low_discrepancy_critical,10,3,2,0.029606550984376062,0.0
low_discrepancy_critical,10,5,1,0.2654328403026928,0.2654328403026928
low_discrepancy_critical,10,8,2,0.574943350989258,0.47476216385790826
low_discrepancy_critical,10,10,1,0.19653183425196158,0.19653183425196158
low_discrepancy_critical,10,13,2,0.3718631736533492,0.1237177438613392
low_discrepancy_critical,10,15,1,0.4883702474776572,0.4883702474776572
low_discrepancy_critical,10,18,2,0.5476835316742165,0.1065704028655634
low_discrepancy_critical,10,20,1,0.14586691828252238,0.14586691828252238
low_discrepancy_critical,10,23,2,0.5654166166818198,0.11704758988370492
low_discrepancy_critical,10,25,1,0.2792061401414801,0.2792061401414801
low_discrepancy_critical,10,28,2,0.7374703342058427,0.6131756300906901
low_discrepancy_critical,10,30,1,0.08732808939008933,0.08732808939008933
low_discrepancy_critical,10,33,2,0.4728050350889509,0.3644829950649226
low_discrepancy_critical,10,35,1,0.05279915957357373,0.05279915957357373
low_discrepancy_critical,10,38,2,0.659712863017467,0.5953348131442944
low_discrepancy_critical,10,40,1,0.1244891743353954,0.1244891743353954
low_discrepancy_critical,10,43,2,0.6362171484529217,0.2725241921484851
low_discrepancy_critical,10,45,1,0.019099046474316442,0.019099046474316442
low_discrepancy_critical,10,48,2,0.34213796536146257,0.26752803608742554
low_discrepancy_critical,10,50,1,0.4100749588692071,0.4100749588692071
low_discrepancy_critical,10,53,2,0.09083214400862039,0.23385959103232082
low_discrepancy_critical,10,55,1,0.26328487740853695,0.26328487740853695
low_discrepancy_critical,10,58,2,0.37205911206413583,0.341148712319713
low_discrepancy_critical,10,60,1,0.14929292306059536,0.14929292306059536
low_discrepancy_critical,10,63,2,0.7321869232377548,0.4845057777791837
low_discrepancy_critical,10,65,1,0.47631936767046984,0.47631936767046984
low_discrepancy_critical,10,68,2,0.4317122090598362,0.16267519679077982
low_discrepancy_critical,10,70,1,0.34409949413798735,0.34409949413798735
low_discrepancy_critical,10,73,2,1.4063339212397141,1.8828818497729023
low_discrepancy_critical,10,75,1,0.0,0.0
low_discrepancy_critical,10,78,2,0.8477545376832714,0.4808453439047254
low_discrepancy_critical,10,80,1,0.0,0.0
low_discrepancy_critical,10,83,2,0.5811210152001072,0.27477089565255114
low_discrepancy_critical,10,85,1,0.014235294040511659,0.014235294040511659
low_discrepancy_critical,10,88,2,0.30930475265815255,0.45945168500274886
low_discrepancy_critical,10,90,1,0.4847798174137834,0.4847798174137834
low_discrepancy_critical,10,93,2,0.22934329947412715,0.5824431084153179
low_discrepancy_critical,10,95,1,0.17061859190686263,0.17061859190686263
low_discrepancy_critical,10,98,2,0.1603330318884732,0.24378657812948495
low_discrepancy_critical,10,100,1,0.7718791181038855,0.7718791181038855
low_discrepancy_critical,10,103,2,0.5112231599167157,0.2499775511194809
low_discrepancy_critical,10,105,1,0.1015474770115308,0.1015474770115308
low_discrepancy_critical,10,108,2,0.3726328125905008,0.2868542781291979
low_discrepancy_critical,10,110,1,0.20006749240470909,0.20006749240470909
low_discrepancy_critical,10,113,2,0.4145954162424478,0.07110950696994424
low_discrepancy_critical,10,115,1,0.14244452606625205,0.14244452606625205
low_discrepancy_critical,10,118,2,1.0444367921585624,1.2617430136837133
low_discrepancy_critical,10,120,1,0.30806397241167355,0.30806397241167355
low_discrepancy_critical,10,123,2,0.6027132294199982,0.31850304287678816
low_discrepancy_critical,10,125,1,0.10808918553908033,0.10808918553908033
low_discrepancy_critical,10,128,2,0.49733616390857766,0.9810171950750387
low_discrepancy_critical,10,130,1,0.0,0.0
low_discrepancy_critical,10,133,2,0.05110513079382746,0.10312772506245757
low_discrepancy_critical,10,135,1,0.23655751114352452,0.23655751114352452
low_discrepancy_critical,10,138,2,0.4042658008812269,0.4457697119584838
low_discrepancy_critical,10,140,1,0.37776578234107006,0.37776578234107006
low_discrepancy_critical,10,143,2,0.9598879349427514,0.9601161035048374
low_discrepancy_critical,10,145,1,0.9620721426218937,0.9620721426218937
low_discrepancy_critical,10,148,2,0.4163067466896807,0.4141170299411781
low_discrepancy_critical,10,150,1,0.49173502938836705,0.49173502938836705
low_discrepancy_critical,10,153,2,1.055811473463494,1.0586751275823945
low_discrepancy_critical,10,155,1,1.0445993953337023,1.0445993953337023
low_discrepancy_critical,10,158,2,0.010531827384232504,0.03900413418166276
low_discrepancy_critical,10,160,1,0.10344279403027122,0.10344279403027122
low_discrepancy_critical,10,163,2,0.06598729622866745,0.1130950385238274
low_discrepancy_critical,10,165,1,0.11924468832472775,0.11924468832472775
low_discrepancy_critical,10,168,2,0.5743134324903331,0.5736118943628131
low_discrepancy_critical,10,170,1,0.1475765985851254,0.1475765985851254
low_discrepancy_critical,10,173,2,0.3229163908649129,0.6693128713083442
low_discrepancy_critical,10,175,1,0.7100035920727924,0.7100035920727924
low_discrepancy_critical,10,178,2,0.36420113466981974,0.7108382469298407
low_discrepancy_critical,10,180,1,0.5686795827829924,0.5686795827829924
low_discrepancy_critical,10,183,2,0.29573958160507646,0.5727511437510744
low_discrepancy_critical,10,185,1,0.0,0.0
low_discrepancy_critical,10,188,2,0.8872442798687352,0.8860149031114223
low_discrepancy_critical,10,190,1,0.2280008593064796,0.2280008593064796
low_discrepancy_critical,10,193,2,1.1085722086782022,1.5979412393510504
low_discrepancy_critical,10,195,1,0.2032106631705271,0.2032106631705271
low_discrepancy_critical,10,198,2,0.4071132789992545,0.8105333049348287
low_discrepancy_critical,10,200,1,0.9737806662549463,0.9737806662549463
low_discrepancy_critical,10,203,2,0.700679716566314,1.1871006213312858
low_discrepancy_critical,10,205,1,0.2420930451074673,0.2420930451074673
low_discrepancy_critical,10,208,2,0.15497057003503348,0.16604518860976333
low_discrepancy_critical,10,210,1,0.55530481106279,0.55530481106279
low_discrepancy_critical,10,213,2,0.08333233405563296,0.21954551236737999
low_discrepancy_critical,10,215,1,0.12771357066935263,0.12771357066935263
low_discrepancy_critical,10,218,2,0.3412757762028821,0.34615245272442163
low_discrepancy_critical,11,3,2,0.5690298695186934,0.23987394873499618
low_discrepancy_critical,11,5,1,0.11299418842768012,0.11299418842768012
low_discrepancy_critical,11,8,2,0.5623535256648454,0.20538109453042963
low_discrepancy_critical,11,10,1,0.2714515039207785,0.2714515039207785
low_discrepancy_critical,11,13,2,0.5622956586594586,0.09454706827955248
low_discrepancy_critical,11,15,1,0.0948988371726766,0.0948988371726766
low_discrepancy_critical,11,18,2,0.4865720228690413,0.11051321517645311
low_discrepancy_critical,11,20,1,0.3816704247082112,0.3816704247082112
low_discrepancy_critical,11,23,2,0.6043444186707964,0.6326266245288337
low_discrepancy_critical,11,25,1,0.2933192454450908,0.2933192454450908
low_discrepancy_critical,11,28,2,0.7785422714569339,0.6235654711460193
low_discrepancy_critical,11,30,1,0.30282320530670437,0.30282320530670437
low_discrepancy_critical,11,33,2,0.5980333076626596,0.022091620090647166
low_discrepancy_critical,11,35,1,0.044182062102351725,0.044182062102351725
low_discrepancy_critical,11,38,2,0.4807356646891718,0.3453923460416999
low_discrepancy_critical,11,40,1,0.9429612720030384,0.9429612720030384
low_discrepancy_critical,11,43,2,0.17941070459056827,0.08593748183340356
low_discrepancy_critical,11,45,1,0.29949523298310066,0.29949523298310066
low_discrepancy_critical,11,48,2,0.23857578716666666,0.4551471590429461
low_discrepancy_critical,11,50,1,0.0,0.0
low_discrepancy_critical,11,53,2,0.14132996699670716,0.19201307541458942
low_discrepancy_critical,11,55,1,0.18461330340863505,0.18461330340863505
low_discrepancy_critical,11,58,2,0.13405062161718628,0.04084818061983467
low_discrepancy_critical,11,60,1,0.3434200324430557,0.3434200324430557
low_discrepancy_critical,11,63,2,0.6348902242456403,0.39737104017346886
low_discrepancy_critical,11,65,1,0.08411134072535907,0.08411134072535907
low_discrepancy_critical,11,68,2,0.648472564559564,0.47866589812211413
low_discrepancy_critical,11,70,1,0.281258615072568,0.281258615072568
low_discrepancy_critical,11,73,2,0.38576073785210846,0.13369293016493028
low_discrepancy_critical,11,75,1,0.30342351666628636,0.30342351666628636
low_discrepancy_critical,11,78,2,0.5599358461335292,0.21362281728369686
low_discrepancy_critical,11,80,1,0.44147223075447806,0.44147223075447806
low_discrepancy_critical,11,83,2,0.48608633228233,0.4771884089434531
low_discrepancy_critical,11,85,1,0.6392510383622494,0.6392510383622494
low_discrepancy_critical,11,88,2,0.4833550431091691,0.11417830996267309
low_discrepancy_critical,11,90,1,0.6314819007610001,0.6314819007610001
low_discrepancy_critical,12,3,2,0.16170253124385295,0.17169910919300513
low_discrepancy_critical,12,5,1,0.09147096089074407,0.09147096089074407
low_discrepancy_critical,12,8,2,0.0753935014733441,0.14116692921559218
low_discrepancy_critical,12,10,1,0.2523933432307542,0.2523933432307542
low_discrepancy_critical,12,13,2,0.33198165897587817,0.22373861391355804
low_discrepancy_critical,12,15,1,0.5472113138300156,0.5472113138300156
low_discrepancy_critical,12,18,2,0.5921930421963538,0.1263334642644793
low_discrepancy_critical,12,20,1,0.05667297727445674,0.05667297727445674
low_discrepancy_critical,12,23,2,0.5573886949260278,0.20156020437594216
low_discrepancy_critical,12,25,1,0.22588393063125461,0.22588393063125461
low_discrepancy_critical,12,28,2,0.5256549484440413,0.33794069936152815
low_discrepancy_critical,12,30,1,0.2664400336874174,0.2664400336874174
low_discrepancy_critical,12,33,2,0.637622828758534,0.27105344092305045
low_discrepancy_critical,12,35,1,0.0710276503765218,0.0710276503765218
low_discrepancy_critical,12,38,2,0.504696021392073,0.2527179167629075
low_discrepancy_critical,12,40,1,0.4515994602525366,0.4515994602525366
low_discrepancy_critical,12,43,2,0.580116330640497,0.3242929099885466
low_discrepancy_critical,12,45,1,0.3196326745138672,0.3196326745138672
low_discrepancy_critical,12,48,2,0.6309968245076432,0.1830658576135731
low_discrepancy_critical,12,50,1,0.04270679038670545,0.04270679038670545
low_discrepancy_critical,12,53,2,0.6021150488381104,0.07132623077108136
low_discrepancy_critical,12,55,1,0.0,0.0
low_discrepancy_critical,12,58,2,0.29147227575578694,0.827541377849993
low_discrepancy_critical,12,60,1,0.100751086595483,0.100751086595483
low_discrepancy_critical,12,63,2,0.19554150660708422,0.33420440161275333
low_discrepancy_critical,12,65,1,0.2086153647571034,0.2086153647571034
low_discrepancy_critical,12,68,2,0.24604834908390477,0.22101217831024383
low_discrepancy_critical,12,70,1,0.1535916762228989,0.1535916762228989
low_discrepancy_critical,12,73,2,0.5870600904693586,0.34996264040150565
low_discrepancy_critical,12,75,1,0.12002591683029516,0.12002591683029516
low_discrepancy_critical,12,78,2,0.6095182937638375,0.15432138325407516
low_discrepancy_critical,12,80,1,0.06082812261812884,0.06082812261812884
low_discrepancy_critical,12,83,2,0.5461012048534675,0.5966042909091985
low_discrepancy_critical,12,85,1,0.0,0.0
low_discrepancy_critical,12,88,2,0.673735926262045,0.6085605595731921
low_discrepancy_critical,12,90,1,0.8389084350966196,0.8389084350966196
low_discrepancy_critical,12,93,2,0.5385617412125704,0.5156815419183661
low_discrepancy_critical,12,95,1,0.39294541270928235,0.39294541270928235
low_discrepancy_critical,12,98,2,0.639240402774031,0.27201949988850493
low_discrepancy_critical,12,100,1,0.2254707649530701,0.2254707649530701
low_discrepancy_critical,13,3,2,0.11118422518477405,0.22264786050824098
low_discrepancy_critical,13,5,1,0.22264786050824098,0.22264786050824098
low_discrepancy_critical,13,8,2,0.1115478983703283,0.0
low_discrepancy_critical,13,10,1,0.0,0.0
low_discrepancy_critical,13,13,2,0.74909136724722,0.6417223449367409
low_discrepancy_critical,13,15,1,0.21428272335452558,0.21428272335452558
low_discrepancy_critical,13,18,2,0.5704896046693837,0.27884759987145147
low_discrepancy_critical,13,20,1,0.1428311699002904,0.1428311699002904
low_discrepancy_critical,13,23,2,0.5279629795812796,0.13309977242427973
low_discrepancy_critical,13,25,1,0.19720222677871255,0.19720222677871255
low_discrepancy_critical,13,28,2,0.8011049871962755,0.4954398129098534
low_discrepancy_critical,13,30,1,0.3342069211227873,0.3342069211227873
low_discrepancy_critical,13,33,2,0.5613741960937643,0.5016526330934635
low_discrepancy_critical,13,35,1,0.23545437508095732,0.23545437508095732
low_discrepancy_critical,13,38,2,0.6152381304523711,0.4708956247981771
low_discrepancy_critical,13,40,1,0.16036063373148782,0.16036063373148782
low_discrepancy_critical,13,43,2,0.7232320285662612,0.4886924060415462
low_discrepancy_critical,13,45,1,0.05077249325924899,0.05077249325924899
low_discrepancy_critical,13,48,2,0.16718907175589226,0.5142409504947708
low_discrepancy_critical,13,50,1,0.23575858374356987,0.23575858374356987
low_discrepancy_critical,13,53,2,0.5090575716083489,0.7709162430109435
low_discrepancy_critical,13,55,1,0.1765671994229971,0.1765671994229971
low_discrepancy_critical,13,58,2,0.35414381253310834,0.2665865748538832
low_discrepancy_critical,13,60,1,0.317035430383867,0.317035430383867
low_discrepancy_critical,13,63,2,0.5513130505221577,0.16032207483327637
low_discrepancy_critical,13,65,1,0.235289071140344,0.235289071140344
low_discrepancy_critical,13,68,2,0.34645846439001327,0.38202506327733304
low_discrepancy_critical,13,70,1,0.10891146112226135,0.10891146112226135
low_discrepancy_critical,13,73,2,0.6188353882695604,0.5878314191252599
low_discrepancy_critical,13,75,1,0.04221770148891439,0.04221770148891439
low_discrepancy_critical,13,78,2,0.5282358608364264,0.19878544037056323
low_discrepancy_critical,13,80,1,0.3332545817628384,0.3332545817628384
low_discrepancy_critical,13,83,2,0.8888530463424086,0.9915515296365887
low_discrepancy_critical,13,85,1,0.33788864030346144,0.33788864030346144
low_discrepancy_critical,13,88,2,0.8488163828957229,0.6741342774912288
low_discrepancy_critical,13,90,1,0.08274917806801456,0.08274917806801456
low_discrepancy_critical,13,93,2,0.3106531284962391,0.5387347074754298
low_discrepancy_critical,13,95,1,0.42823641501105675,0.42823641501105675
low_discrepancy_critical,13,98,2,0.773669606329498,0.36944973805631154
low_discrepancy_critical,13,100,1,0.0,0.0
low_discrepancy_critical,13,103,2,0.36980465013620056,0.7326638476680372
low_discrepancy_critical,13,105,1,0.7287626770596726,0.7287626770596726
low_discrepancy_critical,13,108,2,0.596678661393247,0.004966386626748476
low_discrepancy_critical,13,110,1,0.007764705840279051,0.007764705840279051
low_discrepancy_critical,13,113,2,0.33766184346971273,0.43279063879417595
low_discrepancy_critical,13,115,1,0.11646153091470206,0.11646153091470206
low_discrepancy_critical,13,118,2,0.39370280497947535,0.0
low_discrepancy_critical,13,120,1,0.12424496770911689,0.12424496770911689
low_discrepancy_critical,13,123,2,0.48031471996669295,0.10042338683978996
low_discrepancy_critical,13,125,1,0.02019603748192937,0.02019603748192937
low_discrepancy_critical,13,128,2,0.43382093825545553,0.13577228023232382
low_discrepancy_critical,13,130,1,0.04390959239818549,0.04390959239818549
low_discrepancy_critical,13,133,2,0.4808005109605725,0.09635406152416048
low_discrepancy_critical,13,135,1,0.14448517554765736,0.14448517554765736
low_discrepancy_critical,13,138,2,0.4103203985453462,0.012358681830238171
low_discrepancy_critical,13,140,1,0.4786248046750423,0.4786248046750423
low_discrepancy_critical,13,143,2,0.6388817342212275,0.4759235553764795
low_discrepancy_critical,13,145,1,0.5535765978054852,0.5535765978054852
low_discrepancy_critical,13,148,2,0.6729408947928334,0.5713294239482661
low_discrepancy_critical,13,150,1,0.1732316855989095,0.1732316855989095
low_discrepancy_critical,13,153,2,0.305985859087197,0.34470920574454067
low_discrepancy_critical,13,155,1,0.4169597465557635,0.4169597465557635
low_discrepancy_critical,13,158,2,0.18753019113340375,0.20316946932138236
low_discrepancy_critical,13,160,1,0.09374132329782431,0.09374132329782431
low_discrepancy_critical,13,163,2,0.19376204069499645,0.20362787950269928
low_discrepancy_critical,13,165,1,0.37849749252787834,0.37849749252787834
low_discrepancy_critical,13,168,2,0.05662170419560352,0.0
low_discrepancy_critical,13,170,1,0.1226714281815277,0.1226714281815277
low_discrepancy_critical,13,173,2,0.02480726924827284,0.11149352071970373
low_discrepancy_critical,13,175,1,0.03158823427032023,0.03158823427032023
low_discrepancy_critical,13,178,2,0.8186530953535004,0.8236943698615404
low_discrepancy_critical,13,180,1,0.40327137719385986,0.40327137719385986
low_discrepancy_critical,13,183,2,0.290062074364312,0.11723074021518742
low_discrepancy_critical,13,185,1,0.24595313553066014,0.24595313553066014
low_discrepancy_critical,13,188,2,0.32177583754133293,0.2885072535458289
low_discrepancy_critical,13,190,1,0.46408230708574655,0.46408230708574655
low_discrepancy_critical,13,193,2,0.1458266899847267,0.14716245158903885
low_discrepancy_critical,13,195,1,0.6251064059678137,0.6251064059678137
low_discrepancy_critical,13,198,2,0.2830652077907476,0.5694715580396278
low_discrepancy_critical,13,200,1,0.0,0.0
low_discrepancy_critical,13,203,2,0.41697870981926083,0.41543320660388455
low_discrepancy_critical,13,205,1,0.07564132050633737,0.07564132050633737
low_discrepancy_critical,13,208,2,0.598358002488882,0.5299681355809649
low_discrepancy_critical,13,210,1,0.13573140863529848,0.13573140863529848
low_discrepancy_critical,13,213,2,0.4103171661502456,0.8246988366353826
low_discrepancy_critical,13,215,1,0.20567032417661785,0.20567032417661785
low_discrepancy_critical,13,218,2,0.09856208063372214,0.20242689558325652
low_discrepancy_critical,14,3,2,0.3503693017965359,0.36939863173539594
low_discrepancy_critical,14,5,1,0.1572136205150798,0.1572136205150798
low_discrepancy_critical,14,8,2,0.24068938622181774,0.16926281487928896
low_discrepancy_critical,14,10,1,0.48378229615144414,0.48378229615144414
low_discrepancy_critical,14,13,2,0.5910559448005935,0.21636221608640033
low_discrepancy_critical,14,15,1,0.061497097978534546,0.061497097978534546
low_discrepancy_critical,14,18,2,0.4682397054857803,0.23002193591384917
low_discrepancy_critical,14,20,1,0.1377111755404421,0.1377111755404421
low_discrepancy_critical,14,23,2,0.6043766637400956,0.28087930662993954
low_discrepancy_critical,14,25,1,0.3187520360179619,0.3187520360179619
low_discrepancy_critical,14,28,2,0.8279669859805825,0.6460945938309769
low_discrepancy_critical,14,30,1,0.3109698756254831,0.3109698756254831
low_discrepancy_critical,14,33,2,0.5625941391419506,0.6696427738328206
low_discrepancy_critical,14,35,1,0.2623666522378531,0.2623666522378531
low_discrepancy_critical,14,38,2,0.8403498852177315,0.6550735416068737
low_discrepancy_critical,14,40,1,0.09609115628129805,0.09609115628129805
low_discrepancy_critical,14,43,2,0.5184159244227867,0.41686356484802334
low_discrepancy_critical,14,45,1,0.12866548034143813,0.12866548034143813
low_discrepancy_critical,14,48,2,0.7246321998054523,0.4705566556598925
low_discrepancy_critical,14,50,1,0.05199106769385862,0.05199106769385862
low_discrepancy_critical,14,53,2,0.4248218025294162,0.9911375140183349
low_discrepancy_critical,14,55,1,0.13773318598304965,0.13773318598304965
low_discrepancy_critical,14,58,2,0.12324699397926552,0.27765120923887054
low_discrepancy_critical,14,60,1,0.39544406064710175,0.39544406064710175
low_discrepancy_critical,14,63,2,0.33389914852715474,0.2906851205944858
low_discrepancy_critical,14,65,1,0.33347325367905567,0.33347325367905567
low_discrepancy_critical,14,68,2,0.4863931188772588,0.33202327019661865
low_discrepancy_critical,14,70,1,0.19335869127800326,0.19335869127800326
low_discrepancy_critical,14,73,2,0.5245890200604184,0.09765521563705203
low_discrepancy_critical,14,75,1,0.06814572901167538,0.06814572901167538
low_discrepancy_critical,14,78,2,0.6492741518805376,0.7814159278231486
low_discrepancy_critical,14,80,1,0.053319435203625545,0.053319435203625545
low_discrepancy_critical,14,83,2,0.5111050398634526,0.32804889632769185
low_discrepancy_critical,14,85,1,0.2103929366129492,0.2103929366129492
low_discrepancy_critical,14,88,2,0.8014703695631309,0.9099253814419984
low_discrepancy_critical,14,90,1,0.4844993750694103,0.4844993750694103
low_discrepancy_critical,14,93,2,0.5663135326032948,0.24469408101333812
low_discrepancy_critical,14,95,1,0.3321446867428051,0.3321446867428051
low_discrepancy_critical,15,3,2,0.6917367005988125,0.3976038066251062
low_discrepancy_critical,15,5,1,0.03255386375859384,0.03255386375859384
low_discrepancy_critical,15,8,2,0.5504947471300649,0.2231928391042668
low_discrepancy_critical,15,10,1,0.15996658765200825,0.15996658765200825
low_discrepancy_critical,15,13,2,0.5353882813558238,0.14088546323744386
low_discrepancy_critical,15,15,1,0.266789779356727,0.266789779356727
low_discrepancy_critical,15,18,2,0.528884938717459,0.14575412529269252
low_discrepancy_critical,15,20,1,0.394059207484239,0.394059207484239
low_discrepancy_critical,15,23,2,0.5927279826446511,0.5615525046320031
low_discrepancy_critical,15,25,1,0.23081415288436616,0.23081415288436616
low_discrepancy_critical,15,28,2,0.5596993396845232,0.38002659663423416
low_discrepancy_critical,15,30,1,0.4824116459803253,0.4824116459803253
low_discrepancy_critical,15,33,2,0.5507876380842813,0.10509260570492558
low_discrepancy_critical,15,35,1,0.0904411778730504,0.0904411778730504
low_discrepancy_critical,15,38,2,0.6960348804673311,0.30822763843070744
low_discrepancy_critical,15,40,1,0.30572893483942626,0.30572893483942626
low_discrepancy_critical,15,43,2,0.28725754764274,0.7033536551599043
low_discrepancy_critical,15,45,1,0.25110039164819914,0.25110039164819914
low_discrepancy_critical,15,48,2,0.16557679590912544,0.2694965879478648
low_discrepancy_critical,15,50,1,0.13837881867006382,0.13837881867006382
low_discrepancy_critical,15,53,2,0.4693076530932115,0.4867720434377104
low_discrepancy_critical,15,55,1,0.26224267250461203,0.26224267250461203
low_discrepancy_critical,15,58,2,0.6099008751210088,0.30879418841036627
low_discrepancy_critical,15,60,1,0.06850911091119102,0.06850911091119102
low_discrepancy_critical,15,63,2,0.5840761457432148,0.2751357586127045
low_discrepancy_critical,15,65,1,0.16783000240970355,0.16783000240970355
low_discrepancy_critical,15,68,2,0.5570610341152569,0.47974985002011455
low_discrepancy_critical,15,70,1,0.36866738368989843,0.36866738368989843
low_discrepancy_critical,15,73,2,0.4768916484823003,0.09173916615478263
low_discrepancy_critical,15,75,1,0.46324079465366097,0.46324079465366097
low_discrepancy_critical,15,78,2,0.865710318164194,1.019221440579498
low_discrepancy_critical,15,80,1,0.31155578718536137,0.31155578718536137
low_discrepancy_critical,15,83,2,0.9401987168313517,0.890637823940176
low_discrepancy_critical,15,85,1,0.09771914471503262,0.09771914471503262
low_discrepancy_critical,15,88,2,0.6173839165653574,0.18650859072554737
low_discrepancy_critical,15,90,1,0.004403531773662543,0.004403531773662543
low_discrepancy_critical,16,3,2,0.07208531018058953,0.0
low_discrepancy_critical,16,5,1,0.0,0.0
low_discrepancy_critical,16,8,2,0.5469233345295581,0.4891234339370058
low_discrepancy_critical,16,10,1,0.05952268345411793,0.05952268345411793
low_discrepancy_critical,16,13,2,0.4678278192207339,0.2827662015227751
low_discrepancy_critical,16,15,1,0.23414723340949278,0.23414723340949278
low_discrepancy_critical,16,18,2,0.6038659695801958,0.2200373318523026
low_discrepancy_critical,16,20,1,0.08682049508345774,0.08682049508345774
low_discrepancy_critical,16,23,2,0.5531029611972741,0.18824906523465373
low_discrepancy_critical,16,25,1,0.05677416307501541,0.05677416307501541
low_discrepancy_critical,16,28,2,0.7372654995832283,0.5693924042991293
low_discrepancy_critical,16,30,1,0.17010511621781474,0.17010511621781474
low_discrepancy_critical,16,33,2,0.7234704685105606,0.6794991133496139
low_discrepancy_critical,16,35,1,0.1043175407918375,0.1043175407918375
low_discrepancy_critical,16,38,2,0.8221394436263005,0.9191823769380078
low_discrepancy_critical,16,40,1,0.08831361936303447,0.08831361936303447
low_discrepancy_critical,16,43,2,0.6466565881392231,0.2082630852130978
low_discrepancy_critical,16,45,1,0.1173279710289498,0.1173279710289498
low_discrepancy_critical,16,48,2,0.6499715815315384,0.3285086824885222
low_discrepancy_critical,16,50,1,0.13957443711436204,0.13957443711436204
low_discrepancy_critical,16,53,2,0.5896144496788565,0.04079248282442327
low_discrepancy_critical,16,55,1,0.7521388840338727,0.7521388840338727
low_discrepancy_critical,16,58,2,0.17745072782802168,0.5624709414966085
low_discrepancy_critical,16,60,1,0.28450925180399217,0.28450925180399217
low_discrepancy_critical,16,63,2,0.11030376240683196,0.05738288049750172
low_discrepancy_critical,16,65,1,0.3630589630333992,0.3630589630333992
low_discrepancy_critical,16,68,2,0.23259571801439463,0.2149086096067815
low_discrepancy_critical,16,70,1,0.21198635291403764,0.21198635291403764
low_discrepancy_critical,16,73,2,0.7154716975866545,0.5569107323432881
low_discrepancy_critical,16,75,1,0.28699071130129217,0.28699071130129217
low_discrepancy_critical,16,78,2,0.4180901913008347,0.48831771353075365
low_discrepancy_critical,16,80,1,0.06660173187881059,0.06660173187881059
low_discrepancy_critical,16,83,2,0.5932392984672356,0.5115356803204952
low_discrepancy_critical,16,85,1,0.12154519787283065,0.12154519787283065
low_discrepancy_critical,16,88,2,0.7064781008320762,0.6751219841039239
low_discrepancy_critical,16,90,1,0.7513923959778701,0.7513923959778701
low_discrepancy_critical,16,93,2,0.6084185960847024,0.4036509870264345
low_discrepancy_critical,16,95,1,0.17685164021752198,0.17685164021752198
low_discrepancy_critical,16,98,2,0.6409780574416768,0.20955225744482667
low_discrepancy_critical,16,100,1,0.06349110979490957,0.06349110979490957
low_discrepancy_critical,16,103,2,0.380461413010547,0.5439666401876764
low_discrepancy_critical,16,105,1,0.320343576100307,0.320343576100307
low_discrepancy_critical,16,108,2,0.6999312773618296,0.26754229208537933
low_discrepancy_critical,16,110,1,1.8527790585519985,1.8527790585519985
low_discrepancy_critical,16,113,2,0.33774473540382965,0.026795735464512797
low_discrepancy_critical,16,115,1,1.8545567148021223,1.8545567148021223
low_discrepancy_critical,16,118,2,1.1012588334633464,1.678132127240538
low_discrepancy_critical,16,120,1,1.5597404501956516,1.5597404501956516
low_discrepancy_critical,16,123,2,0.16477722914365,0.4998271645133312
low_discrepancy_critical,16,125,1,0.053299273553085384,0.053299273553085384
low_discrepancy_critical,16,128,2,0.322373355957714,0.07158998757488154
low_discrepancy_critical,16,130,1,0.6818259569924605,0.6818259569924605
low_discrepancy_critical,16,133,2,0.6463047851524576,0.7193866262649431
low_discrepancy_critical,16,135,1,0.1932206704167872,0.1932206704167872
low_discrepancy_critical,16,138,2,0.2801251092630069,0.03280730452999826
low_discrepancy_critical,16,140,1,1.2292142642489783,1.2292142642489783
low_discrepancy_critical,16,143,2,0.5706375510971191,0.24182114465824622
low_discrepancy_critical,17,3,2,0.6178966077410846,0.32469090638740855
low_discrepancy_critical,17,5,1,0.09630646412904481,0.09630646412904481
low_discrepancy_critical,17,8,2,0.5297317797506701,0.06289137229812432
low_discrepancy_critical,17,10,1,0.11103935096934088,0.11103935096934088
low_discrepancy_critical,17,13,2,0.5649430959956633,0.38775867264796465
low_discrepancy_critical,17,15,1,0.3036729023562133,0.3036729023562133
low_discrepancy_critical,17,18,2,0.7970450626451034,0.7013600103252555
low_discrepancy_critical,17,20,1,0.3263505474479345,0.3263505474479345
low_discrepancy_critical,17,23,2,0.5001256766896153,0.3451954570042168
low_discrepancy_critical,17,25,1,0.47193837861321386,0.47193837861321386
low_discrepancy_critical,17,28,2,0.5230859786320223,0.26155464838743586
low_discrepancy_critical,17,30,1,0.033689621310510155,0.033689621310510155
low_discrepancy_critical,17,33,2,0.5710145280035414,0.2696133898559556
low_discrepancy_critical,17,35,1,0.4746629350334646,0.4746629350334646
low_discrepancy_critical,17,38,2,0.11757619312199208,0.4119460311078471
low_discrepancy_critical,17,40,1,0.513121782891202,0.513121782891202
low_discrepancy_critical,17,43,2,0.19600672406393443,0.20890569890352284
low_discrepancy_critical,17,45,1,0.1826467444908092,0.1826467444908092
low_discrepancy_critical,17,48,2,0.5031573635397213,0.3699346153673975
low_discrepancy_critical,17,50,1,0.34861342014627283,0.34861342014627283
low_discrepancy_critical,17,53,2,0.5628954549477279,0.27136377616791735
low_discrepancy_critical,17,55,1,0.10132096260740374,0.10132096260740374
low_discrepancy_critical,17,58,2,0.3995292863490036,0.5094662993734399
low_discrepancy_critical,17,60,1,0.08992536271779304,0.08992536271779304
low_discrepancy_critical,17,63,2,0.596122147086311,0.3692493148157904
low_discrepancy_critical,17,65,1,0.43565221169864815,0.43565221169864815
low_discrepancy_critical,17,68,2,0.5285415714220747,0.5253146746889427
low_discrepancy_critical,17,70,1,0.5859274233299134,0.5859274233299134
low_discrepancy_critical,17,73,2,0.7146967941058306,0.4970090459589223
low_discrepancy_critical,17,75,1,0.34791836450699065,0.34791836450699065
low_discrepancy_critical,17,78,2,0.7087858818149374,0.37753393710160893
low_discrepancy_critical,18,3,2,0.2379814512349073,0.0
low_discrepancy_critical,18,5,1,0.0,0.0
low_discrepancy_critical,18,8,2,0.4661032183566928,0.26860217540666836
low_discrepancy_critical,18,10,1,0.2618980842615809,0.2618980842615809
low_discrepancy_critical,18,13,2,0.601698177300763,0.2634200465859111
low_discrepancy_critical,18,15,1,0.045929239281713094,0.045929239281713094
low_discrepancy_critical,18,18,2,0.5620603230944792,0.11854204427329151
low_discrepancy_critical,18,20,1,0.11674091075010049,0.11674091075010049
low_discrepancy_critical,18,23,2,0.8156771412483426,0.6820138445281543
low_discrepancy_critical,18,25,1,0.4549925190080685,0.4549925190080685
low_discrepancy_critical,18,28,2,0.5133997975256955,0.34790326241341474
low_discrepancy_critical,18,30,1,0.20082010597326716,0.20082010597326716
low_discrepancy_critical,18,33,2,0.5373767512251792,0.35873710936313497
low_discrepancy_critical,18,35,1,0.6704646337540214,0.6704646337540214
low_discrepancy_critical,18,38,2,0.48837724053001735,0.33791354032158877
low_discrepancy_critical,18,40,1,0.22696328227185372,0.22696328227185372
low_discrepancy_critical,18,43,2,0.605979300698515,0.21564639526626325
low_discrepancy_critical,18,45,1,0.0770411860180536,0.0770411860180536
low_discrepancy_critical,18,48,2,0.49709996641823473,0.2565935107361607
low_discrepancy_critical,18,50,1,0.7063554819141741,0.7063554819141741
low_discrepancy_critical,18,53,2,0.27852116272102306,0.401666853368082
low_discrepancy_critical,18,55,1,0.3281927815082837,0.3281927815082837
low_discrepancy_critical,18,58,2,0.36770438833348185,0.2783636495047667
low_discrepancy_critical,18,60,1,0.4943154998108491,0.4943154998108491
low_discrepancy_critical,18,63,2,0.6503913613114748,0.4117308175489686
low_discrepancy_critical,18,65,1,0.37318136005605734,0.37318136005605734
low_discrepancy_critical,18,68,2,0.5690262968014126,0.17838913564239509
low_discrepancy_critical,18,70,1,0.46502544330756285,0.46502544330756285
low_discrepancy_critical,18,73,2,0.46727747446664997,0.025506742900630583
low_discrepancy_critical,18,75,1,0.170931842927872,0.170931842927872
low_discrepancy_critical,18,78,2,0.19103760789307048,0.5783472649088132
low_discrepancy_critical,18,80,1,0.9547545451891671,0.9547545451891671
low_discrepancy_critical,18,83,2,0.774694631403302,0.7299922738960148
low_discrepancy_critical,18,85,1,0.0817545865095271,0.0817545865095271
low_discrepancy_critical,18,88,2,0.6469622159714239,0.46522546703517403
low_discrepancy_critical,18,90,1,0.23177728856379923,0.23177728856379923
low_discrepancy_critical,18,93,2,0.5141555680576871,0.33884769432009626
low_discrepancy_critical,18,95,1,0.6632297960090766,0.6632297960090766
low_discrepancy_critical,18,98,2,0.43008176214605837,0.23072804300104696
low_discrepancy_critical,18,100,1,0.4278310552162299,0.4278310552162299
low_discrepancy_critical,18,103,2,0.1942774058059025,0.4133868781840444
low_discrepancy_critical,18,105,1,0.29356269319564116,0.29356269319564116
low_discrepancy_critical,18,108,2,0.2172751900053015,0.082528423271566
low_discrepancy_critical,18,110,1,0.367628757311102,0.367628757311102
low_discrepancy_critical,18,113,2,0.7944594655417836,0.7843062562012073
low_discrepancy_critical,18,115,1,0.08236738220739988,0.08236738220739988
low_discrepancy_critical,18,118,2,1.296171613180015,1.6775968155960885
low_discrepancy_critical,18,120,1,0.1583117757895052,0.1583117757895052
low_discrepancy_critical,18,123,2,0.4557655892076713,0.43114479765284436
low_discrepancy_critical,18,125,1,0.7520688829568764,0.7520688829568764
low_discrepancy_critical,18,128,2,0.10610462324448097,0.005794117731206569
low_discrepancy_critical,18,130,1,0.8421213512822775,0.8421213512822775
low_discrepancy_critical,18,133,2,0.4338168544816255,0.8637629356195761
low_discrepancy_critical,18,135,1,0.6125422043364126,0.6125422043364126
low_discrepancy_critical,18,138,2,0.29378033698199074,0.5848370333574169
low_discrepancy_critical,18,140,1,0.7045054818671721,0.7045054818671721
low_discrepancy_critical,18,143,2,0.2648479909287499,0.08168292259612953
low_discrepancy_critical,18,145,1,1.4055040228899092,1.4055040228899092
low_discrepancy_critical,18,148,2,1.2115184373984371,1.6100618327774299
low_discrepancy_critical,18,150,1,0.13019398835309193,0.13019398835309193
low_discrepancy_critical,18,153,2,1.1334808458165104,1.4933276339244697
low_discrepancy_critical,18,155,1,0.06456184237984176,0.06456184237984176
low_discrepancy_critical,18,158,2,0.5204161955097527,0.3842463286157442
low_discrepancy_critical,18,160,1,0.23015466391442302,0.23015466391442302
low_discrepancy_critical,18,163,2,1.1928571127917453,1.4950989746831589
low_discrepancy_critical,18,165,1,0.9092608894554602,0.9092608894554602
low_discrepancy_critical,18,168,2,0.880382301074436,0.8927848191862977
low_discrepancy_critical,18,170,1,0.3060663378535972,0.3060663378535972
low_discrepancy_critical,18,173,2,1.1596199281376305,1.470243953923517
low_discrepancy_critical,18,175,1,0.15364025023565803,0.15364025023565803
low_discrepancy_critical,18,178,2,0.7858178612706423,0.6428876463589763
low_discrepancy_critical,18,180,1,0.3413534356452949,0.3413534356452949
low_discrepancy_critical,18,183,2,0.3364762790600696,0.2725274269412851
low_discrepancy_critical,18,185,1,0.09959364780853389,0.09959364780853389
low_discrepancy_critical,18,188,2,0.15403871036823724,0.27192714713701804
low_discrepancy_critical,18,190,1,0.9714749207673369,0.9714749207673369
low_discrepancy_critical,18,193,2,0.3164637199159718,0.07799548629181531
low_discrepancy_critical,18,195,1,0.7751417058069557,0.7751417058069557
low_discrepancy_critical,18,198,2,0.7833623304303231,0.8953280511651011
low_discrepancy_critical,18,200,1,0.5174156464703347,0.5174156464703347
low_discrepancy_critical,18,203,2,0.10692685488341086,0.21530325342592288
low_discrepancy_critical,18,205,1,0.1367858427752116,0.1367858427752116
low_discrepancy_critical,18,208,2,0.06605719126908942,0.13396617793029778
low_discrepancy_critical,18,210,1,0.13898197750470823,0.13898197750470823
low_discrepancy_critical,18,213,2,0.07653560764090385,0.13264542397655388
low_discrepancy_critical,18,215,1,0.019554621214960127,0.019554621214960127
low_discrepancy_critical,18,218,2,0.027887636696506554,0.0
low_discrepancy_critical,19,3,2,0.5286870491641469,0.035268479380827715
low_discrepancy_critical,19,5,1,0.11609426793722376,0.11609426793722376
low_discrepancy_critical,19,8,2,0.5382701338600826,0.06872804052854302
low_discrepancy_critical,19,10,1,0.03904793519914161,0.03904793519914161
low_discrepancy_critical,19,13,2,0.5654547237358704,0.2061262568005922
low_discrepancy_critical,19,15,1,0.2010998239481571,0.2010998239481571
low_discrepancy_critical,19,18,2,0.8269607638714825,0.8551874932340279
low_discrepancy_critical,19,20,1,0.12552770929827894,0.12552770929827894
low_discrepancy_critical,19,23,2,0.5318979120897935,0.44045696709361953
low_discrepancy_critical,19,25,1,0.10296765659601703,0.10296765659601703
low_discrepancy_critical,19,28,2,0.47564148366240344,0.04855225912543487
low_discrepancy_critical,19,30,1,0.42406761792274356,0.42406761792274356
low_discrepancy_critical,19,33,2,0.547943772123344,0.0892679804138358
low_discrepancy_critical,19,35,1,0.17790642358353087,0.17790642358353087
low_discrepancy_critical,19,38,2,0.598342029024516,0.20743232525226127
low_discrepancy_critical,19,40,1,0.9278484607265588,0.9278484607265588
low_discrepancy_critical,19,43,2,0.06506965498650419,0.1905830993586107
low_discrepancy_critical,19,45,1,0.37291093653472923,0.37291093653472923
low_discrepancy_critical,19,48,2,0.272734270256683,0.49048663047383645
low_discrepancy_critical,19,50,1,0.07202469201332547,0.07202469201332547
low_discrepancy_critical,19,53,2,0.06551117105699049,0.028579831006480177
low_discrepancy_critical,19,55,1,0.0028001766904726063,0.0028001766904726063
low_discrepancy_critical,19,58,2,0.07194777620753333,0.11927006646269803
low_discrepancy_critical,19,60,1,0.1998698928666568,0.1998698928666568
low_discrepancy_critical,19,63,2,0.1628194686278686,0.22889036561614814
low_discrepancy_critical,19,65,1,0.44788288090681516,0.44788288090681516
low_discrepancy_critical,19,68,2,0.5060014007341753,0.29463155184937356
low_discrepancy_critical,19,70,1,0.33895470644338344,0.33895470644338344
low_discrepancy_critical,19,73,2,0.5004356597094718,0.42534214312981194
low_discrepancy_critical,19,75,1,0.10387240610065648,0.10387240610065648
low_discrepancy_critical,19,78,2,0.4755369666912278,0.5026982205298233
low_discrepancy_critical,19,80,1,0.3463860954038063,0.3463860954038063
low_discrepancy_critical,19,83,2,0.44737869547690273,0.45579661574178587
low_discrepancy_critical,19,85,1,0.20942344041361463,0.20942344041361463
low_discrepancy_critical,19,88,2,0.8097015000884269,0.8149416748961897
low_discrepancy_critical,19,90,1,0.29687758565521155,0.29687758565521155
low_discrepancy_critical,20,3,2,0.07889641755456518,0.0
low_discrepancy_critical,20,5,1,0.12316081070886474,0.12316081070886474
low_discrepancy_critical,20,8,2,0.3567398301387844,0.30720669483669577
low_discrepancy_critical,20,10,1,0.29142963033267966,0.29142963033267966
low_discrepancy_critical,20,13,2,0.46002703313796756,0.24749700838564664
low_discrepancy_critical,20,15,1,0.31665270112344057,0.31665270112344057
low_discrepancy_critical,20,18,2,0.5529664381650424,0.19404190546737954
low_discrepancy_critical,20,20,1,0.05382574427560798,0.05382574427560798
low_discrepancy_critical,20,23,2,0.589090595499826,0.32965856601534205
low_discrepancy_critical,20,25,1,0.2962075867385921,0.2962075867385921
low_discrepancy_critical,20,28,2,0.5352347273224917,0.22876884270875958
low_discrepancy_critical,20,30,1,0.21829399734617383,0.21829399734617383
low_discrepancy_critical,20,33,2,0.6114299012429868,0.3099892791216154
low_discrepancy_critical,20,35,1,0.3702008244592965,0.3702008244592965
low_discrepancy_critical,20,38,2,0.6102711489080096,0.7130984191310129
low_discrepancy_critical,20,40,1,0.3133443649379971,0.3133443649379971
low_discrepancy_critical,20,43,2,0.6313653914381285,0.44393174415517694
low_discrepancy_critical,20,45,1,0.3186772490916814,0.3186772490916814
low_discrepancy_critical,20,48,2,0.6007871138551887,0.040492361345678685
low_discrepancy_critical,20,50,1,0.0,0.0
low_discrepancy_critical,20,53,2,0.5203987999110807,0.12783441374197832
low_discrepancy_critical,20,55,1,0.010760504357955003,0.010760504357955003
low_discrepancy_critical,20,58,2,0.39591881128361095,0.9086802240444274
low_discrepancy_critical,20,60,1,0.5012471240631101,0.5012471240631101
low_discrepancy_critical,20,63,2,0.38336420031261503,0.7614290892911503
low_discrepancy_critical,20,65,1,0.19732092775268084,0.19732092775268084
low_discrepancy_critical,20,68,2,0.11051930797794521,0.1429702905723743
low_discrepancy_critical,20,70,1,0.011905673797270514,0.011905673797270514
low_discrepancy_critical,20,73,2,0.6504703878663408,0.6224777565514895
low_discrepancy_critical,20,75,1,0.18604376982685836,0.18604376982685836
low_discrepancy_critical,20,78,2,0.5467608029304721,0.1281301787809541
low_discrepancy_critical,20,80,1,0.1019060495973384,0.1019060495973384
low_discrepancy_critical,20,83,2,0.5927022875615459,0.18504983123999846
low_discrepancy_critical,20,85,1,0.44188299793145136,0.44188299793145136
low_discrepancy_critical,20,88,2,0.5224525480693896,0.4120178318864146
low_discrepancy_critical,20,90,1,0.08637646118103393,0.08637646118103393
low_discrepancy_critical,20,93,2,0.8303622287909046,0.709520664798999
low_discrepancy_critical,20,95,1,0.8361125523873824,0.8361125523873824
low_discrepancy_critical,20,98,2,0.5904126399136621,0.39289509761685476
low_discrepancy_critical,20,100,1,0.23687463986814797,0.23687463986814797
low_discrepancy_critical,20,103,2,0.5537103912355573,0.12238759662214041
low_discrepancy_critical,21,3,2,0.6528261537020756,0.30146158958603264
low_discrepancy_critical,21,5,1,0.11300989611527006,0.11300989611527006
low_discrepancy_critical,21,8,2,0.5398354857038453,0.2289516989913171
low_discrepancy_critical,21,10,1,0.08649846738088549,0.08649846738088549
low_discrepancy_critical,21,13,2,0.5400778854880179,0.11246920871638838
low_discrepancy_critical,21,15,1,0.4899961009983485,0.4899961009983485
low_discrepancy_critical,21,18,2,0.5199895709127119,0.2886975588316841
low_discrepancy_critical,21,20,1,0.4293860246294287,0.4293860246294287
low_discrepancy_critical,21,23,2,0.6634529854151064,0.36271029267413313
low_discrepancy_critical,21,25,1,0.05931732092193967,0.05931732092193967
low_discrepancy_critical,21,28,2,0.4035899027692201,0.3223363074592708
low_discrepancy_critical,21,30,1,0.2673611203027978,0.2673611203027978
low_discrepancy_critical,21,33,2,0.5039027646132797,0.10824465263080994
low_discrepancy_critical,21,35,1,0.7553184048791397,0.7553184048791397
low_discrepancy_critical,21,38,2,0.1711088218129759,0.3552450458413889
low_discrepancy_critical,21,40,1,0.06416970682832196,0.06416970682832196
low_discrepancy_critical,21,43,2,0.21389944396750277,0.21102426958504172
low_discrepancy_critical,21,45,1,0.07705063002343439,0.07705063002343439
low_discrepancy_critical,21,48,2,0.7905994966399841,0.6809593225283849
low_discrepancy_critical,21,50,1,0.31239460426111515,0.31239460426111515
low_discrepancy_critical,21,53,2,0.5411679255790686,0.3012083879898776
low_discrepancy_critical,21,55,1,0.018145896775035593,0.018145896775035593
low_discrepancy_critical,21,58,2,0.4815444478893316,0.38637939244513675
low_discrepancy_critical,21,60,1,0.22948518000490736,0.22948518000490736
low_discrepancy_critical,21,63,2,0.6439229711010657,0.8790251697338266
low_discrepancy_critical,21,65,1,0.3867923575158787,0.3867923575158787
low_discrepancy_critical,21,68,2,0.6720925068694602,0.795285083944145
low_discrepancy_critical,21,70,1,0.3984683410330765,0.3984683410330765
low_discrepancy_critical,21,73,2,0.639617844708414,0.24373783158417014
low_discrepancy_critical,21,75,1,0.0035548503438088577,0.0035548503438088577
low_discrepancy_critical,21,78,2,1.111022170023731,1.6522499974678493
low_discrepancy_critical,21,80,1,0.660325641821342,0.660325641821342
low_discrepancy_critical,21,83,2,0.3608225315230365,0.43722155412549807
low_discrepancy_critical,21,85,1,1.1731142890550295,1.1731142890550295
low_discrepancy_critical,22,3,2,0.10688230782744994,0.147411759928161
low_discrepancy_critical,22,5,1,0.0485991711202269,0.0485991711202269
low_discrepancy_critical,22,8,2,0.2222357332941202,0.20834175613319486
low_discrepancy_critical,22,10,1,0.356838484047224,0.356838484047224
low_discrepancy_critical,22,13,2,0.6774765227891408,0.4075736117695645
low_discrepancy_critical,22,15,1,0.20052720792943973,0.20052720792943973
low_discrepancy_critical,22,18,2,0.5364232794854574,0.10294385581575209
low_discrepancy_critical,22,20,1,0.05963431634238435,0.05963431634238435
low_discrepancy_critical,22,23,2,0.574470521379698,0.24840540881171763
low_discrepancy_critical,22,25,1,0.23997513837625822,0.23997513837625822
low_discrepancy_critical,22,28,2,0.7966999508125497,0.6588689302768452
low_discrepancy_critical,22,30,1,0.21710897750812694,0.21710897750812694
low_discrepancy_critical,22,33,2,0.5717584973106888,0.656503483449577
low_discrepancy_critical,22,35,1,0.5234026012955388,0.5234026012955388
low_discrepancy_critical,22,38,2,0.7435371773421375,0.3187778712747823
low_discrepancy_critical,22,40,1,0.4386673363843545,0.4386673363843545
low_discrepancy_critical,22,43,2,0.5982961282075373,0.2233299608361255
low_discrepancy_critical,22,45,1,0.10220098682161242,0.10220098682161242
low_discrepancy_critical,22,48,2,0.5579150739512374,0.13340346053054356
low_discrepancy_critical,22,50,1,0.2993169477077579,0.2993169477077579
low_discrepancy_critical,22,53,2,0.08249027246180327,0.5010027315893654
low_discrepancy_critical,22,55,1,0.11392513309755596,0.11392513309755596
low_discrepancy_critical,22,58,2,0.2668396012929375,0.5132124172297846
low_discrepancy_critical,22,60,1,0.09264346277611311,0.09264346277611311
low_discrepancy_critical,22,63,2,0.4396347161028949,0.4066420594229205
low_discrepancy_critical,22,65,1,0.27436443112355136,0.27436443112355136
low_discrepancy_critical,22,68,2,0.5295196995268304,0.29018875288008456
low_discrepancy_critical,22,70,1,0.16391996561161956,0.16391996561161956
low_discrepancy_critical,22,73,2,0.5542734320107133,0.1895367286407073
low_discrepancy_critical,22,75,1,0.21002561764821803,0.21002561764821803
low_discrepancy_critical,22,78,2,0.36450020018452245,0.2917529625334382
low_discrepancy_critical,22,80,1,0.12027359862149907,0.12027359862149907
low_discrepancy_critical,22,83,2,0.4999852319579004,0.1642953000162374
low_discrepancy_critical,22,85,1,0.327552526362421,0.327552526362421
low_discrepancy_critical,22,88,2,0.7033088655959517,0.7234613095350224
low_discrepancy_critical,22,90,1,0.3499489572872244,0.3499489572872244
low_discrepancy_critical,22,93,2,0.702526162044075,0.6037304304855815
low_discrepancy_critical,22,95,1,0.143493068563493,0.143493068563493
low_discrepancy_critical,22,98,2,0.7367946399763764,0.7488682702273011
low_discrepancy_critical,22,100,1,0.5388210607928562,0.5388210607928562
low_discrepancy_critical,22,103,2,0.7214213754763626,0.30950014827057826
low_discrepancy_critical,23,3,2,0.713172475634382,0.5276333852797237
low_discrepancy_critical,23,5,1,0.16316130886528338,0.16316130886528338
low_discrepancy_critical,23,8,2,0.5656326033853788,0.1900270964512572
low_discrepancy_critical,23,10,1,0.06626228252054006,0.06626228252054006
low_discrepancy_critical,23,13,2,0.6980781419747409,0.3990229719325096
low_discrepancy_critical,23,15,1,0.13106281673229755,0.13106281673229755
low_discrepancy_critical,23,18,2,0.7596490400709358,0.8686119026727898
low_discrepancy_critical,23,20,1,0.4033685233523433,0.4033685233523433
low_discrepancy_critical,23,23,2,0.5043751959905661,0.4382935285068714
low_discrepancy_critical,23,25,1,0.43608141226904223,0.43608141226904223
low_discrepancy_critical,23,28,2,0.5486932655221538,0.15322998851704067
low_discrepancy_critical,23,30,1,0.0,0.0
low_discrepancy_critical,23,33,2,0.5051641930648779,0.30357872342427394
low_discrepancy_critical,23,35,1,0.24574642494714732,0.24574642494714732
low_discrepancy_critical,23,38,2,0.45609834925567144,0.8396640511708534
low_discrepancy_critical,23,40,1,0.09447507297537969,0.09447507297537969
low_discrepancy_critical,23,43,2,0.3072151424780132,0.30512304709425914
low_discrepancy_critical,23,45,1,0.6387422100783557,0.6387422100783557
low_discrepancy_critical,23,48,2,0.36017977014196173,0.310407740732127
low_discrepancy_critical,23,50,1,0.13946486702638466,0.13946486702638466
low_discrepancy_critical,23,53,2,0.5965727240936927,0.22017752108949476
low_discrepancy_critical,23,55,1,0.060241715039808366,0.060241715039808366
low_discrepancy_critical,23,58,2,0.5353612781880162,0.4249768140853769
low_discrepancy_critical,23,60,1,0.0402724138469636,0.0402724138469636
low_discrepancy_critical,23,63,2,0.5284546911602561,0.4221329617472143
low_discrepancy_critical,23,65,1,0.13151543239929853,0.13151543239929853
low_discrepancy_critical,23,68,2,0.6358343366389414,0.7207003608534434
low_discrepancy_critical,23,70,1,0.5443675723880367,0.5443675723880367
low_discrepancy_critical,23,73,2,0.9078561395263516,0.846338461497629
low_discrepancy_critical,23,75,1,0.1087949608694518,0.1087949608694518
low_discrepancy_critical,23,78,2,0.615619496713315,0.161482989419322
low_discrepancy_critical,23,80,1,0.20705742112480854,0.20705742112480854
low_discrepancy_critical,23,83,2,0.32016736608486207,0.33191364184632866
low_discrepancy_critical,24,3,2,0.6624223532168046,0.3016586805365688
low_discrepancy_critical,24,5,1,0.09759643911249717,0.09759643911249717
low_discrepancy_critical,24,8,2,0.4712154413550866,0.2707597575381387
low_discrepancy_critical,24,10,1,0.2704037262465148,0.2704037262465148
low_discrepancy_critical,24,13,2,0.4853687951517108,0.17277178473182084
low_discrepancy_critical,24,15,1,0.5956744689627024,0.5956744689627024
low_discrepancy_critical,24,18,2,0.5779497059219285,0.550151409495624
low_discrepancy_critical,24,20,1,0.5039709535674669,0.5039709535674669
low_discrepancy_critical,24,23,2,0.7050524250459842,0.928960089626669
low_discrepancy_critical,24,25,1,0.5464887312988185,0.5464887312988185
low_discrepancy_critical,24,28,2,0.5210130691231359,0.09335562160223222
low_discrepancy_critical,24,30,1,0.10625376538826428,0.10625376538826428
low_discrepancy_critical,24,33,2,0.5271638636225574,0.09305806841339251
low_discrepancy_critical,24,35,1,0.3325315244903983,0.3325315244903983
low_discrepancy_critical,24,38,2,0.3542143079329479,0.797344820430499
low_discrepancy_critical,24,40,1,0.15280931999132927,0.15280931999132927
low_discrepancy_critical,24,43,2,0.25523857797861227,0.25419053458326907
low_discrepancy_critical,24,45,1,0.267378331995917,0.267378331995917
low_discrepancy_critical,24,48,2,0.5584307835081574,0.3395024653941135
low_discrepancy_critical,24,50,1,0.23610544280464318,0.23610544280464318
low_discrepancy_critical,24,53,2,0.6679135247644633,0.3564925544041189
low_discrepancy_critical,24,55,1,0.3311792490885404,0.3311792490885404
low_discrepancy_critical,24,58,2,0.4637212586997776,0.20121054076534287
low_discrepancy_critical,24,60,1,0.36356669004862935,0.36356669004862935
low_discrepancy_critical,24,63,2,0.4089827010431442,0.09217251826778862
low_discrepancy_critical,24,65,1,0.24370116362847988,0.24370116362847988
low_discrepancy_critical,24,68,2,0.4945752529652408,0.5308953411068191
low_discrepancy_critical,24,70,1,0.09239556766191474,0.09239556766191474
low_discrepancy_critical,24,73,2,0.6354056562365048,0.6395202533342813
low_discrepancy_critical,24,75,1,0.6830906888516163,0.6830906888516163
low_discrepancy_critical,24,78,2,0.6839648270854526,1.1618118356938003
low_discrepancy_critical,24,80,1,0.9913620476317873,0.9913620476317873
low_discrepancy_critical,24,83,2,0.5153041669563063,0.16578256584250736
low_discrepancy_critical,24,85,1,0.25858119358426895,0.25858119358426895
low_discrepancy_critical,24,88,2,0.6570349748366034,0.21216035596944982
low_discrepancy_critical,24,90,1,0.15740289748326294,0.15740289748326294
low_discrepancy_critical,24,93,2,0.505279360590089,0.21253470459380547
low_discrepancy_critical,24,95,1,0.18508539692616965,0.18508539692616965
low_discrepancy_critical,24,98,2,0.7007264758559819,0.28034729562631155
low_discrepancy_critical,24,100,1,0.730411540202553,0.730411540202553
low_discrepancy_critical,24,103,2,0.3030319070083205,0.0245682934377886
low_discrepancy_critical,25,3,2,0.6291089156379117,0.3371441909055914
low_discrepancy_critical,25,5,1,0.09026710818839567,0.09026710818839567
low_discrepancy_critical,25,8,2,0.5530528006041966,0.1277831546538078
low_discrepancy_critical,25,10,1,0.18176598425204943,0.18176598425204943
low_discrepancy_critical,25,13,2,0.5410335259392917,0.3012070969722383
low_discrepancy_critical,25,15,1,0.07165879419643312,0.07165879419643312
low_discrepancy_critical,25,18,2,0.7637456753119528,0.752339563244002
low_discrepancy_critical,25,20,1,0.23578206267967086,0.23578206267967086
low_discrepancy_critical,25,23,2,0.48927552173316247,0.27559789051708955
low_discrepancy_critical,25,25,1,0.46092466262247733,0.46092466262247733
low_discrepancy_critical,25,28,2,0.5164931987116466,0.06627378922393916
low_discrepancy_critical,25,30,1,0.15336992621333587,0.15336992621333587
low_discrepancy_critical,25,33,2,0.4739078144303167,0.47343950263227963
low_discrepancy_critical,25,35,1,0.21964396709126766,0.21964396709126766
low_discrepancy_critical,25,38,2,0.26071040282163466,0.2862358594670985
low_discrepancy_critical,25,40,1,0.10598752973652634,0.10598752973652634
low_discrepancy_critical,25,43,2,0.28475451500877635,0.5151102228593281
low_discrepancy_critical,25,45,1,0.1184231699053354,0.1184231699053354
low_discrepancy_critical,25,48,2,0.13630809310137298,0.1457402628610696
low_discrepancy_critical,25,50,1,0.4844250222182974,0.4844250222182974
low_discrepancy_critical,25,53,2,0.21496748587790557,0.1382032160873016
low_discrepancy_critical,25,55,1,0.32184470835177503,0.32184470835177503
low_discrepancy_critical,25,58,2,0.42978009196810385,0.24158357951690643
low_discrepancy_critical,25,60,1,0.559644763135555,0.559644763135555
low_discrepancy_critical,25,63,2,0.5103972629947379,0.15641744179188316
low_discrepancy_critical,25,65,1,0.5679173642083043,0.5679173642083043
low_discrepancy_critical,25,68,2,0.7774694112540049,0.9268344616082406
low_discrepancy_critical,25,70,1,0.4098475465018476,0.4098475465018476
low_discrepancy_critical,25,73,2,0.6663227541616057,0.4837385953204858
low_discrepancy_critical,25,75,1,0.29894842455013193,0.29894842455013193
low_discrepancy_critical,25,78,2,0.5992912172764727,0.2258306448920875
low_discrepancy_critical,26,3,2,0.18685136078725265,0.16918581510671404
low_discrepancy_critical,26,5,1,0.15533600043836585,0.15533600043836585
low_discrepancy_critical,26,8,2,0.9790654049847115,0.9099277304481908
low_discrepancy_critical,26,10,1,0.19799303232193244,0.19799303232193244
low_discrepancy_critical,26,13,2,0.520667550850479,0.01821008429807776
low_discrepancy_critical,26,15,1,0.09008980816388355,0.09008980816388355
low_discrepancy_critical,26,18,2,0.5540144973608537,0.10310036290971408
low_discrepancy_critical,26,20,1,0.32636065960239935,0.32636065960239935
low_discrepancy_critical,26,23,2,0.5463825923668078,0.07114308608695845
low_discrepancy_critical,26,25,1,0.0867951160806768,0.0867951160806768
low_discrepancy_critical,26,28,2,0.5843326848193627,0.6927141032750664
low_discrepancy_critical,26,30,1,0.22943735367486212,0.22943735367486212
low_discrepancy_critical,26,33,2,0.4988073010405569,0.31396448582810405
low_discrepancy_critical,26,35,1,0.33076028536490937,0.33076028536490937
low_discrepancy_critical,26,38,2,0.7530868358827834,0.41830687885706824
low_discrepancy_critical,26,40,1,0.0922112185841357,0.0922112185841357
low_discrepancy_critical,26,43,2,0.6105022649584912,0.08419498267297118
low_discrepancy_critical,26,45,1,0.24098135537856857,0.24098135537856857
low_discrepancy_critical,26,48,2,0.3816217299780208,0.3294608726841061
low_discrepancy_critical,26,50,1,0.51677866692434,0.51677866692434
low_discrepancy_critical,26,53,2,0.29529832623562724,0.5301503514608814
low_discrepancy_critical,26,55,1,0.13723702544777974,0.13723702544777974
low_discrepancy_critical,26,58,2,0.19598846767679134,0.23986249269143806
low_discrepancy_critical,26,60,1,0.2205335821977053,0.2205335821977053
low_discrepancy_critical,26,63,2,0.200701004617041,0.13123221778661837
low_discrepancy_critical,26,65,1,0.2713642268247898,0.2713642268247898
low_discrepancy_critical,26,68,2,0.18537993733051128,0.16356919422576244
low_discrepancy_critical,26,70,1,0.24706352582230426,0.24706352582230426
low_discrepancy_critical,26,73,2,0.4442232402453287,0.26108624198041025
low_discrepancy_critical,26,75,1,0.09748887541257568,0.09748887541257568
low_discrepancy_critical,26,78,2,0.602996428784919,0.35238449977418956
low_discrepancy_critical,26,80,1,0.1801135466275327,0.1801135466275327
low_discrepancy_critical,26,83,2,0.49247844095542254,0.18497383612155527
low_discrepancy_critical,26,85,1,0.2660809581248214,0.2660809581248214
low_discrepancy_critical,26,88,2,0.38520696542405264,0.21637515174565147
low_discrepancy_critical,26,90,1,0.4334798590503421,0.4334798590503421
low_discrepancy_critical,26,93,2,0.3050196843676022,0.2581151878319467
low_discrepancy_critical,26,95,1,0.017325114958736332,0.017325114958736332
low_discrepancy_critical,26,98,2,0.9519767376645486,1.0688256292424239
low_discrepancy_critical,26,100,1,0.27260632484437697,0.27260632484437697
low_discrepancy_critical,26,103,2,0.5501201549149952,0.29515531870752626
low_discrepancy_critical,26,105,1,0.34281790350043595,0.34281790350043595
low_discrepancy_critical,26,108,2,0.5391400528456082,0.17207488106700938
low_discrepancy_critical,26,110,1,0.30620016526002236,0.30620016526002236
low_discrepancy_critical,26,113,2,0.4911213249207854,0.15287875563492628
low_discrepancy_critical,26,115,1,0.1703150486252771,0.1703150486252771
low_discrepancy_critical,27,3,2,0.11667587850337832,0.12793115808864938
low_discrepancy_critical,27,5,1,0.19604164511382127,0.19604164511382127
low_discrepancy_critical,27,8,2,0.014769669460058062,0.0
low_discrepancy_critical,27,10,1,0.0,0.0
low_discrepancy_critical,27,13,2,0.014769669460058062,0.0
low_discrepancy_critical,27,15,1,0.0,0.0
low_discrepancy_critical,27,18,2,0.014769669460058062,0.0
low_discrepancy_critical,27,20,1,0.0,0.0
low_discrepancy_critical,27,23,2,0.014769669460058062,0.0
low_discrepancy_critical,27,25,1,0.0,0.0
low_discrepancy_critical,27,28,2,0.014769669460058062,0.0
low_discrepancy_critical,27,30,1,0.0,0.0
low_discrepancy_critical,27,33,2,0.014769669460058062,0.0
low_discrepancy_critical,27,35,1,0.02707935782611488,0.02707935782611488
low_discrepancy_critical,27,38,2,0.02816942933203642,0.02707935782611488
low_discrepancy_critical,27,40,1,0.0,0.0
low_discrepancy_critical,27,43,2,0.014769669460058062,0.0
low_discrepancy_critical,27,45,1,0.0,0.0
low_discrepancy_critical,27,48,2,0.014769669460058062,0.0
low_discrepancy_critical,27,50,1,0.0,0.0
low_discrepancy_critical,27,53,2,0.23133706814032198,0.24180482935959244
low_discrepancy_critical,27,55,1,0.2720564473785408,0.2720564473785408
low_discrepancy_critical,27,58,2,0.09945193999358615,0.0
low_discrepancy_critical,27,60,1,0.0,0.0
low_discrepancy_critical,27,63,2,0.4426667853942469,0.416364672709731
low_discrepancy_critical,27,65,1,0.21374378831876034,0.21374378831876034
low_discrepancy_critical,27,68,2,0.46434057247071736,0.15415254294687647
low_discrepancy_critical,27,70,1,0.30334040694406117,0.30334040694406117
low_discrepancy_critical,27,73,2,0.545865780116414,0.16718028118229838
low_discrepancy_critical,27,75,1,0.12237407896394259,0.12237407896394259
low_discrepancy_critical,27,78,2,0.5818491480336758,0.32197478545958413
low_discrepancy_critical,27,80,1,0.17613418172808928,0.17613418172808928
low_discrepancy_critical,27,83,2,0.7080828734286893,0.6041421970503551
low_discrepancy_critical,27,85,1,0.28628272210354466,0.28628272210354466
low_discrepancy_critical,27,88,2,0.47485593143989974,0.2512704492602002
low_discrepancy_critical,27,90,1,0.1524371364203705,0.1524371364203705
low_discrepancy_critical,27,93,2,0.7259646726944924,0.5499143108767396
low_discrepancy_critical,27,95,1,0.16956313347971985,0.16956313347971985
low_discrepancy_critical,27,98,2,0.5915030243821889,0.058188172372352076
low_discrepancy_critical,27,100,1,0.15728478833430226,0.15728478833430226
low_discrepancy_critical,27,103,2,0.27938619688915317,0.7137168278557199
low_discrepancy_critical,27,105,1,0.13197478967554427,0.13197478967554427
low_discrepancy_critical,27,108,2,0.1720606534170011,0.34668143582645283
low_discrepancy_critical,27,110,1,0.3442507432100963,0.3442507432100963
low_discrepancy_critical,27,113,2,0.14637010323989344,0.30454680464472145
low_discrepancy_critical,27,115,1,0.18611641034292656,0.18611641034292656
low_discrepancy_critical,27,118,2,0.29156903374958276,0.2827529468870894
low_discrepancy_critical,27,120,1,0.23767482317660976,0.23767482317660976
low_discrepancy_critical,27,123,2,0.2806553381390625,0.0
low_discrepancy_critical,27,125,1,0.11014414353882103,0.11014414353882103
low_discrepancy_critical,27,128,2,0.44124570768584337,0.23079248167608715
low_discrepancy_critical,27,130,1,0.06561044819281717,0.06561044819281717
low_discrepancy_critical,27,133,2,0.3065993427891717,0.003008403263840026
low_discrepancy_critical,27,135,1,0.010529411423440077,0.010529411423440077
low_discrepancy_critical,27,138,2,0.6181714956147019,0.6252362367607947
low_discrepancy_critical,27,140,1,0.379885914940262,0.379885914940262
low_discrepancy_critical,27,143,2,0.5565173672934761,0.4016991498659704
low_discrepancy_critical,27,145,1,0.10738501709792896,0.10738501709792896
low_discrepancy_critical,27,148,2,0.41271895882382637,0.18939458849292862
low_discrepancy_critical,27,150,1,0.18396809344711282,0.18396809344711282
low_discrepancy_critical,27,153,2,0.32765012036512586,0.0784575631169037
low_discrepancy_critical,27,155,1,0.0,0.0
low_discrepancy_critical,27,158,2,0.9548278897371527,1.063630576009597
low_discrepancy_critical,27,160,1,0.16847034655412196,0.16847034655412196
low_discrepancy_critical,27,163,2,0.5433763787518638,0.2745411145585017
low_discrepancy_critical,27,165,1,0.41668225560146094,0.41668225560146094
low_discrepancy_critical,27,168,2,0.5039305644837199,0.13525534851282442
low_discrepancy_critical,27,170,1,0.3137493449546309,0.3137493449546309
low_discrepancy_critical,27,173,2,0.3561459976396233,0.36047263583987227
low_discrepancy_critical,28,3,2,0.7728723290590768,0.5312851143030531
low_discrepancy_critical,28,5,1,0.08079886102490644,0.08079886102490644
low_discrepancy_critical,28,8,2,0.5960513465388311,0.3210502367376316
low_discrepancy_critical,28,10,1,0.20354233798478663,0.20354233798478663
low_discrepancy_critical,28,13,2,0.5538502335985019,0.2461219631913522
low_discrepancy_critical,28,15,1,0.17758396672756202,0.17758396672756202
low_discrepancy_critical,28,18,2,0.9441681311458525,0.9377039911483116
low_discrepancy_critical,28,20,1,0.12328678719322028,0.12328678719322028
low_discrepancy_critical,28,23,2,0.5731153366130898,0.6594946544688496
low_discrepancy_critical,28,25,1,0.06624038811502046,0.06624038811502046
low_discrepancy_critical,28,28,2,0.820516322045722,0.6341197274142146
low_discrepancy_critical,28,30,1,0.4825106849073945,0.4825106849073945
low_discrepancy_critical,28,33,2,0.8119264942835469,0.5961482837221685
low_discrepancy_critical,28,35,1,0.19739874556341877,0.19739874556341877
low_discrepancy_critical,28,38,2,0.5192312184068806,0.3062026123504378
low_discrepancy_critical,28,40,1,0.24904170721224697,0.24904170721224697
low_discrepancy_critical,28,43,2,0.443112273596358,0.863744754059369
low_discrepancy_critical,28,45,1,0.3672738078724358,0.3672738078724358
low_discrepancy_critical,28,48,2,0.3880582407139984,0.546635085058636
low_discrepancy_critical,28,50,1,0.10027226207621054,0.10027226207621054
low_discrepancy_critical,28,53,2,0.16850002742922163,0.1240027897034883
low_discrepancy_critical,28,55,1,0.0,0.0
low_discrepancy_critical,28,58,2,0.2753445485311725,0.1922412953525923
low_discrepancy_critical,28,60,1,0.4010989343999547,0.4010989343999547
low_discrepancy_critical,28,63,2,0.4413805213451927,0.2763526816435136
low_discrepancy_critical,28,65,1,0.3168378731973654,0.3168378731973654
low_discrepancy_critical,28,68,2,0.5528942472910491,0.1672569929046294
low_discrepancy_critical,28,70,1,0.23007528807817293,0.23007528807817293
low_discrepancy_critical,28,73,2,0.3601073028656457,0.1556934055882279
low_discrepancy_critical,28,75,1,0.0909613092259383,0.0909613092259383
low_discrepancy_critical,28,78,2,0.5316187449891788,0.41568851412422364
low_discrepancy_critical,28,80,1,0.26199578609452234,0.26199578609452234
low_discrepancy_critical,28,83,2,0.7573942287010658,0.7512561455248957
low_discrepancy_critical,28,85,1,0.4387609062985989,0.4387609062985989
low_discrepancy_critical,28,88,2,0.6643519473203084,0.7079683181029716
low_discrepancy_critical,28,90,1,0.2532364757689182,0.2532364757689182
low_discrepancy_critical,28,93,2,0.8876681247013957,0.8026081119194347
low_discrepancy_critical,28,95,1,0.3139375721556043,0.3139375721556043
low_discrepancy_critical,28,98,2,0.5023775170466948,0.08573049831217842
low_discrepancy_critical,28,100,1,0.103561747103388,0.103561747103388
low_discrepancy_critical,28,103,2,0.5195087790150902,0.04578518151872564
low_discrepancy_critical,28,105,1,0.29310599951902766,0.29310599951902766
low_discrepancy_critical,28,108,2,0.5151226656495207,0.29505651011701683
low_discrepancy_critical,28,110,1,0.21637153028300188,0.21637153028300188
low_discrepancy_critical,28,113,2,0.35125121457093267,0.35825949546212477
low_discrepancy_critical,28,115,1,0.2187267769038298,0.2187267769038298
low_discrepancy_critical,28,118,2,0.24213335684578044,0.2405454062668641
low_discrepancy_critical,28,120,1,0.4213798481678116,0.4213798481678116
low_discrepancy_critical,28,123,2,0.3492473248846862,0.4918112589516146
low_discrepancy_critical,28,125,1,0.013762674731394925,0.013762674731394925
low_discrepancy_critical,28,128,2,0.1086218162846487,0.0457394066431052
low_discrepancy_critical,28,130,1,0.0051764705601860805,0.0051764705601860805
low_discrepancy_critical,28,133,2,0.2653446209862761,0.29709754945647937
low_discrepancy_critical,28,135,1,0.20610766442022677,0.20610766442022677
low_discrepancy_critical,28,138,2,0.47735062097164965,0.3854670652565126
low_discrepancy_critical,28,140,1,1.103811113796411,1.103811113796411
low_discrepancy_critical,28,143,2,0.5476033051630506,0.2621247595329235
low_discrepancy_critical,28,145,1,1.3357176864379776,1.3357176864379776
low_discrepancy_critical,29,3,2,0.4659382179308459,0.20440804400744725
low_discrepancy_critical,29,5,1,0.2634998965472775,0.2634998965472775
low_discrepancy_critical,29,8,2,0.5813148651577503,0.18400769929327768
low_discrepancy_critical,29,10,1,0.1361093824439303,0.1361093824439303
low_discrepancy_critical,29,13,2,0.5077689280896402,0.09953803821582292
low_discrepancy_critical,29,15,1,0.0,0.0
low_discrepancy_critical,29,18,2,0.7781805317504458,0.7346650912715966
low_discrepancy_critical,29,20,1,0.1469485464423615,0.1469485464423615
low_discrepancy_critical,29,23,2,0.5369966324702408,0.4565531744817011
low_discrepancy_critical,29,25,1,0.5495476404892241,0.5495476404892241
low_discrepancy_critical,29,28,2,0.6169568589124558,0.34778841059355053
low_discrepancy_critical,29,30,1,0.49306194855357854,0.49306194855357854
low_discrepancy_critical,29,33,2,0.5120728608867103,0.4207920471586223
low_discrepancy_critical,29,35,1,0.19362422112833647,0.19362422112833647
low_discrepancy_critical,29,38,2,0.17849372858001744,0.46716710993308386
low_discrepancy_critical,29,40,1,0.21263136470817204,0.21263136470817204
low_discrepancy_critical,29,43,2,0.18158234683826988,0.25321045034051465
low_discrepancy_critical,29,45,1,0.024403666069138196,0.024403666069138196
low_discrepancy_critical,29,48,2,0.13470956322019656,0.12991192223681214
low_discrepancy_critical,29,50,1,0.4128023548125133,0.4128023548125133
low_discrepancy_critical,29,53,2,0.7230160542600387,0.4803197706909986
low_discrepancy_critical,29,55,1,0.2355445567704662,0.2355445567704662
low_discrepancy_critical,29,58,2,0.5294695113309351,0.3091383113036369
low_discrepancy_critical,29,60,1,0.9134281660084707,0.9134281660084707
low_discrepancy_critical,29,63,2,0.31189074379742304,0.26718416121790467
low_discrepancy_critical,29,65,1,0.7120525647210169,0.7120525647210169
low_discrepancy_critical,29,68,2,0.7818017249852687,0.7215143649792997
low_discrepancy_critical,29,70,1,0.2506495032039428,0.2506495032039428
low_discrepancy_critical,30,3,2,0.596411864764935,0.2454945780454086
low_discrepancy_critical,30,5,1,0.2362397532278761,0.2362397532278761
low_discrepancy_critical,30,8,2,0.5397799481110641,0.07228502597876069
low_discrepancy_critical,30,10,1,0.06656926235933935,0.06656926235933935
low_discrepancy_critical,30,13,2,0.5579387417620066,0.18479614143089507
low_discrepancy_critical,30,15,1,0.3968727707341212,0.3968727707341212
low_discrepancy_critical,30,18,2,0.6845846328929647,0.5286303428307991
low_discrepancy_critical,30,20,1,0.3532201397072991,0.3532201397072991
low_discrepancy_critical,30,23,2,0.4744239720895436,0.2856680289764449
low_discrepancy_critical,30,25,1,0.3476926085723999,0.3476926085723999
low_discrepancy_critical,30,28,2,0.6981403269450627,0.5267531633606715
low_discrepancy_critical,30,30,1,0.14788310894093326,0.14788310894093326
low_discrepancy_critical,30,33,2,0.6327386371354593,0.11347066132147218
low_discrepancy_critical,30,35,1,0.7463175139786542,0.7463175139786542
low_discrepancy_critical,30,38,2,0.29465166462411346,0.26075406151481084
low_discrepancy_critical,30,40,1,0.2866200650621372,0.2866200650621372
low_discrepancy_critical,30,43,2,0.34584533167165704,0.7058923264614931
low_discrepancy_critical,30,45,1,0.08150373924652211,0.08150373924652211
low_discrepancy_critical,30,48,2,0.14264081470475062,0.12882788204664994
low_discrepancy_critical,30,50,1,0.0,0.0
low_discrepancy_critical,30,53,2,0.10097124350377068,0.008980771666805762
low_discrepancy_critical,30,55,1,0.19223512141028906,0.19223512141028906
low_discrepancy_critical,30,58,2,0.5885729435939124,0.47485850229245924
low_discrepancy_critical,30,60,1,0.10286516501215139,0.10286516501215139
low_discrepancy_critical,30,63,2,0.623111606496149,0.3000516509209681
low_discrepancy_critical,30,65,1,0.2439360632252228,0.2439360632252228
low_discrepancy_critical,30,68,2,0.4089325401792761,0.07467461408789122
low_discrepancy_critical,30,70,1,0.11905602851968437,0.11905602851968437
low_discrepancy_critical,30,73,2,0.43121101552195684,0.3166399866264223
low_discrepancy_critical,30,75,1,0.13789607308929483,0.13789607308929483
low_discrepancy_critical,30,78,2,0.790104636726214,0.7577414125062264
low_discrepancy_critical,30,80,1,0.33553788346796215,0.33553788346796215
low_discrepancy_critical,30,83,2,0.6291231420123783,0.49254761770776057
low_discrepancy_critical,30,85,1,0.447777524083335,0.447777524083335
low_discrepancy_critical,30,88,2,0.640679504980967,0.20614784732381872
low_discrepancy_critical,30,90,1,0.1452163541315943,0.1452163541315943
low_discrepancy_critical,31,3,2,0.13253181464088357,0.1357505987271467
low_discrepancy_critical,31,5,1,0.11178702510854491,0.11178702510854491
low_discrepancy_critical,31,8,2,0.11144430201084073,0.10047659501779488
low_discrepancy_critical,31,10,1,0.38782960566002606,0.38782960566002606
low_discrepancy_critical,31,13,2,0.19638448957052107,0.3953583631699054
low_discrepancy_critical,31,15,1,0.06793029354281085,0.06793029354281085
low_discrepancy_critical,31,18,2,0.5318790990858271,0.49673107639268366
low_discrepancy_critical,31,20,1,0.44052376930681714,0.44052376930681714
low_discrepancy_critical,31,23,2,0.5470760879397099,0.09414223817709864
low_discrepancy_critical,31,25,1,0.23387643167811353,0.23387643167811353
low_discrepancy_critical,31,28,2,0.5387541486083085,0.09819622425108719
low_discrepancy_critical,31,30,1,0.19184020805591034,0.19184020805591034
low_discrepancy_critical,31,33,2,0.527470006238656,0.3443402455406583
low_discrepancy_critical,31,35,1,0.2664400336874174,0.2664400336874174
low_discrepancy_critical,31,38,2,0.637622828758534,0.27105344092305045
low_discrepancy_critical,31,40,1,0.0710276503765218,0.0710276503765218
low_discrepancy_critical,31,43,2,0.504696021392073,0.2527179167629075
low_discrepancy_critical,31,45,1,0.4515994602525366,0.4515994602525366
low_discrepancy_critical,31,48,2,0.6577383667530371,0.44932879768112055
low_discrepancy_critical,31,50,1,0.29093999089550093,0.29093999089550093
low_discrepancy_critical,31,53,2,0.5976708404666938,0.09956462147710705
low_discrepancy_critical,31,55,1,0.06423521197981369,0.06423521197981369
low_discrepancy_critical,31,58,2,0.6012109601734644,0.05155055944260215
low_discrepancy_critical,31,60,1,0.5668119116508347,0.5668119116508347
low_discrepancy_critical,31,63,2,0.14114923093293177,0.26462744278273953
low_discrepancy_critical,31,65,1,0.3256014015706607,0.3256014015706607
low_discrepancy_critical,31,68,2,0.1845417768498394,0.21570496946105822
low_discrepancy_critical,31,70,1,0.15746670114835223,0.15746670114835223
low_discrepancy_critical,31,73,2,0.21098177402054016,0.08776711389555825
low_discrepancy_critical,31,75,1,0.0,0.0
low_discrepancy_critical,31,78,2,0.6599130576928387,0.49805501580178263
low_discrepancy_critical,31,80,1,0.12002591683029516,0.12002591683029516
low_discrepancy_critical,31,83,2,0.5858922947637355,0.11989079810721893
low_discrepancy_critical,31,85,1,0.0853884307965974,0.0853884307965974
low_discrepancy_critical,31,88,2,0.5100462443205607,0.1933805686950238
low_discrepancy_critical,31,90,1,0.14490619278189923,0.14490619278189923
low_discrepancy_critical,31,93,2,1.2885520391758254,1.7090937186235244
low_discrepancy_critical,31,95,1,0.09058823480325587,0.09058823480325587
low_discrepancy_critical,31,98,2,0.38414778886728834,0.21009800157836436
low_discrepancy_critical,31,100,1,0.2147946219678016,0.2147946219678016
low_discrepancy_critical,31,103,2,0.8686481555930626,0.8424024475952753
low_discrepancy_critical,31,105,1,0.17780701250580902,0.17780701250580902
low_discrepancy_critical,31,108,2,0.544039467164144,0.17935839684660182
low_discrepancy_critical,31,110,1,0.2769267567133518,0.2769267567133518
low_discrepancy_critical,31,113,2,0.6510167433112888,0.2743985294383665
low_discrepancy_critical,31,115,1,0.2804435169202712,0.2804435169202712
low_discrepancy_critical,31,118,2,1.2502427699222582,1.6528599224202263
low_discrepancy_critical,31,120,1,1.6604837082490203,1.6604837082490203
low_discrepancy_critical,31,123,2,0.8476874082107486,0.7402705804631069
low_discrepancy_critical,31,125,1,0.10733531422558383,0.10733531422558383
low_discrepancy_critical,31,128,2,0.26472431953995856,0.2864193495309163
low_discrepancy_critical,31,130,1,0.0,0.0
low_discrepancy_critical,31,133,2,0.40525280717347256,0.0
low_discrepancy_critical,31,135,1,0.114570083341772,0.114570083341772
low_discrepancy_critical,31,138,2,1.0027168407860045,1.410109558971538
low_discrepancy_critical,31,140,1,0.353292045628143,0.353292045628143
low_discrepancy_critical,31,143,2,1.325958879235328,1.7921221022640375
low_discrepancy_critical,31,145,1,0.18001102069596728,0.18001102069596728
low_discrepancy_critical,31,148,2,1.144953621964175,1.5442761594912942
low_discrepancy_critical,31,150,1,0.2043221822491679,0.2043221822491679
low_discrepancy_critical,31,153,2,1.3793364334094016,1.83287097778481
low_discrepancy_critical,31,155,1,0.35647367640291583,0.35647367640291583
low_discrepancy_critical,31,158,2,0.7429225117246017,1.2394772929768907
low_discrepancy_critical,31,160,1,1.0107853530083366,1.0107853530083366
low_discrepancy_critical,31,163,2,0.44638213999310933,0.35846542022256583
low_discrepancy_critical,31,165,1,0.747886222060526,0.747886222060526
low_discrepancy_critical,31,168,2,0.34306755520119614,0.3470259498542399
low_discrepancy_critical,31,170,1,0.523206188353278,0.523206188353278
low_discrepancy_critical,31,173,2,0.539835598117195,0.18169288615619453
low_discrepancy_critical,31,175,1,0.7406066681431887,0.7406066681431887
low_discrepancy_critical,31,178,2,1.090753905078417,1.170802986512268
low_discrepancy_critical,31,180,1,0.0745701582544059,0.0745701582544059
low_discrepancy_critical,31,183,2,0.285416237645705,0.6269146386146134
low_discrepancy_critical,31,185,1,0.2329230483916467,0.2329230483916467
low_discrepancy_critical,31,188,2,0.1432895023630264,0.13272942432320486
low_discrepancy_critical,31,190,1,0.5825224369215394,0.5825224369215394
low_discrepancy_critical,31,193,2,0.16315863904472028,0.3290816938194044
low_discrepancy_critical,31,195,1,0.053113628926078585,0.053113628926078585
low_discrepancy_critical,31,198,2,0.048293859815582076,0.0
low_discrepancy_critical,31,200,1,0.0,0.0
low_discrepancy_critical,31,203,2,0.1823042662087799,0.1505080954416943
low_discrepancy_critical,31,205,1,0.1505080954416943,0.1505080954416943
low_discrepancy_critical,31,208,2,0.04219535697028536,0.006470588200232566
low_discrepancy_critical,31,210,1,0.04994864579122013,0.04994864579122013
low_discrepancy_critical,31,213,2,0.3301913129940949,0.3291147364263081
low_discrepancy_critical,31,215,1,0.27351154512186626,0.27351154512186626
low_discrepancy_critical,31,218,2,0.3473984780079658,0.3228025392339378
low_discrepancy_critical,32,3,2,0.29832328950900755,0.0
low_discrepancy_critical,32,5,1,0.0,0.0
low_discrepancy_critical,32,8,2,0.29832328950900755,0.0
low_discrepancy_critical,32,10,1,0.3731696763893638,0.3731696763893638
low_discrepancy_critical,32,13,2,0.1151895914503066,0.013286253679116579
low_discrepancy_critical,32,15,1,0.48177812331153763,0.48177812331153763
low_discrepancy_critical,32,18,2,0.3957515669837522,0.10090879802244748
low_discrepancy_critical,32,20,1,0.18730633782350403,0.18730633782350403
low_discrepancy_critical,32,23,2,0.604177398816738,0.40336393463617176
low_discrepancy_critical,32,25,1,0.2078350740348679,0.2078350740348679
low_discrepancy_critical,32,28,2,0.5941785507387894,0.2088209632054412
low_discrepancy_critical,32,30,1,0.14805047727616802,0.14805047727616802
low_discrepancy_critical,32,33,2,0.5753764283825038,0.1738556773837506
low_discrepancy_critical,32,35,1,0.42947635131956496,0.42947635131956496
low_discrepancy_critical,32,38,2,0.5455517858651234,0.13955935967538952
low_discrepancy_critical,32,40,1,0.5569841619822472,0.5569841619822472
low_discrepancy_critical,32,43,2,0.5632746112376333,0.5026731863350274
low_discrepancy_critical,32,45,1,0.29331822469471974,0.29331822469471974
low_discrepancy_critical,32,48,2,0.7973322096665332,0.7196308076984183
low_discrepancy_critical,32,50,1,0.10238053301230259,0.10238053301230259
low_discrepancy_critical,32,53,2,0.662521187063644,0.2753625363640331
low_discrepancy_critical,32,55,1,1.3038648662598151,1.3038648662598151
low_discrepancy_critical,32,58,2,1.114935392926082,1.2545418774310082
low_discrepancy_critical,32,60,1,0.2989199809914141,0.2989199809914141
low_discrepancy_critical,32,63,2,0.5714694965549273,1.0570598021910682
low_discrepancy_critical,32,65,1,0.9188367199461983,0.9188367199461983
low_discrepancy_critical,32,68,2,0.6544177765162942,0.25803535685791196
low_discrepancy_critical,32,70,1,0.15397985369129438,0.15397985369129438
low_discrepancy_critical,32,73,2,0.22702233027771285,0.715916168671637
low_discrepancy_critical,32,75,1,0.5815992967665153,0.5815992967665153
low_discrepancy_critical,32,78,2,0.4436369165895009,0.15514222515620887
low_discrepancy_critical,32,80,1,0.1309812167826869,0.1309812167826869
low_discrepancy_critical,32,83,2,0.3252474661564121,0.1422584128124767
low_discrepancy_critical,32,85,1,0.04030049552562092,0.04030049552562092
low_discrepancy_critical,32,88,2,0.4220318701305243,0.09764378961713564
low_discrepancy_critical,32,90,1,0.5265964120107034,0.5265964120107034
low_discrepancy_critical,32,93,2,0.7212467061563099,0.6006343590896619
low_discrepancy_critical,32,95,1,0.8834099100079168,0.8834099100079168
low_discrepancy_critical,32,98,2,0.5522577594982135,0.5826117598695683
low_discrepancy_critical,32,100,1,0.7107548796222831,0.7107548796222831
low_discrepancy_critical,32,103,2,0.43560434432046297,0.44711318344538326
low_discrepancy_critical,32,105,1,1.0093463071589133,1.0093463071589133
low_discrepancy_critical,32,108,2,0.6166350165662632,0.39461638234070484
low_discrepancy_critical,32,110,1,0.17716759578414376,0.17716759578414376
low_discrepancy_critical,32,113,2,0.4381452568688329,0.8007443910557062
low_discrepancy_critical,32,115,1,0.3142020785733062,0.3142020785733062
low_discrepancy_critical,32,118,2,0.7506131847897893,0.7999862815408305
low_discrepancy_critical,32,120,1,0.2179697204382011,0.2179697204382011
low_discrepancy_critical,32,123,2,0.24298756095935664,0.2051707981643541
low_discrepancy_critical,32,125,1,1.5220838684023543,1.5220838684023543
low_discrepancy_critical,32,128,2,1.181701436626588,1.7122136364032883
low_discrepancy_critical,32,130,1,0.23041486724001703,0.23041486724001703
low_discrepancy_critical,32,133,2,0.6391230434766705,0.46031041005606965
low_discrepancy_critical,32,135,1,0.19688820899716028,0.19688820899716028
low_discrepancy_critical,32,138,2,0.46600371567626114,0.20104238216756515
low_discrepancy_critical,32,140,1,0.18513478938200623,0.18513478938200623
low_discrepancy_critical,32,143,2,1.6007116424687378,2.087328950739591
low_discrepancy_critical,32,145,1,0.22519517727939514,0.22519517727939514
low_discrepancy_critical,32,148,2,1.2098613596426715,1.7444775121981868
low_discrepancy_critical,32,150,1,0.13391851319905693,0.13391851319905693
low_discrepancy_critical,32,153,2,1.1695502021588675,1.408159177207237
low_discrepancy_critical,32,155,1,0.1809492865386999,0.1809492865386999
low_discrepancy_critical,32,158,2,0.49920974876157403,0.33340939127859043
low_discrepancy_critical,32,160,1,0.8562689215719631,0.8562689215719631
low_discrepancy_critical,32,163,2,0.34506385591069927,0.41957534512000055
low_discrepancy_critical,32,165,1,0.1887627892167718,0.1887627892167718
low_discrepancy_critical,32,168,2,0.27047354810610863,0.09215143356567242
low_discrepancy_critical,32,170,1,1.3873885703386328,1.3873885703386328
low_discrepancy_critical,32,173,2,0.47281209742956753,0.029764705721069776
low_discrepancy_critical,32,175,1,0.020984958526598804,0.020984958526598804
low_discrepancy_critical,32,178,2,0.6044153380542795,1.072970286739891
low_discrepancy_critical,32,180,1,0.20955560449958066,0.20955560449958066
low_discrepancy_critical,32,183,2,0.11625255056215329,0.13636002515184095
low_discrepancy_critical,32,185,1,0.04895636730033575,0.04895636730033575
low_discrepancy_critical,32,188,2,0.11896738714163876,0.10708997858801235
low_discrepancy_critical,32,190,1,0.10697262456809568,0.10697262456809568
low_discrepancy_critical,32,193,2,0.11226130793856218,0.16608262622805067
low_discrepancy_critical,32,195,1,0.215870648517984,0.215870648517984
low_discrepancy_critical,32,198,2,0.09517313125517746,0.04529411740162792
low_discrepancy_critical,32,200,1,0.17305208483631715,0.17305208483631715
low_discrepancy_critical,32,203,2,0.05691772227467567,0.014235294040511645
low_discrepancy_critical,32,205,1,0.19151967157026523,0.19151967157026523
low_discrepancy_critical,32,208,2,0.08855553668112773,0.024588235160883737
low_discrepancy_critical,32,210,1,0.19580890465178435,0.19580890465178435
low_discrepancy_critical,32,213,2,0.16887563279036696,0.1789891062833512
low_discrepancy_critical,32,215,1,0.046196473369394746,0.046196473369394746
low_discrepancy_critical,32,218,2,0.150895865434708,0.18200839746232123
low_discrepancy_critical,33,3,2,0.07583833484778091,0.0
low_discrepancy_critical,33,5,1,0.4678575332215042,0.4678575332215042
low_discrepancy_critical,33,8,2,0.7209069047626411,0.47422304376848373
low_discrepancy_critical,33,10,1,0.12848753981598615,0.12848753981598615
low_discrepancy_critical,33,13,2,0.5671360328881702,0.2792314009523514
low_discrepancy_critical,33,15,1,0.024052598957901027,0.024052598957901027
low_discrepancy_critical,33,18,2,0.5270340443739806,0.17778279650638568
low_discrepancy_critical,33,20,1,0.5807186430876292,0.5807186430876292
low_discrepancy_critical,33,23,2,0.7219824534842855,0.41794054224759264
low_discrepancy_critical,33,25,1,0.27060904576062256,0.27060904576062256
low_discrepancy_critical,33,28,2,0.5595536759650224,0.6039938899002717
low_discrepancy_critical,33,30,1,0.09368471188632381,0.09368471188632381
low_discrepancy_critical,33,33,2,0.6143430774084478,0.3644745570174372
low_discrepancy_critical,33,35,1,0.018439449167432898,0.018439449167432898
low_discrepancy_critical,33,38,2,0.4719305029062899,0.24622205970322136
low_discrepancy_critical,33,40,1,0.5238803523029323,0.5238803523029323
low_discrepancy_critical,33,43,2,0.4427057899443453,0.6112425191424892
low_discrepancy_critical,33,45,1,0.6240963833306676,0.6240963833306676
low_discrepancy_critical,33,48,2,0.17747997350189504,0.1937022149975594
low_discrepancy_critical,33,50,1,0.42479479944021886,0.42479479944021886
low_discrepancy_critical,33,53,2,0.19737789256159502,0.12898062564396154
low_discrepancy_critical,33,55,1,0.4332202173344414,0.4332202173344414
low_discrepancy_critical,33,58,2,0.6003379632814347,0.32195876033205145
low_discrepancy_critical,33,60,1,0.2941946553232711,0.2941946553232711
low_discrepancy_critical,33,63,2,0.512141688583133,0.2501695386578091
low_discrepancy_critical,33,65,1,0.04483229124729302,0.04483229124729302
low_discrepancy_critical,33,68,2,0.3732090729419899,0.3809522762649253
low_discrepancy_critical,33,70,1,0.0,0.0
low_discrepancy_critical,33,73,2,0.41124090809606406,0.22739682918908335
low_discrepancy_critical,33,75,1,0.0,0.0
low_discrepancy_critical,33,78,2,0.6528003936153173,0.5524052042151857
low_discrepancy_critical,33,80,1,0.6710622883208928,0.6710622883208928
low_discrepancy_critical,33,83,2,0.6146770306815487,0.5089573054288687
low_discrepancy_critical,33,85,1,0.16092319121632923,0.16092319121632923
low_discrepancy_critical,33,88,2,0.6851180287147179,0.447777524083335
low_discrepancy_critical,33,90,1,0.21312431892110517,0.21312431892110517
low_discrepancy_critical,33,93,2,0.49818390899381454,0.3128802567941337
low_discrepancy_critical,33,95,1,0.17731684841957393,0.17731684841957393
low_discrepancy_critical,33,98,2,0.5171160772020799,0.17731684841957393
low_discrepancy_critical,33,100,1,0.0,0.0
low_discrepancy_critical,33,103,2,0.4662022759511193,0.28836121196676245
low_discrepancy_critical,34,3,2,0.6361709128803922,0.3417201364931147
low_discrepancy_critical,34,5,1,0.1089125058939505,0.1089125058939505
low_discrepancy_critical,34,8,2,0.528790612494649,0.1022554097960122
low_discrepancy_critical,34,10,1,0.12484964252599635,0.12484964252599635
low_discrepancy_critical,34,13,2,0.5696491968553669,0.2483346671274018
low_discrepancy_critical,34,15,1,0.27028683047182495,0.27028683047182495
low_discrepancy_critical,34,18,2,0.6018279994583107,0.2505087921794917
low_discrepancy_critical,34,20,1,0.3368878648328479,0.3368878648328479
low_discrepancy_critical,34,23,2,0.6593872418209894,0.5122200602087507
low_discrepancy_critical,34,25,1,0.1084733634253874,0.1084733634253874
low_discrepancy_critical,34,28,2,0.5979730735158512,0.09337334556323243
low_discrepancy_critical,34,30,1,0.03014705929101691,0.03014705929101691
low_discrepancy_critical,34,33,2,0.4352187408296481,0.179866607779183
low_discrepancy_critical,34,35,1,0.5254054725664241,0.5254054725664241
low_discrepancy_critical,34,38,2,0.3864399923642374,0.7441714970435813
low_discrepancy_critical,34,40,1,0.1800448601563304,0.1800448601563304
low_discrepancy_critical,34,43,2,0.2768276686244729,0.29666055092015386
low_discrepancy_critical,34,45,1,0.0,0.0
low_discrepancy_critical,34,48,2,0.19841676375868716,0.0673617747983466
low_discrepancy_critical,34,50,1,0.4712998309801347,0.4712998309801347
low_discrepancy_critical,34,53,2,0.7136042865627256,0.37609735008084727
low_discrepancy_critical,34,55,1,0.10160066228544845,0.10160066228544845
low_discrepancy_critical,34,58,2,0.45383105774638915,0.44833932278272
low_discrepancy_critical,34,60,1,0.1318734848434984,0.1318734848434984
low_discrepancy_critical,34,63,2,0.5649237587062511,0.44978799722059076
low_discrepancy_critical,34,65,1,0.5469370900608955,0.5469370900608955
low_discrepancy_critical,34,68,2,1.0231104325184988,1.2110465427094332
low_discrepancy_critical,34,70,1,0.4279540085031102,0.4279540085031102
low_discrepancy_critical,34,73,2,0.6309810849982026,0.45980954956023756
low_discrepancy_critical,34,75,1,0.22355110810443332,0.22355110810443332
low_discrepancy_critical,34,78,2,0.35768871415609416,0.3182405562753855
low_discrepancy_critical,34,80,1,1.009818607874578,1.009818607874578
low_discrepancy_critical,35,3,2,0.0021229496385052568,0.0
low_discrepancy_critical,35,5,1,0.0,0.0
low_discrepancy_critical,35,8,2,0.0021229496385052568,0.0
low_discrepancy_critical,35,10,1,0.0,0.0
low_discrepancy_critical,35,13,2,0.0021229496385052568,0.0
low_discrepancy_critical,35,15,1,0.0,0.0
low_discrepancy_critical,35,18,2,0.0021229496385052568,0.0
low_discrepancy_critical,35,20,1,0.16244749465845393,0.16244749465845393
low_discrepancy_critical,35,23,2,0.07940134077257056,0.1585962548326952
low_discrepancy_critical,35,25,1,0.0030084032638400537,0.0030084032638400537
low_discrepancy_critical,35,28,2,0.5296330586881928,0.5298770322005646
low_discrepancy_critical,35,30,1,0.09649474325502849,0.09649474325502849
low_discrepancy_critical,35,33,2,0.785634957220959,0.6261748376692715
low_discrepancy_critical,35,35,1,0.1366408583654007,0.1366408583654007
low_discrepancy_critical,35,38,2,0.5280189644179674,0.0771800371014227
low_discrepancy_critical,35,40,1,0.13922010079112027,0.13922010079112027
low_discrepancy_critical,35,43,2,0.5282863129962829,0.046478174122695996
low_discrepancy_critical,35,45,1,0.24552466264026832,0.24552466264026832
low_discrepancy_critical,35,48,2,0.5428834196150707,0.0989061302075754
low_discrepancy_critical,35,50,1,0.10386309431266114,0.10386309431266114
low_discrepancy_critical,35,53,2,0.592766781620471,0.2926277693130306
low_discrepancy_critical,35,55,1,0.7357240376748878,0.7357240376748878
low_discrepancy_critical,35,58,2,0.5187001202458232,0.33437476615144374
low_discrepancy_critical,35,60,1,0.021234337498243452,0.021234337498243452
low_discrepancy_critical,35,63,2,0.8492533497469662,0.7015064699216617
low_discrepancy_critical,35,65,1,0.09939119090737984,0.09939119090737984
low_discrepancy_critical,35,68,2,0.5995799778544034,0.028113754512413686
low_discrepancy_critical,35,70,1,0.05231085195122824,0.05231085195122824
low_discrepancy_critical,35,73,2,0.597616723297289,0.07988026325473352
low_discrepancy_critical,35,75,1,0.07184690486314596,0.07184690486314596
low_discrepancy_critical,35,78,2,0.23542362153647137,0.4766597601883842
low_discrepancy_critical,35,80,1,0.25189687571424557,0.25189687571424557
low_discrepancy_critical,35,83,2,0.31587307965286643,0.3758908651720089
low_discrepancy_critical,35,85,1,0.7553759485019557,0.7553759485019557
low_discrepancy_critical,35,88,2,0.22747402535850975,0.2067551170875927
low_discrepancy_critical,35,90,1,0.09700276348740386,0.09700276348740386
low_discrepancy_critical,35,93,2,0.24673752691236284,0.1584773890201089
low_discrepancy_critical,35,95,1,0.05633401682161893,0.05633401682161893
low_discrepancy_critical,35,98,2,0.12809929413347587,0.04491461733795381
low_discrepancy_critical,35,100,1,0.3741430754134623,0.3741430754134623
low_discrepancy_critical,35,103,2,0.5850719340834819,0.38868713996079207
low_discrepancy_critical,35,105,1,0.17921078534595447,0.17921078534595447
low_discrepancy_critical,35,108,2,0.48882829354263896,0.23550042100807778
low_discrepancy_critical,35,110,1,0.5710720117739352,0.5710720117739352
low_discrepancy_critical,35,113,2,0.5368823930538076,0.1529095734788587
low_discrepancy_critical,35,115,1,0.758429699074742,0.758429699074742
low_discrepancy_critical,35,118,2,0.6724008835104566,0.6867958875546849
low_discrepancy_critical,35,120,1,0.535626435190082,0.535626435190082
low_discrepancy_critical,35,123,2,0.6383431017981473,0.2180256664684153
low_discrepancy_critical,35,125,1,0.054695199168312315,0.054695199168312315
low_discrepancy_critical,35,128,2,0.5021336333187544,0.10484898378042502
low_discrepancy_critical,35,130,1,0.3960359242541029,0.3960359242541029
low_discrepancy_critical,35,133,2,0.2986744926739355,0.7165717405214108
low_discrepancy_critical,35,135,1,0.09233851794577831,0.09233851794577831
low_discrepancy_critical,35,138,2,0.5937670677791518,0.6154031868087532
low_discrepancy_critical,35,140,1,0.804981930163456,0.804981930163456
low_discrepancy_critical,35,143,2,0.7422686565400161,0.6400664497309908
low_discrepancy_critical,35,145,1,0.2034890421773503,0.2034890421773503
low_discrepancy_critical,35,148,2,0.3215505421799207,0.08117547081366797
low_discrepancy_critical,35,150,1,0.0,0.0
low_discrepancy_critical,35,153,2,0.1723273176737349,0.22468241332547081
low_discrepancy_critical,35,155,1,1.1121313668617292,1.1121313668617292
low_discrepancy_critical,35,158,2,0.09698040989456173,0.36488620782052295
low_discrepancy_critical,35,160,1,0.018088235574610034,0.018088235574610034
low_discrepancy_critical,35,163,2,0.9396569628883099,1.1109185730135978
low_discrepancy_critical,35,165,1,0.028579831006480205,0.028579831006480205
low_discrepancy_critical,35,168,2,0.31847719541309205,0.312720972070043
low_discrepancy_critical,35,170,1,0.32419953350368214,0.32419953350368214
low_discrepancy_critical,35,173,2,0.5840855852156621,0.42749433117065383
low_discrepancy_critical,35,175,1,0.6929304075308661,0.6929304075308661
low_discrepancy_critical,35,178,2,0.1727490992120663,0.22883480738121353
low_discrepancy_critical,35,180,1,0.03964090507416883,0.03964090507416883
low_discrepancy_critical,35,183,2,0.0733764282963261,0.0873195690479742
low_discrepancy_critical,35,185,1,0.24257274294854297,0.24257274294854297
low_discrepancy_critical,35,188,2,0.07280821605146125,0.20827733377105737
low_discrepancy_critical,35,190,1,0.09845640931994193,0.09845640931994193
low_discrepancy_critical,35,193,2,0.34907150910641366,0.30708145927328956
low_discrepancy_critical,35,195,1,0.21639420466267237,0.21639420466267237
low_discrepancy_critical,35,198,2,1.071744967086311,1.2093177040156555
low_discrepancy_critical,35,200,1,0.4309590675567982,0.4309590675567982
low_discrepancy_critical,35,203,2,0.5618445301023884,0.824514937732233
low_discrepancy_critical,35,205,1,0.30829890590920245,0.30829890590920245
low_discrepancy_critical,35,208,2,0.0022452106238235836,0.0015042016319199991
low_discrepancy_critical,35,210,1,0.5477510306939226,0.5477510306939226
low_discrepancy_critical,35,213,2,0.32465231177304665,0.2474069797581045
low_discrepancy_critical,35,215,1,0.17619598285695878,0.17619598285695878
low_discrepancy_critical,35,218,2,0.22400421865111533,0.4455076236894879
low_discrepancy_critical,36,3,2,0.3926958167624671,0.236808414827563
low_discrepancy_critical,36,5,1,0.39961555240001595,0.39961555240001595
low_discrepancy_critical,36,8,2,0.5565559806402353,0.1499157652237095
low_discrepancy_critical,36,10,1,0.2581344987848142,0.2581344987848142
low_discrepancy_critical,36,13,2,0.5908060828691607,0.2922886978467766
low_discrepancy_critical,36,15,1,0.10810171214669925,0.10810171214669925
low_discrepancy_critical,36,18,2,0.5847012026597753,0.1769111230252131
low_discrepancy_critical,36,20,1,0.5616936195951734,0.5616936195951734
low_discrepancy_critical,36,23,2,0.5695891370127804,0.49447337067312996
low_discrepancy_critical,36,25,1,0.22716816513731936,0.22716816513731936
low_discrepancy_critical,36,28,2,0.561544550826968,0.2411821432837612
low_discrepancy_critical,36,30,1,0.18674758954523696,0.18674758954523696
low_discrepancy_critical,36,33,2,0.615360412587835,0.36059142437915087
low_discrepancy_critical,36,35,1,0.5888632123426452,0.5888632123426452
low_discrepancy_critical,36,38,2,0.2623299183203261,0.31600428032503536
low_discrepancy_critical,36,40,1,0.38273057170224883,0.38273057170224883
low_discrepancy_critical,36,43,2,0.17829041878620017,0.41603527098245835
low_discrepancy_critical,36,45,1,0.2652097047742361,0.2652097047742361
low_discrepancy_critical,36,48,2,0.2581720104516017,0.1984513803411632
low_discrepancy_critical,36,50,1,0.2274399304109636,0.2274399304109636
low_discrepancy_critical,36,53,2,0.5509432924342845,0.3004716460737652
low_discrepancy_critical,36,55,1,0.29967156957656405,0.29967156957656405
low_discrepancy_critical,36,58,2,0.5948908859874861,0.14014619506428624
low_discrepancy_critical,36,60,1,0.1395256004432843,0.1395256004432843
low_discrepancy_critical,36,63,2,0.3799025937192189,0.5099957413276559
low_discrepancy_critical,36,65,1,0.4061789720638308,0.4061789720638308
low_discrepancy_critical,36,68,2,0.5652313777054538,0.23985160615200196
low_discrepancy_critical,36,70,1,0.39344967911953765,0.39344967911953765
low_discrepancy_critical,36,73,2,0.9070552550702934,1.0272033770028453
low_discrepancy_critical,36,75,1,0.3651368918995931,0.3651368918995931
low_discrepancy_critical,36,78,2,0.6072970163520053,0.28853038340503423
low_discrepancy_critical,36,80,1,0.1414570435055123,0.1414570435055123
low_discrepancy_critical,37,3,2,0.2206934442723325,0.25530477763420334
low_discrepancy_critical,37,5,1,0.4152718332571875,0.4152718332571875
low_discrepancy_critical,37,8,2,0.5704082990369991,0.32922192780251325
low_discrepancy_critical,37,10,1,0.12295679371706653,0.12295679371706653
low_discrepancy_critical,37,13,2,0.5700611711635355,0.19424379666249486
low_discrepancy_critical,37,15,1,0.1401644264899187,0.1401644264899187
low_discrepancy_critical,37,18,2,0.589090595499826,0.32965856601534205
low_discrepancy_critical,37,20,1,0.10239698533919175,0.10239698533919175
low_discrepancy_critical,37,23,2,0.5154814489993179,0.09355825440618837
low_discrepancy_critical,37,25,1,0.16211016893560407,0.16211016893560407
low_discrepancy_critical,37,28,2,0.4640633957635922,0.1151223124635512
low_discrepancy_critical,37,30,1,0.26890676271279607,0.26890676271279607
low_discrepancy_critical,37,33,2,0.7673056581243005,0.7994959111753651
low_discrepancy_critical,37,35,1,0.47749470727758675,0.47749470727758675
low_discrepancy_critical,37,38,2,0.5750059999650787,0.13231187960507845
low_discrepancy_critical,37,40,1,0.14117937838028877,0.14117937838028877
low_discrepancy_critical,37,43,2,0.6602418439902086,0.19255325232755374
low_discrepancy_critical,37,45,1,0.09699773521662407,0.09699773521662407
low_discrepancy_critical,37,48,2,0.4696235798213944,0.39363738856056946
low_discrepancy_critical,37,50,1,0.19620746081685925,0.19620746081685925
low_discrepancy_critical,37,53,2,0.16303523163716122,0.49684728913218457
low_discrepancy_critical,37,55,1,0.3444062977474651,0.3444062977474651
low_discrepancy_critical,37,58,2,0.17870355036595825,0.25715814642886464
low_discrepancy_critical,37,60,1,0.04276153983337916,0.04276153983337916
low_discrepancy_critical,37,63,2,0.07438582024556176,0.1038692287094515
low_discrepancy_critical,37,65,1,0.16833989843111197,0.16833989843111197
low_discrepancy_critical,37,68,2,0.6294035420334088,0.5340663110749929
low_discrepancy_critical,37,70,1,0.2677737269266787,0.2677737269266787
low_discrepancy_critical,37,73,2,0.4325719418554604,0.24558348168866817
low_discrepancy_critical,37,75,1,0.25634668555954915,0.25634668555954915
low_discrepancy_critical,37,78,2,0.3968300435388622,0.2897017202298415
low_discrepancy_critical,37,80,1,0.3023535298219965,0.3023535298219965
low_discrepancy_critical,37,83,2,0.44586368632928514,0.16520943758593415
low_discrepancy_critical,37,85,1,0.2759902956845344,0.2759902956845344
low_discrepancy_critical,37,88,2,0.671629028803947,0.5322770164436272
low_discrepancy_critical,37,90,1,0.43096230663528173,0.43096230663528173
low_discrepancy_critical,37,93,2,0.7196457483160079,0.704345350008231
low_discrepancy_critical,37,95,1,0.34665850982376284,0.34665850982376284
low_discrepancy_critical,37,98,2,0.7279676310518879,0.3997730287025178
low_discrepancy_critical,37,100,1,0.08732593369458955,0.08732593369458955
low_discrepancy_critical,38,3,2,0.07610671736779977,0.14161173308415947
low_discrepancy_critical,38,5,1,0.12191026066981397,0.12191026066981397
low_discrepancy_critical,38,8,2,0.41168006832117215,0.3901175384073413
low_discrepancy_critical,38,10,1,0.6266689372001714,0.6266689372001714
low_discrepancy_critical,38,13,2,0.49657055738357525,0.2466599740157783
low_discrepancy_critical,38,15,1,0.08494908264048859,0.08494908264048859
low_discrepancy_critical,38,18,2,0.4946973745983279,0.09666012412102544
low_discrepancy_critical,38,20,1,0.1706125126326231,0.1706125126326231
low_discrepancy_critical,38,23,2,0.6597916144713111,0.46597329799498594
low_discrepancy_critical,38,25,1,0.4612637326924877,0.4612637326924877
low_discrepancy_critical,38,28,2,0.5745991952579657,0.3567273626575788
low_discrepancy_critical,38,30,1,0.24925518837072635,0.24925518837072635
low_discrepancy_critical,38,33,2,0.48407062377489984,0.23315870931407442
low_discrepancy_critical,38,35,1,0.07956030961071417,0.07956030961071417
low_discrepancy_critical,38,38,2,0.6245357619155865,0.5046582484432961
low_discrepancy_critical,38,40,1,0.36504595855313327,0.36504595855313327
low_discrepancy_critical,38,43,2,0.516474179694362,0.20231939914032118
low_discrepancy_critical,38,45,1,0.2545027058520187,0.2545027058520187
low_discrepancy_critical,38,48,2,0.271876478592732,0.6708253934664823
low_discrepancy_critical,38,50,1,0.07331932759752446,0.07331932759752446
low_discrepancy_critical,38,53,2,0.1264335014507429,0.19629719808361523
low_discrepancy_critical,38,55,1,0.22847255364006577,0.22847255364006577
low_discrepancy_critical,38,58,2,0.1273515321373218,0.0
low_discrepancy_critical,38,60,1,0.15890125444217185,0.15890125444217185
low_discrepancy_critical,38,63,2,0.3280405439047954,0.20826909802904164
low_discrepancy_critical,38,65,1,0.2925448620377655,0.2925448620377655
low_discrepancy_critical,38,68,2,0.6078261096692986,0.27765451911394606
low_discrepancy_critical,38,70,1,0.14992139902577745,0.14992139902577745
low_discrepancy_critical,38,73,2,0.6112639384583202,0.3479553030188737
low_discrepancy_critical,38,75,1,0.13260776431465865,0.13260776431465865
low_discrepancy_critical,38,78,2,0.5395884287304445,0.4500827545377061
low_discrepancy_critical,38,80,1,0.6465424463383372,0.6465424463383372
low_discrepancy_critical,38,83,2,0.7699503970919945,0.8761356432837785
low_discrepancy_critical,38,85,1,0.09096821999914972,0.09096821999914972
low_discrepancy_critical,38,88,2,0.8609243986089243,0.7414574528354421
low_discrepancy_critical,38,90,1,0.006710335242861079,0.006710335242861079
low_discrepancy_critical,38,93,2,0.5415352822198526,0.09536519348003213
low_discrepancy_critical,39,3,2,0.5760689154294435,0.2546386313799389
low_discrepancy_critical,39,5,1,0.2382856614896591,0.2382856614896591
low_discrepancy_critical,39,8,2,0.5582988377047904,0.13636897444855547
low_discrepancy_critical,39,10,1,0.028085367392274508,0.028085367392274508
low_discrepancy_critical,39,13,2,0.7269272217289411,0.49338566987429505
low_discrepancy_critical,39,15,1,0.45498776235251964,0.45498776235251964
low_discrepancy_critical,39,18,2,0.6691078832846058,0.3629886622145243
low_discrepancy_critical,39,20,1,0.1944836831238506,0.1944836831238506
low_discrepancy_critical,39,23,2,0.4802788675574792,0.2466383128719412
low_discrepancy_critical,39,25,1,0.2962158638752109,0.2962158638752109
low_discrepancy_critical,39,28,2,0.4677732482631957,0.05475095524284648
low_discrepancy_critical,39,30,1,0.6432780466050064,0.6432780466050064
low_discrepancy_critical,39,33,2,0.6571246700770245,0.2096834234170466
low_discrepancy_critical,39,35,1,0.1120371329621683,0.1120371329621683
low_discrepancy_critical,39,38,2,0.20418697070342565,0.7123947019912996
low_discrepancy_critical,39,40,1,0.20437565724270518,0.20437565724270518
low_discrepancy_critical,39,43,2,0.47815999703266515,0.787065667848623
low_discrepancy_critical,39,45,1,0.11666690048311168,0.11666690048311168
low_discrepancy_critical,39,48,2,0.2885937855890533,0.2632994767677169
low_discrepancy_critical,39,50,1,0.08360917091955754,0.08360917091955754
low_discrepancy_critical,39,53,2,0.7072152372306126,0.5362740537463418
low_discrepancy_critical,39,55,1,0.06802471822161207,0.06802471822161207
low_discrepancy_critical,39,58,2,0.5768326856437714,0.17495789527909916
low_discrepancy_critical,39,60,1,0.13330559392819866,0.13330559392819866
low_discrepancy_critical,39,63,2,0.4893499853545881,0.4162163583001146
low_discrepancy_critical,39,65,1,0.0,0.0
low_discrepancy_critical,39,68,2,0.5430767923811155,0.40232277396709676
low_discrepancy_critical,39,70,1,0.0,0.0
low_discrepancy_critical,39,73,2,0.7365116718168541,0.7124272726634808
low_discrepancy_critical,39,75,1,0.5263458072816047,0.5263458072816047
low_discrepancy_critical,39,78,2,0.8675870962407891,0.9007695060914519
low_discrepancy_critical,39,80,1,0.13686050272257844,0.13686050272257844
low_discrepancy_critical,39,83,2,0.5796080263671103,0.09722188914829574
low_discrepancy_critical,39,85,1,0.09590053743546566,0.09590053743546566
low_discrepancy_critical,39,88,2,0.5016559437702524,0.4131523756705508
low_discrepancy_critical,40,3,2,0.2534001601696831,0.258848929514406
low_discrepancy_critical,40,5,1,0.5641500556277502,0.5641500556277502
low_discrepancy_critical,40,8,2,0.6357369294974851,0.2516556083329023
low_discrepancy_critical,40,10,1,0.13547699328662022,0.13547699328662022
low_discrepancy_critical,40,13,2,0.5327735723837963,0.1130614676112793
low_discrepancy_critical,40,15,1,0.03164272137755574,0.03164272137755574
low_discrepancy_critical,40,18,2,0.5077908218884508,0.13526426983575576
low_discrepancy_critical,40,20,1,0.1114565512419397,0.1114565512419397
low_discrepancy_critical,40,23,2,0.691087454612695,0.4030052366728756
low_discrepancy_critical,40,25,1,0.500770851904873,0.500770851904873
low_discrepancy_critical,40,28,2,0.5581849526966229,0.610278167923537
low_discrepancy_critical,40,30,1,0.197651152983986,0.197651152983986
low_discrepancy_critical,40,33,2,0.5143845102399323,0.13861172661427493
low_discrepancy_critical,40,35,1,0.3054332925263827,0.3054332925263827
low_discrepancy_critical,40,38,2,0.6494052696714097,0.4395883794206699
low_discrepancy_critical,40,40,1,0.15060364589038355,0.15060364589038355
low_discrepancy_critical,40,43,2,0.5904536451603017,0.20322956583330026
low_discrepancy_critical,40,45,1,0.38745637207667244,0.38745637207667244
low_discrepancy_critical,40,48,2,0.37668289184752385,0.7225166090839628
low_discrepancy_critical,40,50,1,0.38942126622812584,0.38942126622812584
low_discrepancy_critical,40,53,2,0.16698529914477642,0.16846490917168025
low_discrepancy_critical,40,55,1,0.5052778398910417,0.5052778398910417
low_discrepancy_critical,40,58,2,0.5327911004552288,0.21979859419004577
low_discrepancy_critical,40,60,1,0.0,0.0
low_discrepancy_critical,40,63,2,0.57145395877986,0.23476932334351605
low_discrepancy_critical,40,65,1,0.18349420830030452,0.18349420830030452
low_discrepancy_critical,40,68,2,0.5294215717855376,0.4097296254641317
low_discrepancy_critical,40,70,1,0.43209966499033925,0.43209966499033925
low_discrepancy_critical,40,73,2,0.5778438467267389,0.5521058831535705
low_discrepancy_critical,40,75,1,0.43946603077890306,0.43946603077890306
low_discrepancy_critical,40,78,2,0.6313894616441025,0.47426069073886434
low_discrepancy_critical,40,80,1,0.45930081424384683,0.45930081424384683
low_discrepancy_critical,40,83,2,0.5235202434831346,0.15220485351027832
low_discrepancy_critical,40,85,1,0.7194369888584348,0.7194369888584348
low_discrepancy_critical,41,3,2,0.5573286613417718,0.09064567612387985
low_discrepancy_critical,41,5,1,0.03714189211521251,0.03714189211521251
low_discrepancy_critical,41,8,2,0.5410148579775361,0.06685329079065634
low_discrepancy_critical,41,10,1,0.1501309701813166,0.1501309701813166
low_discrepancy_critical,41,13,2,0.5989226884322314,0.426772316920453
low_discrepancy_critical,41,15,1,0.13773182720315277,0.13773182720315277
low_discrepancy_critical,41,18,2,0.6752023476568811,0.5820521800779564
low_discrepancy_critical,41,20,1,0.23795526224379748,0.23795526224379748
low_discrepancy_critical,41,23,2,0.4949282653477036,0.32043708760335693
low_discrepancy_critical,41,25,1,0.2595414993655681,0.2595414993655681
low_discrepancy_critical,41,28,2,0.6178951985901182,0.27876204813471767
low_discrepancy_critical,41,30,1,0.13729038646034594,0.13729038646034594
low_discrepancy_critical,41,33,2,0.7285002040629622,0.6346778944098906
low_discrepancy_critical,41,35,1,0.08466938558329529,0.08466938558329529
low_discrepancy_critical,41,38,2,0.29786512963504985,0.7855889823905797
low_discrepancy_critical,41,40,1,0.2549104441315307,0.2549104441315307
low_discrepancy_critical,41,43,2,0.13154820519412172,0.16484085277503085
low_discrepancy_critical,41,45,1,0.16850016485730052,0.16850016485730052
low_discrepancy_critical,41,48,2,0.20872742825172516,0.13747157685814426
low_discrepancy_critical,41,50,1,0.13200689344867314,0.13200689344867314
low_discrepancy_critical,41,53,2,0.23821805322969317,0.07835531089909115
low_discrepancy_critical,41,55,1,0.32906461910977436,0.32906461910977436
low_discrepancy_critical,41,58,2,0.5253110754995322,0.1893286309614433
low_discrepancy_critical,41,60,1,0.1594809502053326,0.1594809502053326
low_discrepancy_critical,41,63,2,0.46252257723391677,0.25316247698889016
low_discrepancy_critical,41,65,1,0.15408275164836094,0.15408275164836094
low_discrepancy_critical,41,68,2,0.42758134140998394,0.12356944159944276
low_discrepancy_critical,41,70,1,0.0980904152328549,0.0980904152328549
low_discrepancy_critical,41,73,2,0.9228176563664882,1.0345789652461146
low_discrepancy_critical,41,75,1,0.16343870496617,0.16343870496617
low_discrepancy_critical,41,78,2,0.89720662558128,0.9836093977544169
low_discrepancy_critical,41,80,1,0.44210382675129944,0.44210382675129944
low_discrepancy_critical,41,83,2,0.5322770777657096,0.064821989672448
low_discrepancy_critical,41,85,1,0.20626070279847242,0.20626070279847242
low_discrepancy_critical,42,3,2,0.6596223914747705,0.41810247336907
low_discrepancy_critical,42,5,1,0.14106516856014462,0.14106516856014462
low_discrepancy_critical,42,8,2,0.4225412410679193,0.22806951994703625
low_discrepancy_critical,42,10,1,0.3286862579161598,0.3286862579161598
low_discrepancy_critical,42,13,2,0.558372439227482,0.0602327396245928
low_discrepancy_critical,42,15,1,0.0030084032638399982,0.0030084032638399982
low_discrepancy_critical,42,18,2,0.5210182955933368,0.06142607501656148
low_discrepancy_critical,42,20,1,0.18896489881321746,0.18896489881321746
low_discrepancy_critical,42,23,2,0.6152623475315162,0.3989146392059609
low_discrepancy_critical,42,25,1,0.520344130335284,0.520344130335284
low_discrepancy_critical,42,28,2,0.5909648515940192,0.6353572992954571
low_discrepancy_critical,42,30,1,0.47643168792679824,0.47643168792679824
low_discrepancy_critical,42,33,2,0.5867161736799755,0.16279655780311708
low_discrepancy_critical,42,35,1,0.07259884441366382,0.07259884441366382
low_discrepancy_critical,42,38,2,0.6320676137895492,0.13008069003687814
low_discrepancy_critical,42,40,1,0.3406999738052648,0.3406999738052648
low_discrepancy_critical,42,43,2,0.6504399725901339,0.374297644330179
low_discrepancy_critical,42,45,1,0.3253851778657411,0.3253851778657411
low_discrepancy_critical,42,48,2,0.17255481459285238,0.5120846010818944
low_discrepancy_critical,42,50,1,0.18608249434033652,0.18608249434033652
low_discrepancy_critical,42,53,2,0.16916528188865299,0.3743936685401485
low_discrepancy_critical,42,55,1,0.11258068360550832,0.11258068360550832
low_discrepancy_critical,42,58,2,0.2790135977009074,0.3376738154841012
low_discrepancy_critical,42,60,1,0.23282498753035744,0.23282498753035744
low_discrepancy_critical,42,63,2,0.5073574559692644,0.3653816647159784
low_discrepancy_critical,42,65,1,0.0,0.0
low_discrepancy_critical,42,68,2,0.5176958814909892,0.2106228881524492
low_discrepancy_critical,42,70,1,0.09805613336696328,0.09805613336696328
low_discrepancy_critical,42,73,2,0.6546066093104368,0.23057177568856227
low_discrepancy_critical,42,75,1,0.15716464002471683,0.15716464002471683
low_discrepancy_critical,42,78,2,0.4861209765072505,0.5241459250757231
low_discrepancy_critical,42,80,1,0.0,0.0
low_discrepancy_critical,42,83,2,0.5307400563986144,0.318465653660495
low_discrepancy_critical,42,85,1,0.0032749397955020355,0.0032749397955020355
low_discrepancy_critical,42,88,2,0.7162033526886135,0.6386503194281732
low_discrepancy_critical,42,90,1,0.6299966304951286,0.6299966304951286
low_discrepancy_critical,42,93,2,1.0482061971488,1.2333790676888496
low_discrepancy_critical,42,95,1,0.22276710906800506,0.22276710906800506
low_discrepancy_critical,42,98,2,0.595396147354377,0.22397310697968428
low_discrepancy_critical,42,100,1,0.23545175749564048,0.23545175749564048
low_discrepancy_critical,42,103,2,0.6049027032831268,0.07037877985499708
low_discrepancy_critical,42,105,1,0.0,0.0
low_discrepancy_critical,42,108,2,0.3877419419661737,0.8512384489338958
low_discrepancy_critical,42,110,1,0.48517607353491576,0.48517607353491576
low_discrepancy_critical,42,113,2,0.3904700521657062,0.5688072956720236
low_discrepancy_critical,42,115,1,0.5022167847765415,0.5022167847765415
low_discrepancy_critical,42,118,2,0.7945177049190819,0.5358858554714481
low_discrepancy_critical,42,120,1,0.4037938544674585,0.4037938544674585
low_discrepancy_critical,42,123,2,0.21698522770946324,0.5875986492109525
low_discrepancy_critical,42,125,1,0.9006598879664077,0.9006598879664077
low_discrepancy_critical,42,128,2,0.6743971753820355,0.21679670788610647
low_discrepancy_critical,42,130,1,0.36903149622446496,0.36903149622446496
low_discrepancy_critical,42,133,2,0.6115101956232372,0.28861284610767035
low_discrepancy_critical,42,135,1,0.8576799844214077,0.8576799844214077
low_discrepancy_critical,42,138,2,0.13445408308003937,0.12004596985675495
low_discrepancy_critical,42,140,1,0.0,0.0
low_discrepancy_critical,42,143,2,0.422397198448961,0.33416477827939955
low_discrepancy_critical,42,145,1,0.5057734184289097,0.5057734184289097
low_discrepancy_critical,43,3,2,0.5094919552629936,0.5156120899645276
low_discrepancy_critical,43,5,1,0.5703661529367808,0.5703661529367808
low_discrepancy_critical,43,8,2,0.5445680624606548,0.09779444371678718
low_discrepancy_critical,43,10,1,0.053070724468671435,0.053070724468671435
low_discrepancy_critical,43,13,2,0.516139751613743,0.08577017749610273
low_discrepancy_critical,43,15,1,0.05159942935788479,0.05159942935788479
low_discrepancy_critical,43,18,2,0.6704735616539094,0.39129769934157027
low_discrepancy_critical,43,20,1,0.14593045082335293,0.14593045082335293
low_discrepancy_critical,43,23,2,0.7378544297507588,0.6485800556505013
low_discrepancy_critical,43,25,1,0.2468687956822443,0.2468687956822443
low_discrepancy_critical,43,28,2,0.5367077175087593,0.43247762349529606
low_discrepancy_critical,43,30,1,0.08442633325277211,0.08442633325277211
low_discrepancy_critical,43,33,2,0.579815466563187,0.293960824104042
low_discrepancy_critical,43,35,1,0.024498460399760336,0.024498460399760336
low_discrepancy_critical,43,38,2,0.7324197307943142,0.3988856428431389
low_discrepancy_critical,43,40,1,0.11486956594569749,0.11486956594569749
low_discrepancy_critical,43,43,2,0.5854148693560184,0.0776269963262186
low_discrepancy_critical,43,45,1,0.0,0.0
low_discrepancy_critical,43,48,2,0.08835794981576335,0.6041749341476257
low_discrepancy_critical,43,50,1,0.48133992511049056,0.48133992511049056
low_discrepancy_critical,43,53,2,0.2088929439136721,0.2638837337491858
low_discrepancy_critical,43,55,1,0.0,0.0
low_discrepancy_critical,43,58,2,0.2526689917978447,0.2406284162797973
low_discrepancy_critical,43,60,1,0.333247197056744,0.333247197056744
low_discrepancy_critical,43,63,2,0.6066478920795232,0.36939101455418133
low_discrepancy_critical,43,65,1,0.12566897676006225,0.12566897676006225
low_discrepancy_critical,43,68,2,0.5948412592113109,0.18733398024253836
low_discrepancy_critical,43,70,1,0.3315595663715686,0.3315595663715686
low_discrepancy_critical,43,73,2,0.38502386035923525,0.18781089120386335
low_discrepancy_critical,43,75,1,0.16455128077143097,0.16455128077143097
low_discrepancy_critical,43,78,2,0.49957301364754003,0.4950558853813812
low_discrepancy_critical,43,80,1,0.8500291461017149,0.8500291461017149
low_discrepancy_critical,43,83,2,0.6757563556471224,0.7718750113464096
low_discrepancy_critical,43,85,1,0.4432945566038626,0.4432945566038626
low_discrepancy_critical,43,88,2,0.5594972095080994,0.13609797193306988
low_discrepancy_critical,43,90,1,0.21982325536247696,0.21982325536247696
low_discrepancy_critical,44,3,2,0.5946970812049299,0.21489047624236834
low_discrepancy_critical,44,5,1,0.1840855036857506,0.1840855036857506
low_discrepancy_critical,44,8,2,0.5671392396583158,0.28530416644303047
low_discrepancy_critical,44,10,1,0.25881652710558395,0.25881652710558395
low_discrepancy_critical,44,13,2,0.7899710500293118,0.6114658244613058
low_discrepancy_critical,44,15,1,0.3427197662615174,0.3427197662615174
low_discrepancy_critical,44,18,2,0.5998948373743129,0.4221994193276957
low_discrepancy_critical,44,20,1,0.10420589197968981,0.10420589197968981
low_discrepancy_critical,44,23,2,0.6378838186516226,0.5283228525732739
low_discrepancy_critical,44,25,1,0.10346764759810986,0.10346764759810986
low_discrepancy_critical,44,28,2,0.5094441987818726,0.107336281840605
low_discrepancy_critical,44,30,1,0.05635329494500145,0.05635329494500145
low_discrepancy_critical,44,33,2,0.5862743445318429,0.5937063403255031
low_discrepancy_critical,44,35,1,0.17830997757710865,0.17830997757710865
low_discrepancy_critical,44,38,2,0.42053781032322335,0.8265739020320436
low_discrepancy_critical,44,40,1,0.1826518348419744,0.1826518348419744
low_discrepancy_critical,44,43,2,0.06233660800968158,0.04469410849523354
low_discrepancy_critical,44,45,1,0.1690369145324686,0.1690369145324686
low_discrepancy_critical,44,48,2,0.2591788293742196,0.23992730071924556
low_discrepancy_critical,44,50,1,0.16352270689483486,0.16352270689483486
low_discrepancy_critical,44,53,2,0.478304659383649,0.38183900619045713
low_discrepancy_critical,44,55,1,0.2588690029049031,0.2588690029049031
low_discrepancy_critical,44,58,2,0.787768623797004,0.5586988543236948
low_discrepancy_critical,44,60,1,0.09792541273804464,0.09792541273804464
low_discrepancy_critical,44,63,2,0.6327877444980302,0.28678166518384723
low_discrepancy_critical,44,65,1,0.4994609248715182,0.4994609248715182
low_discrepancy_critical,44,68,2,0.588447124846372,0.4659220791690681
low_discrepancy_critical,44,70,1,0.3774299089918895,0.3774299089918895
low_discrepancy_critical,44,73,2,0.9046799726158887,1.1015779230314815
low_discrepancy_critical,44,75,1,0.2720644475009712,0.2720644475009712
low_discrepancy_critical,44,78,2,0.6169206590194923,0.3004487106148129
low_discrepancy_critical,44,80,1,0.15414921712349605,0.15414921712349605
low_discrepancy_critical,44,83,2,0.6468474644254836,0.25213819534032084
low_discrepancy_critical,45,3,2,0.46775570445998943,0.18329211542633184
low_discrepancy_critical,45,5,1,0.37085596123803505,0.37085596123803505
low_discrepancy_critical,45,8,2,0.5182282137781534,0.13214669654387085
low_discrepancy_critical,45,10,1,0.09924673817621782,0.09924673817621782
low_discrepancy_critical,45,13,2,0.5603379006039917,0.14471960728189562
low_discrepancy_critical,45,15,1,0.23112363983501272,0.23112363983501272
low_discrepancy_critical,45,18,2,0.7676916701409142,0.8814936729926154
low_discrepancy_critical,45,20,1,0.40248802014653007,0.40248802014653007
low_discrepancy_critical,45,23,2,0.5366641471151694,0.09441495922865084
low_discrepancy_critical,45,25,1,0.16004142003479427,0.16004142003479427
low_discrepancy_critical,45,28,2,0.5103475312802845,0.2908053727033297
low_discrepancy_critical,45,30,1,0.039742640350260115,0.039742640350260115
low_discrepancy_critical,45,33,2,0.7900528233267083,0.6693285492761454
low_discrepancy_critical,45,35,1,0.16930984396406645,0.16930984396406645
low_discrepancy_critical,45,38,2,0.34348600502212234,0.36844043662306813
low_discrepancy_critical,45,40,1,0.9290191467604859,0.9290191467604859
low_discrepancy_critical,45,43,2,0.15846129184252997,0.19577200366130812
low_discrepancy_critical,45,45,1,0.0,0.0
low_discrepancy_critical,45,48,2,0.10111922102002534,0.13771562483317476
low_discrepancy_critical,45,50,1,0.0,0.0
low_discrepancy_critical,45,53,2,0.4295527341412249,0.4137044169541163
low_discrepancy_critical,45,55,1,0.0,0.0
low_discrepancy_critical,45,58,2,0.226389206577066,0.0
low_discrepancy_critical,45,60,1,0.0,0.0
low_discrepancy_critical,45,63,2,0.4321572538943861,0.23654099454490607
low_discrepancy_critical,45,65,1,0.6737570857530143,0.6737570857530143
low_discrepancy_critical,45,68,2,0.4558195356752444,0.031130946671795136
low_discrepancy_critical,45,70,1,1.3466097895371332,1.3466097895371332
low_discrepancy_critical,45,73,2,0.41976078118394494,0.23644066923413784
low_discrepancy_critical,45,75,1,1.1509361955309143,1.1509361955309143
low_discrepancy_critical,45,78,2,0.8609961215119238,0.7509516760630753
low_discrepancy_critical,46,3,2,0.2087954271110803,0.2794677443932768
low_discrepancy_critical,46,5,1,0.0,0.0
low_discrepancy_critical,46,8,2,0.5977500608105394,0.5426475656878036
low_discrepancy_critical,46,10,1,0.44337377175262643,0.44337377175262643
low_discrepancy_critical,46,13,2,0.5368832183367325,0.12484241681846282
low_discrepancy_critical,46,15,1,0.08132248770302285,0.08132248770302285
low_discrepancy_critical,46,18,2,0.5404731005581063,0.06729781665763576
low_discrepancy_critical,46,20,1,0.06778652746435064,0.06778652746435064
low_discrepancy_critical,46,23,2,0.7630891440269474,0.615761261620224
low_discrepancy_critical,46,25,1,0.4114657457998885,0.4114657457998885
low_discrepancy_critical,46,28,2,0.5386564240766898,0.5173241581898856
low_discrepancy_critical,46,30,1,0.14235392440232722,0.14235392440232722
low_discrepancy_critical,46,33,2,0.6706033452241758,0.7065124290774093
low_discrepancy_critical,46,35,1,0.4842115859625714,0.4842115859625714
low_discrepancy_critical,46,38,2,0.5458805464271382,0.15899827307751938
low_discrepancy_critical,46,40,1,0.1963941656113501,0.1963941656113501
low_discrepancy_critical,46,43,2,0.3840506193072998,0.5856265358327684
low_discrepancy_critical,46,45,1,0.3457048988993921,0.3457048988993921
low_discrepancy_critical,46,48,2,0.37715483713436204,0.7205413093929329
low_discrepancy_critical,46,50,1,0.1653146644075036,0.1653146644075036
low_discrepancy_critical,46,53,2,0.43638297067107984,0.435954594235654
low_discrepancy_critical,46,55,1,0.11541834680386247,0.11541834680386247
low_discrepancy_critical,46,58,2,0.43092818592130644,0.17452091067648517
low_discrepancy_critical,46,60,1,0.4051562059957274,0.4051562059957274
low_discrepancy_critical,46,63,2,0.4768760442070782,0.0362684019735102
low_discrepancy_critical,46,65,1,0.30954554462970735,0.30954554462970735
low_discrepancy_critical,46,68,2,0.4441438356871897,0.4134513103808294
low_discrepancy_critical,46,70,1,0.23214296662118294,0.23214296662118294
low_discrepancy_critical,46,73,2,0.7853840694207702,0.770153415723797
low_discrepancy_critical,46,75,1,0.13494747686406253,0.13494747686406253
low_discrepancy_critical,46,78,2,0.8080034379414417,0.9591539028552133
low_discrepancy_critical,46,80,1,0.4442133864584873,0.4442133864584873
low_discrepancy_critical,46,83,2,0.6529458120903802,0.25097198435669615
low_discrepancy_critical,46,85,1,0.0,0.0
low_discrepancy_critical,47,3,2,0.19938667314672423,0.15577967805530005
low_discrepancy_critical,47,5,1,0.15577967805530005,0.15577967805530005
low_discrepancy_critical,47,8,2,0.783386665468482,0.7552259869288688
low_discrepancy_critical,47,10,1,0.21842380637869832,0.21842380637869832
low_discrepancy_critical,47,13,2,0.6347644335680419,0.40176029895590365
low_discrepancy_critical,47,15,1,0.11794135229163621,0.11794135229163621
low_discrepancy_critical,47,18,2,0.5427874314735706,0.07180704117721656
low_discrepancy_critical,47,20,1,0.057763008756057305,0.057763008756057305
low_discrepancy_critical,47,23,2,0.5128374056476869,0.19174341212920423
low_discrepancy_critical,47,25,1,0.37939190683115437,0.37939190683115437
low_discrepancy_critical,47,28,2,0.5294390397405649,0.2522392103709371
low_discrepancy_critical,47,30,1,0.7446597061117852,0.7446597061117852
low_discrepancy_critical,47,33,2,0.4955466046304366,0.2148885435403694
low_discrepancy_critical,47,35,1,0.2073634389994139,0.2073634389994139
low_discrepancy_critical,47,38,2,0.4988504651568018,0.3273200322334096
low_discrepancy_critical,47,40,1,0.37791953524722016,0.37791953524722016
low_discrepancy_critical,47,43,2,0.7481608426839917,0.4170052802432487
low_discrepancy_critical,47,45,1,0.05682817560687111,0.05682817560687111
low_discrepancy_critical,47,48,2,0.6033430118671828,0.12952864709033154
low_discrepancy_critical,47,50,1,0.020175435732268925,0.020175435732268925
low_discrepancy_critical,47,53,2,0.47816840537243144,0.35538478319048344
low_discrepancy_critical,47,55,1,0.7255430968368554,0.7255430968368554
low_discrepancy_critical,47,58,2,0.3337932455568268,0.18715400088409714
low_discrepancy_critical,47,60,1,0.5604923646617046,0.5604923646617046
low_discrepancy_critical,47,63,2,0.04681653634301219,0.089127357570436
low_discrepancy_critical,47,65,1,0.2592107159924904,0.2592107159924904
low_discrepancy_critical,47,68,2,0.18685836148076088,0.07565731344348468
low_discrepancy_critical,47,70,1,0.04917647032176746,0.04917647032176746
low_discrepancy_critical,47,73,2,0.4080954809159854,0.26764553605990465
low_discrepancy_critical,47,75,1,0.41515057864975613,0.41515057864975613
low_discrepancy_critical,47,78,2,0.5320689435020931,0.4178863002986922
low_discrepancy_critical,47,80,1,0.15438649021029138,0.15438649021029138
low_discrepancy_critical,47,83,2,0.6552728672780456,0.5511405078692075
low_discrepancy_critical,47,85,1,0.0,0.0
low_discrepancy_critical,47,88,2,0.5687724599780282,0.32493273023062524
low_discrepancy_critical,47,90,1,0.5561178141881843,0.5561178141881843
low_discrepancy_critical,47,93,2,0.9994149950020317,1.1476874415495681
low_discrepancy_critical,47,95,1,0.2264536049388024,0.2264536049388024
low_discrepancy_critical,47,98,2,0.5864941894368294,0.08797346291633996
low_discrepancy_critical,47,100,1,0.17953635462285075,0.17953635462285075
low_discrepancy_critical,47,103,2,0.6815849910500001,0.2375879004297638
low_discrepancy_critical,47,105,1,0.23691294587902842,0.23691294587902842
low_discrepancy_critical,47,108,2,0.18409547744148458,0.6649234830784694
low_discrepancy_critical,47,110,1,0.22858353870460754,0.22858353870460754
low_discrepancy_critical,47,113,2,0.0817048987535498,0.11127609353212936
low_discrepancy_critical,47,115,1,0.21105781586343697,0.21105781586343697
low_discrepancy_critical,47,118,2,0.17175090182103375,0.21105781586343697
low_discrepancy_critical,47,120,1,0.0,0.0
low_discrepancy_critical,47,123,2,0.6217009104617777,0.6366184275484013
low_discrepancy_critical,47,125,1,0.10768677214164217,0.10768677214164217
low_discrepancy_critical,47,128,2,0.11406323358086232,0.4588640759559503
low_discrepancy_critical,47,130,1,1.1888520757351069,1.1888520757351069
low_discrepancy_critical,47,133,2,0.4502640309503387,0.15290325409325525
low_discrepancy_critical,47,135,1,0.3803305327010495,0.3803305327010495
low_discrepancy_critical,47,138,2,0.18851856830149327,0.1777702142693323
low_discrepancy_critical,47,140,1,0.9715287372026309,0.9715287372026309
low_discrepancy_critical,47,143,2,0.3601369275357485,0.1390475734064052
low_discrepancy_critical,47,145,1,0.21488249733549009,0.21488249733549009
low_discrepancy_critical,47,148,2,1.0964130497324407,1.3039622440829237
low_discrepancy_critical,47,150,1,0.07886559475113027,0.07886559475113027
low_discrepancy_critical,47,153,2,0.13708790894324946,0.3527291677048573
low_discrepancy_critical,47,155,1,0.17316380845670368,0.17316380845670368
low_discrepancy_critical,47,158,2,0.24511218777671068,0.1401083809486996
low_discrepancy_critical,47,160,1,0.06341176436227909,0.06341176436227909
low_discrepancy_critical,47,163,2,0.162289432333914,0.1563739523631982
low_discrepancy_critical,47,165,1,0.0015042016319200269,0.0015042016319200269
low_discrepancy_critical,47,168,2,0.22697556049512368,0.017301845490331137
low_discrepancy_critical,47,170,1,0.26376676114643427,0.26376676114643427
low_discrepancy_critical,47,173,2,0.11567214155278677,0.17184492929849293
low_discrepancy_critical,47,175,1,0.17070351099657105,0.17070351099657105
low_discrepancy_critical,47,178,2,0.23190960435122046,0.12544388634712356
low_discrepancy_critical,47,180,1,0.29690855911599495,0.29690855911599495
low_discrepancy_critical,47,183,2,0.9170368349152459,1.123298027882517
low_discrepancy_critical,47,185,1,0.17753865102396915,0.17753865102396915
low_discrepancy_critical,47,188,2,0.34607402267586707,0.6783242407247787
low_discrepancy_critical,47,190,1,0.0628416299675689,0.0628416299675689
low_discrepancy_critical,47,193,2,0.9373379845443318,0.9404429869995314
low_discrepancy_critical,47,195,1,1.7138935976196832,1.7138935976196832
low_discrepancy_critical,47,198,2,0.40584114569784324,0.7869101705526356
low_discrepancy_critical,47,200,1,0.14947165194829473,0.14947165194829473
low_discrepancy_critical,47,203,2,0.12284582813054436,0.14947165194829473
low_discrepancy_critical,47,205,1,0.0,0.0
low_discrepancy_critical,47,208,2,0.5214304408374958,0.5270858426375622
low_discrepancy_critical,47,210,1,0.0792396515467784,0.0792396515467784
low_discrepancy_critical,47,213,2,0.03857506232187588,0.31896535227802336
low_discrepancy_critical,47,215,1,1.1862998346794538,1.1862998346794538
low_discrepancy_critical,47,218,2,0.11730421997243426,0.5813875700143386
low_discrepancy_critical,48,3,2,0.825239259370347,0.8327098144439773
low_discrepancy_critical,48,5,1,0.2633453322760909,0.2633453322760909
low_discrepancy_critical,48,8,2,0.5226425977822926,0.17906186639944052
low_discrepancy_critical,48,10,1,0.1548530488569727,0.1548530488569727
low_discrepancy_critical,48,13,2,0.5060606019202961,0.1116390940629476
low_discrepancy_critical,48,15,1,0.3587950176038213,0.3587950176038213
low_discrepancy_critical,48,18,2,0.6509138100153511,0.30251513079394493
low_discrepancy_critical,48,20,1,0.3035285461384852,0.3035285461384852
low_discrepancy_critical,48,23,2,0.521552331643811,0.34140845181935525
low_discrepancy_critical,48,25,1,0.4372920572971567,0.4372920572971567
low_discrepancy_critical,48,28,2,0.6714780588971702,0.7135950284109569
low_discrepancy_critical,48,30,1,0.086654968126063,0.086654968126063
low_discrepancy_critical,48,33,2,0.6193550540446808,0.2750745958542007
low_discrepancy_critical,48,35,1,0.21346801241563493,0.21346801241563493
low_discrepancy_critical,48,38,2,0.2919242236588159,0.386894951491686
low_discrepancy_critical,48,40,1,0.2119948656829939,0.2119948656829939
low_discrepancy_critical,48,43,2,0.35119919028723356,0.6631968092069959
low_discrepancy_critical,48,45,1,0.014663865519504826,0.014663865519504826
low_discrepancy_critical,48,48,2,0.12587143273377555,0.11198144014329858
low_discrepancy_critical,48,50,1,0.19801625576230275,0.19801625576230275
low_discrepancy_critical,48,53,2,0.19055965163644187,0.1446145917710294
low_discrepancy_critical,48,55,1,0.3835974173710042,0.3835974173710042
low_discrepancy_critical,48,58,2,0.6171248407509996,0.3501257574241512
low_discrepancy_critical,48,60,1,0.1409213113498856,0.1409213113498856
low_discrepancy_critical,48,63,2,0.45640739065936303,0.31284503489557297
low_discrepancy_critical,48,65,1,0.11286489243905731,0.11286489243905731
low_discrepancy_critical,48,68,2,0.4766198919460689,0.05816064471651396
low_discrepancy_critical,48,70,1,0.5469246597580658,0.5469246597580658
low_discrepancy_critical,48,73,2,0.4947409767936553,0.6791604366808943
low_discrepancy_critical,48,75,1,0.3066778894715035,0.3066778894715035
low_discrepancy_critical,48,78,2,0.6796192955852647,0.5643434943860464
low_discrepancy_critical,48,80,1,0.43892171825891135,0.43892171825891135
low_discrepancy_critical,48,83,2,0.6423452160013254,0.25320467494920973
low_discrepancy_critical,48,85,1,0.06593838181723351,0.06593838181723351
low_discrepancy_critical,49,3,2,0.6790094974567478,0.38337262573645536
low_discrepancy_critical,49,5,1,0.0753982710312462,0.0753982710312462
low_discrepancy_critical,49,8,2,0.5273453835974182,0.12126141008735457
low_discrepancy_critical,49,10,1,0.06844166201082341,0.06844166201082341
low_discrepancy_critical,49,13,2,0.7524370733647738,0.6123241181295085
low_discrepancy_critical,49,15,1,0.10852941344766065,0.10852941344766065
low_discrepancy_critical,49,18,2,0.49480425477828877,0.2917683598493987
low_discrepancy_critical,49,20,1,0.4406717987919653,0.4406717987919653
low_discrepancy_critical,49,23,2,0.7672376866494925,0.5924086068765132
low_discrepancy_critical,49,25,1,0.14325827566415072,0.14325827566415072
low_discrepancy_critical,49,28,2,0.6207557041559585,0.18533852280590205
low_discrepancy_critical,49,30,1,0.07352522114085316,0.07352522114085316
low_discrepancy_critical,49,33,2,0.2853542201916851,0.4413090918623954
low_discrepancy_critical,49,35,1,0.39831759975718817,0.39831759975718817
low_discrepancy_critical,49,38,2,0.1053117851760831,0.22805171063963334
low_discrepancy_critical,49,40,1,0.190505447396218,0.190505447396218
low_discrepancy_critical,49,43,2,0.11653331623435641,0.12613111786419973
low_discrepancy_critical,49,45,1,0.28027046693917207,0.28027046693917207
low_discrepancy_critical,49,48,2,0.16958390716150795,0.0
low_discrepancy_critical,49,50,1,0.039599369680180296,0.039599369680180296
low_discrepancy_critical,49,53,2,0.6032032057644577,0.4569519206499252
low_discrepancy_critical,49,55,1,0.3866301957550602,0.3866301957550602
low_discrepancy_critical,49,58,2,0.45208187392356886,0.21132859734354373
low_discrepancy_critical,49,60,1,0.4142035603494519,0.4142035603494519
low_discrepancy_critical,49,63,2,0.42776343843142234,0.12757212902788156
low_discrepancy_critical,49,65,1,0.7645040506608877,0.7645040506608877
low_discrepancy_critical,49,68,2,0.7780723944459015,1.0171660451366153
low_discrepancy_critical,49,70,1,0.14743270715401566,0.14743270715401566
low_discrepancy_critical,49,73,2,0.5943586111325593,0.40206639361897084
low_discrepancy_critical,49,75,1,0.13029661369764828,0.13029661369764828
max_concentration_linear,0,3,2,0.10223141750222896,0.10223141750222896
max_concentration_linear,0,6,2,0.19120438224989794,0.19120438224989794
max_concentration_linear,0,8,1,0.010313405911669083,0.010313405911669083
max_concentration_linear,0,10,1,0.3186163999767083,0.3186163999767083
max_concentration_linear,0,13,2,0.363380055398623,0.363380055398623
max_concentration_linear,0,16,2,0.26925380266687104,0.26925380266687104
max_concentration_linear,0,18,1,0.09354637850536407,0.09354637850536407
max_concentration_linear,0,20,1,0.08609193612928401,0.08609193612928401
max_concentration_linear,0,23,2,0.08629186620002877,0.08629186620002877
max_concentration_linear,0,26,2,0.308292373043441,0.308292373043441
max_concentration_linear,0,28,1,0.42398075017051706,0.42398075017051706
max_concentration_linear,0,30,1,0.14445471953578487,0.14445471953578487
max_concentration_linear,0,33,2,0.4538527187818842,0.4538527187818842
max_concentration_linear,0,36,2,0.5263267953977712,0.5263267953977712
max_concentration_linear,0,38,1,0.15982469339763908,0.15982469339763908
max_concentration_linear,0,40,1,0.7047436262222261,0.7047436262222261
max_concentration_linear,0,43,2,0.2804418682055952,0.2804418682055952
max_concentration_linear,0,46,2,0.3800896459548923,0.3800896459548923
max_concentration_linear,0,48,1,0.12655921483876437,0.12655921483876437
max_concentration_linear,0,50,1,0.004966386626748476,0.004966386626748476
max_concentration_linear,0,53,2,0.2590041837897842,0.2590041837897842
max_concentration_linear,0,56,2,0.6607811751548045,0.6607811751548045
max_concentration_linear,0,58,1,0.32437174663633717,0.32437174663633717
max_concentration_linear,0,60,1,0.23632597303906255,0.23632597303906255
max_concentration_linear,0,63,2,0.1919740131157081,0.1919740131157081
max_concentration_linear,0,66,2,0.48403576759650163,0.48403576759650163
max_concentration_linear,0,68,1,0.2819428292486923,0.2819428292486923
max_concentration_linear,0,70,1,0.2567669938872177,0.2567669938872177
max_concentration_linear,0,73,2,0.14419457862509888,0.14419457862509888
max_concentration_linear,0,76,2,0.1822315682407015,0.1822315682407015
max_concentration_linear,0,78,1,0.34777622741933345,0.34777622741933345
max_concentration_linear,0,80,1,0.41275638634577966,0.41275638634577966
max_concentration_linear,0,83,2,0.010352941120372106,0.010352941120372106
max_concentration_linear,0,86,2,1.1701691509695593,1.1701691509695593
max_concentration_linear,0,88,1,0.36003770470657226,0.36003770470657226
max_concentration_linear,0,90,1,0.18091076456758448,0.18091076456758448
max_concentration_linear,0,93,2,0.3885032743550251,0.3885032743550251
max_concentration_linear,0,96,2,0.26389390324937567,0.26389390324937567
max_concentration_linear,1,3,2,0.20268149288059217,0.20268149288059217
max_concentration_linear,1,6,2,0.11712893968256186,0.11712893968256186
max_concentration_linear,1,8,1,0.19911027300559245,0.19911027300559245
max_concentration_linear,1,10,1,0.22173156818267464,0.22173156818267464
max_concentration_linear,1,13,2,0.4120893282814109,0.4120893282814109
max_concentration_linear,1,16,2,0.3575357035599566,0.3575357035599566
max_concentration_linear,1,18,1,0.0667486048827525,0.0667486048827525
max_concentration_linear,1,20,1,0.04257834907200342,0.04257834907200342
max_concentration_linear,1,23,2,0.2522546870237344,0.2522546870237344
max_concentration_linear,1,26,2,0.715811774180124,0.715811774180124
max_concentration_linear,1,28,1,0.6246664930167081,0.6246664930167081
max_concentration_linear,1,30,1,0.13075419077042838,0.13075419077042838
max_concentration_linear,1,33,2,0.2863236403126128,0.2863236403126128
max_concentration_linear,1,36,2,0.689953766972441,0.689953766972441
max_concentration_linear,1,38,1,0.3139444051786344,0.3139444051786344
max_concentration_linear,1,40,1,0.3320944515422883,0.3320944515422883
max_concentration_linear,1,43,2,0.42594768009367834,0.42594768009367834
max_concentration_linear,1,46,2,0.0776269963262186,0.0776269963262186
max_concentration_linear,1,48,1,0.823408745263699,0.823408745263699
max_concentration_linear,1,50,1,0.2201063216465232,0.2201063216465232
max_concentration_linear,1,53,2,0.5852827260395164,0.5852827260395164
max_concentration_linear,1,56,2,0.15023788071434593,0.15023788071434593
max_concentration_linear,1,58,1,0.2361994644222228,0.2361994644222228
max_concentration_linear,1,60,1,0.016823529320604658,0.016823529320604658
max_concentration_linear,1,63,2,0.6883405612666073,0.6883405612666073
max_concentration_linear,1,66,2,0.2515751273122074,0.2515751273122074
max_concentration_linear,1,68,1,0.050669003970849676,0.050669003970849676
max_concentration_linear,1,70,1,0.14685551329335328,0.14685551329335328
max_concentration_linear,1,73,2,0.37133790235594655,0.37133790235594655
max_concentration_linear,1,76,2,0.5132497000144142,0.5132497000144142
max_concentration_linear,1,78,1,0.17285878971648297,0.17285878971648297
max_concentration_linear,1,80,1,0.5352068821044622,0.5352068821044622
max_concentration_linear,1,83,2,0.823669505484832,0.823669505484832
max_concentration_linear,1,86,2,0.386764782923667,0.386764782923667
max_concentration_linear,1,88,1,0.05519734070378493,0.05519734070378493
max_concentration_linear,1,90,1,0.15681200836933593,0.15681200836933593
max_concentration_linear,1,93,2,0.4416642039207171,0.4416642039207171
max_concentration_linear,2,3,2,0.3674102042966285,0.3674102042966285
max_concentration_linear,2,6,2,0.23368573843114035,0.23368573843114035
max_concentration_linear,2,8,1,0.10619096922673534,0.10619096922673534
max_concentration_linear,2,10,1,0.08880685048249591,0.08880685048249591
max_concentration_linear,2,13,2,0.19404804432755618,0.19404804432755618
max_concentration_linear,2,16,2,0.7753057288394223,0.7753057288394223
max_concentration_linear,2,18,1,0.47822926757157275,0.47822926757157275
max_concentration_linear,2,20,1,0.5336733335785392,0.5336733335785392
max_concentration_linear,2,23,2,0.34394528098659355,0.34394528098659355
max_concentration_linear,2,26,2,0.11364692478043856,0.11364692478043856
max_concentration_linear,2,28,1,0.04962097799366797,0.04962097799366797
max_concentration_linear,2,30,1,0.31038777044221905,0.31038777044221905
max_concentration_linear,2,33,2,0.3950278892509367,0.3950278892509367
max_concentration_linear,2,36,2,0.9050643801644259,0.9050643801644259
max_concentration_linear,2,38,1,0.17930087970621753,0.17930087970621753
max_concentration_linear,2,40,1,0.12229504112442043,0.12229504112442043
max_concentration_linear,2,43,2,0.12048211756098012,0.12048211756098012
max_concentration_linear,2,46,2,0.3577389835858969,0.3577389835858969
max_concentration_linear,2,48,1,0.5789269345623564,0.5789269345623564
max_concentration_linear,2,50,1,0.3436956969762638,0.3436956969762638
max_concentration_linear,2,53,2,0.08914172788963846,0.08914172788963846
max_concentration_linear,2,56,2,0.5995185946890155,0.5995185946890155
max_concentration_linear,2,58,1,0.167050285074301,0.167050285074301
max_concentration_linear,2,60,1,0.43345978985278816,0.43345978985278816
max_concentration_linear,2,63,2,0.4645220510790184,0.4645220510790184
max_concentration_linear,2,66,2,0.9012871712128995,0.9012871712128995
max_concentration_linear,2,68,1,0.23700954869134716,0.23700954869134716
max_concentration_linear,2,70,1,0.2665314016762696,0.2665314016762696
max_concentration_linear,2,73,2,0.1087640159247287,0.1087640159247287
max_concentration_linear,3,3,2,0.0,0.0
max_concentration_linear,3,6,2,0.0,0.0
max_concentration_linear,3,8,1,0.47384427890896147,0.47384427890896147
max_concentration_linear,3,10,1,0.47384427890896147,0.47384427890896147
max_concentration_linear,3,13,2,0.0,0.0
max_concentration_linear,3,16,2,0.0,0.0
max_concentration_linear,3,18,1,0.0,0.0
max_concentration_linear,3,20,1,0.5330573696506126,0.5330573696506126
max_concentration_linear,3,23,2,0.1440159688947289,0.1440159688947289
max_concentration_linear,3,26,2,0.26047520059364726,0.26047520059364726
max_concentration_linear,3,28,1,0.3215614871913266,0.3215614871913266
max_concentration_linear,3,30,1,0.10193785980172874,0.10193785980172874
max_concentration_linear,3,33,2,0.06990039558005322,0.06990039558005322
max_concentration_linear,3,36,2,0.11916858252539013,0.11916858252539013
max_concentration_linear,3,38,1,0.1796466146329632,0.1796466146329632
max_concentration_linear,3,40,1,0.33465113092351884,0.33465113092351884
max_concentration_linear,3,43,2,0.36899232963707196,0.36899232963707196
max_concentration_linear,3,46,2,0.7994959111753651,0.7994959111753651
max_concentration_linear,3,48,1,0.2845384832907827,0.2845384832907827
max_concentration_linear,3,50,1,0.34375193181026376,0.34375193181026376
max_concentration_linear,3,53,2,0.21301922781862845,0.21301922781862845
max_concentration_linear,3,56,2,0.28927651735210336,0.28927651735210336
max_concentration_linear,3,58,1,0.049016153377109996,0.049016153377109996
max_concentration_linear,3,60,1,0.17108241388413672,0.17108241388413672
max_concentration_linear,3,63,2,0.6280701288559314,0.6280701288559314
max_concentration_linear,3,66,2,0.3181010908976613,0.3181010908976613
max_concentration_linear,3,68,1,0.31731309649262873,0.31731309649262873
max_concentration_linear,3,70,1,0.06447005622591882,0.06447005622591882
max_concentration_linear,3,73,2,0.36243799969684304,0.36243799969684304
max_concentration_linear,3,76,2,0.241894117606504,0.241894117606504
max_concentration_linear,3,78,1,0.28222277989172795,0.28222277989172795
max_concentration_linear,3,80,1,0.006029411858203382,0.006029411858203382
max_concentration_linear,3,83,2,0.171342188526333,0.171342188526333
max_concentration_linear,3,86,2,0.5152663573954146,0.5152663573954146
max_concentration_linear,3,88,1,0.25177818235503285,0.25177818235503285
max_concentration_linear,3,90,1,0.15973189442260274,0.15973189442260274
max_concentration_linear,3,93,2,0.8081759999600275,0.8081759999600275
max_concentration_linear,3,96,2,0.28116258946667233,0.28116258946667233
max_concentration_linear,3,98,1,0.2373911076273674,0.2373911076273674
max_concentration_linear,3,100,1,0.2896290559581184,0.2896290559581184
max_concentration_linear,3,103,2,0.35358053916477306,0.35358053916477306
max_concentration_linear,4,3,2,0.5712349798979748,0.5712349798979748
max_concentration_linear,4,6,2,0.019044862928017436,0.019044862928017436
max_concentration_linear,4,8,1,0.31864450717357423,0.31864450717357423
max_concentration_linear,4,10,1,0.2216483415984224,0.2216483415984224
max_concentration_linear,4,13,2,0.3913584093686308,0.3913584093686308
max_concentration_linear,4,16,2,0.3663192019932038,0.3663192019932038
max_concentration_linear,4,18,1,0.5401983239304351,0.5401983239304351
max_concentration_linear,4,20,1,0.27624391413222094,0.27624391413222094
max_concentration_linear,4,23,2,0.6923407808895192,0.6923407808895192
max_concentration_linear,4,26,2,0.17718512022420727,0.17718512022420727
max_concentration_linear,4,28,1,0.36640598432575966,0.36640598432575966
max_concentration_linear,4,30,1,0.018658353894837977,0.018658353894837977
max_concentration_linear,4,33,2,0.37581033865820096,0.37581033865820096
max_concentration_linear,4,36,2,0.5877670507861742,0.5877670507861742
max_concentration_linear,4,38,1,0.37104785859835415,0.37104785859835415
max_concentration_linear,4,40,1,0.03507083877426412,0.03507083877426412
max_concentration_linear,4,43,2,0.17009324716918706,0.17009324716918706
max_concentration_linear,4,46,2,0.4740447605923606,0.4740447605923606
max_concentration_linear,4,48,1,0.1124710100226113,0.1124710100226113
max_concentration_linear,4,50,1,0.34385697964342565,0.34385697964342565
max_concentration_linear,4,53,2,0.24651057833777518,0.24651057833777518
max_concentration_linear,4,56,2,0.2242937885811922,0.2242937885811922
max_concentration_linear,4,58,1,0.10092325148002289,0.10092325148002289
max_concentration_linear,4,60,1,0.23153623598822862,0.23153623598822862
max_concentration_linear,4,63,2,0.5577638120877686,0.5577638120877686
max_concentration_linear,4,66,2,0.6353039026413991,0.6353039026413991
max_concentration_linear,4,68,1,0.06150272046217831,0.06150272046217831
max_concentration_linear,4,70,1,0.8590697125179154,0.8590697125179154
max_concentration_linear,4,73,2,0.6794626065553853,0.6794626065553853
max_concentration_linear,4,76,2,0.4958058578381614,0.4958058578381614
max_concentration_linear,4,78,1,0.458224794330394,0.458224794330394
max_concentration_linear,5,3,2,0.4554817263550597,0.4554817263550597
max_concentration_linear,5,6,2,0.4457673420261712,0.4457673420261712
max_concentration_linear,5,8,1,0.3651923654963638,0.3651923654963638
max_concentration_linear,5,10,1,0.22356717997226716,0.22356717997226716
max_concentration_linear,5,13,2,0.03100732635041902,0.03100732635041902
max_concentration_linear,5,16,2,0.020929710249467454,0.020929710249467454
max_concentration_linear,5,18,1,0.16573595593995172,0.16573595593995172
max_concentration_linear,5,20,1,0.12925367043982672,0.12925367043982672
max_concentration_linear,5,23,2,0.34256893610370925,0.34256893610370925
max_concentration_linear,5,26,2,1.021271025697296,1.021271025697296
max_concentration_linear,5,28,1,0.17377471922479223,0.17377471922479223
max_concentration_linear,5,30,1,0.30079738188907773,0.30079738188907773
max_concentration_linear,5,33,2,0.4852445546161758,0.4852445546161758
max_concentration_linear,5,36,2,0.689296854656194,0.689296854656194
max_concentration_linear,5,38,1,0.04708487916635437,0.04708487916635437
max_concentration_linear,5,40,1,0.07767379428619112,0.07767379428619112
max_concentration_linear,5,43,2,0.6596820307359044,0.6596820307359044
max_concentration_linear,5,46,2,0.427613642545811,0.427613642545811
max_concentration_linear,5,48,1,0.40761551967004017,0.40761551967004017
max_concentration_linear,5,50,1,0.342820012807241,0.342820012807241
max_concentration_linear,5,53,2,0.5654869929402334,0.5654869929402334
max_concentration_linear,5,56,2,0.3047776168940385,0.3047776168940385
max_concentration_linear,5,58,1,0.2427882481574812,0.2427882481574812
max_concentration_linear,5,60,1,0.20271433670151395,0.20271433670151395
max_concentration_linear,5,63,2,0.11596790527445329,0.11596790527445329
max_concentration_linear,5,66,2,0.8037770076121218,0.8037770076121218
max_concentration_linear,5,68,1,0.1958628053711539,0.1958628053711539
max_concentration_linear,5,70,1,0.19114255263022115,0.19114255263022115
max_concentration_linear,5,73,2,0.21895205128713904,0.21895205128713904
max_concentration_linear,5,76,2,0.7375506548555383,0.7375506548555383
max_concentration_linear,5,78,1,0.4912434941664206,0.4912434941664206
max_concentration_linear,5,80,1,0.5644961033486395,0.5644961033486395
max_concentration_linear,5,83,2,0.5317104600718568,0.5317104600718568
max_concentration_linear,5,86,2,0.27957857596538754,0.27957857596538754
max_concentration_linear,5,88,1,0.1666272943049467,0.1666272943049467
max_concentration_linear,5,90,1,1.0291867033464135,1.0291867033464135
max_concentration_linear,5,93,2,1.1237334438880895,1.1237334438880895
max_concentration_linear,5,96,2,0.0473592034157058,0.0473592034157058
max_concentration_linear,5,98,1,0.9846917026097642,0.9846917026097642
max_concentration_linear,5,100,1,0.0911617294884651,0.0911617294884651
max_concentration_linear,5,103,2,0.22852648732693917,0.22852648732693917
max_concentration_linear,5,106,2,0.5042932689452132,0.5042932689452132
max_concentration_linear,5,108,1,0.18172886193662158,0.18172886193662158
max_concentration_linear,5,110,1,0.4119195462353408,0.4119195462353408
max_concentration_linear,5,113,2,0.33360579336855395,0.33360579336855395
max_concentration_linear,5,116,2,0.35871814178227834,0.35871814178227834
max_concentration_linear,5,118,1,0.16896285805910763,0.16896285805910763
max_concentration_linear,5,120,1,0.41012263403213545,0.41012263403213545
max_concentration_linear,5,123,2,0.20959798172561567,0.20959798172561567
max_concentration_linear,5,126,2,0.3452118135819736,0.3452118135819736
max_concentration_linear,5,128,1,0.09308143602467701,0.09308143602467701
max_concentration_linear,5,130,1,0.15431646789442927,0.15431646789442927
max_concentration_linear,5,133,2,0.25610068159577914,0.25610068159577914
max_concentration_linear,6,3,2,0.4746395013253612,0.4746395013253612
max_concentration_linear,6,6,2,0.08374235751633503,0.08374235751633503
max_concentration_linear,6,8,1,0.04494145866217545,0.04494145866217545
max_concentration_linear,6,10,1,0.1270752498267074,0.1270752498267074
max_concentration_linear,6,13,2,0.34200885484641097,0.34200885484641097
max_concentration_linear,6,16,2,0.47123653612811794,0.47123653612811794
max_concentration_linear,6,18,1,0.4152472981807294,0.4152472981807294
max_concentration_linear,6,20,1,0.20481572894397432,0.20481572894397432
max_concentration_linear,6,23,2,0.3652836322375116,0.3652836322375116
max_concentration_linear,6,26,2,0.7914615105279834,0.7914615105279834
max_concentration_linear,6,28,1,0.08434414792499823,0.08434414792499823
max_concentration_linear,6,30,1,0.14153471044599708,0.14153471044599708
max_concentration_linear,6,33,2,0.21234517199437059,0.21234517199437059
max_concentration_linear,6,36,2,0.19957917308991932,0.19957917308991932
max_concentration_linear,6,38,1,0.18548805595692727,0.18548805595692727
max_concentration_linear,6,40,1,0.4328704299884299,0.4328704299884299
max_concentration_linear,6,43,2,0.7242930222855918,0.7242930222855918
max_concentration_linear,6,46,2,0.176413980030767,0.176413980030767
max_concentration_linear,6,48,1,0.3103691301333021,0.3103691301333021
max_concentration_linear,6,50,1,0.1655183164404813,0.1655183164404813
max_concentration_linear,6,53,2,0.25047201402156927,0.25047201402156927
max_concentration_linear,6,56,2,0.24735946148265836,0.24735946148265836
max_concentration_linear,6,58,1,0.3083374842414095,0.3083374842414095
max_concentration_linear,6,60,1,0.10301277707769754,0.10301277707769754
max_concentration_linear,6,63,2,0.7787529596359456,0.7787529596359456
max_concentration_linear,6,66,2,0.14508928828177048,0.14508928828177048
max_concentration_linear,6,68,1,0.17649154394512206,0.17649154394512206
max_concentration_linear,6,70,1,0.9308605195338122,0.9308605195338122
max_concentration_linear,6,73,2,0.46906942678047303,0.46906942678047303
max_concentration_linear,6,76,2,0.4033224407521197,0.4033224407521197
max_concentration_linear,6,78,1,1.144637391243791,1.144637391243791
max_concentration_linear,6,80,1,0.6496710562730901,0.6496710562730901
max_concentration_linear,6,83,2,0.3130343317892791,0.3130343317892791
max_concentration_linear,6,86,2,0.9125972907366432,0.9125972907366432
max_concentration_linear,7,3,2,0.12293409207834129,0.12293409207834129
max_concentration_linear,7,6,2,0.3711307703902254,0.3711307703902254
max_concentration_linear,7,8,1,0.23052501751749369,0.23052501751749369
max_concentration_linear,7,10,1,0.2352267296263793,0.2352267296263793
max_concentration_linear,7,13,2,0.1498922146417496,0.1498922146417496
max_concentration_linear,7,16,2,0.09840085294349836,0.09840085294349836
max_concentration_linear,7,18,1,0.133356533622577,0.133356533622577
max_concentration_linear,7,20,1,0.20645789543985843,0.20645789543985843
max_concentration_linear,7,23,2,0.3314947726731424,0.3314947726731424
max_concentration_linear,7,26,2,0.5631690643147228,0.5631690643147228
max_concentration_linear,7,28,1,0.9649749491028372,0.9649749491028372
max_concentration_linear,7,30,1,0.29514184083843253,0.29514184083843253
max_concentration_linear,7,33,2,0.17978583290962707,0.17978583290962707
max_concentration_linear,7,36,2,0.12676781016188987,0.12676781016188987
max_concentration_linear,7,38,1,0.37150086690826567,0.37150086690826567
max_concentration_linear,7,40,1,0.29202427489870325,0.29202427489870325
max_concentration_linear,7,43,2,1.2730061294073096,1.2730061294073096
max_concentration_linear,7,46,2,0.3081077722149893,0.3081077722149893
max_concentration_linear,7,48,1,0.2584120323227053,0.2584120323227053
max_concentration_linear,7,50,1,0.2020116477573052,0.2020116477573052
max_concentration_linear,7,53,2,0.26527562889151546,0.26527562889151546
max_concentration_linear,7,56,2,0.12208792579786042,0.12208792579786042
max_concentration_linear,7,58,1,0.21923018432257382,0.21923018432257382
max_concentration_linear,7,60,1,0.9851491275544719,0.9851491275544719
max_concentration_linear,7,63,2,0.9726849056036131,0.9726849056036131
max_concentration_linear,7,66,2,0.9555785739468459,0.9555785739468459
max_concentration_linear,7,68,1,0.9681058354863443,0.9681058354863443
max_concentration_linear,7,70,1,0.9641107957601076,0.9641107957601076
max_concentration_linear,7,73,2,0.39036074496369744,0.39036074496369744
max_concentration_linear,7,76,2,0.548231229137807,0.548231229137807
max_concentration_linear,7,78,1,0.21846565436414636,0.21846565436414636
max_concentration_linear,7,80,1,0.14559475994167653,0.14559475994167653
max_concentration_linear,7,83,2,0.45784824475154023,0.45784824475154023
max_concentration_linear,7,86,2,0.12576348709961171,0.12576348709961171
max_concentration_linear,7,88,1,0.2355011180751103,0.2355011180751103
max_concentration_linear,7,90,1,0.7756541880290743,0.7756541880290743
max_concentration_linear,7,93,2,1.4483509370922292,1.4483509370922292
max_concentration_linear,7,96,2,0.7363825142897262,0.7363825142897262
max_concentration_linear,7,98,1,0.1979610667313225,0.1979610667313225
max_concentration_linear,7,100,1,0.18291956371534068,0.18291956371534068
max_concentration_linear,7,103,2,0.8513912274843404,0.8513912274843404
max_concentration_linear,7,106,2,1.7096028755785229,1.7096028755785229
max_concentration_linear,7,108,1,0.2513549919347721,0.2513549919347721
max_concentration_linear,7,110,1,0.4385780188980949,0.4385780188980949
max_concentration_linear,7,113,2,0.3522503230500888,0.3522503230500888
max_concentration_linear,7,116,2,0.6583883075936227,0.6583883075936227
max_concentration_linear,7,118,1,0.011905673797270514,0.011905673797270514
max_concentration_linear,7,120,1,0.774343780074943,0.774343780074943
max_concentration_linear,7,123,2,0.9132648369549652,0.9132648369549652
max_concentration_linear,7,126,2,0.09531512587678193,0.09531512587678193
max_concentration_linear,7,128,1,0.5850029000974215,0.5850029000974215
max_concentration_linear,7,130,1,0.06710205279383008,0.06710205279383008
max_concentration_linear,7,133,2,0.8457535221033129,0.8457535221033129
max_concentration_linear,7,136,2,1.5780699090102188,1.5780699090102188
max_concentration_linear,7,138,1,0.37837700281466585,0.37837700281466585
max_concentration_linear,7,140,1,0.29666587101804004,0.29666587101804004
max_concentration_linear,7,143,2,0.16518254948930128,0.16518254948930128
max_concentration_linear,7,146,2,0.1306081959863006,0.1306081959863006
max_concentration_linear,7,148,1,0.3105817302142834,0.3105817302142834
max_concentration_linear,7,150,1,0.14030399454189002,0.14030399454189002
max_concentration_linear,7,153,2,0.41180736084803304,0.41180736084803304
max_concentration_linear,7,156,2,0.8546415678238494,0.8546415678238494
max_concentration_linear,7,158,1,0.760035160366969,0.760035160366969
max_concentration_linear,7,160,1,1.2521876888211783,1.2521876888211783
max_concentration_linear,7,163,2,0.3331797867422505,0.3331797867422505
max_concentration_linear,7,166,2,0.18798156879369898,0.18798156879369898
max_concentration_linear,7,168,1,0.4496753399441713,0.4496753399441713
max_concentration_linear,7,170,1,0.26676976504684113,0.26676976504684113
max_concentration_linear,7,173,2,0.39186943451321243,0.39186943451321243
max_concentration_linear,7,176,2,1.7151920835660057,1.7151920835660057
max_concentration_linear,7,178,1,0.2619933486175632,0.2619933486175632
max_concentration_linear,7,180,1,0.6334504429136228,0.6334504429136228
max_concentration_linear,7,183,2,0.11445709739318517,0.11445709739318517
max_concentration_linear,7,186,2,0.7443442897505503,0.7443442897505503
max_concentration_linear,7,188,1,0.19995261170700568,0.19995261170700568
max_concentration_linear,7,190,1,0.042880452686427484,0.042880452686427484
max_concentration_linear,7,193,2,0.34779914013277147,0.34779914013277147
max_concentration_linear,7,196,2,0.3880709463130254,0.3880709463130254
max_concentration_linear,7,198,1,0.012277703496555258,0.012277703496555258
max_concentration_linear,7,200,1,0.1473008059491059,0.1473008059491059
max_concentration_linear,7,203,2,0.20772088838620592,0.20772088838620592
max_concentration_linear,7,206,2,0.15857256227470612,0.15857256227470612
max_concentration_linear,7,208,1,0.3785055834955888,0.3785055834955888
max_concentration_linear,7,210,1,0.4732150071153069,0.4732150071153069
max_concentration_linear,7,213,2,0.468484444660527,0.468484444660527
max_concentration_linear,7,216,2,0.06996350980705691,0.06996350980705691
max_concentration_linear,7,218,1,0.1161074167583966,0.1161074167583966
max_concentration_linear,8,3,2,0.023543642621386897,0.023543642621386897
max_concentration_linear,8,6,2,0.0,0.0
max_concentration_linear,8,8,1,0.023231650130077965,0.023231650130077965
max_concentration_linear,8,10,1,0.4800346472294406,0.4800346472294406
max_concentration_linear,8,13,2,0.3305811638594048,0.3305811638594048
max_concentration_linear,8,16,2,0.18084536151153044,0.18084536151153044
max_concentration_linear,8,18,1,0.19657349666968763,0.19657349666968763
max_concentration_linear,8,20,1,0.09713608444769578,0.09713608444769578
max_concentration_linear,8,23,2,0.23311586417656174,0.23311586417656174
max_concentration_linear,8,26,2,0.8037977115620576,0.8037977115620576
max_concentration_linear,8,28,1,0.28839432267834425,0.28839432267834425
max_concentration_linear,8,30,1,0.3767312653389519,0.3767312653389519
max_concentration_linear,8,33,2,0.45973095216699106,0.45973095216699106
max_concentration_linear,8,36,2,0.07759842296772702,0.07759842296772702
max_concentration_linear,8,38,1,0.1168562279835763,0.1168562279835763
max_concentration_linear,8,40,1,0.488555692196252,0.488555692196252
max_concentration_linear,8,43,2,0.3268773010485043,0.3268773010485043
max_concentration_linear,8,46,2,0.49198294821325184,0.49198294821325184
max_concentration_linear,8,48,1,0.7187511964485975,0.7187511964485975
max_concentration_linear,8,50,1,0.13939848141468464,0.13939848141468464
max_concentration_linear,8,53,2,0.3288454237963722,0.3288454237963722
max_concentration_linear,8,56,2,0.1520654575053798,0.1520654575053798
max_concentration_linear,8,58,1,0.23568257363796066,0.23568257363796066
max_concentration_linear,8,60,1,0.27663129762345884,0.27663129762345884
max_concentration_linear,8,63,2,0.5849367226611137,0.5849367226611137
max_concentration_linear,8,66,2,0.12270791709551296,0.12270791709551296
max_concentration_linear,8,68,1,0.14950381783794145,0.14950381783794145
max_concentration_linear,8,70,1,0.35096922364339406,0.35096922364339406
max_concentration_linear,8,73,2,0.0,0.0
max_concentration_linear,8,76,2,0.5322621871383515,0.5322621871383515
max_concentration_linear,8,78,1,0.09427342316490603,0.09427342316490603
max_concentration_linear,8,80,1,0.10707618774656957,0.10707618774656957
max_concentration_linear,8,83,2,0.9587034393696688,0.9587034393696688
max_concentration_linear,8,86,2,0.2523489465324924,0.2523489465324924
max_concentration_linear,8,88,1,0.12068612474824775,0.12068612474824775
max_concentration_linear,8,90,1,0.14374831656522336,0.14374831656522336
max_concentration_linear,8,93,2,0.5676297140474662,0.5676297140474662
max_concentration_linear,9,3,2,0.14402638554834596,0.14402638554834596
max_concentration_linear,9,6,2,0.18730832126730232,0.18730832126730232
max_concentration_linear,9,8,1,0.0,0.0
max_concentration_linear,9,10,1,0.2108575101812405,0.2108575101812405
max_concentration_linear,9,13,2,0.15814057119693356,0.15814057119693356
max_concentration_linear,9,16,2,0.5880832440600156,0.5880832440600156
max_concentration_linear,9,18,1,0.3993860754617348,0.3993860754617348
max_concentration_linear,9,20,1,0.10480734106995128,0.10480734106995128
max_concentration_linear,9,23,2,0.14374044366724884,0.14374044366724884
max_concentration_linear,9,26,2,0.07831903647982519,0.07831903647982519
max_concentration_linear,9,28,1,0.7288732140573103,0.7288732140573103
max_concentration_linear,9,30,1,0.5006912074632637,0.5006912074632637
max_concentration_linear,9,33,2,0.37721532750167946,0.37721532750167946
max_concentration_linear,9,36,2,0.38742041561025603,0.38742041561025603
max_concentration_linear,9,38,1,0.5441618994016472,0.5441618994016472
max_concentration_linear,9,40,1,0.38748255054519065,0.38748255054519065
max_concentration_linear,9,43,2,0.18714951165175614,0.18714951165175614
max_concentration_linear,9,46,2,0.6275973679243394,0.6275973679243394
max_concentration_linear,9,48,1,0.41305202160476157,0.41305202160476157
max_concentration_linear,9,50,1,0.25808674215771804,0.25808674215771804
max_concentration_linear,9,53,2,0.42971379072226645,0.42971379072226645
max_concentration_linear,9,56,2,0.26857401516727497,0.26857401516727497
max_concentration_linear,9,58,1,0.539274011180733,0.539274011180733
max_concentration_linear,9,60,1,0.12765702396018555,0.12765702396018555
max_concentration_linear,9,63,2,0.15885885080405154,0.15885885080405154
max_concentration_linear,9,66,2,0.1432621574532918,0.1432621574532918
max_concentration_linear,9,68,1,0.2078763574020589,0.2078763574020589
max_concentration_linear,9,70,1,0.06955815029333959,0.06955815029333959
max_concentration_linear,9,73,2,0.051388749970671145,0.051388749970671145
max_concentration_linear,9,76,2,0.051323529318267225,0.051323529318267225
max_concentration_linear,9,78,1,0.16134923567549275,0.16134923567549275
max_concentration_linear,9,80,1,0.4568100209967549,0.4568100209967549
max_concentration_linear,9,83,2,0.15989976571278275,0.15989976571278275
max_concentration_linear,9,86,2,0.3580405999503455,0.3580405999503455
max_concentration_linear,9,88,1,0.44928424544552886,0.44928424544552886
max_concentration_linear,9,90,1,0.09879287362697231,0.09879287362697231
max_concentration_linear,9,93,2,0.11833433801516915,0.11833433801516915
max_concentration_linear,9,96,2,1.1884173383263457,1.1884173383263457
max_concentration_linear,9,98,1,0.6194187871734148,0.6194187871734148
max_concentration_linear,9,100,1,0.2655826985643017,0.2655826985643017
max_concentration_linear,9,103,2,0.7490642076078079,0.7490642076078079
max_concentration_linear,10,3,2,0.0,0.0
max_concentration_linear,10,6,2,0.5809507767314238,0.5809507767314238
max_concentration_linear,10,8,1,0.2171598886969065,0.2171598886969065
max_concentration_linear,10,10,1,0.23670993835800044,0.23670993835800044
max_concentration_linear,10,13,2,0.34226623893099195,0.34226623893099195
max_concentration_linear,10,16,2,0.18346340743003214,0.18346340743003214
max_concentration_linear,10,18,1,0.059693495864493996,0.059693495864493996
max_concentration_linear,10,20,1,0.19710354887953768,0.19710354887953768
max_concentration_linear,10,23,2,0.24581453180374638,0.24581453180374638
max_concentration_linear,10,26,2,0.6695172417270858,0.6695172417270858
max_concentration_linear,10,28,1,0.12613327662413765,0.12613327662413765
max_concentration_linear,10,30,1,0.10891184456813727,0.10891184456813727
max_concentration_linear,10,33,2,0.6265516279639057,0.6265516279639057
max_concentration_linear,10,36,2,0.4333678798792599,0.4333678798792599
max_concentration_linear,10,38,1,0.05729880918613514,0.05729880918613514
max_concentration_linear,10,40,1,0.18092211756923401,0.18092211756923401
max_concentration_linear,10,43,2,0.4070030204201327,0.4070030204201327
max_concentration_linear,10,46,2,0.7227708962170722,0.7227708962170722
max_concentration_linear,10,48,1,0.3591785035201541,0.3591785035201541
max_concentration_linear,10,50,1,0.1255209411914956,0.1255209411914956
max_concentration_linear,10,53,2,0.2807591306714729,0.2807591306714729
max_concentration_linear,10,56,2,0.5128938655546624,0.5128938655546624
max_concentration_linear,10,58,1,0.2584394177217034,0.2584394177217034
max_concentration_linear,10,60,1,0.15702646539364098,0.15702646539364098
max_concentration_linear,10,63,2,0.8611025587777221,0.8611025587777221
max_concentration_linear,10,66,2,0.4446986228228853,0.4446986228228853
max_concentration_linear,10,68,1,0.4294937092481523,0.4294937092481523
max_concentration_linear,10,70,1,0.47445159974549306,0.47445159974549306
max_concentration_linear,10,73,2,0.8375122830458682,0.8375122830458682
max_concentration_linear,10,76,2,0.5019789679915659,0.5019789679915659
max_concentration_linear,10,78,1,0.21115382514713052,0.21115382514713052
max_concentration_linear,10,80,1,0.1518666668995853,0.1518666668995853
max_concentration_linear,10,83,2,0.07123565667611069,0.07123565667611069
max_concentration_linear,10,86,2,0.7512886055186174,0.7512886055186174
max_concentration_linear,10,88,1,0.23377307945384818,0.23377307945384818
max_concentration_linear,10,90,1,0.09261961015978301,0.09261961015978301
max_concentration_linear,10,93,2,0.504165518938441,0.504165518938441
max_concentration_linear,10,96,2,0.2152815133425794,0.2152815133425794
max_concentration_linear,10,98,1,0.1918878464784185,0.1918878464784185
max_concentration_linear,10,100,1,0.08702703153123977,0.08702703153123977
max_concentration_linear,10,103,2,0.3130006316157501,0.3130006316157501
max_concentration_linear,10,106,2,1.6680759018512492,1.6680759018512492
max_concentration_linear,10,108,1,0.20161841910295944,0.20161841910295944
max_concentration_linear,10,110,1,0.27774196715753896,0.27774196715753896
max_concentration_linear,10,113,2,0.2123724545438207,0.2123724545438207
max_concentration_linear,10,116,2,0.1955610620157799,0.1955610620157799
max_concentration_linear,10,118,1,0.1276839424204973,0.1276839424204973
max_concentration_linear,10,120,1,0.13956153873621904,0.13956153873621904
max_concentration_linear,10,123,2,0.0,0.0
max_concentration_linear,10,126,2,0.33491512089319514,0.33491512089319514
max_concentration_linear,10,128,1,0.1871670098384627,0.1871670098384627
max_concentration_linear,10,130,1,0.12337080239166617,0.12337080239166617
max_concentration_linear,10,133,2,0.10502340988504016,0.10502340988504016
max_concentration_linear,10,136,2,0.09368173681106304,0.09368173681106304
max_concentration_linear,10,138,1,0.007934085037928931,0.007934085037928931
max_concentration_linear,10,140,1,0.11911139603451561,0.11911139603451561
max_concentration_linear,10,143,2,0.1485200404693213,0.1485200404693213
max_concentration_linear,10,146,2,0.014103171606276228,0.014103171606276228
max_concentration_linear,10,148,1,0.3816268813611847,0.3816268813611847
max_concentration_linear,10,150,1,0.07979706791940862,0.07979706791940862
max_concentration_linear,10,153,2,0.02070588224074421,0.02070588224074421
max_concentration_linear,10,156,2,0.0,0.0
max_concentration_linear,10,158,1,0.265658482754466,0.265658482754466
max_concentration_linear,10,160,1,0.265658482754466,0.265658482754466
max_concentration_linear,10,163,2,0.6693275891287,0.6693275891287
max_concentration_linear,10,166,2,0.933982377962653,0.933982377962653
max_concentration_linear,10,168,1,0.2479818939619147,0.2479818939619147
max_concentration_linear,10,170,1,0.2476303399822174,0.2476303399822174
max_concentration_linear,10,173,2,0.4138466913338064,0.4138466913338064
max_concentration_linear,10,176,2,0.5132352931826724,0.5132352931826724
max_concentration_linear,10,178,1,0.21720588502483718,0.21720588502483718
max_concentration_linear,10,180,1,0.5217727564215563,0.5217727564215563
max_concentration_linear,10,183,2,0.40209886604019524,0.40209886604019524
max_concentration_linear,10,186,2,0.10541934919179019,0.10541934919179019
max_concentration_linear,10,188,1,0.1918201084247817,0.1918201084247817
max_concentration_linear,10,190,1,0.11731092415603928,0.11731092415603928
max_concentration_linear,10,193,2,0.1344311773603059,0.1344311773603059
max_concentration_linear,10,196,2,0.14916372766692548,0.14916372766692548
max_concentration_linear,10,198,1,0.04992440359429891,0.04992440359429891
max_concentration_linear,10,200,1,0.4687854599079426,0.4687854599079426
max_concentration_linear,10,203,2,0.18902371164584256,0.18902371164584256
max_concentration_linear,10,206,2,0.29318145734876666,0.29318145734876666
max_concentration_linear,10,208,1,1.537343632965506,1.537343632965506
max_concentration_linear,10,210,1,0.24224840194539402,0.24224840194539402
max_concentration_linear,10,213,2,0.3989119785201245,0.3989119785201245
max_concentration_linear,10,216,2,1.4811050415966631,1.4811050415966631
max_concentration_linear,10,218,1,0.23164125600779553,0.23164125600779553
max_concentration_linear,11,3,2,0.23987394873499618,0.23987394873499618
max_concentration_linear,11,6,2,0.21257312041692045,0.21257312041692045
max_concentration_linear,11,8,1,0.11162958675975265,0.11162958675975265
max_concentration_linear,11,10,1,0.2714515039207785,0.2714515039207785
max_concentration_linear,11,13,2,0.16423575494541878,0.16423575494541878
max_concentration_linear,11,16,2,0.152992731110923,0.152992731110923
max_concentration_linear,11,18,1,0.25878732227036977,0.25878732227036977
max_concentration_linear,11,20,1,0.17773124756927333,0.17773124756927333
max_concentration_linear,11,23,2,1.225690111610336,1.225690111610336
max_concentration_linear,11,26,2,0.10706070194527524,0.10706070194527524
max_concentration_linear,11,28,1,0.22349088386308938,0.22349088386308938
max_concentration_linear,11,30,1,0.061565219927350506,0.061565219927350506
max_concentration_linear,11,33,2,0.15324015602672472,0.15324015602672472
max_concentration_linear,11,36,2,0.8347362864742935,0.8347362864742935
max_concentration_linear,11,38,1,0.26779648952294177,0.26779648952294177
max_concentration_linear,11,40,1,0.23218973595034692,0.23218973595034692
max_concentration_linear,11,43,2,0.3669824602384009,0.3669824602384009
max_concentration_linear,11,46,2,0.27331005903221994,0.27331005903221994
max_concentration_linear,11,48,1,0.2762986778312122,0.2762986778312122
max_concentration_linear,11,50,1,0.21960130681241968,0.21960130681241968
max_concentration_linear,11,53,2,0.34445567405628236,0.34445567405628236
max_concentration_linear,11,56,2,0.25450604394863996,0.25450604394863996
max_concentration_linear,11,58,1,0.2664658235670627,0.2664658235670627
max_concentration_linear,11,60,1,0.10716032931163219,0.10716032931163219
max_concentration_linear,11,63,2,0.3078371190699785,0.3078371190699785
max_concentration_linear,11,66,2,0.49775111957726254,0.49775111957726254
max_concentration_linear,11,68,1,0.2784200345159563,0.2784200345159563
max_concentration_linear,11,70,1,0.49572700272049336,0.49572700272049336
max_concentration_linear,11,73,2,0.9772022412059221,0.9772022412059221
max_concentration_linear,11,76,2,0.17882583138269537,0.17882583138269537
max_concentration_linear,11,78,1,0.3299351458126562,0.3299351458126562
max_concentration_linear,11,80,1,0.20157675866539052,0.20157675866539052
max_concentration_linear,11,83,2,0.12625050543548952,0.12625050543548952
max_concentration_linear,11,86,2,0.28319989828794756,0.28319989828794756
max_concentration_linear,11,88,1,0.07891025837335372,0.07891025837335372
max_concentration_linear,11,90,1,0.3231388032512572,0.3231388032512572
max_concentration_linear,11,93,2,0.10588298003507546,0.10588298003507546
max_concentration_linear,11,96,2,1.2040281503791885,1.2040281503791885
max_concentration_linear,11,98,1,0.1624943667078836,0.1624943667078836
max_concentration_linear,11,100,1,0.12390239299898564,0.12390239299898564
max_concentration_linear,11,103,2,1.3179088112785224,1.3179088112785224
max_concentration_linear,11,106,2,1.5742528854845943,1.5742528854845943
max_concentration_linear,11,108,1,0.321692450419997,0.321692450419997
max_concentration_linear,11,110,1,0.1104386130274061,0.1104386130274061
max_concentration_linear,11,113,2,1.66645661847437,1.66645661847437
max_concentration_linear,11,116,2,0.3610958596388139,0.3610958596388139
max_concentration_linear,11,118,1,0.14080449593053343,0.14080449593053343
max_concentration_linear,11,120,1,0.48624395889287203,0.48624395889287203
max_concentration_linear,11,123,2,0.0906675216751484,0.0906675216751484
max_concentration_linear,11,126,2,0.5397522572547327,0.5397522572547327
max_concentration_linear,11,128,1,0.5578321592728147,0.5578321592728147
max_concentration_linear,11,130,1,0.2929813773062637,0.2929813773062637
max_concentration_linear,11,133,2,1.7201761600465417,1.7201761600465417
max_concentration_linear,11,136,2,0.26281122280805835,0.26281122280805835
max_concentration_linear,11,138,1,1.3156301764010603,1.3156301764010603
max_concentration_linear,11,140,1,1.4547987886964735,1.4547987886964735
max_concentration_linear,11,143,2,0.30579939703900044,0.30579939703900044
max_concentration_linear,11,146,2,0.3338613756103827,0.3338613756103827
max_concentration_linear,11,148,1,0.5647993214582805,0.5647993214582805
max_concentration_linear,11,150,1,0.062412484724216316,0.062412484724216316
max_concentration_linear,11,153,2,0.591420324251693,0.591420324251693
max_concentration_linear,11,156,2,0.034996926343995524,0.034996926343995524
max_concentration_linear,11,158,1,0.1250806811609597,0.1250806811609597
max_concentration_linear,11,160,1,0.1553462948957627,0.1553462948957627
max_concentration_linear,11,163,2,0.12613783363633288,0.12613783363633288
max_concentration_linear,11,166,2,1.1520431554132546,1.1520431554132546
max_concentration_linear,11,168,1,0.9746640250994304,0.9746640250994304
max_concentration_linear,11,170,1,0.17195476056355188,0.17195476056355188
max_concentration_linear,11,173,2,1.2213327094852575,1.2213327094852575
max_concentration_linear,11,176,2,1.3970659848364573,1.3970659848364573
max_concentration_linear,11,178,1,0.0,0.0
max_concentration_linear,11,180,1,0.19238759794518612,0.19238759794518612
max_concentration_linear,11,183,2,0.16536356328762147,0.16536356328762147
max_concentration_linear,11,186,2,0.9983356209506109,0.9983356209506109
max_concentration_linear,11,188,1,0.2615985416053781,0.2615985416053781
max_concentration_linear,11,190,1,1.1495450461403984,1.1495450461403984
max_concentration_linear,11,193,2,0.0,0.0
max_concentration_linear,11,196,2,0.4309492780975815,0.4309492780975815
max_concentration_linear,11,198,1,0.1747937193336689,0.1747937193336689
max_concentration_linear,11,200,1,0.17947258772655755,0.17947258772655755
max_concentration_linear,11,203,2,0.17947258772655755,0.17947258772655755
max_concentration_linear,11,206,2,0.6036888346084818,0.6036888346084818
max_concentration_linear,11,208,1,0.6035015485216249,0.6035015485216249
max_concentration_linear,11,210,1,0.051986013930889245,0.051986013930889245
max_concentration_linear,11,213,2,0.16984108651182522,0.16984108651182522
max_concentration_linear,11,216,2,0.4643535203406069,0.4643535203406069
max_concentration_linear,11,218,1,0.4643535203406069,0.4643535203406069
max_concentration_linear,12,3,2,0.17169910919300513,0.17169910919300513
max_concentration_linear,12,6,2,0.0,0.0
max_concentration_linear,12,8,1,0.516918861077693,0.516918861077693
max_concentration_linear,12,10,1,0.45684650388750236,0.45684650388750236
max_concentration_linear,12,13,2,0.12929629548642282,0.12929629548642282
max_concentration_linear,12,16,2,0.2207004722704073,0.2207004722704073
max_concentration_linear,12,18,1,0.0,0.0
max_concentration_linear,12,20,1,0.11145655124193968,0.11145655124193968
max_concentration_linear,12,23,2,0.14815390321454328,0.14815390321454328
max_concentration_linear,12,26,2,0.7488260192625971,0.7488260192625971
max_concentration_linear,12,28,1,0.4527328675345709,0.4527328675345709
max_concentration_linear,12,30,1,0.6958498524927241,0.6958498524927241
max_concentration_linear,12,33,2,0.4349790076812609,0.4349790076812609
max_concentration_linear,12,36,2,0.2957535157574287,0.2957535157574287
max_concentration_linear,12,38,1,0.04640091297841362,0.04640091297841362
max_concentration_linear,12,40,1,0.18639253793059996,0.18639253793059996
max_concentration_linear,12,43,2,0.12373121506677186,0.12373121506677186
max_concentration_linear,12,46,2,0.13335453748484852,0.13335453748484852
max_concentration_linear,12,48,1,0.14733131814030134,0.14733131814030134
max_concentration_linear,12,50,1,0.48762240515031563,0.48762240515031563
max_concentration_linear,12,53,2,0.5967932728409769,0.5967932728409769
max_concentration_linear,12,56,2,0.2874165080082302,0.2874165080082302
max_concentration_linear,12,58,1,0.21139031481038234,0.21139031481038234
max_concentration_linear,12,60,1,0.0,0.0
max_concentration_linear,12,63,2,0.3122900225414739,0.3122900225414739
max_concentration_linear,12,66,2,0.1905615796105005,0.1905615796105005
max_concentration_linear,12,68,1,0.08071974448123616,0.08071974448123616
max_concentration_linear,12,70,1,0.19751253655904732,0.19751253655904732
max_concentration_linear,12,73,2,0.3231155508902024,0.3231155508902024
max_concentration_linear,12,76,2,0.27143305873700574,0.27143305873700574
max_concentration_linear,12,78,1,0.282945945795343,0.282945945795343
max_concentration_linear,12,80,1,0.514567731177691,0.514567731177691
max_concentration_linear,12,83,2,0.7902258498298921,0.7902258498298921
max_concentration_linear,12,86,2,0.8797964978958923,0.8797964978958923
max_concentration_linear,12,88,1,0.2007952216606854,0.2007952216606854
max_concentration_linear,12,90,1,0.23197670868070916,0.23197670868070916
max_concentration_linear,12,93,2,0.3889316805662321,0.3889316805662321
max_concentration_linear,12,96,2,0.280078196836257,0.280078196836257
max_concentration_linear,12,98,1,0.4202934471207224,0.4202934471207224
max_concentration_linear,12,100,1,0.21305671962582545,0.21305671962582545
max_concentration_linear,12,103,2,0.1373580468858076,0.1373580468858076
max_concentration_linear,12,106,2,0.5837914302165538,0.5837914302165538
max_concentration_linear,12,108,1,0.0,0.0
max_concentration_linear,12,110,1,0.2622094508977425,0.2622094508977425
max_concentration_linear,12,113,2,0.24409219861238984,0.24409219861238984
max_concentration_linear,12,116,2,0.43616266989106983,0.43616266989106983
max_concentration_linear,12,118,1,0.8073547576979361,0.8073547576979361
max_concentration_linear,12,120,1,0.7654960306515627,0.7654960306515627
max_concentration_linear,12,123,2,0.27651102882886697,0.27651102882886697
max_concentration_linear,12,126,2,0.47607560323059667,0.47607560323059667
max_concentration_linear,12,128,1,1.3748102768061057,1.3748102768061057
max_concentration_linear,12,130,1,0.3327151967398916,0.3327151967398916
max_concentration_linear,12,133,2,0.13630188800099832,0.13630188800099832
max_concentration_linear,12,136,2,0.18285510472495128,0.18285510472495128
max_concentration_linear,12,138,1,0.5721670121671951,0.5721670121671951
max_concentration_linear,12,140,1,0.10624950141040532,0.10624950141040532
max_concentration_linear,12,143,2,0.7321253996446018,0.7321253996446018
max_concentration_linear,12,146,2,0.06303182023319329,0.06303182023319329
max_concentration_linear,12,148,1,0.0,0.0
max_concentration_linear,12,150,1,0.0,0.0
max_concentration_linear,12,153,2,0.0,0.0
max_concentration_linear,12,156,2,0.0,0.0
max_concentration_linear,12,158,1,0.01431454571299057,0.01431454571299057
max_concentration_linear,12,160,1,0.001294117640046527,0.001294117640046527
max_concentration_linear,12,163,2,0.22030783390304678,0.22030783390304678
max_concentration_linear,12,166,2,0.6063267652319666,0.6063267652319666
max_concentration_linear,12,168,1,0.10918430118982926,0.10918430118982926
max_concentration_linear,12,170,1,0.3414854440623273,0.3414854440623273
max_concentration_linear,13,3,2,0.18407266936825947,0.18407266936825947
max_concentration_linear,13,6,2,0.0,0.0
max_concentration_linear,13,8,1,0.0,0.0
max_concentration_linear,13,10,1,0.0,0.0
max_concentration_linear,13,13,2,0.0,0.0
max_concentration_linear,13,16,2,0.621731355679298,0.621731355679298
max_concentration_linear,13,18,1,0.4050767151665705,0.4050767151665705
max_concentration_linear,13,20,1,0.01857082286054931,0.01857082286054931
max_concentration_linear,13,23,2,0.17290509508669555,0.17290509508669555
max_concentration_linear,13,26,2,0.21106024532670228,0.21106024532670228
max_concentration_linear,13,28,1,0.32197478545958413,0.32197478545958413
max_concentration_linear,13,30,1,0.30251513079394493,0.30251513079394493
max_concentration_linear,13,33,2,0.3035285461384852,0.3035285461384852
max_concentration_linear,13,36,2,0.4264829561890873,0.4264829561890873
max_concentration_linear,13,38,1,0.6905569002418321,0.6905569002418321
max_concentration_linear,13,40,1,0.1616875122044899,0.1616875122044899
max_concentration_linear,13,43,2,0.26017610867219926,0.26017610867219926
max_concentration_linear,13,46,2,0.2018468755476313,0.2018468755476313
max_concentration_linear,13,48,1,0.13879857665760714,0.13879857665760714
max_concentration_linear,13,50,1,0.1728083607173282,0.1728083607173282
max_concentration_linear,13,53,2,1.193933002859309,1.193933002859309
max_concentration_linear,13,56,2,0.3376997997688435,0.3376997997688435
max_concentration_linear,13,58,1,0.2197772669786931,0.2197772669786931
max_concentration_linear,13,60,1,0.22063154723895903,0.22063154723895903
max_concentration_linear,13,63,2,0.24751709986041742,0.24751709986041742
max_concentration_linear,13,66,2,0.3741370283050552,0.3741370283050552
max_concentration_linear,13,68,1,0.16786658181065384,0.16786658181065384
max_concentration_linear,13,70,1,0.1335239544996433,0.1335239544996433
max_concentration_linear,13,73,2,0.5190054939828092,0.5190054939828092
max_concentration_linear,13,76,2,0.4475908401280034,0.4475908401280034
max_concentration_linear,13,78,1,0.36312756217758774,0.36312756217758774
max_concentration_linear,13,80,1,0.24430439313858518,0.24430439313858518
max_concentration_linear,13,83,2,0.13546229238827495,0.13546229238827495
max_concentration_linear,13,86,2,0.8729326475934241,0.8729326475934241
max_concentration_linear,13,88,1,0.24374387638883396,0.24374387638883396
max_concentration_linear,13,90,1,0.04644908568462021,0.04644908568462021
max_concentration_linear,13,93,2,0.6155291648879603,0.6155291648879603
max_concentration_linear,13,96,2,0.7993491454082555,0.7993491454082555
max_concentration_linear,13,98,1,0.06063862463792524,0.06063862463792524
max_concentration_linear,13,100,1,0.06242241128141554,0.06242241128141554
max_concentration_linear,13,103,2,1.1268573320906832,1.1268573320906832
max_concentration_linear,13,106,2,0.14646302751447896,0.14646302751447896
max_concentration_linear,13,108,1,1.6388389562313739,1.6388389562313739
max_concentration_linear,13,110,1,0.06237160827504154,0.06237160827504154
max_concentration_linear,13,113,2,0.378351225188272,0.378351225188272
max_concentration_linear,13,116,2,1.0932884072739875,1.0932884072739875
max_concentration_linear,13,118,1,0.799749839615654,0.799749839615654
max_concentration_linear,13,120,1,0.517643606817018,0.517643606817018
max_concentration_linear,13,123,2,0.396407442354579,0.396407442354579
max_concentration_linear,13,126,2,0.33039076625744274,0.33039076625744274
max_concentration_linear,13,128,1,0.492520957355739,0.492520957355739
max_concentration_linear,13,130,1,0.1393710599194238,0.1393710599194238
max_concentration_linear,13,133,2,0.33651886908338846,0.33651886908338846
max_concentration_linear,13,136,2,0.4734292452484542,0.4734292452484542
max_concentration_linear,13,138,1,0.3877292914495235,0.3877292914495235
max_concentration_linear,13,140,1,0.8834666937765818,0.8834666937765818
max_concentration_linear,13,143,2,0.16825939167608414,0.16825939167608414
max_concentration_linear,13,146,2,0.18797262497102796,0.18797262497102796
max_concentration_linear,13,148,1,0.1554787722356081,0.1554787722356081
max_concentration_linear,13,150,1,0.47739358339902555,0.47739358339902555
max_concentration_linear,13,153,2,0.0,0.0
max_concentration_linear,13,156,2,0.33665755460036084,0.33665755460036084
max_concentration_linear,13,158,1,0.47602139739235855,0.47602139739235855
max_concentration_linear,13,160,1,0.5808463798421062,0.5808463798421062
max_concentration_linear,13,163,2,0.173479166551966,0.173479166551966
max_concentration_linear,13,166,2,0.043999999761581435,0.043999999761581435
max_concentration_linear,13,168,1,0.20698210961262795,0.20698210961262795
max_concentration_linear,13,170,1,0.2567287716573962,0.2567287716573962
max_concentration_linear,13,173,2,0.0,0.0
max_concentration_linear,13,176,2,0.0,0.0
max_concentration_linear,13,178,1,0.0,0.0
max_concentration_linear,13,180,1,0.0,0.0
max_concentration_linear,13,183,2,0.0,0.0
max_concentration_linear,13,186,2,0.3310045031151443,0.3310045031151443
max_concentration_linear,13,188,1,1.2212052645659885,1.2212052645659885
max_concentration_linear,13,190,1,0.3181374889595356,0.3181374889595356
max_concentration_linear,13,193,2,1.3759316242844852,1.3759316242844852
max_concentration_linear,13,196,2,0.12533984296048992,0.12533984296048992
max_concentration_linear,13,198,1,0.28545813908467416,0.28545813908467416
max_concentration_linear,13,200,1,0.19111098825706835,0.19111098825706835
max_concentration_linear,13,203,2,0.12117679052729928,0.12117679052729928
max_concentration_linear,13,206,2,0.14783983135785278,0.14783983135785278
max_concentration_linear,13,208,1,0.44981169722869924,0.44981169722869924
max_concentration_linear,13,210,1,1.2956965825323414,1.2956965825323414
max_concentration_linear,13,213,2,1.2912555201983567,1.2912555201983567
max_concentration_linear,13,216,2,0.4277563682106271,0.4277563682106271
max_concentration_linear,13,218,1,0.37043658078021524,0.37043658078021524
max_concentration_linear,14,3,2,0.18543118400835665,0.18543118400835665
max_concentration_linear,14,6,2,0.9487191440820028,0.9487191440820028
max_concentration_linear,14,8,1,0.12464326169391238,0.12464326169391238
max_concentration_linear,14,10,1,0.13731646996189883,0.13731646996189883
max_concentration_linear,14,13,2,0.13672967172862488,0.13672967172862488
max_concentration_linear,14,16,2,0.11132271350353565,0.11132271350353565
max_concentration_linear,14,18,1,0.07050555310150426,0.07050555310150426
max_concentration_linear,14,20,1,0.34396259294244325,0.34396259294244325
max_concentration_linear,14,23,2,0.6241502652774759,0.6241502652774759
max_concentration_linear,14,26,2,0.5464665910005755,0.5464665910005755
max_concentration_linear,14,28,1,0.3981577729465374,0.3981577729465374
max_concentration_linear,14,30,1,0.30481682223683687,0.30481682223683687
max_concentration_linear,14,33,2,0.7376711739800356,0.7376711739800356
max_concentration_linear,14,36,2,0.16485961491876422,0.16485961491876422
max_concentration_linear,14,38,1,0.02900813224744592,0.02900813224744592
max_concentration_linear,14,40,1,0.0437803481899291,0.0437803481899291
max_concentration_linear,14,43,2,0.04646068035914196,0.04646068035914196
max_concentration_linear,14,46,2,0.74396592201772,0.74396592201772
max_concentration_linear,14,48,1,0.06483740803900849,0.06483740803900849
max_concentration_linear,14,50,1,0.48599660332659617,0.48599660332659617
max_concentration_linear,14,53,2,0.22464775135647244,0.22464775135647244
max_concentration_linear,14,56,2,0.4878406077410978,0.4878406077410978
max_concentration_linear,14,58,1,0.2440861819152745,0.2440861819152745
max_concentration_linear,14,60,1,0.3144866161710956,0.3144866161710956
max_concentration_linear,14,63,2,0.4011492146684231,0.4011492146684231
max_concentration_linear,14,66,2,0.4404095652776307,0.4404095652776307
max_concentration_linear,14,68,1,0.24160503806827985,0.24160503806827985
max_concentration_linear,14,70,1,0.13943665453515097,0.13943665453515097
max_concentration_linear,14,73,2,0.2812250599093194,0.2812250599093194
max_concentration_linear,14,76,2,0.09809745949922569,0.09809745949922569
max_concentration_linear,14,78,1,0.20219019575409475,0.20219019575409475
max_concentration_linear,14,80,1,0.7932807216125852,0.7932807216125852
max_concentration_linear,14,83,2,0.5542207213585507,0.5542207213585507
max_concentration_linear,14,86,2,0.4939006424138486,0.4939006424138486
max_concentration_linear,14,88,1,0.05677880277638273,0.05677880277638273
max_concentration_linear,14,90,1,0.142075796942287,0.142075796942287
max_concentration_linear,15,3,2,0.4249115483203285,0.4249115483203285
max_concentration_linear,15,6,2,0.18932685419338852,0.18932685419338852
max_concentration_linear,15,8,1,0.15201764519636124,0.15201764519636124
max_concentration_linear,15,10,1,0.19055141648142596,0.19055141648142596
max_concentration_linear,15,13,2,0.19293738021930332,0.19293738021930332
max_concentration_linear,15,16,2,0.10856854920618496,0.10856854920618496
max_concentration_linear,15,18,1,0.32865453437826164,0.32865453437826164
max_concentration_linear,15,20,1,0.594833851674242,0.594833851674242
max_concentration_linear,15,23,2,0.46185964799941515,0.46185964799941515
max_concentration_linear,15,26,2,0.1721821923506654,0.1721821923506654
max_concentration_linear,15,28,1,0.1783869634584326,0.1783869634584326
max_concentration_linear,15,30,1,0.26274753727689587,0.26274753727689587
max_concentration_linear,15,33,2,0.5190423840405264,0.5190423840405264
max_concentration_linear,15,36,2,0.4272829069021499,0.4272829069021499
max_concentration_linear,15,38,1,0.2583938698928278,0.2583938698928278
max_concentration_linear,15,40,1,0.6254345122049265,0.6254345122049265
max_concentration_linear,15,43,2,0.21465929915814339,0.21465929915814339
max_concentration_linear,15,46,2,0.0,0.0
max_concentration_linear,15,48,1,0.0,0.0
max_concentration_linear,15,50,1,0.41880515108467703,0.41880515108467703
max_concentration_linear,15,53,2,0.14875674522873522,0.14875674522873522
max_concentration_linear,15,56,2,0.34112915208790073,0.34112915208790073
max_concentration_linear,15,58,1,0.25383713507661704,0.25383713507661704
max_concentration_linear,15,60,1,0.051578226211689754,0.051578226211689754
max_concentration_linear,15,63,2,0.14624291816920248,0.14624291816920248
max_concentration_linear,15,66,2,0.8857176169083395,0.8857176169083395
max_concentration_linear,15,68,1,0.0,0.0
max_concentration_linear,15,70,1,0.13033640656761497,0.13033640656761497
max_concentration_linear,15,73,2,0.9322799529220748,0.9322799529220748
max_concentration_linear,15,76,2,0.4224070520503321,0.4224070520503321
max_concentration_linear,15,78,1,0.5061392737153865,0.5061392737153865
max_concentration_linear,15,80,1,0.10623747726655797,0.10623747726655797
max_concentration_linear,15,83,2,0.3267137465868915,0.3267137465868915
max_concentration_linear,16,3,2,0.10112082614421265,0.10112082614421265
max_concentration_linear,16,6,2,0.10112082614421265,0.10112082614421265
max_concentration_linear,16,8,1,0.0,0.0
max_concentration_linear,16,10,1,0.36283896311208685,0.36283896311208685
max_concentration_linear,16,13,2,0.45339130845405096,0.45339130845405096
max_concentration_linear,16,16,2,0.29398332344108824,0.29398332344108824
max_concentration_linear,16,18,1,0.2200204863217849,0.2200204863217849
max_concentration_linear,16,20,1,0.07102658144276053,0.07102658144276053
max_concentration_linear,16,23,2,0.24277024308468206,0.24277024308468206
max_concentration_linear,16,26,2,0.396839691812268,0.396839691812268
max_concentration_linear,16,28,1,0.10651097438577076,0.10651097438577076
max_concentration_linear,16,30,1,0.239266571568732,0.239266571568732
max_concentration_linear,16,33,2,0.6138434209132221,0.6138434209132221
max_concentration_linear,16,36,2,0.5345731675591499,0.5345731675591499
max_concentration_linear,16,38,1,0.47622472774185426,0.47622472774185426
max_concentration_linear,16,40,1,0.21651885588384462,0.21651885588384462
max_concentration_linear,16,43,2,0.14007704333471035,0.14007704333471035
max_concentration_linear,16,46,2,0.12302307980041062,0.12302307980041062
max_concentration_linear,16,48,1,0.032524413338538914,0.032524413338538914
max_concentration_linear,16,50,1,0.054712833129805155,0.054712833129805155
max_concentration_linear,16,53,2,0.3820148108913574,0.3820148108913574
max_concentration_linear,16,56,2,0.7728181982868089,0.7728181982868089
max_concentration_linear,16,58,1,0.3205672798586881,0.3205672798586881
max_concentration_linear,16,60,1,0.08394233430657835,0.08394233430657835
max_concentration_linear,16,63,2,0.14678424872536558,0.14678424872536558
max_concentration_linear,16,66,2,0.397241446028678,0.397241446028678
max_concentration_linear,16,68,1,0.34925637611657806,0.34925637611657806
max_concentration_linear,16,70,1,0.3202865958346558,0.3202865958346558
max_concentration_linear,16,73,2,0.15938948672808972,0.15938948672808972
max_concentration_linear,16,76,2,0.11843626762232455,0.11843626762232455
max_concentration_linear,16,78,1,0.49039187540930124,0.49039187540930124
max_concentration_linear,16,80,1,0.2585962816144101,0.2585962816144101
max_concentration_linear,16,83,2,0.4971540449486785,0.4971540449486785
max_concentration_linear,16,86,2,0.34251595120845824,0.34251595120845824
max_concentration_linear,16,88,1,0.9856210331836577,0.9856210331836577
max_concentration_linear,16,90,1,0.3917628484420281,0.3917628484420281
max_concentration_linear,16,93,2,0.43031570052236606,0.43031570052236606
max_concentration_linear,16,96,2,0.6366534389792059,0.6366534389792059
max_concentration_linear,16,98,1,0.26311065078969365,0.26311065078969365
max_concentration_linear,16,100,1,0.5266589580187283,0.5266589580187283
max_concentration_linear,17,3,2,0.32469090638740855,0.32469090638740855
max_concentration_linear,17,6,2,0.14425753495332355,0.14425753495332355
max_concentration_linear,17,8,1,0.1187752404426074,0.1187752404426074
max_concentration_linear,17,10,1,0.030468662874013404,0.030468662874013404
max_concentration_linear,17,13,2,0.11812639638358308,0.11812639638358308
max_concentration_linear,17,16,2,0.624683327298338,0.624683327298338
max_concentration_linear,17,18,1,0.3767312653389519,0.3767312653389519
max_concentration_linear,17,20,1,0.1913540575542354,0.1913540575542354
max_concentration_linear,17,23,2,0.7353525567868131,0.7353525567868131
max_concentration_linear,17,26,2,0.587340506990242,0.587340506990242
max_concentration_linear,17,28,1,0.46138535514645507,0.46138535514645507
max_concentration_linear,17,30,1,0.444415721089535,0.444415721089535
max_concentration_linear,17,33,2,0.9296639891573771,0.9296639891573771
max_concentration_linear,17,36,2,0.24708975393298177,0.24708975393298177
max_concentration_linear,17,38,1,0.30708538466684926,0.30708538466684926
max_concentration_linear,17,40,1,0.07522579204492717,0.07522579204492717
max_concentration_linear,17,43,2,0.09873422008831678,0.09873422008831678
max_concentration_linear,17,46,2,0.09873422008831678,0.09873422008831678
max_concentration_linear,17,48,1,0.29924913265335923,0.29924913265335923
max_concentration_linear,17,50,1,0.009025209791520078,0.009025209791520078
max_concentration_linear,17,53,2,0.3337692410499475,0.3337692410499475
max_concentration_linear,17,56,2,0.14685254664430314,0.14685254664430314
max_concentration_linear,17,58,1,0.04421378293803934,0.04421378293803934
max_concentration_linear,17,60,1,0.0,0.0
max_concentration_linear,17,63,2,0.2714872032830613,0.2714872032830613
max_concentration_linear,17,66,2,0.44541274289702765,0.44541274289702765
max_concentration_linear,17,68,1,0.36392883799633907,0.36392883799633907
max_concentration_linear,17,70,1,0.49125165774685253,0.49125165774685253
max_concentration_linear,17,73,2,0.08492833036132949,0.08492833036132949
max_concentration_linear,17,76,2,0.21623015904365372,0.21623015904365372
max_concentration_linear,17,78,1,0.3753830147501405,0.3753830147501405
max_concentration_linear,17,80,1,0.2148611680284587,0.2148611680284587
max_concentration_linear,17,83,2,0.7680350455802627,0.7680350455802627
max_concentration_linear,17,86,2,0.590256019673297,0.590256019673297
max_concentration_linear,17,88,1,0.12880866954567272,0.12880866954567272
max_concentration_linear,17,90,1,0.29418891275236303,0.29418891275236303
max_concentration_linear,17,93,2,0.7160435580214384,0.7160435580214384
max_concentration_linear,17,96,2,0.5962451815443904,0.5962451815443904
max_concentration_linear,17,98,1,0.01986554650699393,0.01986554650699393
max_concentration_linear,17,100,1,0.2950323204403143,0.2950323204403143
max_concentration_linear,17,103,2,0.03266613528365361,0.03266613528365361
max_concentration_linear,17,106,2,0.18128559162590496,0.18128559162590496
max_concentration_linear,17,108,1,0.054028761458156056,0.054028761458156056
max_concentration_linear,17,110,1,0.0,0.0
max_concentration_linear,17,113,2,0.08512830357192908,0.08512830357192908
max_concentration_linear,17,116,2,0.1246428569157918,0.1246428569157918
max_concentration_linear,17,118,1,1.0388854451530516,1.0388854451530516
max_concentration_linear,17,120,1,0.25164822882053434,0.25164822882053434
max_concentration_linear,17,123,2,0.45196757931081044,0.45196757931081044
max_concentration_linear,17,126,2,0.892899613257131,0.892899613257131
max_concentration_linear,17,128,1,0.2450526309210512,0.2450526309210512
max_concentration_linear,17,130,1,0.12462815672703416,0.12462815672703416
max_concentration_linear,17,133,2,0.3430715630763664,0.3430715630763664
max_concentration_linear,17,136,2,0.06338313923568499,0.06338313923568499
max_concentration_linear,17,138,1,0.09419337418884466,0.09419337418884466
max_concentration_linear,17,140,1,0.12064905889641934,0.12064905889641934
max_concentration_linear,17,143,2,0.07282503104817745,0.07282503104817745
max_concentration_linear,17,146,2,1.2494034081087182,1.2494034081087182
max_concentration_linear,17,148,1,0.6688550476150525,0.6688550476150525
max_concentration_linear,18,3,2,0.0,0.0
max_concentration_linear,18,6,2,0.5974172870125902,0.5974172870125902
max_concentration_linear,18,8,1,0.10503333241240277,0.10503333241240277
max_concentration_linear,18,10,1,0.18722071939713458,0.18722071939713458
max_concentration_linear,18,13,2,0.20058121401469609,0.20058121401469609
max_concentration_linear,18,16,2,0.021904972655817798,0.021904972655817798
max_concentration_linear,18,18,1,0.19205100833403954,0.19205100833403954
max_concentration_linear,18,20,1,0.48734157995259403,0.48734157995259403
max_concentration_linear,18,23,2,0.5299858497130288,0.5299858497130288
max_concentration_linear,18,26,2,0.36843061121589055,0.36843061121589055
max_concentration_linear,18,28,1,0.4770529486879605,0.4770529486879605
max_concentration_linear,18,30,1,0.17812242191384106,0.17812242191384106
max_concentration_linear,18,33,2,0.24689350774467503,0.24689350774467503
max_concentration_linear,18,36,2,0.1916244352966009,0.1916244352966009
max_concentration_linear,18,38,1,0.08410684522092202,0.08410684522092202
max_concentration_linear,18,40,1,0.12673932202768284,0.12673932202768284
max_concentration_linear,18,43,2,0.7397044422011917,0.7397044422011917
max_concentration_linear,18,46,2,0.3700655312731263,0.3700655312731263
max_concentration_linear,18,48,1,0.18168710937525168,0.18168710937525168
max_concentration_linear,18,50,1,0.08715098114490938,0.08715098114490938
max_concentration_linear,18,53,2,0.3410152234943897,0.3410152234943897
max_concentration_linear,18,56,2,0.5208143676267944,0.5208143676267944
max_concentration_linear,18,58,1,0.397885120571581,0.397885120571581
max_concentration_linear,18,60,1,0.2884210490483553,0.2884210490483553
max_concentration_linear,18,63,2,0.26329978789901326,0.26329978789901326
max_concentration_linear,18,66,2,0.04622459597229472,0.04622459597229472
max_concentration_linear,18,68,1,0.4172340096300747,0.4172340096300747
max_concentration_linear,18,70,1,0.23619790605452298,0.23619790605452298
max_concentration_linear,18,73,2,0.2616970905042316,0.2616970905042316
max_concentration_linear,18,76,2,0.4916945486145639,0.4916945486145639
max_concentration_linear,18,78,1,0.15737029897818197,0.15737029897818197
max_concentration_linear,18,80,1,0.7799308742614461,0.7799308742614461
max_concentration_linear,18,83,2,0.6292249535967424,0.6292249535967424
max_concentration_linear,18,86,2,0.11427844378740223,0.11427844378740223
max_concentration_linear,18,88,1,0.2898448711171733,0.2898448711171733
max_concentration_linear,19,3,2,0.035268479380827715,0.035268479380827715
max_concentration_linear,19,6,2,0.27110622718462385,0.27110622718462385
max_concentration_linear,19,8,1,0.17442761522332947,0.17442761522332947
max_concentration_linear,19,10,1,0.030721477330383273,0.030721477330383273
max_concentration_linear,19,13,2,0.24449374431556767,0.24449374431556767
max_concentration_linear,19,16,2,0.43998277782292883,0.43998277782292883
max_concentration_linear,19,18,1,0.9880837723148879,0.9880837723148879
max_concentration_linear,19,20,1,0.39833008745566084,0.39833008745566084
max_concentration_linear,19,23,2,0.23179869863221675,0.23179869863221675
max_concentration_linear,19,26,2,0.4875307336636612,0.4875307336636612
max_concentration_linear,19,28,1,0.16475390321201833,0.16475390321201833
max_concentration_linear,19,30,1,0.302288205088986,0.302288205088986
max_concentration_linear,19,33,2,0.3354445321399598,0.3354445321399598
max_concentration_linear,19,36,2,0.4704564600182963,0.4704564600182963
max_concentration_linear,19,38,1,0.28931014220954077,0.28931014220954077
max_concentration_linear,19,40,1,0.32406033691250524,0.32406033691250524
max_concentration_linear,19,43,2,0.15481792480730866,0.15481792480730866
max_concentration_linear,19,46,2,0.09847061159893347,0.09847061159893347
max_concentration_linear,19,48,1,0.10772983631099996,0.10772983631099996
max_concentration_linear,19,50,1,0.1974356464432851,0.1974356464432851
max_concentration_linear,19,53,2,0.33800729828863607,0.33800729828863607
max_concentration_linear,19,56,2,0.46775406117814444,0.46775406117814444
max_concentration_linear,19,58,1,0.9152884409357346,0.9152884409357346
max_concentration_linear,19,60,1,0.07984469791316891,0.07984469791316891
max_concentration_linear,19,63,2,0.6320572506931972,0.6320572506931972
max_concentration_linear,19,66,2,0.7809359112069754,0.7809359112069754
max_concentration_linear,19,68,1,0.25904880846420897,0.25904880846420897
max_concentration_linear,20,3,2,0.0,0.0
max_concentration_linear,20,6,2,0.14240760172136227,0.14240760172136227
max_concentration_linear,20,8,1,0.5092487025574917,0.5092487025574917
max_concentration_linear,20,10,1,0.1859158086711139,0.1859158086711139
max_concentration_linear,20,13,2,0.1974100463259118,0.1974100463259118
max_concentration_linear,20,16,2,0.21257312041692045,0.21257312041692045
max_concentration_linear,20,18,1,0.11162958675975265,0.11162958675975265
max_concentration_linear,20,20,1,0.05270307021521084,0.05270307021521084
max_concentration_linear,20,23,2,0.39873664270813247,0.39873664270813247
max_concentration_linear,20,26,2,0.11684214536916991,0.11684214536916991
max_concentration_linear,20,28,1,0.1225571050582814,0.1225571050582814
max_concentration_linear,20,30,1,0.7941226962845549,0.7941226962845549
max_concentration_linear,20,33,2,0.43319418851571145,0.43319418851571145
max_concentration_linear,20,36,2,0.2972347540635616,0.2972347540635616
max_concentration_linear,20,38,1,0.2081199864267829,0.2081199864267829
max_concentration_linear,20,40,1,0.1670268481950192,0.1670268481950192
max_concentration_linear,20,43,2,0.3442033450408942,0.3442033450408942
max_concentration_linear,20,46,2,0.09572273066667107,0.09572273066667107
max_concentration_linear,20,48,1,0.12204090511891649,0.12204090511891649
max_concentration_linear,20,50,1,0.327279906696473,0.327279906696473
max_concentration_linear,20,53,2,0.6977916196783666,0.6977916196783666
max_concentration_linear,20,56,2,0.26493209760963893,0.26493209760963893
max_concentration_linear,20,58,1,0.15688745337406854,0.15688745337406854
max_concentration_linear,20,60,1,0.18438818906031498,0.18438818906031498
max_concentration_linear,20,63,2,0.2113891453512152,0.2113891453512152
max_concentration_linear,20,66,2,0.595610133243759,0.595610133243759
max_concentration_linear,20,68,1,0.2725003776220527,0.2725003776220527
max_concentration_linear,20,70,1,0.23305059886001686,0.23305059886001686
max_concentration_linear,20,73,2,0.6575466897585514,0.6575466897585514
max_concentration_linear,20,76,2,0.23454334293060228,0.23454334293060228
max_concentration_linear,20,78,1,0.30503261991620817,0.30503261991620817
max_concentration_linear,20,80,1,0.7241353093442425,0.7241353093442425
max_concentration_linear,20,83,2,0.7489119867314556,0.7489119867314556
max_concentration_linear,20,86,2,0.4208694942512561,0.4208694942512561
max_concentration_linear,21,3,2,0.3121320974028159,0.3121320974028159
max_concentration_linear,21,6,2,0.2107587823290806,0.2107587823290806
max_concentration_linear,21,8,1,0.1538742196323153,0.1538742196323153
max_concentration_linear,21,10,1,0.061426075016561235,0.061426075016561235
max_concentration_linear,21,13,2,0.6146141136316139,0.6146141136316139
max_concentration_linear,21,16,2,0.38952207748790113,0.38952207748790113
max_concentration_linear,21,18,1,0.4029836385920089,0.4029836385920089
max_concentration_linear,21,20,1,0.2833823573355583,0.2833823573355583
max_concentration_linear,21,23,2,0.9356857740002756,0.9356857740002756
max_concentration_linear,21,26,2,0.6013682824386314,0.6013682824386314
max_concentration_linear,21,28,1,0.23570719980596866,0.23570719980596866
max_concentration_linear,21,30,1,0.5010241955112431,0.5010241955112431
max_concentration_linear,21,33,2,0.15318181460596803,0.15318181460596803
max_concentration_linear,21,36,2,0.3284286133400618,0.3284286133400618
max_concentration_linear,21,38,1,0.24498865133078407,0.24498865133078407
max_concentration_linear,21,40,1,0.14718020437578253,0.14718020437578253
max_concentration_linear,21,43,2,0.31076440038574943,0.31076440038574943
max_concentration_linear,21,46,2,0.4114443905913521,0.4114443905913521
max_concentration_linear,21,48,1,0.3988744130933496,0.3988744130933496
max_concentration_linear,21,50,1,0.14572376330997713,0.14572376330997713
max_concentration_linear,21,53,2,0.6420509956155717,0.6420509956155717
max_concentration_linear,21,56,2,0.26943620313195615,0.26943620313195615
max_concentration_linear,21,58,1,0.11534044380313942,0.11534044380313942
max_concentration_linear,21,60,1,0.38306599490519117,0.38306599490519117
max_concentration_linear,21,63,2,0.8667903861866003,0.8667903861866003
max_concentration_linear,21,66,2,0.5917104287255145,0.5917104287255145
max_concentration_linear,21,68,1,0.12813710803014672,0.12813710803014672
max_concentration_linear,21,70,1,0.1305884305750044,0.1305884305750044
max_concentration_linear,22,3,2,0.147411759928161,0.147411759928161
max_concentration_linear,22,6,2,0.5213510817818758,0.5213510817818758
max_concentration_linear,22,8,1,0.59832879991675,0.59832879991675
max_concentration_linear,22,10,1,0.1662203756934967,0.1662203756934967
max_concentration_linear,22,13,2,0.12953816729300927,0.12953816729300927
max_concentration_linear,22,16,2,0.35361886356585104,0.35361886356585104
max_concentration_linear,22,18,1,0.08357012711503363,0.08357012711503363
max_concentration_linear,22,20,1,0.04216647343554445,0.04216647343554445
max_concentration_linear,22,23,2,0.46012789107609653,0.46012789107609653
max_concentration_linear,22,26,2,0.38767681671730553,0.38767681671730553
max_concentration_linear,22,28,1,0.2092623038417423,0.2092623038417423
max_concentration_linear,22,30,1,0.47830341213714966,0.47830341213714966
max_concentration_linear,22,33,2,0.4496961286350047,0.4496961286350047
max_concentration_linear,22,36,2,0.2525615090977245,0.2525615090977245
max_concentration_linear,22,38,1,0.35711190540616733,0.35711190540616733
max_concentration_linear,22,40,1,0.06791408287931978,0.06791408287931978
max_concentration_linear,22,43,2,0.3224379608477316,0.3224379608477316
max_concentration_linear,22,46,2,0.07375544765316294,0.07375544765316294
max_concentration_linear,22,48,1,0.32391368826303113,0.32391368826303113
max_concentration_linear,22,50,1,0.26004226730374996,0.26004226730374996
max_concentration_linear,22,53,2,0.9334829003527729,0.9334829003527729
max_concentration_linear,22,56,2,0.24836495693928942,0.24836495693928942
max_concentration_linear,22,58,1,0.10689127710004398,0.10689127710004398
max_concentration_linear,22,60,1,0.024588235160883737,0.024588235160883737
max_concentration_linear,22,63,2,0.11774802881083006,0.11774802881083006
max_concentration_linear,22,66,2,0.23173257718419354,0.23173257718419354
max_concentration_linear,22,68,1,0.13583487451165904,0.13583487451165904
max_concentration_linear,22,70,1,0.0599993009164437,0.0599993009164437
max_concentration_linear,22,73,2,0.6273284108610807,0.6273284108610807
max_concentration_linear,22,76,2,0.4859800301908163,0.4859800301908163
max_concentration_linear,22,78,1,0.011676434239524117,0.011676434239524117
max_concentration_linear,22,80,1,0.371655596794801,0.371655596794801
max_concentration_linear,22,83,2,0.3595001449241995,0.3595001449241995
max_concentration_linear,22,86,2,0.8110079031605647,0.8110079031605647
max_concentration_linear,22,88,1,0.5698303078730548,0.5698303078730548
max_concentration_linear,22,90,1,0.5747584067611583,0.5747584067611583
max_concentration_linear,22,93,2,0.39612443674922776,0.39612443674922776
max_concentration_linear,22,96,2,0.2820307940677707,0.2820307940677707
max_concentration_linear,23,3,2,0.3256606538603238,0.3256606538603238
max_concentration_linear,23,6,2,0.34043491678296894,0.34043491678296894
max_concentration_linear,23,8,1,0.17521501168290501,0.17521501168290501
max_concentration_linear,23,10,1,0.06177797042568317,0.06177797042568317
max_concentration_linear,23,13,2,0.2762288651896206,0.2762288651896206
max_concentration_linear,23,16,2,0.5234200040259236,0.5234200040259236
max_concentration_linear,23,18,1,0.16434235097229546,0.16434235097229546
max_concentration_linear,23,20,1,0.770602339320369,0.770602339320369
max_concentration_linear,23,23,2,0.20672696552013856,0.20672696552013856
max_concentration_linear,23,26,2,0.5962829845819005,0.5962829845819005
max_concentration_linear,23,28,1,0.12015943443780489,0.12015943443780489
max_concentration_linear,23,30,1,0.10905160866825751,0.10905160866825751
max_concentration_linear,23,33,2,0.5566478797387651,0.5566478797387651
max_concentration_linear,23,36,2,0.27449844302679693,0.27449844302679693
max_concentration_linear,23,38,1,0.4828965155817424,0.4828965155817424
max_concentration_linear,23,40,1,0.3577217816209623,0.3577217816209623
max_concentration_linear,23,43,2,0.14803213438979226,0.14803213438979226
max_concentration_linear,23,46,2,0.23825330443589637,0.23825330443589637
max_concentration_linear,23,48,1,0.5021649335913075,0.5021649335913075
max_concentration_linear,23,50,1,0.17927960010928518,0.17927960010928518
max_concentration_linear,23,53,2,0.35819919871801653,0.35819919871801653
max_concentration_linear,23,56,2,0.25256189716843475,0.25256189716843475
max_concentration_linear,23,58,1,0.19382556527272934,0.19382556527272934
max_concentration_linear,23,60,1,0.6575466897585514,0.6575466897585514
max_concentration_linear,23,63,2,0.22755732200379666,0.22755732200379666
max_concentration_linear,23,66,2,0.8126134099022887,0.8126134099022887
max_concentration_linear,23,68,1,0.16358841694451684,0.16358841694451684
max_concentration_linear,23,70,1,0.6888827597011232,0.6888827597011232
max_concentration_linear,23,73,2,0.3270373615930318,0.3270373615930318
max_concentration_linear,24,3,2,0.3016586805365688,0.3016586805365688
max_concentration_linear,24,6,2,0.07228502597876069,0.07228502597876069
max_concentration_linear,24,8,1,0.1392226510997954,0.1392226510997954
max_concentration_linear,24,10,1,0.2797043236128491,0.2797043236128491
max_concentration_linear,24,13,2,0.4386781618610858,0.4386781618610858
max_concentration_linear,24,16,2,0.7286110731338055,0.7286110731338055
max_concentration_linear,24,18,1,0.17455934356806505,0.17455934356806505
max_concentration_linear,24,20,1,0.39643992497866987,0.39643992497866987
max_concentration_linear,24,23,2,0.31864463848063757,0.31864463848063757
max_concentration_linear,24,26,2,0.6359081885912561,0.6359081885912561
max_concentration_linear,24,28,1,0.0234744767384202,0.0234744767384202
max_concentration_linear,24,30,1,0.16536314091960722,0.16536314091960722
max_concentration_linear,24,33,2,0.47638287959087666,0.47638287959087666
max_concentration_linear,24,36,2,0.1630652975910123,0.1630652975910123
max_concentration_linear,24,38,1,0.4988421914544855,0.4988421914544855
max_concentration_linear,24,40,1,0.12387892502120616,0.12387892502120616
max_concentration_linear,24,43,2,0.1185156620660235,0.1185156620660235
max_concentration_linear,24,46,2,0.26104735981028004,0.26104735981028004
max_concentration_linear,24,48,1,0.0,0.0
max_concentration_linear,24,50,1,0.2172465412354761,0.2172465412354761
max_concentration_linear,24,53,2,0.16761394468013982,0.16761394468013982
max_concentration_linear,24,56,2,0.47224841863338496,0.47224841863338496
max_concentration_linear,24,58,1,0.06878106857269223,0.06878106857269223
max_concentration_linear,24,60,1,0.2854537962122828,0.2854537962122828
max_concentration_linear,24,63,2,0.1751449097388675,0.1751449097388675
max_concentration_linear,24,66,2,0.65782662590947,0.65782662590947
max_concentration_linear,24,68,1,0.1554505614774083,0.1554505614774083
max_concentration_linear,24,70,1,0.20034175333050366,0.20034175333050366
max_concentration_linear,24,73,2,0.6374352731149182,0.6374352731149182
max_concentration_linear,24,76,2,0.7139200527480722,0.7139200527480722
max_concentration_linear,24,78,1,0.16480098538414356,0.16480098538414356
max_concentration_linear,24,80,1,0.5673509389320182,0.5673509389320182
max_concentration_linear,24,83,2,0.21312431892110517,0.21312431892110517
max_concentration_linear,25,3,2,0.46327154194710174,0.46327154194710174
max_concentration_linear,25,6,2,0.2408971213329208,0.2408971213329208
max_concentration_linear,25,8,1,0.11945110027036894,0.11945110027036894
max_concentration_linear,25,10,1,0.053181098689668124,0.053181098689668124
max_concentration_linear,25,13,2,0.23825265568898998,0.23825265568898998
max_concentration_linear,25,16,2,0.8783221188368644,0.8783221188368644
max_concentration_linear,25,18,1,0.0863983277872736,0.0863983277872736
max_concentration_linear,25,20,1,0.11542239071544771,0.11542239071544771
max_concentration_linear,25,23,2,0.5729171279137297,0.5729171279137297
max_concentration_linear,25,26,2,0.3588106975127388,0.3588106975127388
max_concentration_linear,25,28,1,0.2740926148166421,0.2740926148166421
max_concentration_linear,25,30,1,0.19931623256247322,0.19931623256247322
max_concentration_linear,25,33,2,0.529611777055061,0.529611777055061
max_concentration_linear,25,36,2,0.732043553113963,0.732043553113963
max_concentration_linear,25,38,1,0.32772388607449404,0.32772388607449404
max_concentration_linear,25,40,1,0.11390850456030437,0.11390850456030437
max_concentration_linear,25,43,2,0.43634309562070805,0.43634309562070805
max_concentration_linear,25,46,2,0.2740750066834623,0.2740750066834623
max_concentration_linear,25,48,1,0.22089204315050903,0.22089204315050903
max_concentration_linear,25,50,1,0.3369284711026272,0.3369284711026272
max_concentration_linear,25,53,2,0.13695013510605825,0.13695013510605825
max_concentration_linear,25,56,2,0.40473547665776965,0.40473547665776965
max_concentration_linear,25,58,1,0.18858578918038787,0.18858578918038787
max_concentration_linear,25,60,1,0.07088079342884332,0.07088079342884332
max_concentration_linear,25,63,2,0.2636602377859126,0.2636602377859126
max_concentration_linear,25,66,2,0.7980451544267735,0.7980451544267735
max_concentration_linear,25,68,1,0.6302522350782767,0.6302522350782767
max_concentration_linear,25,70,1,0.17001110685987184,0.17001110685987184
max_concentration_linear,25,73,2,0.29973910722866337,0.29973910722866337
max_concentration_linear,25,76,2,0.0653448136623157,0.0653448136623157
max_concentration_linear,26,3,2,0.1696710739661661,0.1696710739661661
max_concentration_linear,26,6,2,0.18771368931670485,0.18771368931670485
max_concentration_linear,26,8,1,0.19828435284624243,0.19828435284624243
max_concentration_linear,26,10,1,0.6183405791225058,0.6183405791225058
max_concentration_linear,26,13,2,0.3856255770694338,0.3856255770694338
max_concentration_linear,26,16,2,0.1469371153188501,0.1469371153188501
max_concentration_linear,26,18,1,0.10956089576096543,0.10956089576096543
max_concentration_linear,26,20,1,0.02208407652672142,0.02208407652672142
max_concentration_linear,26,23,2,0.24470684659082215,0.24470684659082215
max_concentration_linear,26,26,2,0.6958509221279785,0.6958509221279785
max_concentration_linear,26,28,1,0.21409353277163484,0.21409353277163484
max_concentration_linear,26,30,1,0.28613230393070344,0.28613230393070344
max_concentration_linear,26,33,2,0.43796325754453425,0.43796325754453425
max_concentration_linear,26,36,2,0.2693556120389615,0.2693556120389615
max_concentration_linear,26,38,1,0.18844552751456742,0.18844552751456742
max_concentration_linear,26,40,1,0.2797974114582265,0.2797974114582265
max_concentration_linear,26,43,2,0.07706953572227132,0.07706953572227132
max_concentration_linear,26,46,2,0.19671997644038344,0.19671997644038344
max_concentration_linear,26,48,1,0.21942818558095245,0.21942818558095245
max_concentration_linear,26,50,1,0.6142902440869491,0.6142902440869491
max_concentration_linear,26,53,2,0.3234244849109233,0.3234244849109233
max_concentration_linear,26,56,2,0.06103287392518333,0.06103287392518333
max_concentration_linear,26,58,1,0.09680981297629361,0.09680981297629361
max_concentration_linear,26,60,1,0.5785939553140819,0.5785939553140819
max_concentration_linear,26,63,2,0.501734487958225,0.501734487958225
max_concentration_linear,26,66,2,0.2643768332075751,0.2643768332075751
max_concentration_linear,26,68,1,0.27386862991521166,0.27386862991521166
max_concentration_linear,26,70,1,0.5169337316003453,0.5169337316003453
max_concentration_linear,26,73,2,0.6851481494901839,0.6851481494901839
max_concentration_linear,26,76,2,0.38635880573021963,0.38635880573021963
max_concentration_linear,26,78,1,0.3541484280502531,0.3541484280502531
max_concentration_linear,26,80,1,1.0464597732511676,1.0464597732511676
max_concentration_linear,26,83,2,0.27079521547872853,0.27079521547872853
max_concentration_linear,26,86,2,0.20011894341338213,0.20011894341338213
max_concentration_linear,26,88,1,0.3593287394809251,0.3593287394809251
max_concentration_linear,26,90,1,0.8009778202183836,0.8009778202183836
max_concentration_linear,26,93,2,0.3748818491227804,0.3748818491227804
max_concentration_linear,26,96,2,0.22872343813831247,0.22872343813831247
max_concentration_linear,26,98,1,0.17090290112436757,0.17090290112436757
max_concentration_linear,26,100,1,0.411273620190549,0.411273620190549
max_concentration_linear,26,103,2,0.08116168553771004,0.08116168553771004
max_concentration_linear,26,106,2,0.17227930606259834,0.17227930606259834
max_concentration_linear,26,108,1,0.35945344955951863,0.35945344955951863
max_concentration_linear,26,110,1,0.13762421563141722,0.13762421563141722
max_concentration_linear,26,113,2,0.3525356053950733,0.3525356053950733
max_concentration_linear,26,116,2,0.5502185962137944,0.5502185962137944
max_concentration_linear,26,118,1,0.6257642434894528,0.6257642434894528
max_concentration_linear,26,120,1,0.08069278009266018,0.08069278009266018
max_concentration_linear,26,123,2,0.17557201475339912,0.17557201475339912
max_concentration_linear,26,126,2,1.2862325534249741,1.2862325534249741
max_concentration_linear,26,128,1,0.09671991912139673,0.09671991912139673
max_concentration_linear,26,130,1,1.4314722739176966,1.4314722739176966
max_concentration_linear,26,133,2,0.062271307184001194,0.062271307184001194
max_concentration_linear,26,136,2,0.1897098549729472,0.1897098549729472
max_concentration_linear,26,138,1,1.274934536606047,1.274934536606047
max_concentration_linear,26,140,1,0.09839650206500367,0.09839650206500367
max_concentration_linear,26,143,2,1.4994285288616942,1.4994285288616942
max_concentration_linear,26,146,2,0.08434951809122047,0.08434951809122047
max_concentration_linear,26,148,1,1.5793630263332368,1.5793630263332368
max_concentration_linear,26,150,1,1.584184098424554,1.584184098424554
max_concentration_linear,26,153,2,1.547733019246143,1.547733019246143
max_concentration_linear,26,156,2,0.1714882825949317,0.1714882825949317
max_concentration_linear,26,158,1,1.1085178704503693,1.1085178704503693
max_concentration_linear,26,160,1,0.0,0.0
max_concentration_linear,26,163,2,0.12151813301649005,0.12151813301649005
max_concentration_linear,26,166,2,0.29250472550189777,0.29250472550189777
max_concentration_linear,26,168,1,1.3161482913084086,1.3161482913084086
max_concentration_linear,26,170,1,0.11715752880039029,0.11715752880039029
max_concentration_linear,26,173,2,1.0311935528485219,1.0311935528485219
max_concentration_linear,26,176,2,0.3542215992204857,0.3542215992204857
max_concentration_linear,26,178,1,0.3364049796679327,0.3364049796679327
max_concentration_linear,26,180,1,1.5019856522006951,1.5019856522006951
max_concentration_linear,26,183,2,0.2576064143635332,0.2576064143635332
max_concentration_linear,26,186,2,1.0486679752096697,1.0486679752096697
max_concentration_linear,26,188,1,0.15261301275003972,0.15261301275003972
max_concentration_linear,26,190,1,0.31351217132357384,0.31351217132357384
max_concentration_linear,26,193,2,0.2683668277110644,0.2683668277110644
max_concentration_linear,26,196,2,1.4186527577128354,1.4186527577128354
max_concentration_linear,26,198,1,0.13524314266448334,0.13524314266448334
max_concentration_linear,26,200,1,0.2941289769500898,0.2941289769500898
max_concentration_linear,26,203,2,1.1948815057768583,1.1948815057768583
max_concentration_linear,26,206,2,0.28090242080627303,0.28090242080627303
max_concentration_linear,26,208,1,0.9411030814961058,0.9411030814961058
max_concentration_linear,26,210,1,1.226549843937753,1.226549843937753
max_concentration_linear,26,213,2,0.14798324975262508,0.14798324975262508
max_concentration_linear,26,216,2,1.028370410820693,1.028370410820693
max_concentration_linear,26,218,1,0.7994355455300343,0.7994355455300343
max_concentration_linear,27,3,2,0.1256919934331626,0.1256919934331626
max_concentration_linear,27,6,2,0.20963886443650845,0.20963886443650845
max_concentration_linear,27,8,1,0.0,0.0
max_concentration_linear,27,10,1,0.0,0.0
max_concentration_linear,27,13,2,0.0,0.0
max_concentration_linear,27,16,2,0.2935676287893595,0.2935676287893595
max_concentration_linear,27,18,1,0.2935676287893595,0.2935676287893595
max_concentration_linear,27,20,1,0.0,0.0
max_concentration_linear,27,23,2,0.0,0.0
max_concentration_linear,27,26,2,0.0,0.0
max_concentration_linear,27,28,1,0.0,0.0
max_concentration_linear,27,30,1,0.14116692921559218,0.14116692921559218
max_concentration_linear,27,33,2,0.06437756448651417,0.06437756448651417
max_concentration_linear,27,36,2,0.3465070680968209,0.3465070680968209
max_concentration_linear,27,38,1,0.6543445148932041,0.6543445148932041
max_concentration_linear,27,40,1,0.14591364693952355,0.14591364693952355
max_concentration_linear,27,43,2,0.3276157707486353,0.3276157707486353
max_concentration_linear,27,46,2,0.1996661110822943,0.1996661110822943
max_concentration_linear,27,48,1,0.24309923004042064,0.24309923004042064
max_concentration_linear,27,50,1,0.13200051815846753,0.13200051815846753
max_concentration_linear,27,53,2,0.7264320665226613,0.7264320665226613
max_concentration_linear,27,56,2,0.3877006249381405,0.3877006249381405
max_concentration_linear,27,58,1,0.12854863748857787,0.12854863748857787
max_concentration_linear,27,60,1,0.31819895729334263,0.31819895729334263
max_concentration_linear,27,63,2,0.6410462801243548,0.6410462801243548
max_concentration_linear,27,66,2,0.1293296650991987,0.1293296650991987
max_concentration_linear,27,68,1,0.1126064195836488,0.1126064195836488
max_concentration_linear,27,70,1,0.19567943318802644,0.19567943318802644
max_concentration_linear,27,73,2,0.491623150933333,0.491623150933333
max_concentration_linear,27,76,2,0.5277372398762933,0.5277372398762933
max_concentration_linear,27,78,1,0.38187447800761326,0.38187447800761326
max_concentration_linear,27,80,1,0.11571395914542566,0.11571395914542566
max_concentration_linear,27,83,2,0.2482024389320403,0.2482024389320403
max_concentration_linear,27,86,2,0.2585839360687177,0.2585839360687177
max_concentration_linear,27,88,1,0.16131244630240402,0.16131244630240402
max_concentration_linear,27,90,1,0.2642984273336438,0.2642984273336438
max_concentration_linear,27,93,2,0.23382581523466897,0.23382581523466897
max_concentration_linear,27,96,2,0.3665170020713714,0.3665170020713714
max_concentration_linear,27,98,1,0.40165529713709563,0.40165529713709563
max_concentration_linear,27,100,1,0.030625470325352556,0.030625470325352556
max_concentration_linear,27,103,2,0.27251773856493766,0.27251773856493766
max_concentration_linear,27,106,2,0.2620939499263723,0.2620939499263723
max_concentration_linear,27,108,1,0.06209713555542688,0.06209713555542688
max_concentration_linear,27,110,1,0.4719704159459628,0.4719704159459628
max_concentration_linear,27,113,2,0.8855323811656817,0.8855323811656817
max_concentration_linear,27,116,2,0.46227267309747744,0.46227267309747744
max_concentration_linear,27,118,1,0.23863603863708302,0.23863603863708302
max_concentration_linear,27,120,1,0.19375278034929191,0.19375278034929191
max_concentration_linear,27,123,2,0.053837291397917944,0.053837291397917944
max_concentration_linear,27,126,2,0.2298804156104009,0.2298804156104009
max_concentration_linear,28,3,2,0.5312851143030531,0.5312851143030531
max_concentration_linear,28,6,2,0.1797244059555362,0.1797244059555362
max_concentration_linear,28,8,1,0.1440711065346479,0.1440711065346479
max_concentration_linear,28,10,1,0.1991824078926623,0.1991824078926623
max_concentration_linear,28,13,2,0.23997133205726037,0.23997133205726037
max_concentration_linear,28,16,2,0.7452178910228344,0.7452178910228344
max_concentration_linear,28,18,1,0.13031781586718927,0.13031781586718927
max_concentration_linear,28,20,1,0.35578609338638145,0.35578609338638145
max_concentration_linear,28,23,2,0.4751366320543235,0.4751366320543235
max_concentration_linear,28,26,2,0.492644155909353,0.492644155909353
max_concentration_linear,28,28,1,0.04996279907513291,0.04996279907513291
max_concentration_linear,28,30,1,0.4907694669776626,0.4907694669776626
max_concentration_linear,28,33,2,0.6600158492218319,0.6600158492218319
max_concentration_linear,28,36,2,0.6904737058675026,0.6904737058675026
max_concentration_linear,28,38,1,0.14461545330744016,0.14461545330744016
max_concentration_linear,28,40,1,0.2305818122303561,0.2305818122303561
max_concentration_linear,28,43,2,0.23557757228271722,0.23557757228271722
max_concentration_linear,28,46,2,0.20075827094837667,0.20075827094837667
max_concentration_linear,28,48,1,0.045664246793002114,0.045664246793002114
max_concentration_linear,28,50,1,0.17338776098381745,0.17338776098381745
max_concentration_linear,28,53,2,0.1967261843377396,0.1967261843377396
max_concentration_linear,28,56,2,0.2585414343188651,0.2585414343188651
max_concentration_linear,28,58,1,0.15012442455888167,0.15012442455888167
max_concentration_linear,28,60,1,0.3232043410382444,0.3232043410382444
max_concentration_linear,28,63,2,0.27531670497475896,0.27531670497475896
max_concentration_linear,28,66,2,0.3534835898214672,0.3534835898214672
max_concentration_linear,28,68,1,0.2630649785138829,0.2630649785138829
max_concentration_linear,28,70,1,0.2357886380463944,0.2357886380463944
max_concentration_linear,28,73,2,0.3793511370351219,0.3793511370351219
max_concentration_linear,28,76,2,0.3135299220599718,0.3135299220599718
max_concentration_linear,28,78,1,0.4488041065107596,0.4488041065107596
max_concentration_linear,28,80,1,0.7522404466828019,0.7522404466828019
max_concentration_linear,28,83,2,0.1765928896005337,0.1765928896005337
max_concentration_linear,28,86,2,0.8235419491076026,0.8235419491076026
max_concentration_linear,28,88,1,0.2870841859259849,0.2870841859259849
max_concentration_linear,28,90,1,0.39974024527884033,0.39974024527884033
max_concentration_linear,29,3,2,0.4744784851256541,0.4744784851256541
max_concentration_linear,29,6,2,0.137919574376981,0.137919574376981
max_concentration_linear,29,8,1,0.051899107988607474,0.051899107988607474
max_concentration_linear,29,10,1,0.15228572980365224,0.15228572980365224
max_concentration_linear,29,13,2,0.1629914720545626,0.1629914720545626
max_concentration_linear,29,16,2,0.789852980595715,0.789852980595715
max_concentration_linear,29,18,1,0.35562142704157496,0.35562142704157496
max_concentration_linear,29,20,1,0.697678346955523,0.697678346955523
max_concentration_linear,29,23,2,0.7451025665834103,0.7451025665834103
max_concentration_linear,29,26,2,0.16979522903466607,0.16979522903466607
max_concentration_linear,29,28,1,0.10022508837225126,0.10022508837225126
max_concentration_linear,29,30,1,0.26486918988034674,0.26486918988034674
max_concentration_linear,29,33,2,0.8111811459365141,0.8111811459365141
max_concentration_linear,29,36,2,0.4215113507928441,0.4215113507928441
max_concentration_linear,29,38,1,0.6996281999959906,0.6996281999959906
max_concentration_linear,29,40,1,0.18701262560988427,0.18701262560988427
max_concentration_linear,29,43,2,0.15651016851505006,0.15651016851505006
max_concentration_linear,29,46,2,0.21725716492849648,0.21725716492849648
max_concentration_linear,29,48,1,0.34100991775869277,0.34100991775869277
max_concentration_linear,29,50,1,0.189246609364801,0.189246609364801
max_concentration_linear,29,53,2,0.46319712790466194,0.46319712790466194
max_concentration_linear,29,56,2,0.2187313222039549,0.2187313222039549
max_concentration_linear,29,58,1,0.5115217215769923,0.5115217215769923
max_concentration_linear,29,60,1,0.1714636198133329,0.1714636198133329
max_concentration_linear,29,63,2,0.3102205956695054,0.3102205956695054
max_concentration_linear,29,66,2,0.43572612098326746,0.43572612098326746
max_concentration_linear,29,68,1,0.5382083060242157,0.5382083060242157
max_concentration_linear,29,70,1,0.41573636953755716,0.41573636953755716
max_concentration_linear,29,73,2,0.6842813560585027,0.6842813560585027
max_concentration_linear,29,76,2,0.29582917420550237,0.29582917420550237
max_concentration_linear,30,3,2,0.33123013962858094,0.33123013962858094
max_concentration_linear,30,6,2,0.09731346004577966,0.09731346004577966
max_concentration_linear,30,8,1,0.11382400711636614,0.11382400711636614
max_concentration_linear,30,10,1,0.15525403542840369,0.15525403542840369
max_concentration_linear,30,13,2,0.21093680579275303,0.21093680579275303
max_concentration_linear,30,16,2,0.5345789651844355,0.5345789651844355
max_concentration_linear,30,18,1,0.4453162407012037,0.4453162407012037
max_concentration_linear,30,20,1,0.1292723254524019,0.1292723254524019
max_concentration_linear,30,23,2,0.5278350463531665,0.5278350463531665
max_concentration_linear,30,26,2,0.24694626513345555,0.24694626513345555
max_concentration_linear,30,28,1,0.22113581413714967,0.22113581413714967
max_concentration_linear,30,30,1,0.4688174521273012,0.4688174521273012
max_concentration_linear,30,33,2,0.0416470266078616,0.0416470266078616
max_concentration_linear,30,36,2,0.4121382590740327,0.4121382590740327
max_concentration_linear,30,38,1,0.5454583141978594,0.5454583141978594
max_concentration_linear,30,40,1,0.33613029843453196,0.33613029843453196
max_concentration_linear,30,43,2,0.4374050029572095,0.4374050029572095
max_concentration_linear,30,46,2,0.2788277178511887,0.2788277178511887
max_concentration_linear,30,48,1,0.10435058324327638,0.10435058324327638
max_concentration_linear,30,50,1,0.46286094646459286,0.46286094646459286
max_concentration_linear,30,53,2,0.39496932709143323,0.39496932709143323
max_concentration_linear,30,56,2,0.15643523426557382,0.15643523426557382
max_concentration_linear,30,58,1,0.5246983387772087,0.5246983387772087
max_concentration_linear,30,60,1,0.11631590307642882,0.11631590307642882
max_concentration_linear,30,63,2,0.596675799293088,0.596675799293088
max_concentration_linear,30,66,2,0.716049864607301,0.716049864607301
max_concentration_linear,30,68,1,0.5003931041268046,0.5003931041268046
max_concentration_linear,30,70,1,0.7801445609370629,0.7801445609370629
max_concentration_linear,30,73,2,0.22763516448101734,0.22763516448101734
max_concentration_linear,30,76,2,0.1882101713078374,0.1882101713078374
max_concentration_linear,31,3,2,0.1357505987271467,0.1357505987271467
max_concentration_linear,31,6,2,0.1357505987271467,0.1357505987271467
max_concentration_linear,31,8,1,0.0,0.0
max_concentration_linear,31,10,1,0.0,0.0
max_concentration_linear,31,13,2,0.1594389031111567,0.1594389031111567
max_concentration_linear,31,16,2,0.1594389031111567,0.1594389031111567
max_concentration_linear,31,18,1,0.1594389031111567,0.1594389031111567
max_concentration_linear,31,20,1,0.1674456453093281,0.1674456453093281
max_concentration_linear,31,23,2,0.0,0.0
max_concentration_linear,31,26,2,0.10015335096091876,0.10015335096091876
max_concentration_linear,31,28,1,0.40364831482137425,0.40364831482137425
max_concentration_linear,31,30,1,0.43020264177056106,0.43020264177056106
max_concentration_linear,31,33,2,0.327496447652095,0.327496447652095
max_concentration_linear,31,36,2,0.20062182992039806,0.20062182992039806
max_concentration_linear,31,38,1,0.03105756808867361,0.03105756808867361
max_concentration_linear,31,40,1,0.15736432945602227,0.15736432945602227
max_concentration_linear,31,43,2,0.5364564470503229,0.5364564470503229
max_concentration_linear,31,46,2,0.38958789795212395,0.38958789795212395
max_concentration_linear,31,48,1,0.2906459568452488,0.2906459568452488
max_concentration_linear,31,50,1,0.412535169760181,0.412535169760181
max_concentration_linear,31,53,2,0.4643155828304846,0.4643155828304846
max_concentration_linear,31,56,2,0.506981876525741,0.506981876525741
max_concentration_linear,31,58,1,0.3087279539641808,0.3087279539641808
max_concentration_linear,31,60,1,0.4543082028758388,0.4543082028758388
max_concentration_linear,31,63,2,0.22240466015665863,0.22240466015665863
max_concentration_linear,31,66,2,0.13179337785551926,0.13179337785551926
max_concentration_linear,31,68,1,0.37982888794345177,0.37982888794345177
max_concentration_linear,31,70,1,0.46037995027123474,0.46037995027123474
max_concentration_linear,31,73,2,0.5099089484959937,0.5099089484959937
max_concentration_linear,31,76,2,0.2605406362355171,0.2605406362355171
max_concentration_linear,31,78,1,0.6411556927411505,0.6411556927411505
max_concentration_linear,31,80,1,0.34902169130775895,0.34902169130775895
max_concentration_linear,31,83,2,0.4228579804147161,0.4228579804147161
max_concentration_linear,31,86,2,0.13403718167860926,0.13403718167860926
max_concentration_linear,31,88,1,0.48343875566766237,0.48343875566766237
max_concentration_linear,31,90,1,0.5153595009251083,0.5153595009251083
max_concentration_linear,31,93,2,0.31435687233037796,0.31435687233037796
max_concentration_linear,31,96,2,0.9657191075900178,0.9657191075900178
max_concentration_linear,31,98,1,0.41471025635551984,0.41471025635551984
max_concentration_linear,31,100,1,0.42788777056657884,0.42788777056657884
max_concentration_linear,31,103,2,0.0905794569372601,0.0905794569372601
max_concentration_linear,32,3,2,0.0,0.0
max_concentration_linear,32,6,2,0.0,0.0
max_concentration_linear,32,8,1,0.44194865800247723,0.44194865800247723
max_concentration_linear,32,10,1,0.6080575391886303,0.6080575391886303
max_concentration_linear,32,13,2,0.16777294560542078,0.16777294560542078
max_concentration_linear,32,16,2,0.11209497101139755,0.11209497101139755
max_concentration_linear,32,18,1,0.23047564244775723,0.23047564244775723
max_concentration_linear,32,20,1,0.4361332303477806,0.4361332303477806
max_concentration_linear,32,23,2,0.5403946597781978,0.5403946597781978
max_concentration_linear,32,26,2,0.6551966396702396,0.6551966396702396
max_concentration_linear,32,28,1,0.20437613003933472,0.20437613003933472
max_concentration_linear,32,30,1,0.1450369125147603,0.1450369125147603
max_concentration_linear,32,33,2,0.4004059236555581,0.4004059236555581
max_concentration_linear,32,36,2,0.5223424826351931,0.5223424826351931
max_concentration_linear,32,38,1,0.2778700097560121,0.2778700097560121
max_concentration_linear,32,40,1,0.2380769468408308,0.2380769468408308
max_concentration_linear,32,43,2,0.4836857532410417,0.4836857532410417
max_concentration_linear,32,46,2,0.151606078570648,0.151606078570648
max_concentration_linear,32,48,1,0.08809034935486071,0.08809034935486071
max_concentration_linear,32,50,1,0.2620036695277971,0.2620036695277971
max_concentration_linear,32,53,2,0.06706703604720199,0.06706703604720199
max_concentration_linear,32,56,2,0.30484962992538234,0.30484962992538234
max_concentration_linear,32,58,1,0.3154331501926824,0.3154331501926824
max_concentration_linear,32,60,1,0.23304128232804494,0.23304128232804494
max_concentration_linear,32,63,2,0.13389948584291347,0.13389948584291347
max_concentration_linear,32,66,2,0.7349319048183023,0.7349319048183023
max_concentration_linear,32,68,1,0.11195806730584319,0.11195806730584319
max_concentration_linear,32,70,1,0.21146730028952906,0.21146730028952906
max_concentration_linear,32,73,2,0.24524156094171057,0.24524156094171057
max_concentration_linear,32,76,2,0.49681227189165555,0.49681227189165555
max_concentration_linear,32,78,1,0.60346743803626,0.60346743803626
max_concentration_linear,32,80,1,0.29692057457282034,0.29692057457282034
max_concentration_linear,32,83,2,0.11513526574639267,0.11513526574639267
max_concentration_linear,32,86,2,0.10932211710554722,0.10932211710554722
max_concentration_linear,32,88,1,0.06343538759501179,0.06343538759501179
max_concentration_linear,32,90,1,0.0,0.0
max_concentration_linear,32,93,2,0.03752941156134887,0.03752941156134887
max_concentration_linear,32,96,2,0.0,0.0
max_concentration_linear,32,98,1,0.0,0.0
max_concentration_linear,32,100,1,0.3746512101970281,0.3746512101970281
max_concentration_linear,32,103,2,0.0,0.0
max_concentration_linear,32,106,2,0.3593680729321471,0.3593680729321471
max_concentration_linear,32,108,1,0.0,0.0
max_concentration_linear,32,110,1,0.0,0.0
max_concentration_linear,32,113,2,0.22219180792341303,0.22219180792341303
max_concentration_linear,32,116,2,0.28264577574673966,0.28264577574673966
max_concentration_linear,32,118,1,0.03508223612759772,0.03508223612759772
max_concentration_linear,32,120,1,0.11974961978487385,0.11974961978487385
max_concentration_linear,32,123,2,0.0,0.0
max_concentration_linear,32,126,2,0.025828038416591422,0.025828038416591422
max_concentration_linear,32,128,1,0.0,0.0
max_concentration_linear,32,130,1,0.025828038416591422,0.025828038416591422
max_concentration_linear,32,133,2,0.025828038416591422,0.025828038416591422
max_concentration_linear,32,136,2,0.00860934613886385,0.00860934613886385
max_concentration_linear,32,138,1,0.41533005203551,0.41533005203551
max_concentration_linear,32,140,1,0.0,0.0
max_concentration_linear,32,143,2,0.15803255222066498,0.15803255222066498
max_concentration_linear,32,146,2,0.012033613055360062,0.012033613055360062
max_concentration_linear,32,148,1,0.1478543842207777,0.1478543842207777
max_concentration_linear,32,150,1,0.0,0.0
max_concentration_linear,32,153,2,0.3055170940842476,0.3055170940842476
max_concentration_linear,32,156,2,0.0,0.0
max_concentration_linear,32,158,1,0.31922957865721224,0.31922957865721224
max_concentration_linear,32,160,1,0.31922957865721224,0.31922957865721224
max_concentration_linear,32,163,2,0.31922957865721224,0.31922957865721224
max_concentration_linear,32,166,2,0.0,0.0
max_concentration_linear,32,168,1,0.1478543842207777,0.1478543842207777
max_concentration_linear,32,170,1,0.0012941176400465132,0.0012941176400465132
max_concentration_linear,32,173,2,0.0,0.0
max_concentration_linear,32,176,2,0.06484076099217488,0.06484076099217488
max_concentration_linear,32,178,1,0.3840670840905125,0.3840670840905125
max_concentration_linear,32,180,1,0.37469585035321484,0.37469585035321484
max_concentration_linear,32,183,2,0.0,0.0
max_concentration_linear,32,186,2,0.06484076099217488,0.06484076099217488
max_concentration_linear,32,188,1,0.06211764672223259,0.06211764672223259
max_concentration_linear,32,190,1,0.06211764672223259,0.06211764672223259
max_concentration_linear,32,193,2,0.0,0.0
max_concentration_linear,32,196,2,0.0,0.0
max_concentration_linear,32,198,1,0.14570225125520883,0.14570225125520883
max_concentration_linear,32,200,1,0.14570225125520883,0.14570225125520883
max_concentration_linear,32,203,2,0.0,0.0
max_concentration_linear,32,206,2,0.0,0.0
max_concentration_linear,32,208,1,0.14570225125520883,0.14570225125520883
max_concentration_linear,32,210,1,0.02976418449317629,0.02976418449317629
max_concentration_linear,32,213,2,0.0,0.0
max_concentration_linear,32,216,2,0.15938325232202025,0.15938325232202025
max_concentration_linear,32,218,1,0.0,0.0
max_concentration_linear,33,3,2,0.08854293598672103,0.08854293598672103
max_concentration_linear,33,6,2,0.7346306664944093,0.7346306664944093
max_concentration_linear,33,8,1,0.12521581644389915,0.12521581644389915
max_concentration_linear,33,10,1,0.1793346921180564,0.1793346921180564
max_concentration_linear,33,13,2,0.1413073043067872,0.1413073043067872
max_concentration_linear,33,16,2,0.10711917912046914,0.10711917912046914
max_concentration_linear,33,18,1,0.0,0.0
max_concentration_linear,33,20,1,0.8394274421966775,0.8394274421966775
max_concentration_linear,33,23,2,0.36039933766870064,0.36039933766870064
max_concentration_linear,33,26,2,0.5127751128410107,0.5127751128410107
max_concentration_linear,33,28,1,0.7191163240225933,0.7191163240225933
max_concentration_linear,33,30,1,0.1952589264089239,0.1952589264089239
max_concentration_linear,33,33,2,0.23841663181924558,0.23841663181924558
max_concentration_linear,33,36,2,0.8284917407719566,0.8284917407719566
max_concentration_linear,33,38,1,0.22077890951946696,0.22077890951946696
max_concentration_linear,33,40,1,0.3666757875928109,0.3666757875928109
max_concentration_linear,33,43,2,0.5141202759448237,0.5141202759448237
max_concentration_linear,33,46,2,0.5044021237825782,0.5044021237825782
max_concentration_linear,33,48,1,0.12150272643294412,0.12150272643294412
max_concentration_linear,33,50,1,0.1392696553351124,0.1392696553351124
max_concentration_linear,33,53,2,0.15550717007089995,0.15550717007089995
max_concentration_linear,33,56,2,0.012941176400465132,0.012941176400465132
max_concentration_linear,33,58,1,0.09487912237180646,0.09487912237180646
max_concentration_linear,33,60,1,0.25122125927637684,0.25122125927637684
max_concentration_linear,33,63,2,0.2073222818257016,0.2073222818257016
max_concentration_linear,33,66,2,0.5495829508081631,0.5495829508081631
max_concentration_linear,33,68,1,0.07488276857863105,0.07488276857863105
max_concentration_linear,33,70,1,0.41572697631897093,0.41572697631897093
max_concentration_linear,33,73,2,0.2766198004069007,0.2766198004069007
max_concentration_linear,33,76,2,1.1443308176405498,1.1443308176405498
max_concentration_linear,33,78,1,0.4487771465259876,0.4487771465259876
max_concentration_linear,33,80,1,0.29768267751489064,0.29768267751489064
max_concentration_linear,34,3,2,0.2824235279623007,0.2824235279623007
max_concentration_linear,34,6,2,0.16606315397299198,0.16606315397299198
max_concentration_linear,34,8,1,0.21319311509028346,0.21319311509028346
max_concentration_linear,34,10,1,0.3584227643105819,0.3584227643105819
max_concentration_linear,34,13,2,0.16040771324273476,0.16040771324273476
max_concentration_linear,34,16,2,0.713192811487931,0.713192811487931
max_concentration_linear,34,18,1,0.41834469525567947,0.41834469525567947
max_concentration_linear,34,20,1,0.24231244691265727,0.24231244691265727
max_concentration_linear,34,23,2,0.5973397124976314,0.5973397124976314
max_concentration_linear,34,26,2,0.8896261993511427,0.8896261993511427
max_concentration_linear,34,28,1,0.2854488789400239,0.2854488789400239
max_concentration_linear,34,30,1,0.35881949529624824,0.35881949529624824
max_concentration_linear,34,33,2,0.4362475925849988,0.4362475925849988
max_concentration_linear,34,36,2,0.4183930528372961,0.4183930528372961
max_concentration_linear,34,38,1,0.3119666271187554,0.3119666271187554
max_concentration_linear,34,40,1,0.42718580572861653,0.42718580572861653
max_concentration_linear,34,43,2,0.27020591092299684,0.27020591092299684
max_concentration_linear,34,46,2,0.31485665197515433,0.31485665197515433
max_concentration_linear,34,48,1,0.3695330806148922,0.3695330806148922
max_concentration_linear,34,50,1,0.1916663498223165,0.1916663498223165
max_concentration_linear,34,53,2,0.6415062137263692,0.6415062137263692
max_concentration_linear,34,56,2,0.2002515376437552,0.2002515376437552
max_concentration_linear,34,58,1,0.8118359510193579,0.8118359510193579
max_concentration_linear,34,60,1,0.5746103270146757,0.5746103270146757
max_concentration_linear,34,63,2,0.5137110216093957,0.5137110216093957
max_concentration_linear,34,66,2,0.348780083581825,0.348780083581825
max_concentration_linear,34,68,1,0.2384654187562083,0.2384654187562083
max_concentration_linear,34,70,1,0.28228641002908966,0.28228641002908966
max_concentration_linear,34,73,2,0.5005105916391647,0.5005105916391647
max_concentration_linear,35,3,2,0.0,0.0
max_concentration_linear,35,6,2,0.0,0.0
max_concentration_linear,35,8,1,0.0,0.0
max_concentration_linear,35,10,1,0.0,0.0
max_concentration_linear,35,13,2,0.0,0.0
max_concentration_linear,35,16,2,0.0,0.0
max_concentration_linear,35,18,1,0.0,0.0
max_concentration_linear,35,20,1,0.0,0.0
max_concentration_linear,35,23,2,0.0,0.0
max_concentration_linear,35,26,2,0.0,0.0
max_concentration_linear,35,28,1,0.0,0.0
max_concentration_linear,35,30,1,0.0,0.0
max_concentration_linear,35,33,2,0.0,0.0
max_concentration_linear,35,36,2,0.0,0.0
max_concentration_linear,35,38,1,0.0,0.0
max_concentration_linear,35,40,1,0.007331932759752413,0.007331932759752413
max_concentration_linear,35,43,2,0.007331932759752413,0.007331932759752413
max_concentration_linear,35,46,2,0.0,0.0
max_concentration_linear,35,48,1,0.0,0.0
max_concentration_linear,35,50,1,0.0,0.0
max_concentration_linear,35,53,2,0.0,0.0
max_concentration_linear,35,56,2,0.0,0.0
max_concentration_linear,35,58,1,0.0,0.0
max_concentration_linear,35,60,1,0.0,0.0
max_concentration_linear,35,63,2,0.0,0.0
max_concentration_linear,35,66,2,0.0,0.0
max_concentration_linear,35,68,1,0.0,0.0
max_concentration_linear,35,70,1,0.007331932759752413,0.007331932759752413
max_concentration_linear,35,73,2,0.007331932759752413,0.007331932759752413
max_concentration_linear,35,76,2,0.0,0.0
max_concentration_linear,35,78,1,0.0,0.0
max_concentration_linear,35,80,1,0.0,0.0
max_concentration_linear,35,83,2,0.0,0.0
max_concentration_linear,35,86,2,0.0,0.0
max_concentration_linear,35,88,1,0.0,0.0
max_concentration_linear,35,90,1,0.0,0.0
max_concentration_linear,35,93,2,0.0,0.0
max_concentration_linear,35,96,2,0.0,0.0
max_concentration_linear,35,98,1,0.0,0.0
max_concentration_linear,35,100,1,0.007331932759752413,0.007331932759752413
max_concentration_linear,35,103,2,0.007331932759752413,0.007331932759752413
max_concentration_linear,35,106,2,0.0,0.0
max_concentration_linear,35,108,1,0.0,0.0
max_concentration_linear,35,110,1,0.0,0.0
max_concentration_linear,35,113,2,0.0,0.0
max_concentration_linear,35,116,2,0.0,0.0
max_concentration_linear,35,118,1,0.0,0.0
max_concentration_linear,35,120,1,0.0,0.0
max_concentration_linear,35,123,2,0.0,0.0
max_concentration_linear,35,126,2,0.0,0.0
max_concentration_linear,35,128,1,0.0,0.0
max_concentration_linear,35,130,1,0.007331932759752413,0.007331932759752413
max_concentration_linear,35,133,2,0.007331932759752413,0.007331932759752413
max_concentration_linear,35,136,2,0.0,0.0
max_concentration_linear,35,138,1,0.0,0.0
max_concentration_linear,35,140,1,0.0,0.0
max_concentration_linear,35,143,2,0.0,0.0
max_concentration_linear,35,146,2,0.0,0.0
max_concentration_linear,35,148,1,0.0,0.0
max_concentration_linear,35,150,1,0.0,0.0
max_concentration_linear,35,153,2,0.0,0.0
max_concentration_linear,35,156,2,0.0,0.0
max_concentration_linear,35,158,1,0.0,0.0
max_concentration_linear,35,160,1,0.007331932759752413,0.007331932759752413
max_concentration_linear,35,163,2,0.007331932759752413,0.007331932759752413
max_concentration_linear,35,166,2,0.0,0.0
max_concentration_linear,35,168,1,0.0,0.0
max_concentration_linear,35,170,1,0.0,0.0
max_concentration_linear,35,173,2,0.0,0.0
max_concentration_linear,35,176,2,0.007331932759752413,0.007331932759752413
max_concentration_linear,35,178,1,0.007331932759752413,0.007331932759752413
max_concentration_linear,35,180,1,0.0,0.0
max_concentration_linear,35,183,2,0.0,0.0
max_concentration_linear,35,186,2,0.0,0.0
max_concentration_linear,35,188,1,0.0,0.0
max_concentration_linear,35,190,1,0.0,0.0
max_concentration_linear,35,193,2,0.0,0.0
max_concentration_linear,35,196,2,0.007331932759752413,0.007331932759752413
max_concentration_linear,35,198,1,0.007331932759752413,0.007331932759752413
max_concentration_linear,35,200,1,0.0,0.0
max_concentration_linear,35,203,2,0.0,0.0
max_concentration_linear,35,206,2,0.0,0.0
max_concentration_linear,35,208,1,0.0,0.0
max_concentration_linear,35,210,1,0.0,0.0
max_concentration_linear,35,213,2,0.007331932759752413,0.007331932759752413
max_concentration_linear,35,216,2,0.007331932759752413,0.007331932759752413
max_concentration_linear,35,218,1,0.0,0.0
max_concentration_linear,36,3,2,0.23475788991602564,0.23475788991602564
max_concentration_linear,36,6,2,0.4021872607704832,0.4021872607704832
max_concentration_linear,36,8,1,0.11886661028807197,0.11886661028807197
max_concentration_linear,36,10,1,0.042172011168458805,0.042172011168458805
max_concentration_linear,36,13,2,0.22739160232170857,0.22739160232170857
max_concentration_linear,36,16,2,0.4611183223633652,0.4611183223633652
max_concentration_linear,36,18,1,0.25298657284551035,0.25298657284551035
max_concentration_linear,36,20,1,0.23572234917863327,0.23572234917863327
max_concentration_linear,36,23,2,0.6596622260233802,0.6596622260233802
max_concentration_linear,36,26,2,0.2008050288261464,0.2008050288261464
max_concentration_linear,36,28,1,0.19983168843937055,0.19983168843937055
max_concentration_linear,36,30,1,0.6430302458965143,0.6430302458965143
max_concentration_linear,36,33,2,0.5093824458960293,0.5093824458960293
max_concentration_linear,36,36,2,0.3454717913395285,0.3454717913395285
max_concentration_linear,36,38,1,0.09588637861017647,0.09588637861017647
max_concentration_linear,36,40,1,0.7058909997486793,0.7058909997486793
max_concentration_linear,36,43,2,0.2136552622079496,0.2136552622079496
max_concentration_linear,36,46,2,0.04477277872492491,0.04477277872492491
max_concentration_linear,36,48,1,0.1534777863227297,0.1534777863227297
max_concentration_linear,36,50,1,0.24675291605674407,0.24675291605674407
max_concentration_linear,36,53,2,0.13667503978474174,0.13667503978474174
max_concentration_linear,36,56,2,0.43806529664415084,0.43806529664415084
max_concentration_linear,36,58,1,0.21877583282456495,0.21877583282456495
max_concentration_linear,36,60,1,0.42098776474293403,0.42098776474293403
max_concentration_linear,36,63,2,0.4639249147321219,0.4639249147321219
max_concentration_linear,36,66,2,0.44240788423996863,0.44240788423996863
max_concentration_linear,36,68,1,0.5849347903200806,0.5849347903200806
max_concentration_linear,36,70,1,0.5634693494003431,0.5634693494003431
max_concentration_linear,36,73,2,0.5390137854926326,0.5390137854926326
max_concentration_linear,36,76,2,0.4752083735236441,0.4752083735236441
max_concentration_linear,37,3,2,0.341181709592729,0.341181709592729
max_concentration_linear,37,6,2,0.185699615163793,0.185699615163793
max_concentration_linear,37,8,1,0.24352193089238222,0.24352193089238222
max_concentration_linear,37,10,1,0.3103405515056463,0.3103405515056463
max_concentration_linear,37,13,2,0.41475580486235836,0.41475580486235836
max_concentration_linear,37,16,2,0.2569175214040265,0.2569175214040265
max_concentration_linear,37,18,1,0.1781032709306466,0.1781032709306466
max_concentration_linear,37,20,1,0.09561240305845539,0.09561240305845539
max_concentration_linear,37,23,2,0.152992731110923,0.152992731110923
max_concentration_linear,37,26,2,0.22026237074980096,0.22026237074980096
max_concentration_linear,37,28,1,0.9640683658676907,0.9640683658676907
max_concentration_linear,37,30,1,0.04644094268932693,0.04644094268932693
max_concentration_linear,37,33,2,0.4182596361559007,0.4182596361559007
max_concentration_linear,37,36,2,0.11765572856586606,0.11765572856586606
max_concentration_linear,37,38,1,0.1626587556574686,0.1626587556574686
max_concentration_linear,37,40,1,0.4007007704008378,0.4007007704008378
max_concentration_linear,37,43,2,0.22768083471903677,0.22768083471903677
max_concentration_linear,37,46,2,0.6835922238265905,0.6835922238265905
max_concentration_linear,37,48,1,0.54368698966374,0.54368698966374
max_concentration_linear,37,50,1,0.23053460037534523,0.23053460037534523
max_concentration_linear,37,53,2,0.2169261247477508,0.2169261247477508
max_concentration_linear,37,56,2,0.21387413063771074,0.21387413063771074
max_concentration_linear,37,58,1,0.823156422656272,0.823156422656272
max_concentration_linear,37,60,1,0.07341859654465832,0.07341859654465832
max_concentration_linear,37,63,2,0.19323569920059577,0.19323569920059577
max_concentration_linear,37,66,2,0.10433733731652113,0.10433733731652113
max_concentration_linear,37,68,1,0.5580549227036017,0.5580549227036017
max_concentration_linear,37,70,1,0.13515730846814167,0.13515730846814167
max_concentration_linear,37,73,2,0.33345093771098105,0.33345093771098105
max_concentration_linear,37,76,2,0.46541868117314317,0.46541868117314317
max_concentration_linear,37,78,1,0.9752742368047788,0.9752742368047788
max_concentration_linear,37,80,1,0.18277569647716477,0.18277569647716477
max_concentration_linear,37,83,2,0.4862466256159251,0.4862466256159251
max_concentration_linear,37,86,2,0.26609291221011994,0.26609291221011994
max_concentration_linear,37,88,1,0.05772149921413937,0.05772149921413937
max_concentration_linear,38,3,2,0.14161173308415947,0.14161173308415947
max_concentration_linear,38,6,2,0.12018316550921662,0.12018316550921662
max_concentration_linear,38,8,1,0.0,0.0
max_concentration_linear,38,10,1,0.07226382001766596,0.07226382001766596
max_concentration_linear,38,13,2,0.10612202047064863,0.10612202047064863
max_concentration_linear,38,16,2,0.12943080219957,0.12943080219957
max_concentration_linear,38,18,1,0.0,0.0
max_concentration_linear,38,20,1,0.0,0.0
max_concentration_linear,38,23,2,0.22901738906996816,0.22901738906996816
max_concentration_linear,38,26,2,0.46772076209995894,0.46772076209995894
max_concentration_linear,38,28,1,0.3070906737897357,0.3070906737897357
max_concentration_linear,38,30,1,0.244538496802068,0.244538496802068
max_concentration_linear,38,33,2,0.47852947223331865,0.47852947223331865
max_concentration_linear,38,36,2,0.13053639282039284,0.13053639282039284
max_concentration_linear,38,38,1,0.23164355420733831,0.23164355420733831
max_concentration_linear,38,40,1,0.025666932741285814,0.025666932741285814
max_concentration_linear,38,43,2,0.40936959346497714,0.40936959346497714
max_concentration_linear,38,46,2,0.5262073115141956,0.5262073115141956
max_concentration_linear,38,48,1,0.19618549025771004,0.19618549025771004
max_concentration_linear,38,50,1,0.28393038753797106,0.28393038753797106
max_concentration_linear,38,53,2,0.4155599089256343,0.4155599089256343
max_concentration_linear,38,56,2,0.744492873509549,0.744492873509549
max_concentration_linear,38,58,1,0.14563481765004566,0.14563481765004566
max_concentration_linear,38,60,1,0.08901236702944297,0.08901236702944297
max_concentration_linear,38,63,2,0.2364111507016702,0.2364111507016702
max_concentration_linear,38,66,2,0.16923749706978056,0.16923749706978056
max_concentration_linear,38,68,1,0.1381200016916794,0.1381200016916794
max_concentration_linear,38,70,1,0.21805659454057902,0.21805659454057902
max_concentration_linear,38,73,2,0.17203726984110085,0.17203726984110085
max_concentration_linear,38,76,2,0.31561166687099884,0.31561166687099884
max_concentration_linear,38,78,1,0.42246221591450844,0.42246221591450844
max_concentration_linear,38,80,1,0.42246221591450844,0.42246221591450844
max_concentration_linear,38,83,2,0.6830251322680206,0.6830251322680206
max_concentration_linear,38,86,2,0.28181453925354266,0.28181453925354266
max_concentration_linear,38,88,1,0.23163475058250502,0.23163475058250502
max_concentration_linear,38,90,1,0.6670738754132091,0.6670738754132091
max_concentration_linear,38,93,2,0.7066845717067959,0.7066845717067959
max_concentration_linear,38,96,2,0.2301355436559085,0.2301355436559085
max_concentration_linear,38,98,1,0.2898265026052063,0.2898265026052063
max_concentration_linear,38,100,1,0.13725831677423678,0.13725831677423678
max_concentration_linear,38,103,2,0.385160949358652,0.385160949358652
max_concentration_linear,38,106,2,0.08999574350573833,0.08999574350573833
max_concentration_linear,38,108,1,0.16249495836111044,0.16249495836111044
max_concentration_linear,38,110,1,0.06841165050340364,0.06841165050340364
max_concentration_linear,38,113,2,0.44040956518416324,0.44040956518416324
max_concentration_linear,38,116,2,0.3075797340679473,0.3075797340679473
max_concentration_linear,38,118,1,0.32744186388214247,0.32744186388214247
max_concentration_linear,38,120,1,0.31412636205241856,0.31412636205241856
max_concentration_linear,38,123,2,0.5581454100592583,0.5581454100592583
max_concentration_linear,38,126,2,0.8819557744873395,0.8819557744873395
max_concentration_linear,38,128,1,0.3338883306749537,0.3338883306749537
max_concentration_linear,38,130,1,0.07185509371567865,0.07185509371567865
max_concentration_linear,38,133,2,0.13413878773218635,0.13413878773218635
max_concentration_linear,38,136,2,0.028824357118138886,0.028824357118138886
max_concentration_linear,38,138,1,0.18379368598085755,0.18379368598085755
max_concentration_linear,38,140,1,0.1793656817398948,0.1793656817398948
max_concentration_linear,38,143,2,0.22674476626657328,0.22674476626657328
max_concentration_linear,38,146,2,0.5343581596029243,0.5343581596029243
max_concentration_linear,38,148,1,0.21094911617284995,0.21094911617284995
max_concentration_linear,38,150,1,0.2877364383939547,0.2877364383939547
max_concentration_linear,38,153,2,0.4702972085899624,0.4702972085899624
max_concentration_linear,38,156,2,0.5290476531067675,0.5290476531067675
max_concentration_linear,38,158,1,0.7109181354080183,0.7109181354080183
max_concentration_linear,38,160,1,0.397298274245489,0.397298274245489
max_concentration_linear,38,163,2,0.7539469937733257,0.7539469937733257
max_concentration_linear,38,166,2,0.31925718963725014,0.31925718963725014
max_concentration_linear,38,168,1,0.027963637140828144,0.027963637140828144
max_concentration_linear,38,170,1,0.5067068502562824,0.5067068502562824
max_concentration_linear,38,173,2,0.5063142947797804,0.5063142947797804
max_concentration_linear,38,176,2,0.6716802112072673,0.6716802112072673
max_concentration_linear,38,178,1,0.464967142665246,0.464967142665246
max_concentration_linear,38,180,1,0.26623539509521577,0.26623539509521577
max_concentration_linear,38,183,2,0.1214989750287448,0.1214989750287448
max_concentration_linear,38,186,2,0.10310863582199262,0.10310863582199262
max_concentration_linear,38,188,1,0.20621008638403643,0.20621008638403643
max_concentration_linear,38,190,1,0.22817565109841287,0.22817565109841287
max_concentration_linear,38,193,2,1.3283966429742777,1.3283966429742777
max_concentration_linear,38,196,2,0.08509267802206659,0.08509267802206659
max_concentration_linear,38,198,1,0.11449010550619107,0.11449010550619107
max_concentration_linear,38,200,1,0.738286404552512,0.738286404552512
max_concentration_linear,38,203,2,0.36377298928836344,0.36377298928836344
max_concentration_linear,38,206,2,0.18536931999560433,0.18536931999560433
max_concentration_linear,38,208,1,0.1856540508161169,0.1856540508161169
max_concentration_linear,38,210,1,0.20615041502935388,0.20615041502935388
max_concentration_linear,38,213,2,1.1278755120874853,1.1278755120874853
max_concentration_linear,38,216,2,0.15951400818967887,0.15951400818967887
max_concentration_linear,38,218,1,0.021358641790113403,0.021358641790113403
max_concentration_linear,39,3,2,0.2546386313799389,0.2546386313799389
max_concentration_linear,39,6,2,0.11809215617142708,0.11809215617142708
max_concentration_linear,39,8,1,0.08498515007122218,0.08498515007122218
max_concentration_linear,39,10,1,0.1635631368806333,0.1635631368806333
max_concentration_linear,39,13,2,0.5364564470503229,0.5364564470503229
max_concentration_linear,39,16,2,0.2309047373978412,0.2309047373978412
max_concentration_linear,39,18,1,0.6395694896826591,0.6395694896826591
max_concentration_linear,39,20,1,0.4318496713260026,0.4318496713260026
max_concentration_linear,39,23,2,0.4505790216783386,0.4505790216783386
max_concentration_linear,39,26,2,0.6295980131626883,0.6295980131626883
max_concentration_linear,39,28,1,0.08403440475319951,0.08403440475319951
max_concentration_linear,39,30,1,0.28574090612501996,0.28574090612501996
max_concentration_linear,39,33,2,0.09289293188571034,0.09289293188571034
max_concentration_linear,39,36,2,0.7256125426280172,0.7256125426280172
max_concentration_linear,39,38,1,0.2663598128059876,0.2663598128059876
max_concentration_linear,39,40,1,0.1515046815779122,0.1515046815779122
max_concentration_linear,39,43,2,0.19740302579051502,0.19740302579051502
max_concentration_linear,39,46,2,0.2962019404290679,0.2962019404290679
max_concentration_linear,39,48,1,0.3556140996056506,0.3556140996056506
max_concentration_linear,39,50,1,0.45020823332830173,0.45020823332830173
max_concentration_linear,39,53,2,0.45365730499485313,0.45365730499485313
max_concentration_linear,39,56,2,0.2063048061096673,0.2063048061096673
max_concentration_linear,39,58,1,0.49993965691741304,0.49993965691741304
max_concentration_linear,39,60,1,0.49725929516979167,0.49725929516979167
max_concentration_linear,39,63,2,0.7016699489686979,0.7016699489686979
max_concentration_linear,39,66,2,0.6706255394509731,0.6706255394509731
max_concentration_linear,39,68,1,0.0065998949466966605,0.0065998949466966605
max_concentration_linear,39,70,1,0.3165453034757227,0.3165453034757227
max_concentration_linear,40,3,2,0.258848929514406,0.258848929514406
max_concentration_linear,40,6,2,0.5641500556277502,0.5641500556277502
max_concentration_linear,40,8,1,0.2516556083329023,0.2516556083329023
max_concentration_linear,40,10,1,0.14535869911409746,0.14535869911409746
max_concentration_linear,40,13,2,0.08457454832362357,0.08457454832362357
max_concentration_linear,40,16,2,0.11681686828543582,0.11681686828543582
max_concentration_linear,40,18,1,0.16576994593813255,0.16576994593813255
max_concentration_linear,40,20,1,0.2126173121756302,0.2126173121756302
max_concentration_linear,40,23,2,0.6485800556505013,0.6485800556505013
max_concentration_linear,40,26,2,0.5929439651795781,0.5929439651795781
max_concentration_linear,40,28,1,0.06907473577023286,0.06907473577023286
max_concentration_linear,40,30,1,0.014276829269267013,0.014276829269267013
max_concentration_linear,40,33,2,0.3534057891321941,0.3534057891321941
max_concentration_linear,40,36,2,0.4447191340933782,0.4447191340933782
max_concentration_linear,40,38,1,0.2386318969331456,0.2386318969331456
max_concentration_linear,40,40,1,0.1290938874621488,0.1290938874621488
max_concentration_linear,40,43,2,0.8993268900578542,0.8993268900578542
max_concentration_linear,40,46,2,0.15140754557063846,0.15140754557063846
max_concentration_linear,40,48,1,0.0,0.0
max_concentration_linear,40,50,1,0.27467177268404225,0.27467177268404225
max_concentration_linear,40,53,2,0.22808257359008896,0.22808257359008896
max_concentration_linear,40,56,2,0.0,0.0
max_concentration_linear,40,58,1,0.058454385775428726,0.058454385775428726
max_concentration_linear,40,60,1,0.0,0.0
max_concentration_linear,40,63,2,0.058454385775428726,0.058454385775428726
max_concentration_linear,40,66,2,0.0,0.0
max_concentration_linear,40,68,1,0.04477914335543126,0.04477914335543126
max_concentration_linear,40,70,1,0.22327633609425807,0.22327633609425807
max_concentration_linear,40,73,2,0.22876857087940577,0.22876857087940577
max_concentration_linear,40,76,2,0.1425801490957671,0.1425801490957671
max_concentration_linear,40,78,1,0.49506168393758304,0.49506168393758304
max_concentration_linear,40,80,1,0.19622304934906415,0.19622304934906415
max_concentration_linear,40,83,2,0.8528052111061651,0.8528052111061651
max_concentration_linear,40,86,2,0.8622043803157452,0.8622043803157452
max_concentration_linear,40,88,1,0.5832589547307501,0.5832589547307501
max_concentration_linear,40,90,1,0.24322408480192673,0.24322408480192673
max_concentration_linear,40,93,2,0.2492236586023196,0.2492236586023196
max_concentration_linear,41,3,2,0.14459739863171722,0.14459739863171722
max_concentration_linear,41,6,2,0.21257337007599025,0.21257337007599025
max_concentration_linear,41,8,1,0.05962792503223663,0.05962792503223663
max_concentration_linear,41,10,1,0.1501309701813166,0.1501309701813166
max_concentration_linear,41,13,2,0.4506354723147555,0.4506354723147555
max_concentration_linear,41,16,2,0.7292700394926479,0.7292700394926479
max_concentration_linear,41,18,1,0.18827256765347158,0.18827256765347158
max_concentration_linear,41,20,1,0.059586103159637895,0.059586103159637895
max_concentration_linear,41,23,2,0.40242300123412594,0.40242300123412594
max_concentration_linear,41,26,2,0.6178873070064981,0.6178873070064981
max_concentration_linear,41,28,1,0.10992498195339323,0.10992498195339323
max_concentration_linear,41,30,1,0.1143000378710226,0.1143000378710226
max_concentration_linear,41,33,2,0.24151210920118027,0.24151210920118027
max_concentration_linear,41,36,2,0.8530760294510364,0.8530760294510364
max_concentration_linear,41,38,1,0.17245226848327805,0.17245226848327805
max_concentration_linear,41,40,1,0.103826690836342,0.103826690836342
max_concentration_linear,41,43,2,0.11981129756957197,0.11981129756957197
max_concentration_linear,41,46,2,0.3099211810840073,0.3099211810840073
max_concentration_linear,41,48,1,0.16067132383833396,0.16067132383833396
max_concentration_linear,41,50,1,0.24113514789694673,0.24113514789694673
max_concentration_linear,41,53,2,0.36719856381305804,0.36719856381305804
max_concentration_linear,41,56,2,0.17527120102716867,0.17527120102716867
max_concentration_linear,41,58,1,0.3058612189023257,0.3058612189023257
max_concentration_linear,41,60,1,0.3588371522954419,0.3588371522954419
max_concentration_linear,41,63,2,0.47214298440137414,0.47214298440137414
max_concentration_linear,41,66,2,0.2321101244741067,0.2321101244741067
max_concentration_linear,41,68,1,0.30091720345684814,0.30091720345684814
max_concentration_linear,41,70,1,0.6085105748377477,0.6085105748377477
max_concentration_linear,41,73,2,0.0,0.0
max_concentration_linear,41,76,2,0.08385647569129924,0.08385647569129924
max_concentration_linear,41,78,1,1.0228470222503339,1.0228470222503339
max_concentration_linear,41,80,1,0.4183934420562898,0.4183934420562898
max_concentration_linear,41,83,2,0.3709381764248212,0.3709381764248212
max_concentration_linear,41,86,2,0.19605510228431114,0.19605510228431114
max_concentration_linear,41,88,1,0.9868351354727115,0.9868351354727115
max_concentration_linear,41,90,1,0.02329411752083721,0.02329411752083721
max_concentration_linear,41,93,2,0.2529706017042749,0.2529706017042749
max_concentration_linear,41,96,2,0.7265665729572363,0.7265665729572363
max_concentration_linear,41,98,1,0.3060945434233866,0.3060945434233866
max_concentration_linear,42,3,2,0.4815547894892982,0.4815547894892982
max_concentration_linear,42,6,2,0.19056295074281632,0.19056295074281632
max_concentration_linear,42,8,1,0.19035991690543272,0.19035991690543272
max_concentration_linear,42,10,1,0.04972807303717877,0.04972807303717877
max_concentration_linear,42,13,2,0.11415254027491194,0.11415254027491194
max_concentration_linear,42,16,2,0.0372674678738724,0.0372674678738724
max_concentration_linear,42,18,1,0.12296947326938022,0.12296947326938022
max_concentration_linear,42,20,1,0.3989146392059609,0.3989146392059609
max_concentration_linear,42,23,2,0.7148736535755856,0.7148736535755856
max_concentration_linear,42,26,2,0.9009506468453066,0.9009506468453066
max_concentration_linear,42,28,1,0.04256655212828681,0.04256655212828681
max_concentration_linear,42,30,1,0.21635560989966163,0.21635560989966163
max_concentration_linear,42,33,2,0.30365964059696005,0.30365964059696005
max_concentration_linear,42,36,2,0.3611216343132922,0.3611216343132922
max_concentration_linear,42,38,1,0.11444094466091093,0.11444094466091093
max_concentration_linear,42,40,1,0.17640745181735926,0.17640745181735926
max_concentration_linear,42,43,2,0.7008324917525335,0.7008324917525335
max_concentration_linear,42,46,2,0.46585773577699147,0.46585773577699147
max_concentration_linear,42,48,1,0.11046079915361716,0.11046079915361716
max_concentration_linear,42,50,1,0.0768717106550735,0.0768717106550735
max_concentration_linear,42,53,2,0.08106268750171468,0.08106268750171468
max_concentration_linear,42,56,2,0.4146721598953829,0.4146721598953829
max_concentration_linear,42,58,1,0.33034484488889493,0.33034484488889493
max_concentration_linear,42,60,1,0.09654200023746701,0.09654200023746701
max_concentration_linear,42,63,2,0.15000884734983788,0.15000884734983788
max_concentration_linear,42,66,2,0.2912077371320743,0.2912077371320743
max_concentration_linear,42,68,1,0.2889095665444025,0.2889095665444025
max_concentration_linear,42,70,1,0.19847113788680237,0.19847113788680237
max_concentration_linear,42,73,2,0.45033632083292935,0.45033632083292935
max_concentration_linear,42,76,2,0.44226275443096524,0.44226275443096524
max_concentration_linear,42,78,1,0.5790347208087852,0.5790347208087852
max_concentration_linear,42,80,1,0.5764137843338993,0.5764137843338993
max_concentration_linear,42,83,2,0.25238270909978344,0.25238270909978344
max_concentration_linear,42,86,2,0.5332567663264236,0.5332567663264236
max_concentration_linear,42,88,1,0.13485811800773026,0.13485811800773026
max_concentration_linear,42,90,1,0.563360917985932,0.563360917985932
max_concentration_linear,43,3,2,0.5156120899645276,0.5156120899645276
max_concentration_linear,43,6,2,0.5968812927568619,0.5968812927568619
max_concentration_linear,43,8,1,0.07293965382026847,0.07293965382026847
max_concentration_linear,43,10,1,0.1415218411404651,0.1415218411404651
max_concentration_linear,43,13,2,0.05842853159288268,0.05842853159288268
max_concentration_linear,43,16,2,0.15615089562813503,0.15615089562813503
max_concentration_linear,43,18,1,0.350658410961947,0.350658410961947
max_concentration_linear,43,20,1,0.17370235179347843,0.17370235179347843
max_concentration_linear,43,23,2,0.7986596797075085,0.7986596797075085
max_concentration_linear,43,26,2,0.4587039755352774,0.4587039755352774
max_concentration_linear,43,28,1,0.29348895524641194,0.29348895524641194
max_concentration_linear,43,30,1,0.4181126712903865,0.4181126712903865
max_concentration_linear,43,33,2,0.4419385975175971,0.4419385975175971
max_concentration_linear,43,36,2,0.20440690152266827,0.20440690152266827
max_concentration_linear,43,38,1,0.34662631808049776,0.34662631808049776
max_concentration_linear,43,40,1,0.5256536831158394,0.5256536831158394
max_concentration_linear,43,43,2,0.44550396481011434,0.44550396481011434
max_concentration_linear,43,46,2,0.0,0.0
max_concentration_linear,43,48,1,0.20401489004533988,0.20401489004533988
max_concentration_linear,43,50,1,0.04327650140938713,0.04327650140938713
max_concentration_linear,43,53,2,0.06356788939171434,0.06356788939171434
max_concentration_linear,43,56,2,0.3098366980987778,0.3098366980987778
max_concentration_linear,43,58,1,0.3510934638127316,0.3510934638127316
max_concentration_linear,43,60,1,0.09822177093090637,0.09822177093090637
max_concentration_linear,43,63,2,0.40728802974418543,0.40728802974418543
max_concentration_linear,43,66,2,0.3882415842763352,0.3882415842763352
max_concentration_linear,43,68,1,0.11908340314830548,0.11908340314830548
max_concentration_linear,43,70,1,0.5679173642083043,0.5679173642083043
max_concentration_linear,43,73,2,0.7630172181803595,0.7630172181803595
max_concentration_linear,43,76,2,0.6698606373199878,0.6698606373199878
max_concentration_linear,43,78,1,0.38758433616953875,0.38758433616953875
max_concentration_linear,43,80,1,0.5163157725742702,0.5163157725742702
max_concentration_linear,43,83,2,0.10869794905239821,0.10869794905239821
max_concentration_linear,44,3,2,0.21489047624236834,0.21489047624236834
max_concentration_linear,44,6,2,0.08114196715237587,0.08114196715237587
max_concentration_linear,44,8,1,0.03480073726223974,0.03480073726223974
max_concentration_linear,44,10,1,0.4477831008717005,0.4477831008717005
max_concentration_linear,44,13,2,0.33982147567684645,0.33982147567684645
max_concentration_linear,44,16,2,0.45111454869517303,0.45111454869517303
max_concentration_linear,44,18,1,0.2924605204351655,0.2924605204351655
max_concentration_linear,44,20,1,0.33272880606323474,0.33272880606323474
max_concentration_linear,44,23,2,0.4949136507482039,0.4949136507482039
max_concentration_linear,44,26,2,0.06433029387982034,0.06433029387982034
max_concentration_linear,44,28,1,0.4567913523618033,0.4567913523618033
max_concentration_linear,44,30,1,0.3326021123929058,0.3326021123929058
max_concentration_linear,44,33,2,0.7960395890176332,0.7960395890176332
max_concentration_linear,44,36,2,0.22729359967286777,0.22729359967286777
max_concentration_linear,44,38,1,0.0,0.0
max_concentration_linear,44,40,1,0.19028590925764724,0.19028590925764724
max_concentration_linear,44,43,2,0.15799704045545548,0.15799704045545548
max_concentration_linear,44,46,2,0.514078802491677,0.514078802491677
max_concentration_linear,44,48,1,0.20026739520784698,0.20026739520784698
max_concentration_linear,44,50,1,0.218742489168293,0.218742489168293
max_concentration_linear,44,53,2,0.26015260929503475,0.26015260929503475
max_concentration_linear,44,56,2,0.2174980019913282,0.2174980019913282
max_concentration_linear,44,58,1,0.8250024446145793,0.8250024446145793
max_concentration_linear,44,60,1,0.5236111640036771,0.5236111640036771
max_concentration_linear,44,63,2,0.9822400949234182,0.9822400949234182
max_concentration_linear,44,66,2,0.4206789777611303,0.4206789777611303
max_concentration_linear,44,68,1,0.26040924294838497,0.26040924294838497
max_concentration_linear,44,70,1,0.5875164345277787,0.5875164345277787
max_concentration_linear,45,3,2,0.47506236531216434,0.47506236531216434
max_concentration_linear,45,6,2,0.0991205040962023,0.0991205040962023
max_concentration_linear,45,8,1,0.1520566059679416,0.1520566059679416
max_concentration_linear,45,10,1,0.0988812552687534,0.0988812552687534
max_concentration_linear,45,13,2,0.21933632521976712,0.21933632521976712
max_concentration_linear,45,16,2,1.1169219289240295,1.1169219289240295
max_concentration_linear,45,18,1,1.3455641682094808,1.3455641682094808
max_concentration_linear,45,20,1,0.3600413362310406,0.3600413362310406
max_concentration_linear,45,23,2,0.4352846924532864,0.4352846924532864
max_concentration_linear,45,26,2,0.14479693040250952,0.14479693040250952
max_concentration_linear,45,28,1,0.350741644611941,0.350741644611941
max_concentration_linear,45,30,1,0.361008902092776,0.361008902092776
max_concentration_linear,45,33,2,0.6065941427424808,0.6065941427424808
max_concentration_linear,45,36,2,0.48230432829445075,0.48230432829445075
max_concentration_linear,45,38,1,1.0475138586550043,1.0475138586550043
max_concentration_linear,45,40,1,0.35964850402450604,0.35964850402450604
max_concentration_linear,45,43,2,0.26610358880619983,0.26610358880619983
max_concentration_linear,45,46,2,0.10407696835445394,0.10407696835445394
max_concentration_linear,45,48,1,0.0165462179511201,0.0165462179511201
max_concentration_linear,45,50,1,0.8931091978325505,0.8931091978325505
max_concentration_linear,45,53,2,0.2739872473419011,0.2739872473419011
max_concentration_linear,45,56,2,0.41518492064321405,0.41518492064321405
max_concentration_linear,45,58,1,0.2946142117434039,0.2946142117434039
max_concentration_linear,45,60,1,1.0938898304679314,1.0938898304679314
max_concentration_linear,45,63,2,0.49895890670804555,0.49895890670804555
max_concentration_linear,45,66,2,0.8224963427620724,0.8224963427620724
max_concentration_linear,45,68,1,1.7717765271485308,1.7717765271485308
max_concentration_linear,45,70,1,0.1654515607791153,0.1654515607791153
max_concentration_linear,45,73,2,0.6273028547920069,0.6273028547920069
max_concentration_linear,45,76,2,0.13810466017313586,0.13810466017313586
max_concentration_linear,45,78,1,0.3791274240248023,0.3791274240248023
max_concentration_linear,45,80,1,0.7593967120054489,0.7593967120054489
max_concentration_linear,45,83,2,0.35251018688464836,0.35251018688464836
max_concentration_linear,45,86,2,0.3634876201138709,0.3634876201138709
max_concentration_linear,45,88,1,0.906364490500839,0.906364490500839
max_concentration_linear,45,90,1,0.4814199229988874,0.4814199229988874
max_concentration_linear,45,93,2,1.1156165106907419,1.1156165106907419
max_concentration_linear,45,96,2,0.6228462105982638,0.6228462105982638
max_concentration_linear,45,98,1,0.19488874402807516,0.19488874402807516
max_concentration_linear,45,100,1,0.07829883791025176,0.07829883791025176
max_concentration_linear,45,103,2,0.2633045125061461,0.2633045125061461
max_concentration_linear,45,106,2,0.036338548676449506,0.036338548676449506
max_concentration_linear,45,108,1,0.09695967392090771,0.09695967392090771
max_concentration_linear,45,110,1,0.22248303823919433,0.22248303823919433
max_concentration_linear,45,113,2,0.27200654120235723,0.27200654120235723
max_concentration_linear,45,116,2,0.07761222029848187,0.07761222029848187
max_concentration_linear,45,118,1,0.0,0.0
max_concentration_linear,45,120,1,0.10741176412386053,0.10741176412386053
max_concentration_linear,45,123,2,0.0,0.0
max_concentration_linear,45,126,2,0.0,0.0
max_concentration_linear,45,128,1,0.17173838516796516,0.17173838516796516
max_concentration_linear,45,130,1,0.13094822223466998,0.13094822223466998
max_concentration_linear,45,133,2,0.1379454248469087,0.1379454248469087
max_concentration_linear,45,136,2,0.12054348216459344,0.12054348216459344
max_concentration_linear,45,138,1,0.4563073924356828,0.4563073924356828
max_concentration_linear,45,140,1,0.4774007851322427,0.4774007851322427
max_concentration_linear,45,143,2,0.9682868488062814,0.9682868488062814
max_concentration_linear,45,146,2,0.13073482327046732,0.13073482327046732
max_concentration_linear,45,148,1,0.04529411740162792,0.04529411740162792
max_concentration_linear,45,150,1,0.19524174848608572,0.19524174848608572
max_concentration_linear,45,153,2,1.2146886674358546,1.2146886674358546
max_concentration_linear,45,156,2,0.06239012658470781,0.06239012658470781
max_concentration_linear,45,158,1,0.11522935161692413,0.11522935161692413
max_concentration_linear,45,160,1,0.8709099096632198,0.8709099096632198
max_concentration_linear,45,163,2,0.24058147419779413,0.24058147419779413
max_concentration_linear,45,166,2,0.08571589927504239,0.08571589927504239
max_concentration_linear,45,168,1,0.7084271082228418,0.7084271082228418
max_concentration_linear,45,170,1,0.6473830213261127,0.6473830213261127
max_concentration_linear,45,173,2,0.11087706543396708,0.11087706543396708
max_concentration_linear,45,176,2,0.0,0.0
max_concentration_linear,45,178,1,0.88455495034369,0.88455495034369
max_concentration_linear,45,180,1,0.8973480243410563,0.8973480243410563
max_concentration_linear,45,183,2,0.1773444668720979,0.1773444668720979
max_concentration_linear,45,186,2,0.5899875747127787,0.5899875747127787
max_concentration_linear,45,188,1,0.0,0.0
max_concentration_linear,45,190,1,0.03105882336111629,0.03105882336111629
max_concentration_linear,45,193,2,0.04520021301264918,0.04520021301264918
max_concentration_linear,45,196,2,0.7146944379879959,0.7146944379879959
max_concentration_linear,45,198,1,0.4082182243585581,0.4082182243585581
max_concentration_linear,45,200,1,0.22204646615374957,0.22204646615374957
max_concentration_linear,45,203,2,0.747185086382979,0.747185086382979
max_concentration_linear,45,206,2,1.0340874259211306,1.0340874259211306
max_concentration_linear,45,208,1,0.5617011555703558,0.5617011555703558
max_concentration_linear,45,210,1,0.0,0.0
max_concentration_linear,45,213,2,0.745511994866961,0.745511994866961
max_concentration_linear,45,216,2,0.5874352853536036,0.5874352853536036
max_concentration_linear,45,218,1,0.5306710306864131,0.5306710306864131
max_concentration_linear,46,3,2,0.2794677443932768,0.2794677443932768
max_concentration_linear,46,6,2,0.25730634123718077,0.25730634123718077
max_concentration_linear,46,8,1,0.5650906384655165,0.5650906384655165
max_concentration_linear,46,10,1,0.1588986648959223,0.1588986648959223
max_concentration_linear,46,13,2,0.07870058532962669,0.07870058532962669
max_concentration_linear,46,16,2,0.04986674665201571,0.04986674665201571
max_concentration_linear,46,18,1,0.08490063274402267,0.08490063274402267
max_concentration_linear,46,20,1,0.09121037135290226,0.09121037135290226
max_concentration_linear,46,23,2,0.7513379597729902,0.7513379597729902
max_concentration_linear,46,26,2,0.44807889771340004,0.44807889771340004
max_concentration_linear,46,28,1,0.2998930477307966,0.2998930477307966
max_concentration_linear,46,30,1,0.2084143611068889,0.2084143611068889
max_concentration_linear,46,33,2,0.7025046317807684,0.7025046317807684
max_concentration_linear,46,36,2,0.2930766202665215,0.2930766202665215
max_concentration_linear,46,38,1,0.25048949321474423,0.25048949321474423
max_concentration_linear,46,40,1,0.0,0.0
max_concentration_linear,46,43,2,0.3560283416367301,0.3560283416367301
max_concentration_linear,46,46,2,0.9092230605513277,0.9092230605513277
max_concentration_linear,46,48,1,0.0741287192883167,0.0741287192883167
max_concentration_linear,46,50,1,0.09310093401327171,0.09310093401327171
max_concentration_linear,46,53,2,0.4699481095533903,0.4699481095533903
max_concentration_linear,46,56,2,0.34066496013489517,0.34066496013489517
max_concentration_linear,46,58,1,0.49474453883199065,0.49474453883199065
max_concentration_linear,46,60,1,0.2303216933508503,0.2303216933508503
max_concentration_linear,46,63,2,0.32534768873548225,0.32534768873548225
max_concentration_linear,46,66,2,0.18009525625645542,0.18009525625645542
max_concentration_linear,46,68,1,0.2132954942121524,0.2132954942121524
max_concentration_linear,46,70,1,0.5390584944697566,0.5390584944697566
max_concentration_linear,46,73,2,0.27499801133953444,0.27499801133953444
max_concentration_linear,46,76,2,0.5833767102870334,0.5833767102870334
max_concentration_linear,46,78,1,0.4753556895575708,0.4753556895575708
max_concentration_linear,46,80,1,0.41037617308731517,0.41037617308731517
max_concentration_linear,46,83,2,0.38868145128622095,0.38868145128622095
max_concentration_linear,46,86,2,0.284157227746463,0.284157227746463
max_concentration_linear,46,88,1,0.20042936406944448,0.20042936406944448
max_concentration_linear,46,90,1,0.20893728175308493,0.20893728175308493
max_concentration_linear,46,93,2,1.0093830288231473,1.0093830288231473
max_concentration_linear,46,96,2,0.29981697672068774,0.29981697672068774
max_concentration_linear,46,98,1,0.38955625789041026,0.38955625789041026
max_concentration_linear,46,100,1,0.1115042419271195,0.1115042419271195
max_concentration_linear,46,103,2,0.1759277641040218,0.1759277641040218
max_concentration_linear,46,106,2,1.657307466886759,1.657307466886759
max_concentration_linear,46,108,1,0.22711696317430333,0.22711696317430333
max_concentration_linear,46,110,1,1.342445736598203,1.342445736598203
max_concentration_linear,46,113,2,0.07412246548487625,0.07412246548487625
max_concentration_linear,46,116,2,1.3941686195257161,1.3941686195257161
max_concentration_linear,46,118,1,1.5150004742408882,1.5150004742408882
max_concentration_linear,46,120,1,0.26207844358231314,0.26207844358231314
max_concentration_linear,46,123,2,0.22276611863537335,0.22276611863537335
max_concentration_linear,46,126,2,0.7097376240632445,0.7097376240632445
max_concentration_linear,46,128,1,0.882634064222851,0.882634064222851
max_concentration_linear,46,130,1,1.509907137375209,1.509907137375209
max_concentration_linear,46,133,2,0.8674863633119488,0.8674863633119488
max_concentration_linear,46,136,2,0.41348852996549246,0.41348852996549246
max_concentration_linear,46,138,1,1.376380560797397,1.376380560797397
max_concentration_linear,46,140,1,0.5264289719920203,0.5264289719920203
max_concentration_linear,46,143,2,0.5128940202583403,0.5128940202583403
max_concentration_linear,46,146,2,0.3900028638678846,0.3900028638678846
max_concentration_linear,46,148,1,0.19628412869850811,0.19628412869850811
max_concentration_linear,46,150,1,0.24828119380650815,0.24828119380650815
max_concentration_linear,46,153,2,0.17073033195412585,0.17073033195412585
max_concentration_linear,46,156,2,0.1898151013811546,0.1898151013811546
max_concentration_linear,46,158,1,0.0,0.0
max_concentration_linear,46,160,1,0.3060302600188649,0.3060302600188649
max_concentration_linear,46,163,2,0.40646398882939255,0.40646398882939255
max_concentration_linear,46,166,2,0.731143848937235,0.731143848937235
max_concentration_linear,46,168,1,1.127885933240441,1.127885933240441
max_concentration_linear,46,170,1,0.0,0.0
max_concentration_linear,46,173,2,0.2215205440817836,0.2215205440817836
max_concentration_linear,46,176,2,0.4576964379045471,0.4576964379045471
max_concentration_linear,46,178,1,0.9180639717407042,0.9180639717407042
max_concentration_linear,46,180,1,0.9180639717407042,0.9180639717407042
max_concentration_linear,46,183,2,0.07998484389633158,0.07998484389633158
max_concentration_linear,46,186,2,0.07998484389633158,0.07998484389633158
max_concentration_linear,46,188,1,1.0312509189514916,1.0312509189514916
max_concentration_linear,46,190,1,1.2672496987194302,1.2672496987194302
max_concentration_linear,46,193,2,0.0,0.0
max_concentration_linear,46,196,2,0.24928907288725766,0.24928907288725766
max_concentration_linear,46,198,1,0.24928907288725766,0.24928907288725766
max_concentration_linear,46,200,1,0.0,0.0
max_concentration_linear,46,203,2,1.1473989348994171,1.1473989348994171
max_concentration_linear,46,206,2,1.594231954724337,1.594231954724337
max_concentration_linear,46,208,1,0.339233571838148,0.339233571838148
max_concentration_linear,46,210,1,0.339233571838148,0.339233571838148
max_concentration_linear,46,213,2,1.6161658745273115,1.6161658745273115
max_concentration_linear,46,216,2,1.1666095422367544,1.1666095422367544
max_concentration_linear,46,218,1,0.0,0.0
max_concentration_linear,47,3,2,0.0,0.0
max_concentration_linear,47,6,2,0.0,0.0
max_concentration_linear,47,8,1,0.18727566537234785,0.18727566537234785
max_concentration_linear,47,10,1,0.46340098165200627,0.46340098165200627
max_concentration_linear,47,13,2,0.21416490813930175,0.21416490813930175
max_concentration_linear,47,16,2,0.23008490230974465,0.23008490230974465
max_concentration_linear,47,18,1,0.11075122249901634,0.11075122249901634
max_concentration_linear,47,20,1,0.06946201039490997,0.06946201039490997
max_concentration_linear,47,23,2,0.19174341212920423,0.19174341212920423
max_concentration_linear,47,26,2,0.523209586072575,0.523209586072575
max_concentration_linear,47,28,1,0.4374472627187936,0.4374472627187936
max_concentration_linear,47,30,1,0.10266443971129796,0.10266443971129796
max_concentration_linear,47,33,2,0.5017283141070105,0.5017283141070105
max_concentration_linear,47,36,2,0.42920479775291226,0.42920479775291226
max_concentration_linear,47,38,1,0.10755158985065354,0.10755158985065354
max_concentration_linear,47,40,1,0.46564228090314136,0.46564228090314136
max_concentration_linear,47,43,2,0.19496227116930145,0.19496227116930145
max_concentration_linear,47,46,2,0.3556786969253122,0.3556786969253122
max_concentration_linear,47,48,1,0.5147944899203211,0.5147944899203211
max_concentration_linear,47,50,1,0.40713523870844065,0.40713523870844065
max_concentration_linear,47,53,2,0.3291586307883978,0.3291586307883978
max_concentration_linear,47,56,2,0.42481108824949415,0.42481108824949415
max_concentration_linear,47,58,1,0.3140038542434498,0.3140038542434498
max_concentration_linear,47,60,1,0.3399755116882438,0.3399755116882438
max_concentration_linear,47,63,2,0.3745986692755129,0.3745986692755129
max_concentration_linear,47,66,2,0.13626274218127604,0.13626274218127604
max_concentration_linear,47,68,1,0.06847406222058981,0.06847406222058981
max_concentration_linear,47,70,1,0.4887287800763393,0.4887287800763393
max_concentration_linear,47,73,2,0.4849765190871186,0.4849765190871186
max_concentration_linear,47,76,2,0.13085683880582621,0.13085683880582621
max_concentration_linear,47,78,1,0.1981270102059787,0.1981270102059787
max_concentration_linear,47,80,1,0.380258898356234,0.380258898356234
max_concentration_linear,47,83,2,0.9040385730088015,0.9040385730088015
max_concentration_linear,47,86,2,0.7481085182876409,0.7481085182876409
max_concentration_linear,47,88,1,0.1809715756516845,0.1809715756516845
max_concentration_linear,47,90,1,0.33576583963199047,0.33576583963199047
max_concentration_linear,47,93,2,0.1287110197175268,0.1287110197175268
max_concentration_linear,47,96,2,0.456617602888272,0.456617602888272
max_concentration_linear,47,98,1,0.16048338897006367,0.16048338897006367
max_concentration_linear,47,100,1,0.05543620600888872,0.05543620600888872
max_concentration_linear,47,103,2,0.3281125690354753,0.3281125690354753
max_concentration_linear,47,106,2,0.6643603303714765,0.6643603303714765
max_concentration_linear,47,108,1,0.2969651655998231,0.2969651655998231
max_concentration_linear,47,110,1,0.12322828965655043,0.12322828965655043
max_concentration_linear,47,113,2,0.27059630409210395,0.27059630409210395
max_concentration_linear,47,116,2,0.0,0.0
max_concentration_linear,47,118,1,0.06601472908723527,0.06601472908723527
max_concentration_linear,47,120,1,0.3399890124648415,0.3399890124648415
max_concentration_linear,47,123,2,0.38914623175408,0.38914623175408
max_concentration_linear,47,126,2,0.21007035337103938,0.21007035337103938
max_concentration_linear,47,128,1,0.051323529318267114,0.051323529318267114
max_concentration_linear,47,130,1,0.09526266309215446,0.09526266309215446
max_concentration_linear,47,133,2,0.1687212750828323,0.1687212750828323
max_concentration_linear,47,136,2,0.4015304336262052,0.4015304336262052
max_concentration_linear,47,138,1,0.2603040932032262,0.2603040932032262
max_concentration_linear,47,140,1,0.4675754727321737,0.4675754727321737
max_concentration_linear,47,143,2,0.31162621086909165,0.31162621086909165
max_concentration_linear,47,146,2,0.533150620401061,0.533150620401061
max_concentration_linear,47,148,1,0.48019942760621415,0.48019942760621415
max_concentration_linear,47,150,1,0.10212301461406563,0.10212301461406563
max_concentration_linear,47,153,2,0.45927654724727757,0.45927654724727757
max_concentration_linear,47,156,2,1.070275305673869,1.070275305673869
max_concentration_linear,47,158,1,0.6499926023734638,0.6499926023734638
max_concentration_linear,47,160,1,0.14836420293516145,0.14836420293516145
max_concentration_linear,47,163,2,0.5400290260885086,0.5400290260885086
max_concentration_linear,47,166,2,0.7179910590973549,0.7179910590973549
max_concentration_linear,47,168,1,0.20288763592822176,0.20288763592822176
max_concentration_linear,47,170,1,0.32582320083825006,0.32582320083825006
max_concentration_linear,47,173,2,0.291198993878309,0.291198993878309
max_concentration_linear,47,176,2,0.2137731319451037,0.2137731319451037
max_concentration_linear,47,178,1,0.2950564244023078,0.2950564244023078
max_concentration_linear,47,180,1,1.0167510156565067,1.0167510156565067
max_concentration_linear,47,183,2,0.10934759965995004,0.10934759965995004
max_concentration_linear,47,186,2,0.6334930136846394,0.6334930136846394
max_concentration_linear,47,188,1,0.24985978669917375,0.24985978669917375
max_concentration_linear,47,190,1,1.5713921311410302,1.5713921311410302
max_concentration_linear,47,193,2,0.49004593210274616,0.49004593210274616
max_concentration_linear,47,196,2,1.699466161191828,1.699466161191828
max_concentration_linear,47,198,1,0.4802392734904951,0.4802392734904951
max_concentration_linear,47,200,1,0.6240866962514069,0.6240866962514069
max_concentration_linear,47,203,2,1.7364282762632914,1.7364282762632914
max_concentration_linear,47,206,2,0.3279429750942184,0.3279429750942184
max_concentration_linear,47,208,1,1.7889797061826986,1.7889797061826986
max_concentration_linear,47,210,1,1.4560541961995195,1.4560541961995195
max_concentration_linear,47,213,2,1.4912416451274635,1.4912416451274635
max_concentration_linear,47,216,2,1.7965196517799766,1.7965196517799766
max_concentration_linear,47,218,1,0.094032487876688,0.094032487876688
max_concentration_linear,48,3,2,0.8327098144439773,0.8327098144439773
max_concentration_linear,48,6,2,0.2535655768301231,0.2535655768301231
max_concentration_linear,48,8,1,0.19556282444660822,0.19556282444660822
max_concentration_linear,48,10,1,0.12916966627525323,0.12916966627525323
max_concentration_linear,48,13,2,0.10336390326755754,0.10336390326755754
max_concentration_linear,48,16,2,0.2506500419224645,0.2506500419224645
max_concentration_linear,48,18,1,0.3873023892205428,0.3873023892205428
max_concentration_linear,48,20,1,0.1398593043939572,0.1398593043939572
max_concentration_linear,48,23,2,0.6752178851042889,0.6752178851042889
max_concentration_linear,48,26,2,0.2490470083544791,0.2490470083544791
max_concentration_linear,48,28,1,0.5767961667027638,0.5767961667027638
max_concentration_linear,48,30,1,0.23656828052179465,0.23656828052179465
max_concentration_linear,48,33,2,0.42689648461328866,0.42689648461328866
max_concentration_linear,48,36,2,0.04873840191568372,0.04873840191568372
max_concentration_linear,48,38,1,0.11319808857173594,0.11319808857173594
max_concentration_linear,48,40,1,0.32543555253588746,0.32543555253588746
max_concentration_linear,48,43,2,0.5848397004066002,0.5848397004066002
max_concentration_linear,48,46,2,0.4232481301987438,0.4232481301987438
max_concentration_linear,48,48,1,0.05674564488088146,0.05674564488088146
max_concentration_linear,48,50,1,0.0,0.0
max_concentration_linear,48,53,2,0.1795593387078381,0.1795593387078381
max_concentration_linear,48,56,2,0.3971326236689035,0.3971326236689035
max_concentration_linear,48,58,1,0.23832839646969117,0.23832839646969117
max_concentration_linear,48,60,1,0.22815389244684833,0.22815389244684833
max_concentration_linear,48,63,2,0.4101920615450683,0.4101920615450683
max_concentration_linear,48,66,2,0.17071595016046273,0.17071595016046273
max_concentration_linear,48,68,1,0.3995202308579112,0.3995202308579112
max_concentration_linear,48,70,1,0.9579233221896122,0.9579233221896122
max_concentration_linear,48,73,2,0.6964997851493072,0.6964997851493072
max_concentration_linear,48,76,2,0.42698866897025645,0.42698866897025645
max_concentration_linear,49,3,2,0.4006918367152679,0.4006918367152679
max_concentration_linear,49,6,2,0.1022554097960122,0.1022554097960122
max_concentration_linear,49,8,1,0.12484964252599635,0.12484964252599635
max_concentration_linear,49,10,1,0.16176486895198727,0.16176486895198727
max_concentration_linear,49,13,2,0.4781045494687261,0.4781045494687261
max_concentration_linear,49,16,2,0.28419243565914337,0.28419243565914337
max_concentration_linear,49,18,1,0.4469495616262033,0.4469495616262033
max_concentration_linear,49,20,1,0.11289828028366825,0.11289828028366825
max_concentration_linear,49,23,2,0.2612640062223064,0.2612640062223064
max_concentration_linear,49,26,2,0.10944088095271662,0.10944088095271662
max_concentration_linear,49,28,1,0.3322987678867748,0.3322987678867748
max_concentration_linear,49,30,1,0.35520733477103833,0.35520733477103833
max_concentration_linear,49,33,2,0.603418658831652,0.603418658831652
max_concentration_linear,49,36,2,0.022616842350291242,0.022616842350291242
max_concentration_linear,49,38,1,0.3356638265393044,0.3356638265393044
max_concentration_linear,49,40,1,0.0,0.0
max_concentration_linear,49,43,2,0.0,0.0
max_concentration_linear,49,46,2,0.6669545260914194,0.6669545260914194
max_concentration_linear,49,48,1,0.26101518382406314,0.26101518382406314
max_concentration_linear,49,50,1,0.0,0.0
max_concentration_linear,49,53,2,0.5752743485473512,0.5752743485473512
max_concentration_linear,49,56,2,0.5984734486184274,0.5984734486184274
max_concentration_linear,49,58,1,0.4439698764032227,0.4439698764032227
max_concentration_linear,49,60,1,0.4299647824092827,0.4299647824092827
max_concentration_linear,49,63,2,0.37830252260600544,0.37830252260600544
max_concentration_linear,49,66,2,0.45483454474054125,0.45483454474054125
max_concentration_linear,49,68,1,1.9575857666429233,1.9575857666429233
max_concentration_linear,49,70,1,0.0,0.0
max_concentration_critical,0,3,2,0.07250679079291503,0.03147298518020971
max_concentration_critical,0,6,2,0.17839743021678636,0.20797749010637404
max_concentration_critical,0,8,1,0.3113077148460311,0.3113077148460311
max_concentration_critical,0,10,1,0.16062165268445142,0.16062165268445142
max_concentration_critical,0,13,2,0.6914462620462877,0.4830558463383133
max_concentration_critical,0,16,2,0.6543611032688887,0.2673496193886515
max_concentration_critical,0,18,1,0.21399129160045435,0.21399129160045435
max_concentration_critical,0,20,1,0.11513601363789876,0.11513601363789876
max_concentration_critical,0,23,2,0.5392342943102989,0.1920349158257842
max_concentration_critical,0,26,2,0.6591242206052436,0.40516852076986604
max_concentration_critical,0,28,1,0.2681796009858706,0.2681796009858706
max_concentration_critical,0,30,1,0.44458582193479995,0.44458582193479995
max_concentration_critical,0,33,2,0.4709509116401412,0.3652836322375116
max_concentration_critical,0,36,2,0.7165028650025853,0.6377931402636096
max_concentration_critical,0,38,1,0.31930626145806495,0.31930626145806495
max_concentration_critical,0,40,1,0.3308991220704257,0.3308991220704257
max_concentration_critical,0,43,2,0.7593093344427071,0.4285153390182185
max_concentration_critical,0,46,2,0.6012000472226654,0.16630702473976366
max_concentration_critical,0,48,1,0.24767858907133802,0.24767858907133802
max_concentration_critical,0,50,1,0.159035988740036,0.159035988740036
max_concentration_critical,0,53,2,0.27091192804434483,0.2875648780271758
max_concentration_critical,0,56,2,0.3264597334384389,0.646420787726881
max_concentration_critical,0,58,1,0.07689496599499634,0.07689496599499634
max_concentration_critical,0,60,1,0.26097642783891545,0.26097642783891545
max_concentration_critical,0,63,2,0.31376662264934774,0.17521755211884796
max_concentration_critical,0,66,2,0.3031075082913596,0.21767370242011227
max_concentration_critical,0,68,1,0.27897404914016033,0.27897404914016033
max_concentration_critical,0,70,1,0.3894626369703689,0.3894626369703689
max_concentration_critical,0,73,2,0.5936491568357647,0.17342000084269515
max_concentration_critical,0,76,2,0.5331745380589902,0.11310836270620996
max_concentration_critical,0,78,1,0.31426144511317294,0.31426144511317294
max_concentration_critical,0,80,1,0.16660502413979392,0.16660502413979392
max_concentration_critical,0,83,2,0.4695010999285458,0.48726463867473035
max_concentration_critical,0,86,2,0.45235865356253274,0.23184206275938268
max_concentration_critical,0,88,1,0.704397519738326,0.704397519738326
max_concentration_critical,0,90,1,0.5145855679905398,0.5145855679905398
max_concentration_critical,0,93,2,0.8572430842025371,0.7005421148544331
max_concentration_critical,0,96,2,0.49839233541546457,0.8011024706447808
max_concentration_critical,0,98,1,0.22895885256612453,0.22895885256612453
max_concentration_critical,0,100,1,0.659800259416805,0.659800259416805
max_concentration_critical,0,103,2,0.6913300034842365,0.2581425557041573
max_concentration_critical,0,106,2,0.2888624798462977,0.6228426831918877
max_concentration_critical,0,108,1,0.49277376589051336,0.49277376589051336
max_concentration_critical,0,110,1,0.9046108257543048,0.9046108257543048
max_concentration_critical,0,113,2,0.14710441838416977,0.3001789001035619
max_concentration_critical,0,116,2,0.07650968327163703,0.04399999976158141
max_concentration_critical,0,118,1,0.18262192358809146,0.18262192358809146
max_concentration_critical,0,120,1,0.16095510430676652,0.16095510430676652
max_concentration_critical,0,123,2,0.36457227795121233,0.3579193838998276
max_concentration_critical,0,126,2,0.28177152200992545,0.46664925745712804
max_concentration_critical,0,128,1,0.11288603340378896,0.11288603340378896
max_concentration_critical,0,130,1,0.04529411740162792,0.04529411740162792
max_concentration_critical,0,133,2,0.26419483070945426,0.26612545064556953
max_concentration_critical,0,136,2,0.31887185563372805,0.36745860065707925
max_concentration_critical,0,138,1,0.3798187614415969,0.3798187614415969
max_concentration_critical,0,140,1,0.3117437179165966,0.3117437179165966
max_concentration_critical,0,143,2,0.17979538448494747,0.34784307583691704
max_concentration_critical,0,146,2,0.981489510688081,0.9809527667763395
max_concentration_critical,0,148,1,0.498377233655506,0.498377233655506
max_concentration_critical,0,150,1,0.5030686442441279,0.5030686442441279
max_concentration_critical,0,153,2,0.09421264525811662,0.09896125463299103
max_concentration_critical,0,156,2,0.6967839217654286,0.6994055783327593
max_concentration_critical,0,158,1,0.42184063512416436,0.42184063512416436
max_concentration_critical,0,160,1,0.28426077698112345,0.28426077698112345
max_concentration_critical,0,163,2,0.35072021329488867,0.3250671440129396
max_concentration_critical,0,166,2,0.25045515169143245,0.4677461604337525
max_concentration_critical,0,168,1,0.12263052824414497,0.12263052824414497
max_concentration_critical,0,170,1,0.20857570329931435,0.20857570329931435
max_concentration_critical,0,173,2,0.11215291983125787,0.15834396780166599
max_concentration_critical,0,176,2,0.1299106384596611,0.10456228119634037
max_concentration_critical,0,178,1,0.1260335351981497,0.1260335351981497
max_concentration_critical,0,180,1,0.14013734838457734,0.14013734838457734
max_concentration_critical,0,183,2,0.11285501826080949,0.1852378601340278
max_concentration_critical,0,186,2,0.06920484127479484,0.09444297023072
max_concentration_critical,0,188,1,0.046914138445799364,0.046914138445799364
max_concentration_critical,0,190,1,0.07544349511177294,0.07544349511177294
max_concentration_critical,0,193,2,0.061257365045435046,0.014663865519504826
max_concentration_critical,0,196,2,0.04760054050460838,0.08417451972784834
max_concentration_critical,0,198,1,0.024888096964840244,0.024888096964840244
max_concentration_critical,0,200,1,0.14374461501101948,0.14374461501101948
max_concentration_critical,0,203,2,0.25720900168471317,0.26282912982340184
max_concentration_critical,0,206,2,0.37915280833333337,0.4931374552295001
max_concentration_critical,0,208,1,0.0,0.0
max_concentration_critical,0,210,1,0.0,0.0
max_concentration_critical,0,213,2,0.1284869192297926,0.02199579827925724
max_concentration_critical,0,216,2,0.1332665250673532,0.16130464447017784
max_concentration_critical,0,218,1,0.07599402134129446,0.07599402134129446
max_concentration_critical,1,3,2,0.21293399634705243,0.20268149288059217
max_concentration_critical,1,6,2,0.11579882855740772,0.22808393974678354
max_concentration_critical,1,8,1,0.16146063487373613,0.16146063487373613
max_concentration_critical,1,10,1,0.16146063487373613,0.16146063487373613
max_concentration_critical,1,13,2,0.0021229496385052568,0.0
max_concentration_critical,1,16,2,0.0021229496385052568,0.0
max_concentration_critical,1,18,1,0.0,0.0
max_concentration_critical,1,20,1,0.0,0.0
max_concentration_critical,1,23,2,0.0021229496385052568,0.0
max_concentration_critical,1,26,2,0.0021229496385052568,0.0
max_concentration_critical,1,28,1,0.0,0.0
max_concentration_critical,1,30,1,0.0,0.0
max_concentration_critical,1,33,2,0.0021229496385052568,0.0
max_concentration_critical,1,36,2,0.0021229496385052568,0.0
max_concentration_critical,1,38,1,0.0,0.0
max_concentration_critical,1,40,1,0.0,0.0
max_concentration_critical,1,43,2,0.0021229496385052568,0.0
max_concentration_critical,1,46,2,0.0021229496385052568,0.0
max_concentration_critical,1,48,1,0.0,0.0
max_concentration_critical,1,50,1,0.0,0.0
max_concentration_critical,1,53,2,0.0021229496385052568,0.0
max_concentration_critical,1,56,2,0.0021229496385052568,0.0
max_concentration_critical,1,58,1,0.0,0.0
max_concentration_critical,1,60,1,0.0,0.0
max_concentration_critical,1,63,2,0.0021229496385052568,0.0
max_concentration_critical,1,66,2,0.0021229496385052568,0.0
max_concentration_critical,1,68,1,0.0,0.0
max_concentration_critical,1,70,1,0.0,0.0
max_concentration_critical,1,73,2,0.0021229496385052568,0.0
max_concentration_critical,1,76,2,0.0021229496385052568,0.0
max_concentration_critical,1,78,1,0.0,0.0
max_concentration_critical,1,80,1,0.0,0.0
max_concentration_critical,1,83,2,0.0021229496385052568,0.0
max_concentration_critical,1,86,2,0.0021229496385052568,0.0
max_concentration_critical,1,88,1,0.0,0.0
max_concentration_critical,1,90,1,0.0,0.0
max_concentration_critical,1,93,2,0.0021229496385052568,0.0
max_concentration_critical,1,96,2,0.24447785865494642,0.2460305931248515
max_concentration_critical,1,98,1,0.22235813794380013,0.22235813794380013
max_concentration_critical,1,100,1,0.0,0.0
max_concentration_critical,1,103,2,0.04403332558540796,0.04976901910791148
max_concentration_critical,1,106,2,0.008232035729761372,0.013199789893393432
max_concentration_critical,1,108,1,0.02707935782611488,0.02707935782611488
max_concentration_critical,1,110,1,0.0,0.0
max_concentration_critical,1,113,2,0.04128063447433023,0.04005575971596876
max_concentration_critical,1,116,2,0.03470557057673917,0.04976901910791148
max_concentration_critical,1,118,1,0.024117647432813305,0.024117647432813305
max_concentration_critical,1,120,1,0.024117647432813305,0.024117647432813305
max_concentration_critical,1,123,2,0.015893973082804973,0.030147059291016687
max_concentration_critical,1,126,2,0.027932924358372805,0.026399579786786864
max_concentration_critical,1,128,1,0.013199789893393432,0.013199789893393432
max_concentration_critical,1,130,1,0.0,0.0
max_concentration_critical,1,133,2,0.01836931636157179,0.039599369680180296
max_concentration_critical,1,136,2,0.0021229496385052568,0.0
max_concentration_critical,1,138,1,0.0,0.0
max_concentration_critical,1,140,1,0.0,0.0
max_concentration_critical,1,143,2,0.0021229496385052568,0.0
max_concentration_critical,1,146,2,0.0021229496385052568,0.0
max_concentration_critical,1,148,1,0.0,0.0
max_concentration_critical,1,150,1,0.0,0.0
max_concentration_critical,1,153,2,0.0021229496385052568,0.0
max_concentration_critical,1,156,2,0.0021229496385052568,0.0
max_concentration_critical,1,158,1,0.0,0.0
max_concentration_critical,1,160,1,0.0,0.0
max_concentration_critical,1,163,2,0.0021229496385052568,0.0
max_concentration_critical,1,166,2,0.0021229496385052568,0.0
max_concentration_critical,1,168,1,0.006029411858203382,0.006029411858203382
max_concentration_critical,1,170,1,0.024117647432813305,0.024117647432813305
max_concentration_critical,1,173,2,0.04403332558540796,0.04976901910791148
max_concentration_critical,1,176,2,0.021345657316595837,0.0
max_concentration_critical,1,178,1,0.04976901910791148,0.04976901910791148
max_concentration_critical,1,180,1,0.04976901910791148,0.04976901910791148
max_concentration_critical,1,183,2,0.01836931636157179,0.039599369680180296
max_concentration_critical,1,186,2,0.0021229496385052568,0.0
max_concentration_critical,1,188,1,0.0,0.0
max_concentration_critical,1,190,1,0.0,0.0
max_concentration_critical,1,193,2,0.0021229496385052568,0.0
max_concentration_critical,1,196,2,0.0021229496385052568,0.0
max_concentration_critical,1,198,1,0.0,0.0
max_concentration_critical,1,200,1,0.0,0.0
max_concentration_critical,1,203,2,0.04111960963969921,0.039599369680180296
max_concentration_critical,1,206,2,0.01836931636157179,0.039599369680180296
max_concentration_critical,1,208,1,0.039599369680180296,0.039599369680180296
max_concentration_critical,1,210,1,0.0,0.0
max_concentration_critical,1,213,2,0.008232035729761372,0.013199789893393432
max_concentration_critical,1,216,2,0.03172356295091812,0.04007222225950292
max_concentration_critical,1,218,1,0.0,0.0
max_concentration_critical,2,3,2,0.7326716883722829,0.4475484482602512
max_concentration_critical,2,6,2,0.5218494574753201,0.00829970309346712
max_concentration_critical,2,8,1,0.41434006792284644,0.41434006792284644
max_concentration_critical,2,10,1,0.13913382926684068,0.13913382926684068
max_concentration_critical,2,13,2,0.6290554680758688,0.2713832899020919
max_concentration_critical,2,16,2,0.49014107563530657,0.11223518361836445
max_concentration_critical,2,18,1,0.05701020857363247,0.05701020857363247
max_concentration_critical,2,20,1,0.22871571985240954,0.22871571985240954
max_concentration_critical,2,23,2,0.8012072076669653,0.880443964922267
max_concentration_critical,2,26,2,0.5093575672867877,0.36907175275279647
max_concentration_critical,2,28,1,0.13250907834175119,0.13250907834175119
max_concentration_critical,2,30,1,0.411782926755844,0.411782926755844
max_concentration_critical,2,33,2,0.5733832645088162,0.14935500662250759
max_concentration_critical,2,36,2,0.6402508398057679,0.22715746756055236
max_concentration_critical,2,38,1,0.1134085829259173,0.1134085829259173
max_concentration_critical,2,40,1,0.06485096217683173,0.06485096217683173
max_concentration_critical,2,43,2,0.6038536874491975,0.09458115447973102
max_concentration_critical,2,46,2,0.32721123275686675,0.29611198377767245
max_concentration_critical,2,48,1,0.004512604895760025,0.004512604895760025
max_concentration_critical,2,50,1,0.5251769513830575,0.5251769513830575
max_concentration_critical,2,53,2,0.20489293183622084,0.39801811330526554
max_concentration_critical,2,56,2,0.43124151117557724,0.42075682964379907
max_concentration_critical,2,58,1,0.07896962356571018,0.07896962356571018
max_concentration_critical,2,60,1,0.28056305830667955,0.28056305830667955
max_concentration_critical,2,63,2,0.5761836417427217,0.19870671898390493
max_concentration_critical,2,66,2,0.4823256174698687,0.0
max_concentration_critical,2,68,1,0.1748520271460565,0.1748520271460565
max_concentration_critical,2,70,1,0.23193223298972715,0.23193223298972715
max_concentration_critical,2,73,2,0.6027711683015594,0.7028877882711377
max_concentration_critical,2,76,2,0.4694092128011493,0.08069278009265995
max_concentration_critical,2,78,1,0.614376243440835,0.614376243440835
max_concentration_critical,2,80,1,0.13100048756415833,0.13100048756415833
max_concentration_critical,2,83,2,0.7992955743124546,0.9646565885755072
max_concentration_critical,2,86,2,0.4481475056502627,0.14390929967275154
max_concentration_critical,2,88,1,0.0,0.0
max_concentration_critical,2,90,1,0.2591161823160122,0.2591161823160122
max_concentration_critical,2,93,2,0.6580502251292959,0.2722765143048531
max_concentration_critical,3,3,2,0.014769669460058062,0.0
max_concentration_critical,3,6,2,0.014769669460058062,0.0
max_concentration_critical,3,8,1,0.0,0.0
max_concentration_critical,3,10,1,0.0,0.0
max_concentration_critical,3,13,2,0.014769669460058062,0.0
max_concentration_critical,3,16,2,0.014769669460058062,0.0
max_concentration_critical,3,18,1,0.0,0.0
max_concentration_critical,3,20,1,0.0,0.0
max_concentration_critical,3,23,2,0.014769669460058062,0.0
max_concentration_critical,3,26,2,0.014769669460058062,0.0
max_concentration_critical,3,28,1,0.0,0.0
max_concentration_critical,3,30,1,0.0,0.0
max_concentration_critical,3,33,2,0.10847807135904736,0.1116940974098997
max_concentration_critical,3,36,2,0.06164533452102354,0.1116940974098997
max_concentration_critical,3,38,1,0.0,0.0
max_concentration_critical,3,40,1,0.0,0.0
max_concentration_critical,3,43,2,0.014769669460058062,0.0
max_concentration_critical,3,46,2,0.014769669460058062,0.0
max_concentration_critical,3,48,1,0.0,0.0
max_concentration_critical,3,50,1,0.0,0.0
max_concentration_critical,3,53,2,0.19306441122861587,0.1952902084009248
max_concentration_critical,3,56,2,0.0915582379778591,0.18748610034063745
max_concentration_critical,3,58,1,0.0,0.0
max_concentration_critical,3,60,1,0.11456181560293424,0.11456181560293424
max_concentration_critical,3,63,2,0.05499633808509702,0.11456181560293424
max_concentration_critical,3,66,2,0.196569722507866,0.1942559878253809
max_concentration_critical,3,68,1,0.37636720147912733,0.37636720147912733
max_concentration_critical,3,70,1,0.26914006823389125,0.26914006823389125
max_concentration_critical,3,73,2,0.45013681602592054,0.11144081323628191
max_concentration_critical,3,76,2,0.5936726194311551,0.20687830809286678
max_concentration_critical,3,78,1,0.11591529707898232,0.11591529707898232
max_concentration_critical,3,80,1,0.13500641812208464,0.13500641812208464
max_concentration_critical,3,83,2,0.594454658227865,0.40443986081104355
max_concentration_critical,3,86,2,0.581887371170305,0.19126243509493618
max_concentration_critical,3,88,1,0.15921901544155628,0.15921901544155628
max_concentration_critical,3,90,1,0.5472261002809992,0.5472261002809992
max_concentration_critical,3,93,2,0.5326120920267963,0.6321110605556628
max_concentration_critical,3,96,2,0.5025334105492117,0.33040725552531025
max_concentration_critical,3,98,1,0.11040504501464611,0.11040504501464611
max_concentration_critical,3,100,1,0.3435444682987663,0.3435444682987663
max_concentration_critical,3,103,2,0.6937733914626918,0.35901861181325306
max_concentration_critical,3,106,2,0.5289337394336876,0.19975336709694075
max_concentration_critical,3,108,1,0.3099516299030608,0.3099516299030608
max_concentration_critical,3,110,1,0.2115153422107498,0.2115153422107498
max_concentration_critical,3,113,2,0.39309123853219446,0.714351648350943
max_concentration_critical,3,116,2,0.32340335589866465,0.29817060481529345
max_concentration_critical,3,118,1,0.06058526735611775,0.06058526735611775
max_concentration_critical,3,120,1,0.09217469818397657,0.09217469818397657
max_concentration_critical,3,123,2,0.1532849057391446,0.09613952220481536
max_concentration_critical,3,126,2,0.23188864698528824,0.10316783431173729
max_concentration_critical,3,128,1,0.311154683411385,0.311154683411385
max_concentration_critical,3,130,1,0.4113705486361767,0.4113705486361767
max_concentration_critical,3,133,2,0.5693266351317317,0.22384283988430434
max_concentration_critical,3,136,2,0.4977042188520296,0.1360811731924437
max_concentration_critical,3,138,1,0.30490044498423136,0.30490044498423136
max_concentration_critical,3,140,1,0.059777057625213056,0.059777057625213056
max_concentration_critical,3,143,2,0.6333408489217267,0.5239452396037062
max_concentration_critical,3,146,2,0.4656089143034912,0.1033464308966132
max_concentration_critical,3,148,1,0.22648629070362086,0.22648629070362086
max_concentration_critical,3,150,1,1.059781388179225,1.059781388179225
max_concentration_critical,3,153,2,0.575713829639801,0.33372906029242055
max_concentration_critical,3,156,2,0.4717002578795445,0.1754102415157568
max_concentration_critical,3,158,1,0.7631554594183655,0.7631554594183655
max_concentration_critical,3,160,1,0.06714753772457256,0.06714753772457256
max_concentration_critical,3,163,2,0.6204263243391126,0.11974343064796994
max_concentration_critical,3,166,2,0.4710426065671966,0.9288796396496859
max_concentration_critical,3,168,1,0.4092105598428621,0.4092105598428621
max_concentration_critical,3,170,1,0.4149967145659877,0.4149967145659877
max_concentration_critical,3,173,2,0.45779240252076275,0.2812755394236467
max_concentration_critical,3,176,2,0.2364470538581385,0.5799890596361895
max_concentration_critical,3,178,1,0.3043269657916313,0.3043269657916313
max_concentration_critical,3,180,1,0.47604851415075833,0.47604851415075833
max_concentration_critical,3,183,2,0.2620517060248965,0.12348427198930355
max_concentration_critical,4,3,2,0.6648119894970854,0.4019139616264427
max_concentration_critical,4,6,2,0.5575842830999307,0.09912577649052493
max_concentration_critical,4,8,1,0.10292485194057793,0.10292485194057793
max_concentration_critical,4,10,1,0.2215411299506077,0.2215411299506077
max_concentration_critical,4,13,2,0.6626971562252805,0.4295157503934188
max_concentration_critical,4,16,2,0.6359187355159966,0.1809571928515426
max_concentration_critical,4,18,1,0.30188894818160306,0.30188894818160306
max_concentration_critical,4,20,1,0.5666634233819925,0.5666634233819925
max_concentration_critical,4,23,2,0.4293535067843696,0.362082456258968
max_concentration_critical,4,26,2,0.5984345467742157,0.27297354610777397
max_concentration_critical,4,28,1,0.3304666856982951,0.3304666856982951
max_concentration_critical,4,30,1,0.3979800023567134,0.3979800023567134
max_concentration_critical,4,33,2,0.5975099275849748,1.0017880308383311
max_concentration_critical,4,36,2,0.7222223134963826,0.6544343662402504
max_concentration_critical,4,38,1,0.5157720722299605,0.5157720722299605
max_concentration_critical,4,40,1,0.3729796967502113,0.3729796967502113
max_concentration_critical,4,43,2,0.11720941556130535,0.11714320848003872
max_concentration_critical,4,46,2,0.16034182627672122,0.18070482473877875
max_concentration_critical,4,48,1,0.13321864117883414,0.13321864117883414
max_concentration_critical,4,50,1,0.11574586568012953,0.11574586568012953
max_concentration_critical,4,53,2,0.46163334823508484,0.35002213491232465
max_concentration_critical,4,56,2,0.3739944125589342,0.131448029946799
max_concentration_critical,4,58,1,0.3257907297535194,0.3257907297535194
max_concentration_critical,4,60,1,0.0,0.0
max_concentration_critical,4,63,2,0.6419855424550734,0.2203974892389954
max_concentration_critical,4,66,2,0.5087107439356057,0.5103986034450877
max_concentration_critical,4,68,1,0.4408030637006007,0.4408030637006007
max_concentration_critical,4,70,1,0.17150095114020944,0.17150095114020944
max_concentration_critical,4,73,2,0.30381706954733373,0.22694121783506477
max_concentration_critical,4,76,2,0.5978716130118547,0.839655608352166
max_concentration_critical,4,78,1,0.46623568122813525,0.46623568122813525
max_concentration_critical,4,80,1,0.19933660187225086,0.19933660187225086
max_concentration_critical,4,83,2,0.5818581574708791,0.22290052504831037
max_concentration_critical,4,86,2,0.6947405724086598,0.2814189197194811
max_concentration_critical,4,88,1,0.058244962263807695,0.058244962263807695
max_concentration_critical,5,3,2,0.1517792022106965,0.1615920907089537
max_concentration_critical,5,6,2,0.9891188952852551,0.9562143825555978
max_concentration_critical,5,8,1,0.016868824943072677,0.016868824943072677
max_concentration_critical,5,10,1,0.1571854681295178,0.1571854681295178
max_concentration_critical,5,13,2,0.570455322191293,0.12192769099266314
max_concentration_critical,5,16,2,0.5221980040707267,0.06932791276184568
max_concentration_critical,5,18,1,0.05653356534796658,0.05653356534796658
max_concentration_critical,5,20,1,0.32652660878852224,0.32652660878852224
max_concentration_critical,5,23,2,0.5379373659261669,0.41511225896737747
max_concentration_critical,5,26,2,0.6052566879389778,0.4546472151405346
max_concentration_critical,5,28,1,0.25395215856103703,0.25395215856103703
max_concentration_critical,5,30,1,0.3155698486319797,0.3155698486319797
max_concentration_critical,5,33,2,0.6599070789029878,0.37674456806676415
max_concentration_critical,5,36,2,0.7264474417026383,0.3787270618048085
max_concentration_critical,5,38,1,0.10619274507051178,0.10619274507051178
max_concentration_critical,5,40,1,0.4458762948556891,0.4458762948556891
max_concentration_critical,5,43,2,0.47432633745158614,0.32227862340090474
max_concentration_critical,5,46,2,0.29042508896095115,0.7365244092668681
max_concentration_critical,5,48,1,0.0,0.0
max_concentration_critical,5,50,1,0.3066103002357454,0.3066103002357454
max_concentration_critical,5,53,2,0.3385683200959042,0.267811343144171
max_concentration_critical,5,56,2,0.2585119419356753,0.3360656765049466
max_concentration_critical,5,58,1,0.22320129260820265,0.22320129260820265
max_concentration_critical,5,60,1,0.6113954610539284,0.6113954610539284
max_concentration_critical,5,63,2,0.5420507020123891,0.12323913143476765
max_concentration_critical,5,66,2,0.5314713170218666,0.22919573533642515
max_concentration_critical,5,68,1,0.16412696830377774,0.16412696830377774
max_concentration_critical,5,70,1,0.3770927011717191,0.3770927011717191
max_concentration_critical,5,73,2,0.5339797892460266,0.35870988657230907
max_concentration_critical,5,76,2,0.5572023102518986,0.4430249495506627
max_concentration_critical,5,78,1,0.3167314987954056,0.3167314987954056
max_concentration_critical,5,80,1,0.7225150544312839,0.7225150544312839
max_concentration_critical,5,83,2,0.6994524571449278,0.6925005792059694
max_concentration_critical,5,86,2,0.48503512042776686,0.12924549895879744
max_concentration_critical,5,88,1,0.6288948305981595,0.6288948305981595
max_concentration_critical,5,90,1,0.2242419136572025,0.2242419136572025
max_concentration_critical,5,93,2,0.5672930462781357,0.0732698411788216
max_concentration_critical,6,3,2,0.7575445866024433,0.4746395013253612
max_concentration_critical,6,6,2,0.5760830679341707,0.08374235751633503
max_concentration_critical,6,8,1,0.055798627254338096,0.055798627254338096
max_concentration_critical,6,10,1,0.1566368276703675,0.1566368276703675
max_concentration_critical,6,13,2,0.5314670488716736,0.1692219035989765
max_concentration_critical,6,16,2,0.6085132086859665,0.3210190032307637
max_concentration_critical,6,18,1,0.3131746488698489,0.3131746488698489
max_concentration_critical,6,20,1,0.42656041206387973,0.42656041206387973
max_concentration_critical,6,23,2,0.5305631358863734,0.3693531484930688
max_concentration_critical,6,26,2,0.5297279722776472,0.4898886537164325
max_concentration_critical,6,28,1,0.28074344919016764,0.28074344919016764
max_concentration_critical,6,30,1,0.4857372409279257,0.4857372409279257
max_concentration_critical,6,33,2,0.5834989355765103,0.26535704628998735
max_concentration_critical,6,36,2,0.6557571083779896,0.1817707965756565
max_concentration_critical,6,38,1,0.004694501401801573,0.004694501401801573
max_concentration_critical,6,40,1,0.16028935639318495,0.16028935639318495
max_concentration_critical,6,43,2,0.5106145858132629,0.30287664636627387
max_concentration_critical,6,46,2,0.2444752968587038,0.7192747312755209
max_concentration_critical,6,48,1,0.37111314898523495,0.37111314898523495
max_concentration_critical,6,50,1,0.13077398349224117,0.13077398349224117
max_concentration_critical,6,53,2,0.10267320180322945,0.14641047532959378
max_concentration_critical,6,56,2,0.46897546263018625,0.43204692493997754
max_concentration_critical,6,58,1,0.4711985427528973,0.4711985427528973
max_concentration_critical,6,60,1,0.40614763426174416,0.40614763426174416
max_concentration_critical,6,63,2,0.6650357788566501,0.45378733923038483
max_concentration_critical,6,66,2,0.5378568865827633,0.10108395689201082
max_concentration_critical,6,68,1,0.16167505610893645,0.16167505610893645
max_concentration_critical,6,70,1,0.40357084461842696,0.40357084461842696
max_concentration_critical,6,73,2,0.35491527322872735,0.19873696998166696
max_concentration_critical,6,76,2,0.557025354235159,0.30626462612440986
max_concentration_critical,6,78,1,0.4703905735693617,0.4703905735693617
max_concentration_critical,6,80,1,0.9304948061588899,0.9304948061588899
max_concentration_critical,6,83,2,0.5199804681859793,0.3205062314838683
max_concentration_critical,6,86,2,0.641200970209954,0.3662032121133093
max_concentration_critical,6,88,1,0.1453911530221268,0.1453911530221268
max_concentration_critical,6,90,1,0.37822652789448713,0.37822652789448713
max_concentration_critical,7,3,2,0.273535204541466,0.2493058852498027
max_concentration_critical,7,6,2,0.34590788702028247,0.315300927809865
max_concentration_critical,7,8,1,0.1544219044038697,0.1544219044038697
max_concentration_critical,7,10,1,0.39578923480029027,0.39578923480029027
max_concentration_critical,7,13,2,0.5700611711635355,0.19424379666249486
max_concentration_critical,7,16,2,0.4798811677072371,0.1712093025616341
max_concentration_critical,7,18,1,0.2505928705309379,0.2505928705309379
max_concentration_critical,7,20,1,0.19883386211949686,0.19883386211949686
max_concentration_critical,7,23,2,0.6619416236712207,0.3082493235332483
max_concentration_critical,7,26,2,0.6105311078598317,0.22415990866142643
max_concentration_critical,7,28,1,0.4556254876521009,0.4556254876521009
max_concentration_critical,7,30,1,0.8427772818946031,0.8427772818946031
max_concentration_critical,7,33,2,0.5399023227486393,0.2764373127854529
max_concentration_critical,7,36,2,0.6006066822651783,0.2954536643957785
max_concentration_critical,7,38,1,0.14684458164495234,0.14684458164495234
max_concentration_critical,7,40,1,0.05774755401523136,0.05774755401523136
max_concentration_critical,7,43,2,0.5248241810032569,0.4883374613826073
max_concentration_critical,7,46,2,0.4704777108234187,0.0709915503218823
max_concentration_critical,7,48,1,0.4421437350172141,0.4421437350172141
max_concentration_critical,7,50,1,0.7334154275418132,0.7334154275418132
max_concentration_critical,7,53,2,0.20225874878272349,0.20872292474040524
max_concentration_critical,7,56,2,0.0706376951160778,0.07452025426989087
max_concentration_critical,7,58,1,0.41202255325545595,0.41202255325545595
max_concentration_critical,7,60,1,0.5573248321881082,0.5573248321881082
max_concentration_critical,7,63,2,0.48300968463758004,0.021830246225664117
max_concentration_critical,7,66,2,0.5310836568010294,0.10322359457033592
max_concentration_critical,7,68,1,0.13706087433242578,0.13706087433242578
max_concentration_critical,7,70,1,0.21952893957753755,0.21952893957753755
max_concentration_critical,7,73,2,0.43759104264889015,0.4356811042635038
max_concentration_critical,7,76,2,0.7500443422205907,0.78339518139353
max_concentration_critical,7,78,1,0.1534504893098002,0.1534504893098002
max_concentration_critical,7,80,1,0.7183005615670033,0.7183005615670033
max_concentration_critical,7,83,2,0.6603557642210617,0.5540107645725193
max_concentration_critical,7,86,2,0.6169206590194923,0.3004487106148129
max_concentration_critical,7,88,1,0.15414921712349605,0.15414921712349605
max_concentration_critical,7,90,1,0.25312424917361553,0.25312424917361553
max_concentration_critical,7,93,2,0.18680156739564746,0.7140930802261278
max_concentration_critical,8,3,2,0.05361040933067219,0.0
max_concentration_critical,8,6,2,0.1848435076150529,0.16216987423453358
max_concentration_critical,8,8,1,0.0,0.0
max_concentration_critical,8,10,1,0.1668515819228603,0.1668515819228603
max_concentration_critical,8,13,2,0.8557345393549978,0.8149925243253855
max_concentration_critical,8,16,2,0.48354611164456973,0.27744840475832844
max_concentration_critical,8,18,1,0.1639917567062159,0.1639917567062159
max_concentration_critical,8,20,1,0.1859679427993328,0.1859679427993328
max_concentration_critical,8,23,2,0.5262203855794415,0.15767396594691885
max_concentration_critical,8,26,2,0.5315821027462043,0.050028526062542114
max_concentration_critical,8,28,1,0.2695230128682972,0.2695230128682972
max_concentration_critical,8,30,1,0.051323529318267225,0.051323529318267225
max_concentration_critical,8,33,2,0.8239831472097767,0.9647733221634106
max_concentration_critical,8,36,2,0.5398424613207942,0.1594882858591686
max_concentration_critical,8,38,1,0.40748129710262454,0.40748129710262454
max_concentration_critical,8,40,1,0.43954452685694145,0.43954452685694145
max_concentration_critical,8,43,2,0.5536674198552046,0.04433193691950991
max_concentration_critical,8,46,2,0.4724104384071543,0.2254982694288792
max_concentration_critical,8,48,1,0.3183828551718072,0.3183828551718072
max_concentration_critical,8,50,1,0.08882432589272735,0.08882432589272735
max_concentration_critical,8,53,2,0.1617843158942402,0.34487072107047356
max_concentration_critical,8,56,2,0.32059608082531865,0.5821560787915468
max_concentration_critical,8,58,1,0.10480862762892863,0.10480862762892863
max_concentration_critical,8,60,1,0.1452441309232085,0.1452441309232085
max_concentration_critical,8,63,2,0.16879576445969574,0.1594346477566625
max_concentration_critical,8,66,2,0.08530003829319018,0.007764705840279065
max_concentration_critical,8,68,1,0.0,0.0
max_concentration_critical,8,70,1,0.4343207498670826,0.4343207498670826
max_concentration_critical,8,73,2,0.28207477056587593,0.029173516049811055
max_concentration_critical,8,76,2,0.5308984852734383,0.4014113032378405
max_concentration_critical,8,78,1,0.4612022417682057,0.4612022417682057
max_concentration_critical,8,80,1,0.38913225763305265,0.38913225763305265
max_concentration_critical,8,83,2,0.4770581504981783,0.172112654543222
max_concentration_critical,8,86,2,0.5601607751815779,0.6879078220311099
max_concentration_critical,8,88,1,0.21630202548214755,0.21630202548214755
max_concentration_critical,8,90,1,0.22094318921858044,0.22094318921858044
max_concentration_critical,8,93,2,0.7455049383615975,0.7995722795893061
max_concentration_critical,8,96,2,0.541785042110022,0.4410994203278933
max_concentration_critical,8,98,1,0.4505283792335497,0.4505283792335497
max_concentration_critical,8,100,1,1.8456322246038495,1.8456322246038495
max_concentration_critical,8,103,2,0.580440834992089,0.9443086244356703
max_concentration_critical,9,3,2,0.10733806376709253,0.12906282062914068
max_concentration_critical,9,6,2,0.09632073291089976,0.10805216298763723
max_concentration_critical,9,8,1,0.22178735271093966,0.22178735271093966
max_concentration_critical,9,10,1,0.46072069255760373,0.46072069255760373
max_concentration_critical,9,13,2,0.5991756211667775,0.2305285343228813
max_concentration_critical,9,16,2,0.5623539502589759,0.1196372498125263
max_concentration_critical,9,18,1,0.17656374867129326,0.17656374867129326
max_concentration_critical,9,20,1,0.1980539833091981,0.1980539833091981
max_concentration_critical,9,23,2,0.7709465842178801,0.5940978842786635
max_concentration_critical,9,26,2,0.5760486902585688,0.2985476273182356
max_concentration_critical,9,28,1,0.5216938319272805,0.5216938319272805
max_concentration_critical,9,30,1,0.14165952169035861,0.14165952169035861
max_concentration_critical,9,33,2,0.5890841154569878,0.5071999644349965
max_concentration_critical,9,36,2,0.7911918617099922,0.5762597615559389
max_concentration_critical,9,38,1,0.4874730414433176,0.4874730414433176
max_concentration_critical,9,40,1,0.030147059291016687,0.030147059291016687
max_concentration_critical,9,43,2,0.5989263986884205,0.04832371342893724
max_concentration_critical,9,46,2,0.5177328218176023,0.1860698937550412
max_concentration_critical,9,48,1,0.9509639785902712,0.9509639785902712
max_concentration_critical,9,50,1,0.2780506425381356,0.2780506425381356
max_concentration_critical,9,53,2,0.2328414176247137,0.421989438628745
max_concentration_critical,9,56,2,0.21687969491822107,0.2534052376587038
max_concentration_critical,9,58,1,0.06344182141462076,0.06344182141462076
max_concentration_critical,9,60,1,0.1491664050257171,0.1491664050257171
max_concentration_critical,9,63,2,0.34479925720045107,0.2638589807732781
max_concentration_critical,9,66,2,0.48961714600747813,0.29040664071322514
max_concentration_critical,9,68,1,0.05896454052175643,0.05896454052175643
max_concentration_critical,9,70,1,0.20891968696562113,0.20891968696562113
max_concentration_critical,9,73,2,0.5464244910810643,0.501300549461515
max_concentration_critical,9,76,2,0.638490609328464,0.561730322988966
max_concentration_critical,9,78,1,0.0025882352800930264,0.0025882352800930264
max_concentration_critical,9,80,1,0.06634112476914297,0.06634112476914297
max_concentration_critical,9,83,2,0.6206872194938893,0.37484778851104417
max_concentration_critical,9,86,2,0.8561518170613676,1.059679051164126
max_concentration_critical,9,88,1,0.07373225842585938,0.07373225842585938
max_concentration_critical,9,90,1,0.6053012818067537,0.6053012818067537
max_concentration_critical,10,3,2,0.029606550984376062,0.0
max_concentration_critical,10,6,2,0.029606550984376062,0.0
max_concentration_critical,10,8,1,0.6724312014973539,0.6724312014973539
max_concentration_critical,10,10,1,0.2169892799039107,0.2169892799039107
max_concentration_critical,10,13,2,0.5649380199871696,0.28323699203759195
max_concentration_critical,10,16,2,0.6184969127018246,0.2266764350786109
max_concentration_critical,10,18,1,0.07872011622208154,0.07872011622208154
max_concentration_critical,10,20,1,0.10254414081768193,0.10254414081768193
max_concentration_critical,10,23,2,0.6451525037397401,0.416552883201372
max_concentration_critical,10,26,2,0.7034566123556275,0.5527597065625675
max_concentration_critical,10,28,1,0.15438833900282212,0.15438833900282212
max_concentration_critical,10,30,1,0.18431565375363335,0.18431565375363335
max_concentration_critical,10,33,2,0.5114304432745355,0.36188031108376034
max_concentration_critical,10,36,2,0.925287843460199,0.8759687655138378
max_concentration_critical,10,38,1,0.15056687272080047,0.15056687272080047
max_concentration_critical,10,40,1,0.0,0.0
max_concentration_critical,10,43,2,0.612790932056045,0.23296931554932945
max_concentration_critical,10,46,2,0.47910677527090323,0.2025327014424037
max_concentration_critical,10,48,1,0.8991966553431342,0.8991966553431342
max_concentration_critical,10,50,1,0.12259963161030196,0.12259963161030196
max_concentration_critical,10,53,2,0.12447732946914888,0.25943829434181287
max_concentration_critical,10,56,2,0.3919450848881229,0.4481335943878423
max_concentration_critical,10,58,1,0.12443319870081392,0.12443319870081392
max_concentration_critical,10,60,1,0.08854913226644924,0.08854913226644924
max_concentration_critical,10,63,2,0.3504876541012523,0.2510130601430501
max_concentration_critical,10,66,2,0.4063605079782546,0.18018490412969546
max_concentration_critical,10,68,1,0.0,0.0
max_concentration_critical,10,70,1,0.37043995797381607,0.37043995797381607
max_concentration_critical,10,73,2,0.5410879897005171,0.15421186951995594
max_concentration_critical,10,76,2,0.3824061508223059,0.19042548286712788
max_concentration_critical,10,78,1,0.33750506583906364,0.33750506583906364
max_concentration_critical,10,80,1,0.14706456358691786,0.14706456358691786
max_concentration_critical,10,83,2,0.4100739416964695,0.4123973496558851
max_concentration_critical,10,86,2,0.5186061589134452,0.16274298093062226
max_concentration_critical,10,88,1,0.1753029820961908,0.1753029820961908
max_concentration_critical,10,90,1,0.7980535150768443,0.7980535150768443
max_concentration_critical,10,93,2,0.6205336037922397,0.45885664457718006
max_concentration_critical,10,96,2,0.554854231466793,0.479921562374196
max_concentration_critical,10,98,1,0.497971790999608,0.497971790999608
max_concentration_critical,10,100,1,0.13497647237214816,0.13497647237214816
max_concentration_critical,10,103,2,0.6415790776764362,0.22367507571294307
max_concentration_critical,10,106,2,0.25509800094582197,0.6511954594271155
max_concentration_critical,10,108,1,0.7680435250805507,0.7680435250805507
max_concentration_critical,10,110,1,0.16188650705723392,0.16188650705723392
max_concentration_critical,10,113,2,0.33453049248716393,0.13501081251360353
max_concentration_critical,11,3,2,0.5690298695186934,0.23987394873499618
max_concentration_critical,11,6,2,0.5616945686716978,0.21257312041692045
max_concentration_critical,11,8,1,0.11162958675975265,0.11162958675975265
max_concentration_critical,11,10,1,0.2714515039207785,0.2714515039207785
max_concentration_critical,11,13,2,0.5856237741469205,0.16423575494541878
max_concentration_critical,11,16,2,0.5673415750965622,0.08602277187090769
max_concentration_critical,11,18,1,0.15803149802911762,0.15803149802911762
max_concentration_critical,11,20,1,0.33590789813814337,0.33590789813814337
max_concentration_critical,11,23,2,0.5434277907050731,0.49494791842815833
max_concentration_critical,11,26,2,0.5087521834297823,0.3787829686765278
max_concentration_critical,11,28,1,0.3263843653304127,0.3263843653304127
max_concentration_critical,11,30,1,0.5049271479867498,0.5049271479867498
max_concentration_critical,11,33,2,0.5277473845153762,0.16597822964504486
max_concentration_critical,11,36,2,0.4560254785890262,0.2729919787333652
max_concentration_critical,11,38,1,0.15467108821153328,0.15467108821153328
max_concentration_critical,11,40,1,0.7278998933681068,0.7278998933681068
max_concentration_critical,11,43,2,0.22609731350667303,0.41337353648800557
max_concentration_critical,11,46,2,0.184584053504053,0.1871705849224851
max_concentration_critical,11,48,1,0.21748523752252533,0.21748523752252533
max_concentration_critical,11,50,1,0.013889952763482268,0.013889952763482268
max_concentration_critical,11,53,2,0.8163091640130459,0.7780419740579997
max_concentration_critical,11,56,2,0.4130484270612482,0.3098004271015116
max_concentration_critical,11,58,1,0.23502927495328516,0.23502927495328516
max_concentration_critical,11,60,1,0.28820513939871895,0.28820513939871895
max_concentration_critical,11,63,2,0.5341306238377616,0.07793968122738389
max_concentration_critical,11,66,2,0.8347930372530503,1.0536378784904121
max_concentration_critical,11,68,1,0.1550264973338623,0.1550264973338623
max_concentration_critical,11,70,1,0.4471422416366138,0.4471422416366138
max_concentration_critical,11,73,2,0.8426902076952817,0.8623152854161402
max_concentration_critical,11,76,2,0.5914343779606911,0.3653218496717305
max_concentration_critical,11,78,1,0.15085672767163383,0.15085672767163383
max_concentration_critical,11,80,1,0.35779798785924,0.35779798785924
max_concentration_critical,12,3,2,0.16170253124385295,0.17169910919300513
max_concentration_critical,12,6,2,0.07624158870915815,0.0
max_concentration_critical,12,8,1,0.551933638589038,0.551933638589038
max_concentration_critical,12,10,1,0.39821712482517235,0.39821712482517235
max_concentration_critical,12,13,2,0.6083087388537961,0.15768100425314246
max_concentration_critical,12,16,2,0.5568215615332571,0.2941568026753565
max_concentration_critical,12,18,1,0.15690339057344913,0.15690339057344913
max_concentration_critical,12,20,1,0.12163890528123189,0.12163890528123189
max_concentration_critical,12,23,2,0.5812046710542741,0.3898389806971752
max_concentration_critical,12,26,2,0.8116652860200498,0.661233260577782
max_concentration_critical,12,28,1,0.2960068034845256,0.2960068034845256
max_concentration_critical,12,30,1,0.5480478228286455,0.5480478228286455
max_concentration_critical,12,33,2,0.5360467810182057,0.1776530461763425
max_concentration_critical,12,36,2,0.5341786387016927,0.37237634661322694
max_concentration_critical,12,38,1,0.6184488197982126,0.6184488197982126
max_concentration_critical,12,40,1,0.1787600039375026,0.1787600039375026
max_concentration_critical,12,43,2,0.5857555628481375,0.08978058407639287
max_concentration_critical,12,46,2,0.38210537017529994,0.23095806322456938
max_concentration_critical,12,48,1,0.0,0.0
max_concentration_critical,12,50,1,0.8132695821681051,0.8132695821681051
max_concentration_critical,12,53,2,0.2433216621920481,0.27645147322435526
max_concentration_critical,12,56,2,0.2551226114548055,0.15832330098973374
max_concentration_critical,12,58,1,0.372384026299867,0.372384026299867
max_concentration_critical,12,60,1,0.435906068740312,0.435906068740312
max_concentration_critical,12,63,2,0.5028766422725462,0.062907305968681
max_concentration_critical,12,66,2,0.5705273049756977,0.22281761389352273
max_concentration_critical,12,68,1,0.1337624744773638,0.1337624744773638
max_concentration_critical,12,70,1,0.4315363538569442,0.4315363538569442
max_concentration_critical,12,73,2,0.4737581883724512,0.5190514255422254
max_concentration_critical,12,76,2,0.42283760954831495,0.09219310389358955
max_concentration_critical,12,78,1,0.44685639256150717,0.44685639256150717
max_concentration_critical,12,80,1,0.7704357989115401,0.7704357989115401
max_concentration_critical,12,83,2,0.5097471147425815,0.15851905102863031
max_concentration_critical,12,86,2,0.7227843286542732,0.5435603155057842
max_concentration_critical,12,88,1,0.24445310165480216,0.24445310165480216
max_concentration_critical,12,90,1,0.0,0.0
max_concentration_critical,13,3,2,0.11118422518477405,0.22264786050824098
max_concentration_critical,13,6,2,0.2228508174159548,0.22264786050824098
max_concentration_critical,13,8,1,0.04281557516535561,0.04281557516535561
max_concentration_critical,13,10,1,0.04281557516535561,0.04281557516535561
max_concentration_critical,13,13,2,0.74909136724722,0.6417223449367409
max_concentration_critical,13,16,2,0.6192421705614434,0.20736936061420658
max_concentration_critical,13,18,1,0.15004640689302537,0.15004640689302537
max_concentration_critical,13,20,1,0.04645686349203015,0.04645686349203015
max_concentration_critical,13,23,2,0.5277111648493581,0.12709722521996922
max_concentration_critical,13,26,2,0.5182195466099484,0.10793609375523475
max_concentration_critical,13,28,1,0.42371704364073576,0.42371704364073576
max_concentration_critical,13,30,1,0.39481659837226624,0.39481659837226624
max_concentration_critical,13,33,2,0.5602861778263887,0.15121207890610924
max_concentration_critical,13,36,2,0.5275632575017365,0.2673483081157026
max_concentration_critical,13,38,1,0.6882191942913848,0.6882191942913848
max_concentration_critical,13,40,1,0.11171693412894286,0.11171693412894286
max_concentration_critical,13,43,2,0.717055542616545,0.3595629943705593
max_concentration_critical,13,46,2,0.6088999158881714,0.3381319981068665
max_concentration_critical,13,48,1,0.3995512164657527,0.3995512164657527
max_concentration_critical,13,50,1,0.3824889270108296,0.3824889270108296
max_concentration_critical,13,53,2,0.5945602656713899,0.9322466304765028
max_concentration_critical,13,56,2,0.10919153724138862,0.253030831962316
max_concentration_critical,13,58,1,0.07989343652595249,0.07989343652595249
max_concentration_critical,13,60,1,0.43788092197918227,0.43788092197918227
max_concentration_critical,13,63,2,0.3010893587886938,0.17721463106506102
max_concentration_critical,13,66,2,0.42956705803773404,0.1953690185594265
max_concentration_critical,13,68,1,0.37439094982605176,0.37439094982605176
max_concentration_critical,13,70,1,0.279785037433596,0.279785037433596
max_concentration_critical,13,73,2,0.4004471686797966,0.2501907282075002
max_concentration_critical,13,76,2,0.40189896617866694,0.26916463096582355
max_concentration_critical,13,78,1,0.15275838413109769,0.15275838413109769
max_concentration_critical,13,80,1,0.17000213672439382,0.17000213672439382
max_concentration_critical,13,83,2,0.7366758674803435,0.5883615693509158
max_concentration_critical,13,86,2,0.8294459480159465,1.1601832219398067
max_concentration_critical,13,88,1,0.5067611182205335,0.5067611182205335
max_concentration_critical,13,90,1,0.6034932831355508,0.6034932831355508
max_concentration_critical,13,93,2,0.6094609660211768,0.2508014716285734
max_concentration_critical,13,96,2,0.6517205483277487,0.23029003710708087
max_concentration_critical,13,98,1,0.07002790017283413,0.07002790017283413
max_concentration_critical,13,100,1,0.11130428163890668,0.11130428163890668
max_concentration_critical,13,103,2,0.3384940936892216,0.42069540652502196
max_concentration_critical,13,106,2,0.39333653003984864,0.09616484480373824
max_concentration_critical,13,108,1,0.559387743214706,0.559387743214706
max_concentration_critical,13,110,1,0.31957514346918975,0.31957514346918975
max_concentration_critical,13,113,2,0.40049077232704394,0.32184877841737586
max_concentration_critical,13,116,2,0.5985404561021643,0.40622202056706824
max_concentration_critical,13,118,1,0.39101988353465,0.39101988353465
max_concentration_critical,13,120,1,0.8032265227356595,0.8032265227356595
max_concentration_critical,13,123,2,0.4799126578054081,0.5088385922404229
max_concentration_critical,13,126,2,0.2562885004110376,0.08286191322966707
max_concentration_critical,13,128,1,0.26543757274089286,0.26543757274089286
max_concentration_critical,13,130,1,0.6222322381618615,0.6222322381618615
max_concentration_critical,13,133,2,0.49243245944729125,0.21977736354891392
max_concentration_critical,13,136,2,0.4071227669840744,0.08441176601484712
max_concentration_critical,13,138,1,0.652244370148578,0.652244370148578
max_concentration_critical,13,140,1,0.14135585326481787,0.14135585326481787
max_concentration_critical,13,143,2,0.26909247144099724,0.10674186240269856
max_concentration_critical,13,146,2,0.2027336690258959,0.11754681508944474
max_concentration_critical,13,148,1,0.41413896090640717,0.41413896090640717
max_concentration_critical,13,150,1,0.1907251814638505,0.1907251814638505
max_concentration_critical,13,153,2,0.33571300257601433,0.29787879537884926
max_concentration_critical,13,156,2,0.3158538899611353,0.5505633468875991
max_concentration_critical,13,158,1,0.7575765238107749,0.7575765238107749
max_concentration_critical,13,160,1,0.7957613394506157,0.7957613394506157
max_concentration_critical,13,163,2,0.06420102855534059,0.001294117640046527
max_concentration_critical,13,166,2,0.08956075865995924,0.057938218655083897
max_concentration_critical,13,168,1,0.09315508867154218,0.09315508867154218
max_concentration_critical,13,170,1,0.08241269777060865,0.08241269777060865
max_concentration_critical,13,173,2,0.07050600667836289,0.08213224029069788
max_concentration_critical,13,176,2,0.05684120298734977,0.009932773253496952
max_concentration_critical,13,178,1,0.0,0.0
max_concentration_critical,13,180,1,0.0,0.0
max_concentration_critical,13,183,2,0.19046837978910391,0.16908035430906326
max_concentration_critical,13,186,2,0.09006136179981543,0.16908035430906326
max_concentration_critical,13,188,1,0.0,0.0
max_concentration_critical,13,190,1,0.0,0.0
max_concentration_critical,13,193,2,0.2656519423887275,0.2555286660162066
max_concentration_critical,13,196,2,0.14209213561940012,0.25589273357549996
max_concentration_critical,13,198,1,0.0597875628353592,0.0597875628353592
max_concentration_critical,13,200,1,0.07257001071181543,0.07257001071181543
max_concentration_critical,13,203,2,0.0650359176561518,0.1286412973389316
max_concentration_critical,13,206,2,0.14939504632356718,0.15031278792192684
max_concentration_critical,13,208,1,0.0015042016319199991,0.0015042016319199991
max_concentration_critical,13,210,1,0.10292222408434883,0.10292222408434883
max_concentration_critical,13,213,2,0.268309581706905,0.26983791827193543
max_concentration_critical,13,216,2,0.22426761629516054,0.31848654963554146
max_concentration_critical,13,218,1,0.0,0.0
max_concentration_critical,14,3,2,0.3503693017965359,0.36939863173539594
max_concentration_critical,14,6,2,0.07544999062839283,0.11459480932167374
max_concentration_critical,14,8,1,0.0,0.0
max_concentration_critical,14,10,1,0.6848008424745163,0.6848008424745163
max_concentration_critical,14,13,2,0.49311257836174854,0.061467913074416805
max_concentration_critical,14,16,2,0.481746494843333,0.03504805878106897
max_concentration_critical,14,18,1,0.04344549238806078,0.04344549238806078
max_concentration_critical,14,20,1,0.1348538635018258,0.1348538635018258
max_concentration_critical,14,23,2,0.576936448341387,0.19259838701480284
max_concentration_critical,14,26,2,0.6742938511595308,0.4200009412491765
max_concentration_critical,14,28,1,0.1376231180479809,0.1376231180479809
max_concentration_critical,14,30,1,0.3980864763306013,0.3980864763306013
max_concentration_critical,14,33,2,0.4951236747594509,0.22016060592771286
max_concentration_critical,14,36,2,0.8343172174323413,0.9440049379254033
max_concentration_critical,14,38,1,0.3587235442083586,0.3587235442083586
max_concentration_critical,14,40,1,0.069624647183565,0.069624647183565
max_concentration_critical,14,43,2,0.5948270818141503,0.019850472451747248
max_concentration_critical,14,46,2,0.5949891838498169,0.06788671821600223
max_concentration_critical,14,48,1,0.5909817853742897,0.5909817853742897
max_concentration_critical,14,50,1,0.46769003549054816,0.46769003549054816
max_concentration_critical,14,53,2,0.11056374182564735,0.22309125109551553
max_concentration_critical,14,56,2,0.15557699266117905,0.15169100704083982
max_concentration_critical,14,58,1,0.6159834833769423,0.6159834833769423
max_concentration_critical,14,60,1,0.3334213185965727,0.3334213185965727
max_concentration_critical,14,63,2,0.545606433278606,0.15715381003618784
max_concentration_critical,14,66,2,0.5099450955242227,0.07441005219214529
max_concentration_critical,14,68,1,0.1831847075588119,0.1831847075588119
max_concentration_critical,14,70,1,0.25658511599981787,0.25658511599981787
max_concentration_critical,14,73,2,0.411012695270527,0.22125872353600706
max_concentration_critical,14,76,2,0.43088116674707266,0.3389091276630387
max_concentration_critical,14,78,1,0.3534435418133206,0.3534435418133206
max_concentration_critical,14,80,1,0.17516201581440347,0.17516201581440347
max_concentration_critical,14,83,2,1.001217728789288,1.0644879758626788
max_concentration_critical,14,86,2,0.550500884797506,0.5302607880516214
max_concentration_critical,14,88,1,0.3693109767282202,0.3693109767282202
max_concentration_critical,14,90,1,0.11977008841112478,0.11977008841112478
max_concentration_critical,14,93,2,0.6034476602729347,0.22597188110378857
max_concentration_critical,15,3,2,0.6917367005988125,0.3976038066251062
max_concentration_critical,15,6,2,0.5137123162656329,0.12099739794327714
max_concentration_critical,15,8,1,0.13358430504763733,0.13358430504763733
max_concentration_critical,15,10,1,0.11208486801067831,0.11208486801067831
max_concentration_critical,15,13,2,0.5030242188270175,0.0828840703416455
max_concentration_critical,15,16,2,0.5564181865529602,0.20768291192653654
max_concentration_critical,15,18,1,0.3905003577005952,0.3905003577005952
max_concentration_critical,15,20,1,0.41425734205630876,0.41425734205630876
max_concentration_critical,15,23,2,0.5711332240625162,0.6583925625706322
max_concentration_critical,15,26,2,0.532705039468105,0.25424411120773255
max_concentration_critical,15,28,1,0.3956104730371158,0.3956104730371158
max_concentration_critical,15,30,1,0.21176782138361985,0.21176782138361985
max_concentration_critical,15,33,2,0.5258703856706199,0.1600316619459504
max_concentration_critical,15,36,2,0.5326148881776683,0.5619608300821831
max_concentration_critical,15,38,1,0.07293748361533058,0.07293748361533058
max_concentration_critical,15,40,1,0.4400560787753122,0.4400560787753122
max_concentration_critical,15,43,2,0.2540233721338497,0.510302095410898
max_concentration_critical,15,46,2,0.033245315933004255,0.04243456051670147
max_concentration_critical,15,48,1,0.041368537898619405,0.041368537898619405
max_concentration_critical,15,50,1,0.3178956140617297,0.3178956140617297
max_concentration_critical,15,53,2,0.30528333067202185,0.15443551180276102
max_concentration_critical,15,56,2,0.24957570267439563,0.11963362295653525
max_concentration_critical,15,58,1,0.4271525413395127,0.4271525413395127
max_concentration_critical,15,60,1,0.10763282620914846,0.10763282620914846
max_concentration_critical,15,63,2,0.5940173587264446,0.206608109820643
max_concentration_critical,15,66,2,0.4946352872139721,0.13859077859249908
max_concentration_critical,15,68,1,0.37290269187877756,0.37290269187877756
max_concentration_critical,15,70,1,0.20767474145541046,0.20767474145541046
max_concentration_critical,15,73,2,0.5707031405721547,0.3312863700856573
max_concentration_critical,15,76,2,0.16458767040723024,0.37386904803568743
max_concentration_critical,15,78,1,0.9442519848413913,0.9442519848413913
max_concentration_critical,15,80,1,0.4512359100440138,0.4512359100440138
max_concentration_critical,15,83,2,0.6619473218410158,0.47014386697910127
max_concentration_critical,15,86,2,0.6658014035312219,0.24476296093442101
max_concentration_critical,15,88,1,0.10021006309093212,0.10021006309093212
max_concentration_critical,15,90,1,0.12023423972958047,0.12023423972958047
max_concentration_critical,16,3,2,0.07208531018058953,0.0
max_concentration_critical,16,6,2,0.29115033264240786,0.2310717529636943
max_concentration_critical,16,8,1,0.2759884751959037,0.2759884751959037
max_concentration_critical,16,10,1,0.33341885196162757,0.33341885196162757
max_concentration_critical,16,13,2,0.362112904085077,0.16141351746303972
max_concentration_critical,16,16,2,0.582846548479172,0.20161090044723895
max_concentration_critical,16,18,1,0.30644364669236074,0.30644364669236074
max_concentration_critical,16,20,1,0.1977598088711034,0.1977598088711034
max_concentration_critical,16,23,2,0.636319949398956,0.41669733873262416
max_concentration_critical,16,26,2,0.7806715093927795,0.5994687519621195
max_concentration_critical,16,28,1,0.5569249843966867,0.5569249843966867
max_concentration_critical,16,30,1,0.3718016405655006,0.3718016405655006
max_concentration_critical,16,33,2,0.5177394992863072,0.43342415608647494
max_concentration_critical,16,36,2,0.6689626656458413,0.48085870907056594
max_concentration_critical,16,38,1,0.12188895734171146,0.12188895734171146
max_concentration_critical,16,40,1,0.08507142778673552,0.08507142778673552
max_concentration_critical,16,43,2,0.5823476886462813,0.5688882454106851
max_concentration_critical,16,46,2,0.6389402653853955,0.4985525926566908
max_concentration_critical,16,48,1,0.16687442930550578,0.16687442930550578
max_concentration_critical,16,50,1,0.40319778577351695,0.40319778577351695
max_concentration_critical,16,53,2,0.30910555890146385,0.6141226054761274
max_concentration_critical,16,56,2,0.13763009551774194,0.12204430375281221
max_concentration_critical,16,58,1,0.15558364910585057,0.15558364910585057
max_concentration_critical,16,60,1,0.13239086037722567,0.13239086037722567
max_concentration_critical,16,63,2,0.5187683449902007,0.4480108968976034
max_concentration_critical,16,66,2,0.4374043511710504,0.2255929840714395
max_concentration_critical,16,68,1,0.07738687968225832,0.07738687968225832
max_concentration_critical,16,70,1,0.0,0.0
max_concentration_critical,16,73,2,0.5945617403973554,0.3007197297331025
max_concentration_critical,16,76,2,0.4985841727680053,0.2229998385649604
max_concentration_critical,16,78,1,0.09084949316753374,0.09084949316753374
max_concentration_critical,16,80,1,0.6763328874771058,0.6763328874771058
max_concentration_critical,16,83,2,0.28628968618109646,0.20175055148747384
max_concentration_critical,16,86,2,0.9574100265554722,1.0466355970817525
max_concentration_critical,16,88,1,0.6664820379921246,0.6664820379921246
max_concentration_critical,16,90,1,0.1906872996180363,0.1906872996180363
max_concentration_critical,16,93,2,0.6757793872796779,0.2311187289367565
max_concentration_critical,16,96,2,0.5415032361827655,0.07788795105209882
max_concentration_critical,17,3,2,0.6178966077410846,0.32469090638740855
max_concentration_critical,17,6,2,0.5647278475601881,0.12352644108167686
max_concentration_critical,17,8,1,0.03453017689505272,0.03453017689505272
max_concentration_critical,17,10,1,0.11103935096934088,0.11103935096934088
max_concentration_critical,17,13,2,0.5217150760053394,0.08512128865481182
max_concentration_critical,17,16,2,0.5170692708145683,0.3683857068906908
max_concentration_critical,17,18,1,0.6224575138547515,0.6224575138547515
max_concentration_critical,17,20,1,0.09776735218085149,0.09776735218085149
max_concentration_critical,17,23,2,0.515677045452867,0.4340657432057975
max_concentration_critical,17,26,2,0.5054382328729216,0.20011027432928885
max_concentration_critical,17,28,1,0.3581073918899988,0.3581073918899988
max_concentration_critical,17,30,1,0.6664575082892121,0.6664575082892121
max_concentration_critical,17,33,2,0.5278095339225107,0.1983335430687941
max_concentration_critical,17,36,2,0.28053683072159835,0.26012200372303285
max_concentration_critical,17,38,1,0.5680501028213611,0.5680501028213611
max_concentration_critical,17,40,1,0.08087632289226014,0.08087632289226014
max_concentration_critical,17,43,2,0.5156551058293053,0.6354302723833861
max_concentration_critical,17,46,2,0.2319182952716592,0.24176272549493188
max_concentration_critical,17,48,1,0.0830727155675726,0.0830727155675726
max_concentration_critical,17,50,1,0.3023566290912206,0.3023566290912206
max_concentration_critical,17,53,2,0.48960207306543546,0.36872443349638717
max_concentration_critical,17,56,2,0.6423054720647633,0.3622057175322488
max_concentration_critical,17,58,1,0.35965550102821564,0.35965550102821564
max_concentration_critical,17,60,1,0.2886606384855092,0.2886606384855092
max_concentration_critical,17,63,2,0.5501219269441628,0.1552216956733244
max_concentration_critical,17,66,2,1.069660259454706,1.3365535032936324
max_concentration_critical,17,68,1,0.4087212643877996,0.4087212643877996
max_concentration_critical,17,70,1,0.21232418424190933,0.21232418424190933
max_concentration_critical,17,73,2,0.8267616600625354,0.9620280478412321
max_concentration_critical,17,76,2,0.5103238308582461,0.3086251889831834
max_concentration_critical,17,78,1,0.22721866221140552,0.22721866221140552
max_concentration_critical,17,80,1,0.13983993668891329,0.13983993668891329
max_concentration_critical,18,3,2,0.2379814512349073,0.0
max_concentration_critical,18,6,2,0.6732784945937555,0.4607975605404068
max_concentration_critical,18,8,1,0.30546435853627174,0.30546435853627174
max_concentration_critical,18,10,1,0.09740707242179061,0.09740707242179061
max_concentration_critical,18,13,2,0.5692562320954282,0.15555596544076777
max_concentration_critical,18,16,2,0.5456010502280497,0.11787111043440782
max_concentration_critical,18,18,1,0.06211391526848678,0.06211391526848678
max_concentration_critical,18,20,1,0.3818785425046109,0.3818785425046109
max_concentration_critical,18,23,2,0.8162129084975517,0.5893760444919877
max_concentration_critical,18,26,2,0.492459778576293,0.41295000683082805
max_concentration_critical,18,28,1,0.2935131730278817,0.2935131730278817
max_concentration_critical,18,30,1,0.18019446106050957,0.18019446106050957
max_concentration_critical,18,33,2,0.7324978590410346,0.5651315292151491
max_concentration_critical,18,36,2,0.6608201532455416,0.19726780360068816
max_concentration_critical,18,38,1,0.02879745552660238,0.02879745552660238
max_concentration_critical,18,40,1,0.017640767918251848,0.017640767918251848
max_concentration_critical,18,43,2,0.5860370759837039,0.02244508571442107
max_concentration_critical,18,46,2,0.49066878011885895,0.2620336736102825
max_concentration_critical,18,48,1,0.5047659072406105,0.5047659072406105
max_concentration_critical,18,50,1,0.3444734818836806,0.3444734818836806
max_concentration_critical,18,53,2,0.13192992400215872,0.24399341959303375
max_concentration_critical,18,56,2,0.24855243200861038,0.2458525086447804
max_concentration_critical,18,58,1,0.11926361546784103,0.11926361546784103
max_concentration_critical,18,60,1,0.16081178833848592,0.16081178833848592
max_concentration_critical,18,63,2,0.7367117792494772,0.5812961235617696
max_concentration_critical,18,66,2,0.4398041132567506,0.061543333892880386
max_concentration_critical,18,68,1,0.2331509638899309,0.2331509638899309
max_concentration_critical,18,70,1,0.22919022367089914,0.22919022367089914
max_concentration_critical,18,73,2,0.4242777416584143,0.3233249279625721
max_concentration_critical,18,76,2,0.44038579428514,0.39660261902376687
max_concentration_critical,18,78,1,0.051323529318267225,0.051323529318267225
max_concentration_critical,18,80,1,0.07213104230859385,0.07213104230859385
max_concentration_critical,18,83,2,0.558722212599223,0.27343437868662746
max_concentration_critical,18,86,2,0.47205159931431645,0.3449147353239406
max_concentration_critical,18,88,1,0.5266864303851737,0.5266864303851737
max_concentration_critical,18,90,1,0.5047032803038105,0.5047032803038105
max_concentration_critical,18,93,2,0.6017198087199961,0.40876148642815996
max_concentration_critical,18,96,2,0.5519143954510021,0.10492824185211305
max_concentration_critical,18,98,1,0.3267939070849365,0.3267939070849365
max_concentration_critical,18,100,1,0.21929243970474258,0.21929243970474258
max_concentration_critical,18,103,2,0.5343634520479543,0.0895455574498495
max_concentration_critical,19,3,2,0.5286870491641469,0.035268479380827715
max_concentration_critical,19,6,2,0.5062031371657522,0.25226886755338374
max_concentration_critical,19,8,1,0.11892020754305381,0.11892020754305381
max_concentration_critical,19,10,1,0.26752437339386786,0.26752437339386786
max_concentration_critical,19,13,2,0.5693738140476093,0.2320772393153594
max_concentration_critical,19,16,2,0.49189960113348075,0.2010998239481571
max_concentration_critical,19,18,1,0.7095458013447861,0.7095458013447861
max_concentration_critical,19,20,1,0.3056307870022071,0.3056307870022071
max_concentration_critical,19,23,2,0.4717621620595226,0.25816076844837954
max_concentration_critical,19,26,2,0.48958450999452,0.20141510650342942
max_concentration_critical,19,28,1,0.49113019606184233,0.49113019606184233
max_concentration_critical,19,30,1,0.4283297231499765,0.4283297231499765
max_concentration_critical,19,33,2,0.633493258400566,0.3600359058925641
max_concentration_critical,19,36,2,0.5350252504168651,0.11544360269660393
max_concentration_critical,19,38,1,0.3942912449236489,0.3942912449236489
max_concentration_critical,19,40,1,0.20146234012396608,0.20146234012396608
max_concentration_critical,19,43,2,0.5849808822155709,1.1635333427921053
max_concentration_critical,19,46,2,0.12367775989686529,0.17629519683835232
max_concentration_critical,19,48,1,0.12958252252340077,0.12958252252340077
max_concentration_critical,19,50,1,0.06074421699788397,0.06074421699788397
max_concentration_critical,19,53,2,0.2393261590900449,0.2236950339864735
max_concentration_critical,19,56,2,0.2110442421508795,0.22199629419273095
max_concentration_critical,19,58,1,0.19740194099276165,0.19740194099276165
max_concentration_critical,19,60,1,0.33347325367905567,0.33347325367905567
max_concentration_critical,19,63,2,0.6285839832031064,0.27049408159125343
max_concentration_critical,19,66,2,0.5822091526135922,0.3839690979862559
max_concentration_critical,19,68,1,0.2929092020746801,0.2929092020746801
max_concentration_critical,19,70,1,0.13489760426049746,0.13489760426049746
max_concentration_critical,19,73,2,0.47595117879944454,0.3327723343310931
max_concentration_critical,19,76,2,0.4681464909746513,0.17638530401196417
max_concentration_critical,19,78,1,0.38158148638433514,0.38158148638433514
max_concentration_critical,19,80,1,0.4889253049403415,0.4889253049403415
max_concentration_critical,19,83,2,0.5508326026785995,0.385798605596856
max_concentration_critical,19,86,2,0.612250863334835,0.3851799971115132
max_concentration_critical,19,88,1,0.3455897630811573,0.3455897630811573
max_concentration_critical,19,90,1,0.2170477959579304,0.2170477959579304
max_concentration_critical,19,93,2,0.38163457794341465,0.4137435698839699
max_concentration_critical,19,96,2,0.4587382838866315,0.0
max_concentration_critical,20,3,2,0.07889641755456518,0.0
max_concentration_critical,20,6,2,0.1399955252915506,0.13818677669776655
max_concentration_critical,20,8,1,0.18322140506483442,0.18322140506483442
max_concentration_critical,20,10,1,0.26925749114390773,0.26925749114390773
max_concentration_critical,20,13,2,0.6266582814749871,0.4586995289171696
max_concentration_critical,20,16,2,0.4107886754430592,0.07779056495003768
max_concentration_critical,20,18,1,0.2594207870289758,0.2594207870289758
max_concentration_critical,20,20,1,0.18553957605116783,0.18553957605116783
max_concentration_critical,20,23,2,0.589090595499826,0.32965856601534205
max_concentration_critical,20,26,2,0.5622956586594586,0.09454706827955248
max_concentration_critical,20,28,1,0.11051103027773689,0.11051103027773689
max_concentration_critical,20,30,1,0.28793673628627653,0.28793673628627653
max_concentration_critical,20,33,2,0.6580444799664872,0.33479570815798587
max_concentration_critical,20,36,2,0.6607899377932884,0.8322111323871875
max_concentration_critical,20,38,1,0.27685348134467674,0.27685348134467674
max_concentration_critical,20,40,1,0.13166393092374323,0.13166393092374323
max_concentration_critical,20,43,2,0.6209778121829738,0.32687888514734487
max_concentration_critical,20,46,2,0.7154475986903931,0.4065456586656406
max_concentration_critical,20,48,1,0.08115800371703681,0.08115800371703681
max_concentration_critical,20,50,1,0.047116877196538606,0.047116877196538606
max_concentration_critical,20,53,2,0.5802278651301099,0.5977780441283875
max_concentration_critical,20,56,2,0.25208827485004365,0.6883688150865351
max_concentration_critical,20,58,1,0.3324466357147463,0.3324466357147463
max_concentration_critical,20,60,1,0.11214618006523117,0.11214618006523117
max_concentration_critical,20,63,2,0.07818085385829703,0.05468764910913012
max_concentration_critical,20,66,2,0.4736682997457698,0.4639869392070508
max_concentration_critical,20,68,1,0.17759464457768054,0.17759464457768054
max_concentration_critical,20,70,1,0.4152808237214227,0.4152808237214227
max_concentration_critical,20,73,2,0.4555104308341858,0.044397024351159865
max_concentration_critical,20,76,2,0.6676080907964844,0.3923145603348203
max_concentration_critical,20,78,1,0.3973576271002462,0.3973576271002462
max_concentration_critical,20,80,1,0.7838333695551704,0.7838333695551704
max_concentration_critical,20,83,2,0.397792998167441,0.39921020004619334
max_concentration_critical,20,86,2,0.6895070424629878,0.6186444561322542
max_concentration_critical,20,88,1,0.37759137625407974,0.37759137625407974
max_concentration_critical,21,3,2,0.6528261537020756,0.30146158958603264
max_concentration_critical,21,6,2,0.5387289624853102,0.16230745039925365
max_concentration_critical,21,8,1,0.07992410263828101,0.07992410263828101
max_concentration_critical,21,10,1,0.08649846738088549,0.08649846738088549
max_concentration_critical,21,13,2,0.5720752786840104,0.25956132117281844
max_concentration_critical,21,16,2,0.6101311554173463,0.2903082766354693
max_concentration_critical,21,18,1,0.2620734705995257,0.2620734705995257
max_concentration_critical,21,20,1,0.4534196621743125,0.4534196621743125
max_concentration_critical,21,23,2,0.6534099917385756,0.35566971620537857
max_concentration_critical,21,26,2,0.5939481980013829,0.07477106111751682
max_concentration_critical,21,28,1,0.06930260727031655,0.06930260727031655
max_concentration_critical,21,30,1,0.07352522114085316,0.07352522114085316
max_concentration_critical,21,33,2,0.2853542201916851,0.4413090918623954
max_concentration_critical,21,36,2,0.35559502776952856,0.48163596216863536
max_concentration_critical,21,38,1,0.6630022705143414,0.6630022705143414
max_concentration_critical,21,40,1,0.1785407290375569,0.1785407290375569
max_concentration_critical,21,43,2,0.14834702002153796,0.1438761450106323
max_concentration_critical,21,46,2,0.2486244151292147,0.2513675770293472
max_concentration_critical,21,48,1,0.03105882336111629,0.03105882336111629
max_concentration_critical,21,50,1,0.029764705721069762,0.029764705721069762
max_concentration_critical,21,53,2,0.6997476165866218,0.6198427667323906
max_concentration_critical,21,56,2,0.7112807164117662,0.39149887033834857
max_concentration_critical,21,58,1,0.16099806648453044,0.16099806648453044
max_concentration_critical,21,60,1,0.0,0.0
max_concentration_critical,21,63,2,0.516294029159626,0.6492284629346261
max_concentration_critical,21,66,2,0.6059172637348178,0.41514977022620386
max_concentration_critical,21,68,1,0.809192241706769,0.809192241706769
max_concentration_critical,21,70,1,0.4303872805911748,0.4303872805911748
max_concentration_critical,21,73,2,0.5905945854336629,0.3185988512692872
max_concentration_critical,21,76,2,0.4951473996318884,0.3417202083171397
max_concentration_critical,21,78,1,0.48906962243482477,0.48906962243482477
max_concentration_critical,22,3,2,0.10688230782744994,0.147411759928161
max_concentration_critical,22,6,2,0.04340550000883815,0.0485991711202269
max_concentration_critical,22,8,1,0.39338279918963726,0.39338279918963726
max_concentration_critical,22,10,1,0.4119985349320248,0.4119985349320248
max_concentration_critical,22,13,2,0.6889963144099156,0.289209943169549
max_concentration_critical,22,16,2,0.5579907129558703,0.29435238724264645
max_concentration_critical,22,18,1,0.13308506645368162,0.13308506645368162
max_concentration_critical,22,20,1,0.04881356982268296,0.04881356982268296
max_concentration_critical,22,23,2,0.6580011689266191,0.4931462999593277
max_concentration_critical,22,26,2,0.7588248096411551,0.527494214774534
max_concentration_critical,22,28,1,0.11277579510673208,0.11277579510673208
max_concentration_critical,22,30,1,0.3779711644569797,0.3779711644569797
max_concentration_critical,22,33,2,0.7223217153395644,0.665317746100657
max_concentration_critical,22,36,2,0.4894888916755856,0.09143095704947352
max_concentration_critical,22,38,1,0.12365817336814758,0.12365817336814758
max_concentration_critical,22,40,1,0.2575177180242636,0.2575177180242636
max_concentration_critical,22,43,2,0.6284641448602587,0.5324716301186756
max_concentration_critical,22,46,2,0.523477381779122,0.14189718628363635
max_concentration_critical,22,48,1,0.4461988681188475,0.4461988681188475
max_concentration_critical,22,50,1,0.5283493970106669,0.5283493970106669
max_concentration_critical,22,53,2,0.15188728596174517,0.19738057077360174
max_concentration_critical,22,56,2,0.27141952268546066,0.23127217943534886
max_concentration_critical,22,58,1,0.20674539570837722,0.20674539570837722
max_concentration_critical,22,60,1,0.0,0.0
max_concentration_critical,22,63,2,0.5660700754099064,0.373310487018496
max_concentration_critical,22,66,2,0.5069496355959155,0.11667235423302601
max_concentration_critical,22,68,1,0.21307577696741486,0.21307577696741486
max_concentration_critical,22,70,1,0.12561973022470066,0.12561973022470066
max_concentration_critical,22,73,2,0.4293403264884931,0.1463231732232672
max_concentration_critical,22,76,2,0.36929067858216413,0.3046811124629607
max_concentration_critical,22,78,1,0.12135422758003199,0.12135422758003199
max_concentration_critical,22,80,1,0.6698610235341903,0.6698610235341903
max_concentration_critical,22,83,2,0.3926454405241954,0.6727953927865281
max_concentration_critical,22,86,2,0.7684484900176742,0.6211093058131941
max_concentration_critical,22,88,1,0.19045228805783193,0.19045228805783193
max_concentration_critical,22,90,1,0.23375729756248204,0.23375729756248204
max_concentration_critical,22,93,2,0.6018752210828737,0.46262618245226234
max_concentration_critical,23,3,2,0.713172475634382,0.5276333852797237
max_concentration_critical,23,6,2,0.6032274250536949,0.19884336147314743
max_concentration_critical,23,8,1,0.08747601963180743,0.08747601963180743
max_concentration_critical,23,10,1,0.17833009112911,0.17833009112911
max_concentration_critical,23,13,2,0.5313071537199637,0.1785685152117899
max_concentration_critical,23,16,2,0.5958223570169809,0.18451788283851225
max_concentration_critical,23,18,1,0.5248322183907319,0.5248322183907319
max_concentration_critical,23,20,1,0.6808906842898736,0.6808906842898736
max_concentration_critical,23,23,2,0.4976364635041183,0.2004404889189624
max_concentration_critical,23,26,2,0.7026748168096628,0.5971735112448472
max_concentration_critical,23,28,1,0.11085469615034219,0.11085469615034219
max_concentration_critical,23,30,1,0.20320995907132214,0.20320995907132214
max_concentration_critical,23,33,2,0.5175395710860495,0.623309919972157
max_concentration_critical,23,36,2,0.1814745743049411,0.548908214073107
max_concentration_critical,23,38,1,0.3938475050352037,0.3938475050352037
max_concentration_critical,23,40,1,0.06077056730730153,0.06077056730730153
max_concentration_critical,23,43,2,0.22879439177304473,0.2419431877281977
max_concentration_critical,23,46,2,0.26418091173172586,0.2190518872346206
max_concentration_critical,23,48,1,0.0,0.0
max_concentration_critical,23,50,1,0.3547198442393866,0.3547198442393866
max_concentration_critical,23,53,2,0.590526078415955,0.3217619014039806
max_concentration_critical,23,56,2,0.507746321650001,0.15654250609574807
max_concentration_critical,23,58,1,0.23667000607530495,0.23667000607530495
max_concentration_critical,23,60,1,0.055758485380451646,0.055758485380451646
max_concentration_critical,23,63,2,0.4825934157057985,0.5086531784477109
max_concentration_critical,23,66,2,0.42536843778687256,0.37918320791592575
max_concentration_critical,23,68,1,0.1603667916150148,0.1603667916150148
max_concentration_critical,23,70,1,0.1756146381553399,0.1756146381553399
max_concentration_critical,23,73,2,0.9868729316965837,1.1652467128386546
max_concentration_critical,23,76,2,0.5859699992338288,0.38331425168169325
max_concentration_critical,23,78,1,0.19381093530140595,0.19381093530140595
max_concentration_critical,23,80,1,0.2882321563763656,0.2882321563763656
max_concentration_critical,23,83,2,0.48540242387493654,0.16153766853425408
max_concentration_critical,23,86,2,0.5825633234273697,0.27132730586865283
max_concentration_critical,23,88,1,0.12342288327304866,0.12342288327304866
max_concentration_critical,23,90,1,0.013243697671329269,0.013243697671329269
max_concentration_critical,23,93,2,0.2872593124415028,0.45103829547502494
max_concentration_critical,23,96,2,0.168442418893597,0.2117280382191504
max_concentration_critical,24,3,2,0.6624223532168046,0.3016586805365688
max_concentration_critical,24,6,2,0.4487840524659348,0.15310097033100878
max_concentration_critical,24,8,1,0.23598460689261505,0.23598460689261505
max_concentration_critical,24,10,1,0.28070693430326615,0.28070693430326615
max_concentration_critical,24,13,2,0.5274359034991771,0.41487263978542266
max_concentration_critical,24,16,2,0.6739237854455346,0.6313051943095477
max_concentration_critical,24,18,1,0.08711773362521008,0.08711773362521008
max_concentration_critical,24,20,1,0.3863725272548982,0.3863725272548982
max_concentration_critical,24,23,2,0.6347136649601892,0.5081666228684921
max_concentration_critical,24,26,2,0.7078303489201127,0.5581533967163618
max_concentration_critical,24,28,1,0.44623146330938124,0.44623146330938124
max_concentration_critical,24,30,1,0.4568847672776139,0.4568847672776139
max_concentration_critical,24,33,2,0.6811387257973984,0.7638427598648603
max_concentration_critical,24,36,2,0.3238091635745838,0.8053660932054664
max_concentration_critical,24,38,1,0.17988225709500744,0.17988225709500744
max_concentration_critical,24,40,1,0.23839547020339605,0.23839547020339605
max_concentration_critical,24,43,2,0.4130420108038334,0.4322219713125391
max_concentration_critical,24,46,2,0.4905960513644338,0.3573196272367569
max_concentration_critical,24,48,1,0.16463033773535826,0.16463033773535826
max_concentration_critical,24,50,1,0.3706601698423679,0.3706601698423679
max_concentration_critical,24,53,2,0.4632781485297011,0.06793750036650961
max_concentration_critical,24,56,2,0.6246086419968546,0.194458617284626
max_concentration_critical,24,58,1,0.3763572668509707,0.3763572668509707
max_concentration_critical,24,60,1,0.6914526360609615,0.6914526360609615
max_concentration_critical,24,63,2,0.5701652088992616,0.24331431895521632
max_concentration_critical,24,66,2,0.5098752923832378,0.250639333474757
max_concentration_critical,24,68,1,0.2395571032865751,0.2395571032865751
max_concentration_critical,24,70,1,0.49777144606508933,0.49777144606508933
max_concentration_critical,24,73,2,0.8701447681393808,0.9608777804337525
max_concentration_critical,24,76,2,0.6410139216811032,0.4442448277272098
max_concentration_critical,24,78,1,0.1868675232270139,0.1868675232270139
max_concentration_critical,24,80,1,0.17156699138713172,0.17156699138713172
max_concentration_critical,24,83,2,0.31200393139788074,0.367477927859236
max_concentration_critical,25,3,2,0.6291089156379117,0.3371441909055914
max_concentration_critical,25,6,2,0.5560577093077104,0.0962151063625707
max_concentration_critical,25,8,1,0.03453017689505272,0.03453017689505272
max_concentration_critical,25,10,1,0.21382770453013686,0.21382770453013686
max_concentration_critical,25,13,2,0.5107698860240995,0.12840402519642308
max_concentration_critical,25,16,2,0.48319282550993314,0.2634970365178536
max_concentration_critical,25,18,1,0.6225527413738862,0.6225527413738862
max_concentration_critical,25,20,1,0.22572959730515524,0.22572959730515524
max_concentration_critical,25,23,2,0.48403451371796047,0.24780498971207865
max_concentration_critical,25,26,2,0.5026958283715471,0.19099849334044977
max_concentration_critical,25,28,1,0.017066610887501502,0.017066610887501502
max_concentration_critical,25,30,1,0.4585132613729447,0.4585132613729447
max_concentration_critical,25,33,2,0.5121195494219686,0.1308805738679577
max_concentration_critical,25,36,2,0.265264973106736,0.48904648769089487
max_concentration_critical,25,38,1,0.3534330125655297,0.3534330125655297
max_concentration_critical,25,40,1,0.11773393532750576,0.11773393532750576
max_concentration_critical,25,43,2,0.16996057769617734,0.14277270277191484
max_concentration_critical,25,46,2,0.1379367256242313,0.2369286300046354
max_concentration_critical,25,48,1,0.1997769649622772,0.1997769649622772
max_concentration_critical,25,50,1,0.30208066428109026,0.30208066428109026
max_concentration_critical,25,53,2,0.4003374536547159,0.20776642606774756
max_concentration_critical,25,56,2,0.6550979923479768,0.3555454647853975
max_concentration_critical,25,58,1,0.22531892882069973,0.22531892882069973
max_concentration_critical,25,60,1,0.06832079126445738,0.06832079126445738
max_concentration_critical,25,63,2,0.5855563620308241,0.3117230908593969
max_concentration_critical,25,66,2,0.557457927318416,0.679059370565558
max_concentration_critical,25,68,1,0.16039935559354576,0.16039935559354576
max_concentration_critical,25,70,1,0.6365383666242306,0.6365383666242306
max_concentration_critical,25,73,2,0.6524140655019453,0.5284398533004193
max_concentration_critical,25,76,2,0.6398696405155867,0.5744526868009775
max_concentration_critical,25,78,1,0.31767362472833743,0.31767362472833743
max_concentration_critical,25,80,1,0.19097170652493745,0.19097170652493745
max_concentration_critical,25,83,2,0.5027396211748623,0.10685825061226195
max_concentration_critical,26,3,2,0.18685136078725265,0.16918581510671404
max_concentration_critical,26,6,2,0.12156859803092794,0.059183214700509565
max_concentration_critical,26,8,1,0.6183405791225058,0.6183405791225058
max_concentration_critical,26,10,1,0.1652649240840782,0.1652649240840782
max_concentration_critical,26,13,2,0.6453009680556451,0.2452406281387002
max_concentration_critical,26,16,2,0.5358505980072242,0.09808311419017643
max_concentration_critical,26,18,1,0.10277814099023178,0.10277814099023178
max_concentration_critical,26,20,1,0.03408912999983183,0.03408912999983183
max_concentration_critical,26,23,2,0.6342067689265501,0.3790489057625756
max_concentration_critical,26,26,2,0.8161623920271599,0.5890946567835074
max_concentration_critical,26,28,1,0.13670065104606186,0.13670065104606186
max_concentration_critical,26,30,1,0.5059837473661494,0.5059837473661494
max_concentration_critical,26,33,2,0.488014465583817,0.27922807357050594
max_concentration_critical,26,36,2,0.8108477574582679,0.6621763650850288
max_concentration_critical,26,38,1,0.30386141297416697,0.30386141297416697
max_concentration_critical,26,40,1,0.2512084316731661,0.2512084316731661
max_concentration_critical,26,43,2,0.7149444589889565,0.3423337170126343
max_concentration_critical,26,46,2,0.6017641099814623,0.07213663128941018
max_concentration_critical,26,48,1,0.0274623925518795,0.0274623925518795
max_concentration_critical,26,50,1,0.20866706923943185,0.20866706923943185
max_concentration_critical,26,53,2,0.13354683437946874,0.6511395866156418
max_concentration_critical,26,56,2,0.5565702102275643,0.7594825293536335
max_concentration_critical,26,58,1,0.2566631859487329,0.2566631859487329
max_concentration_critical,26,60,1,0.2686063986027654,0.2686063986027654
max_concentration_critical,26,63,2,0.5608594859181374,0.43858578675100346
max_concentration_critical,26,66,2,0.6195126951312733,0.5585112948843259
max_concentration_critical,26,68,1,0.3132767252044238,0.3132767252044238
max_concentration_critical,26,70,1,0.0,0.0
max_concentration_critical,26,73,2,0.43400088819139354,0.35485484581915383
max_concentration_critical,26,76,2,0.41475931772425917,0.14985764427701762
max_concentration_critical,26,78,1,0.24626129011738862,0.24626129011738862
max_concentration_critical,26,80,1,0.22316933886874893,0.22316933886874893
max_concentration_critical,26,83,2,0.30160763253990014,0.21836043449566975
max_concentration_critical,26,86,2,0.827909242050824,0.9343417792162393
max_concentration_critical,26,88,1,0.30342170823072756,0.30342170823072756
max_concentration_critical,26,90,1,0.6531209082715673,0.6531209082715673
max_concentration_critical,26,93,2,0.6142487283859231,0.32304636979776286
max_concentration_critical,26,96,2,0.6698897191236854,0.27245570845111805
max_concentration_critical,26,98,1,0.08678936540015385,0.08678936540015385
max_concentration_critical,27,3,2,0.11667587850337832,0.12793115808864938
max_concentration_critical,27,6,2,0.1017267445099223,0.19604164511382127
max_concentration_critical,27,8,1,0.0,0.0
max_concentration_critical,27,10,1,0.0,0.0
max_concentration_critical,27,13,2,0.014769669460058062,0.0
max_concentration_critical,27,16,2,0.014769669460058062,0.0
max_concentration_critical,27,18,1,0.0,0.0
max_concentration_critical,27,20,1,0.0,0.0
max_concentration_critical,27,23,2,0.014769669460058062,0.0
max_concentration_critical,27,26,2,0.014769669460058062,0.0
max_concentration_critical,27,28,1,0.0,0.0
max_concentration_critical,27,30,1,0.0,0.0
max_concentration_critical,27,33,2,0.014769669460058062,0.0
max_concentration_critical,27,36,2,0.014769669460058062,0.0
max_concentration_critical,27,38,1,0.0,0.0
max_concentration_critical,27,40,1,0.20197852385108492,0.20197852385108492
max_concentration_critical,27,43,2,0.10461003752968699,0.20197852385108492
max_concentration_critical,27,46,2,0.19990221521921156,0.20197852385108492
max_concentration_critical,27,48,1,0.0,0.0
max_concentration_critical,27,50,1,0.42967537306650866,0.42967537306650866
max_concentration_critical,27,53,2,0.3727867883255356,0.1279678253214696
max_concentration_critical,27,56,2,0.492588332825712,0.19678402981106727
max_concentration_critical,27,58,1,0.30334040694406117,0.30334040694406117
max_concentration_critical,27,60,1,0.03826852132105755,0.03826852132105755
max_concentration_critical,27,63,2,0.5152267357747485,0.21106024532670228
max_concentration_critical,27,66,2,0.5818491480336758,0.32197478545958413
max_concentration_critical,27,68,1,0.17613418172808928,0.17613418172808928
max_concentration_critical,27,70,1,0.5542996108158634,0.5542996108158634
max_concentration_critical,27,73,2,0.5086383225168066,0.34874505881725226
max_concentration_critical,27,76,2,0.48870711375115855,0.15620523222100346
max_concentration_critical,27,78,1,0.4589018268253232,0.4589018268253232
max_concentration_critical,27,80,1,0.36685654777000787,0.36685654777000787
max_concentration_critical,27,83,2,0.6122448927090097,0.18086323592331002
max_concentration_critical,27,86,2,0.5284187391625619,0.06815301409994365
max_concentration_critical,27,88,1,0.634588230280943,0.634588230280943
max_concentration_critical,27,90,1,0.5458895236975102,0.5458895236975102
max_concentration_critical,27,93,2,0.2467495420949404,0.6446579191839864
max_concentration_critical,27,96,2,0.11708542148361346,0.22968634052926934
max_concentration_critical,27,98,1,0.018117646960651185,0.018117646960651185
max_concentration_critical,27,100,1,0.11834924420003878,0.11834924420003878
max_concentration_critical,27,103,2,0.15893207795829034,0.18515734484296875
max_concentration_critical,27,106,2,0.07747523030131191,0.0
max_concentration_critical,27,108,1,0.11911016323501543,0.11911016323501543
max_concentration_critical,27,110,1,0.40408705446960563,0.40408705446960563
max_concentration_critical,27,113,2,0.14654259201614037,0.15898129460478957
max_concentration_critical,27,116,2,0.3717142541996907,0.19403254868304334
max_concentration_critical,27,118,1,0.14699926563555776,0.14699926563555776
max_concentration_critical,27,120,1,0.14439615820958288,0.14439615820958288
max_concentration_critical,27,123,2,0.28195694539620275,0.06561044819281717
max_concentration_critical,27,126,2,0.30658478910212233,0.0
max_concentration_critical,27,128,1,0.17663031617626848,0.17663031617626848
max_concentration_critical,27,130,1,0.378652657418083,0.378652657418083
max_concentration_critical,27,133,2,0.7013518685573704,0.5996740274792955
max_concentration_critical,27,136,2,0.30579521462534737,0.41357564929882906
max_concentration_critical,27,138,1,0.2905545261410326,0.2905545261410326
max_concentration_critical,27,140,1,0.7771474517440936,0.7771474517440936
max_concentration_critical,27,143,2,0.6810046452699601,0.43820333295085445
max_concentration_critical,27,146,2,0.4973624291481071,0.31267623501178066
max_concentration_critical,27,148,1,0.1182239636681112,0.1182239636681112
max_concentration_critical,27,150,1,0.3976643456085257,0.3976643456085257
max_concentration_critical,27,153,2,0.3926025039155924,0.39784612944553666
max_concentration_critical,28,3,2,0.7728723290590768,0.5312851143030531
max_concentration_critical,28,6,2,0.5096257682900752,0.10636525108094687
max_concentration_critical,28,8,1,0.18388451032428496,0.18388451032428496
max_concentration_critical,28,10,1,0.1724011438879894,0.1724011438879894
max_concentration_critical,28,13,2,0.486288195909637,0.15770178861188866
max_concentration_critical,28,16,2,0.7448138499130449,0.5136076804129434
max_concentration_critical,28,18,1,0.37378214097458445,0.37378214097458445
max_concentration_critical,28,20,1,0.27389628432782753,0.27389628432782753
max_concentration_critical,28,23,2,0.6723703718507134,0.49989122785905665
max_concentration_critical,28,26,2,0.7701579953510427,0.7451919105138697
max_concentration_critical,28,28,1,0.12981102009864898,0.12981102009864898
max_concentration_critical,28,30,1,0.0653495317722207,0.0653495317722207
max_concentration_critical,28,33,2,0.552759700804869,0.0706208377519845
max_concentration_critical,28,36,2,0.561055019996944,0.4630050172685038
max_concentration_critical,28,38,1,0.5791938903817808,0.5791938903817808
max_concentration_critical,28,40,1,0.2886114996871136,0.2886114996871136
max_concentration_critical,28,43,2,0.3901712220591668,0.7736563820051102
max_concentration_critical,28,46,2,0.12009564376126668,0.11466798488263369
max_concentration_critical,28,48,1,0.13291027946853667,0.13291027946853667
max_concentration_critical,28,50,1,0.3405903846103105,0.3405903846103105
max_concentration_critical,28,53,2,0.4038951502531649,0.30106157479008755
max_concentration_critical,28,56,2,0.6069033766062244,0.3379763742139166
max_concentration_critical,28,58,1,0.21478748672738934,0.21478748672738934
max_concentration_critical,28,60,1,0.0,0.0
max_concentration_critical,28,63,2,0.47256452295362494,0.30084264554897266
max_concentration_critical,28,66,2,0.3882616343978114,0.26640031985957413
max_concentration_critical,28,68,1,0.02220057729293708,0.02220057729293708
max_concentration_critical,28,70,1,0.3353001078354565,0.3353001078354565
max_concentration_critical,28,73,2,0.5665725782249459,0.4014381846423638
max_concentration_critical,28,76,2,0.6986979742082821,0.764994202985011
max_concentration_critical,28,78,1,0.47055104130132364,0.47055104130132364
max_concentration_critical,28,80,1,0.3382267071335515,0.3382267071335515
max_concentration_critical,28,83,2,0.5530341215153609,0.12185468700186168
max_concentration_critical,28,86,2,0.6798575274074139,0.26495530174624876
max_concentration_critical,28,88,1,0.015026809369092455,0.015026809369092455
max_concentration_critical,29,3,2,0.4659382179308459,0.20440804400744725
max_concentration_critical,29,6,2,0.7030175772215304,0.3353848899457408
max_concentration_critical,29,8,1,0.1947401543436367,0.1947401543436367
max_concentration_critical,29,10,1,0.09158312352025282,0.09158312352025282
max_concentration_critical,29,13,2,0.5148156925793604,0.03736396797834733
max_concentration_critical,29,16,2,0.5848504779011997,0.3647799082708494
max_concentration_critical,29,18,1,0.14299381902138572,0.14299381902138572
max_concentration_critical,29,20,1,0.4825176503052382,0.4825176503052382
max_concentration_critical,29,23,2,0.5852976169611165,0.3982573800110383
max_concentration_critical,29,26,2,0.4947711989385698,0.2817499525305266
max_concentration_critical,29,28,1,0.5492454342289126,0.5492454342289126
max_concentration_critical,29,30,1,0.2842477054330326,0.2842477054330326
max_concentration_critical,29,33,2,0.6114571940471294,0.2672482367292453
max_concentration_critical,29,36,2,0.6689910919567813,0.32613547974627244
max_concentration_critical,29,38,1,0.5562439949231985,0.5562439949231985
max_concentration_critical,29,40,1,0.3332075906056099,0.3332075906056099
max_concentration_critical,29,43,2,0.24504648445241115,0.6351211119767145
max_concentration_critical,29,46,2,0.25932303382085004,0.44396492239789437
max_concentration_critical,29,48,1,0.10480862762892863,0.10480862762892863
max_concentration_critical,29,50,1,0.17282116400140948,0.17282116400140948
max_concentration_critical,29,53,2,0.4553651721029288,0.3894680872196958
max_concentration_critical,29,56,2,0.466011953053233,0.2233072699378618
max_concentration_critical,29,58,1,0.26428604941339534,0.26428604941339534
max_concentration_critical,29,60,1,0.24154496405638942,0.24154496405638942
max_concentration_critical,29,63,2,0.4023468608080355,0.3622059929470024
max_concentration_critical,29,66,2,0.7427301083676355,0.43433617619477705
max_concentration_critical,29,68,1,0.756222156415915,0.756222156415915
max_concentration_critical,29,70,1,0.21889574565592296,0.21889574565592296
max_concentration_critical,29,73,2,0.6564713676664389,0.5607268312950022
max_concentration_critical,29,76,2,0.8738814831925619,1.0720673168646035
max_concentration_critical,29,78,1,0.26454567852844946,0.26454567852844946
max_concentration_critical,29,80,1,0.30991455725123,0.30991455725123
max_concentration_critical,29,83,2,0.48757153837947514,0.4017875346883915
max_concentration_critical,29,86,2,0.3098040279984438,0.31269589545622917
max_concentration_critical,30,3,2,0.596411864764935,0.2454945780454086
max_concentration_critical,30,6,2,0.5928607688336754,0.2362397532278761
max_concentration_critical,30,8,1,0.07228502597876069,0.07228502597876069
max_concentration_critical,30,10,1,0.06656926235933935,0.06656926235933935
max_concentration_critical,30,13,2,0.5579387417620066,0.18479614143089507
max_concentration_critical,30,16,2,0.7201310362996817,0.682503033793638
max_concentration_critical,30,18,1,0.36068583838342577,0.36068583838342577
max_concentration_critical,30,20,1,0.12321754302450638,0.12321754302450638
max_concentration_critical,30,23,2,0.5021937676662174,0.49406386174115696
max_concentration_critical,30,26,2,0.5739111030784835,0.34624327971925906
max_concentration_critical,30,28,1,0.43914118156584653,0.43914118156584653
max_concentration_critical,30,30,1,0.47227045510027976,0.47227045510027976
max_concentration_critical,30,33,2,0.6789744891897436,0.46869020335367767
max_concentration_critical,30,36,2,0.5274013813976456,0.24490462481813666
max_concentration_critical,30,38,1,0.515799756119842,0.515799756119842
max_concentration_critical,30,40,1,0.36646491478059245,0.36646491478059245
max_concentration_critical,30,43,2,0.19546642692625232,0.48845117347226213
max_concentration_critical,30,46,2,0.13114591785216792,0.14946328438886775
max_concentration_critical,30,48,1,0.07090373596724048,0.07090373596724048
max_concentration_critical,30,50,1,0.06674299717078751,0.06674299717078751
max_concentration_critical,30,53,2,0.2839506850760484,0.2088036215375374
max_concentration_critical,30,56,2,0.6058272910856173,0.4749121950902366
max_concentration_critical,30,58,1,0.16771318263195864,0.16771318263195864
max_concentration_critical,30,60,1,0.25495826207668587,0.25495826207668587
max_concentration_critical,30,63,2,0.5601298238799102,0.17834574536560233
max_concentration_critical,30,66,2,0.40415106896543324,0.3104059576473336
max_concentration_critical,30,68,1,0.12694513982736016,0.12694513982736016
max_concentration_critical,30,70,1,0.09205116159576264,0.09205116159576264
max_concentration_critical,30,73,2,0.42090546756472014,0.29084426578685474
max_concentration_critical,30,76,2,0.7056634154616044,0.5602258300157493
max_concentration_critical,30,78,1,0.3586921727210619,0.3586921727210619
max_concentration_critical,30,80,1,0.6855215589208454,0.6855215589208454
max_concentration_critical,30,83,2,0.6667120704515223,0.48282764321094623
max_concentration_critical,30,86,2,0.6733543698677494,0.24921763962940302
max_concentration_critical,30,88,1,0.5418839859852785,0.5418839859852785
max_concentration_critical,30,90,1,0.5178485860530719,0.5178485860530719
max_concentration_critical,31,3,2,0.13253181464088357,0.1357505987271467
max_concentration_critical,31,6,2,0.0732532767118332,0.1357505987271467
max_concentration_critical,31,8,1,0.0,0.0
max_concentration_critical,31,10,1,0.1357505987271467,0.1357505987271467
max_concentration_critical,31,13,2,0.0665063895220242,0.05647799836682036
max_concentration_critical,31,16,2,0.1008961069737608,0.06683420249218412
max_concentration_critical,31,18,1,0.2483964385772802,0.2483964385772802
max_concentration_critical,31,20,1,0.4663704620388778,0.4663704620388778
max_concentration_critical,31,23,2,0.6688772808463053,0.37846948659415536
max_concentration_critical,31,26,2,0.5451979571722764,0.21768330586012086
max_concentration_critical,31,28,1,0.17157070957849652,0.17157070957849652
max_concentration_critical,31,30,1,0.11787111043440782,0.11787111043440782
max_concentration_critical,31,33,2,0.5437442256875678,0.19335927882398363
max_concentration_critical,31,36,2,0.5768956574146822,0.5236972634500471
max_concentration_critical,31,38,1,0.14031576758018952,0.14031576758018952
max_concentration_critical,31,40,1,0.08698379058328187,0.08698379058328187
max_concentration_critical,31,43,2,0.6380132145496651,0.22354063737734597
max_concentration_critical,31,46,2,0.5079567222847038,0.4978976350945307
max_concentration_critical,31,48,1,0.32430241707065827,0.32430241707065827
max_concentration_critical,31,50,1,0.2985948526238351,0.2985948526238351
max_concentration_critical,31,53,2,0.701412175761228,0.2921522533539578
max_concentration_critical,31,56,2,0.5987045274776179,0.12340583365937162
max_concentration_critical,31,58,1,0.04271065650178961,0.04271065650178961
max_concentration_critical,31,60,1,0.029713973666329944,0.029713973666329944
max_concentration_critical,31,63,2,0.18610833465399498,0.5668119116508347
max_concentration_critical,31,66,2,0.14114923093293177,0.26462744278273953
max_concentration_critical,31,68,1,0.265744101308319,0.265744101308319
max_concentration_critical,31,70,1,0.18359568493047632,0.18359568493047632
max_concentration_critical,31,73,2,0.25809431749096196,0.2714883934415046
max_concentration_critical,31,76,2,0.21098177402054016,0.08776711389555825
max_concentration_critical,31,78,1,0.1535916762228989,0.1535916762228989
max_concentration_critical,31,80,1,0.2593293720446437,0.2593293720446437
max_concentration_critical,31,83,2,0.7297404191152417,0.3651420713132902
max_concentration_critical,31,86,2,0.5610289481662428,0.09880511634251771
max_concentration_critical,31,88,1,0.20622099193324273,0.20622099193324273
max_concentration_critical,31,90,1,0.1363263689889353,0.1363263689889353
max_concentration_critical,31,93,2,0.484676387094683,0.5014840734460421
max_concentration_critical,31,96,2,0.6235079251632278,0.5593372760963775
max_concentration_critical,31,98,1,0.3123637139182402,0.3123637139182402
max_concentration_critical,31,100,1,0.4006835952977009,0.4006835952977009
max_concentration_critical,31,103,2,0.6539926960792575,0.673604971118625
max_concentration_critical,31,106,2,0.7624614750934718,0.6284684442221136
max_concentration_critical,31,108,1,0.08638368147392671,0.08638368147392671
max_concentration_critical,31,110,1,0.2791840106610742,0.2791840106610742
max_concentration_critical,32,3,2,0.29832328950900755,0.0
max_concentration_critical,32,6,2,0.29832328950900755,0.0
max_concentration_critical,32,8,1,0.37542139150284337,0.37542139150284337
max_concentration_critical,32,10,1,0.041394749769638105,0.041394749769638105
max_concentration_critical,32,13,2,0.182924826759403,0.25274365864315956
max_concentration_critical,32,16,2,0.665058425522523,0.6299820857444073
max_concentration_critical,32,18,1,0.2110713566610936,0.2110713566610936
max_concentration_critical,32,20,1,0.19027606383896237,0.19027606383896237
max_concentration_critical,32,23,2,0.6156699191841839,0.24721311234973295
max_concentration_critical,32,26,2,0.4867529249198458,0.2860982494630947
max_concentration_critical,32,28,1,0.10270141283135009,0.10270141283135009
max_concentration_critical,32,30,1,0.030106737433124864,0.030106737433124864
max_concentration_critical,32,33,2,0.7967424631929085,0.8306803347026607
max_concentration_critical,32,36,2,0.6041181478534401,0.24899221626328494
max_concentration_critical,32,38,1,0.4321711347222612,0.4321711347222612
max_concentration_critical,32,40,1,0.7861422096563563,0.7861422096563563
max_concentration_critical,32,43,2,0.43872555792262424,0.39499217867012654
max_concentration_critical,32,46,2,0.674909405763665,0.5755965746995977
max_concentration_critical,32,48,1,0.19236669197174958,0.19236669197174958
max_concentration_critical,32,50,1,0.162568004845923,0.162568004845923
max_concentration_critical,32,53,2,0.5069229715389497,0.0733091796451491
max_concentration_critical,32,56,2,0.5264585701654925,0.14340640354826167
max_concentration_critical,32,58,1,0.2676308795183221,0.2676308795183221
max_concentration_critical,32,60,1,0.31350093200202667,0.31350093200202667
max_concentration_critical,32,63,2,0.49131474158939453,1.0370706522539428
max_concentration_critical,32,66,2,0.11255018599390505,0.11931799307158523
max_concentration_critical,32,68,1,0.05538615157765108,0.05538615157765108
max_concentration_critical,32,70,1,0.4696805775575266,0.4696805775575266
max_concentration_critical,32,73,2,0.0958247085831569,0.2992292593909497
max_concentration_critical,32,76,2,0.24431574271285575,0.24179013780156086
max_concentration_critical,32,78,1,0.14738140084843707,0.14738140084843707
max_concentration_critical,32,80,1,0.3150623729606678,0.3150623729606678
max_concentration_critical,32,83,2,0.8364598604963037,0.8272702200170201
max_concentration_critical,32,86,2,1.360773731529879,1.779890998109576
max_concentration_critical,32,88,1,1.4586669389462548,1.4586669389462548
max_concentration_critical,32,90,1,0.7551396183652342,0.7551396183652342
max_concentration_critical,32,93,2,0.7453639069163679,1.103575769194784
max_concentration_critical,32,96,2,0.23692986833499963,0.0
max_concentration_critical,32,98,1,0.7397908118829589,0.7397908118829589
max_concentration_critical,32,100,1,0.7202778976372634,0.7202778976372634
max_concentration_critical,32,103,2,0.6175948657632713,0.6362556647732646
max_concentration_critical,32,106,2,0.5216257422959013,0.4354987059096108
max_concentration_critical,32,108,1,0.7714071709652021,0.7714071709652021
max_concentration_critical,32,110,1,0.2490063520270475,0.2490063520270475
max_concentration_critical,32,113,2,0.5951670405694224,0.9890937555525074
max_concentration_critical,32,116,2,0.2762395183557493,0.4426875159805158
max_concentration_critical,32,118,1,0.38665450784588573,0.38665450784588573
max_concentration_critical,32,120,1,0.4505720834143471,0.4505720834143471
max_concentration_critical,32,123,2,0.20038444190419707,0.22456182674421177
max_concentration_critical,32,126,2,0.2708735525626927,0.21909721240050667
max_concentration_critical,32,128,1,0.5590572038098375,0.5590572038098375
max_concentration_critical,32,130,1,1.190529056454156,1.190529056454156
max_concentration_critical,32,133,2,0.32414354183982874,0.06902371303105106
max_concentration_critical,32,136,2,0.24403825743389118,0.051323529318267225
max_concentration_critical,32,138,1,0.03517004994038825,0.03517004994038825
max_concentration_critical,32,140,1,0.39049993521511905,0.39049993521511905
max_concentration_critical,32,143,2,0.21543620441665753,0.3301578759917159
max_concentration_critical,32,146,2,0.9481995977057307,0.9742458718245431
max_concentration_critical,32,148,1,1.6851749511961287,1.6851749511961287
max_concentration_critical,32,150,1,1.4917505762584164,1.4917505762584164
max_concentration_critical,32,153,2,0.47805738943506076,0.462843796741101
max_concentration_critical,32,156,2,1.1760094593392498,1.5825787040774932
max_concentration_critical,32,158,1,0.30165035126746553,0.30165035126746553
max_concentration_critical,32,160,1,0.009058823480325592,0.009058823480325592
max_concentration_critical,32,163,2,0.3437179587337611,0.6132913278360509
max_concentration_critical,32,166,2,0.6048947430404467,0.6421732935588369
max_concentration_critical,32,168,1,0.2721833119957731,0.2721833119957731
max_concentration_critical,32,170,1,1.2717757913591647,1.2717757913591647
max_concentration_critical,32,173,2,0.930846654984775,1.3992917346396736
max_concentration_critical,32,176,2,0.13123534790822455,0.1210280572140439
max_concentration_critical,32,178,1,0.48054322384406056,0.48054322384406056
max_concentration_critical,32,180,1,0.7188751232091278,0.7188751232091278
max_concentration_critical,32,183,2,0.9864924269646806,1.2681849870455075
max_concentration_critical,32,186,2,0.9329277705959577,1.273097149070238
max_concentration_critical,32,188,1,0.3768372370226806,0.3768372370226806
max_concentration_critical,32,190,1,0.4021212226836098,0.4021212226836098
max_concentration_critical,32,193,2,0.14302123137595482,0.46899723006194394
max_concentration_critical,32,196,2,0.6089987145778231,0.47542632647035443
max_concentration_critical,32,198,1,1.2295292983870163,1.2295292983870163
max_concentration_critical,32,200,1,0.20586284010586436,0.20586284010586436
max_concentration_critical,32,203,2,0.5322481138949515,0.7516020762218658
max_concentration_critical,32,206,2,0.13780314074140163,0.21101843168403073
max_concentration_critical,32,208,1,0.7353202967660845,0.7353202967660845
max_concentration_critical,32,210,1,1.3794038071742423,1.3794038071742423
max_concentration_critical,32,213,2,0.4328289465413844,0.7345127461768767
max_concentration_critical,32,216,2,0.08693190114200586,0.011647058760418605
max_concentration_critical,32,218,1,0.011647058760418605,0.011647058760418605
max_concentration_critical,33,3,2,0.07583833484778091,0.0
max_concentration_critical,33,6,2,0.686186726821781,0.6554320264033673
max_concentration_critical,33,8,1,0.3824296178137962,0.3824296178137962
max_concentration_critical,33,10,1,0.21801616872044002,0.21801616872044002
max_concentration_critical,33,13,2,0.5577199428479501,0.21379675578655408
max_concentration_critical,33,16,2,0.5429420242955149,0.1554348361159635
max_concentration_critical,33,18,1,0.23404245284321074,0.23404245284321074
max_concentration_critical,33,20,1,0.47131144910927275,0.47131144910927275
max_concentration_critical,33,23,2,0.5685911874507579,0.3056232550460433
max_concentration_critical,33,26,2,0.6532424949388317,0.29285173692173916
max_concentration_critical,33,28,1,0.12445944595611233,0.12445944595611233
max_concentration_critical,33,30,1,0.16009988907946823,0.16009988907946823
max_concentration_critical,33,33,2,1.074997233852438,1.1895119251308703
max_concentration_critical,33,36,2,0.47264606070060056,0.33502798135041634
max_concentration_critical,33,38,1,0.11643719546125855,0.11643719546125855
max_concentration_critical,33,40,1,0.0700580054296356,0.0700580054296356
max_concentration_critical,33,43,2,0.5236250619528007,0.08602789263196878
max_concentration_critical,33,46,2,0.39336520568434835,0.2462283536804302
max_concentration_critical,33,48,1,0.25485201292683335,0.25485201292683335
max_concentration_critical,33,50,1,0.26462744278273953,0.26462744278273953
max_concentration_critical,33,53,2,0.28206005911431026,0.49101743854573593
max_concentration_critical,33,56,2,0.2237942837917306,0.2454478246708026
max_concentration_critical,33,58,1,0.047882352681720974,0.047882352681720974
max_concentration_critical,33,60,1,0.032259928666334245,0.032259928666334245
max_concentration_critical,33,63,2,0.5134657337324375,0.47782394688723123
max_concentration_critical,33,66,2,0.5757026421104067,0.3840531332122493
max_concentration_critical,33,68,1,0.2526878889285723,0.2526878889285723
max_concentration_critical,33,70,1,0.31090541523517723,0.31090541523517723
max_concentration_critical,33,73,2,0.5895097890378952,0.26974226504385
max_concentration_critical,33,76,2,0.616597899058773,0.6971371759491785
max_concentration_critical,33,78,1,0.1209417720785553,0.1209417720785553
max_concentration_critical,33,80,1,0.3402995192743396,0.3402995192743396
max_concentration_critical,33,83,2,0.7966641444056123,0.9026801229319736
max_concentration_critical,33,86,2,0.542258161960513,0.5621030193788198
max_concentration_critical,33,88,1,0.47260582049563993,0.47260582049563993
max_concentration_critical,33,90,1,0.3090985996849406,0.3090985996849406
max_concentration_critical,33,93,2,0.47466769207557735,0.9446893167648271
max_concentration_critical,33,96,2,0.3544195194724094,0.34474806107295203
max_concentration_critical,33,98,1,0.41869167716356237,0.41869167716356237
max_concentration_critical,33,100,1,0.3077279622041403,0.3077279622041403
max_concentration_critical,33,103,2,0.1977851877253034,0.2340577671989309
max_concentration_critical,33,106,2,0.20236305525691062,0.2984301026294693
max_concentration_critical,33,108,1,0.9653419739712731,0.9653419739712731
max_concentration_critical,33,110,1,0.7280740596987146,0.7280740596987146
max_concentration_critical,33,113,2,0.2682899363415728,0.40713853188627247
max_concentration_critical,33,116,2,0.10868745976050823,0.2003791540415447
max_concentration_critical,33,118,1,0.1918561177832634,0.1918561177832634
max_concentration_critical,33,120,1,0.1413935938693034,0.1413935938693034
max_concentration_critical,33,123,2,0.3265985431668581,0.379369425005574
max_concentration_critical,33,126,2,0.12667277480192576,0.0769614893637483
max_concentration_critical,33,128,1,0.1319380449542203,0.1319380449542203
max_concentration_critical,33,130,1,0.444074943425484,0.444074943425484
max_concentration_critical,33,133,2,0.4111498957208379,0.23950018438841952
max_concentration_critical,33,136,2,0.16517954528572612,0.37889987959800164
max_concentration_critical,33,138,1,0.021214898455598357,0.021214898455598357
max_concentration_critical,33,140,1,0.18369911190816013,0.18369911190816013
max_concentration_critical,33,143,2,0.5272128630317374,0.3483500947044929
max_concentration_critical,33,146,2,0.3942757551179492,0.07225715181923917
max_concentration_critical,33,148,1,1.4252855833483435,1.4252855833483435
max_concentration_critical,33,150,1,0.7721232106566593,0.7721232106566593
max_concentration_critical,33,153,2,0.9983757882869374,1.383684779473956
max_concentration_critical,33,156,2,0.3324313920382626,0.647065109017605
max_concentration_critical,33,158,1,0.02261684235029128,0.02261684235029128
max_concentration_critical,33,160,1,0.945956015488943,0.945956015488943
max_concentration_critical,33,163,2,0.48883900121668156,0.19481754214897196
max_concentration_critical,33,166,2,0.4389546908232881,0.2836882499523488
max_concentration_critical,33,168,1,0.22841700225836034,0.22841700225836034
max_concentration_critical,33,170,1,0.21080263258050388,0.21080263258050388
max_concentration_critical,33,173,2,0.5373223061601202,0.3579925136079152
max_concentration_critical,33,176,2,0.3462960836020591,0.7374440359445529
max_concentration_critical,33,178,1,0.5953304144001166,0.5953304144001166
max_concentration_critical,33,180,1,0.10853274139024827,0.10853274139024827
max_concentration_critical,33,183,2,0.22367184606604815,0.15821389424777013
max_concentration_critical,33,186,2,0.44967174189144693,0.7047125367754676
max_concentration_critical,33,188,1,0.6624353177558893,0.6624353177558893
max_concentration_critical,33,190,1,0.09116152149610893,0.09116152149610893
max_concentration_critical,33,193,2,0.782233426051202,1.220312888717677
max_concentration_critical,33,196,2,0.37711488051042724,0.2533404443768518
max_concentration_critical,33,198,1,0.08811176399004894,0.08811176399004894
max_concentration_critical,33,200,1,0.34210707514452454,0.34210707514452454
max_concentration_critical,33,203,2,0.27831727545991375,0.3940665851871921
max_concentration_critical,33,206,2,0.5646636245023208,0.3867395027531031
max_concentration_critical,33,208,1,0.09276637555002228,0.09276637555002228
max_concentration_critical,33,210,1,0.018050419583040128,0.018050419583040128
max_concentration_critical,33,213,2,0.4114753587202981,0.07070932012293235
max_concentration_critical,33,216,2,0.4156137562715865,0.05266296007221809
max_concentration_critical,33,218,1,0.0,0.0
max_concentration_critical,34,3,2,0.6361709128803922,0.3417201364931147
max_concentration_critical,34,6,2,0.5646565793638645,0.11884725933379973
max_concentration_critical,34,8,1,0.12554414137475634,0.12554414137475634
max_concentration_critical,34,10,1,0.21106974004430148,0.21106974004430148
max_concentration_critical,34,13,2,0.5495068816155186,0.16335295096655925
max_concentration_critical,34,16,2,0.6388891603668079,0.3887791085189958
max_concentration_critical,34,18,1,0.1338860713262596,0.1338860713262596
max_concentration_critical,34,20,1,0.3368878648328479,0.3368878648328479
max_concentration_critical,34,23,2,0.6593872418209894,0.5122200602087507
max_concentration_critical,34,26,2,0.6175465266285689,0.14056635387469518
max_concentration_critical,34,28,1,0.06930260727031655,0.06930260727031655
max_concentration_critical,34,30,1,0.03014705929101691,0.03014705929101691
max_concentration_critical,34,33,2,0.38466362074986304,0.20618541608808275
max_concentration_critical,34,36,2,0.3329524010797414,0.7990790822808429
max_concentration_critical,34,38,1,0.2825745208398757,0.2825745208398757
max_concentration_critical,34,40,1,0.17579888908171631,0.17579888908171631
max_concentration_critical,34,43,2,0.2388449364095608,0.23231028682783883
max_concentration_critical,34,46,2,0.15413147778575303,0.03752941156134887
max_concentration_critical,34,48,1,0.5639172198469694,0.5639172198469694
max_concentration_critical,34,50,1,0.2011325600186646,0.2011325600186646
max_concentration_critical,34,53,2,0.7386067580264989,0.43532079025213133
max_concentration_critical,34,56,2,0.41169221717293597,0.3740886094495745
max_concentration_critical,34,58,1,0.15794757776103288,0.15794757776103288
max_concentration_critical,34,60,1,0.8438357126744855,0.8438357126744855
max_concentration_critical,34,63,2,0.5831958577791592,0.6154978381553403
max_concentration_critical,34,66,2,0.6257439333955032,0.48864123642253693
max_concentration_critical,34,68,1,0.25896649072538325,0.25896649072538325
max_concentration_critical,34,70,1,1.0278300747620857,1.0278300747620857
max_concentration_critical,35,3,2,0.0021229496385052568,0.0
max_concentration_critical,35,6,2,0.0021229496385052568,0.0
max_concentration_critical,35,8,1,0.0,0.0
max_concentration_critical,35,10,1,0.0,0.0
max_concentration_critical,35,13,2,0.0021229496385052568,0.0
max_concentration_critical,35,16,2,0.15951683434249783,0.16146063487373613
max_concentration_critical,35,18,1,0.16146063487373613,0.16146063487373613
max_concentration_critical,35,20,1,0.0,0.0
max_concentration_critical,35,23,2,0.0021229496385052568,0.0
max_concentration_critical,35,26,2,0.0021229496385052568,0.0
max_concentration_critical,35,28,1,0.0,0.0
max_concentration_critical,35,30,1,0.0,0.0
max_concentration_critical,35,33,2,0.0021229496385052568,0.0
max_concentration_critical,35,36,2,0.0021229496385052568,0.0
max_concentration_critical,35,38,1,0.0,0.0
max_concentration_critical,35,40,1,0.0,0.0
max_concentration_critical,35,43,2,0.0021229496385052568,0.0
max_concentration_critical,35,46,2,0.0021229496385052568,0.0
max_concentration_critical,35,48,1,0.0,0.0
max_concentration_critical,35,50,1,0.0,0.0
max_concentration_critical,35,53,2,0.0021229496385052568,0.0
max_concentration_critical,35,56,2,0.0021229496385052568,0.0
max_concentration_critical,35,58,1,0.0,0.0
max_concentration_critical,35,60,1,0.0,0.0
max_concentration_critical,35,63,2,0.0021229496385052568,0.0
max_concentration_critical,35,66,2,0.0021229496385052568,0.0
max_concentration_critical,35,68,1,0.0,0.0
max_concentration_critical,35,70,1,0.0,0.0
max_concentration_critical,35,73,2,0.0021229496385052568,0.0
max_concentration_critical,35,76,2,0.0021229496385052568,0.0
max_concentration_critical,35,78,1,0.0,0.0
max_concentration_critical,35,80,1,0.0,0.0
max_concentration_critical,35,83,2,0.0021229496385052568,0.0
max_concentration_critical,35,86,2,0.0021229496385052568,0.0
max_concentration_critical,35,88,1,0.0,0.0
max_concentration_critical,35,90,1,0.0,0.0
max_concentration_critical,35,93,2,0.506089847628301,0.5081006804335179
max_concentration_critical,35,96,2,0.6363606188199208,0.4273719141384164
max_concentration_critical,35,98,1,0.29659253319718665,0.29659253319718665
max_concentration_critical,35,100,1,0.38871059616420334,0.38871059616420334
max_concentration_critical,35,103,2,0.5286349102900183,0.14507876035590533
max_concentration_critical,35,106,2,0.48687141250460997,0.10440719552093446
max_concentration_critical,35,108,1,0.2613896829825105,0.2613896829825105
max_concentration_critical,35,110,1,0.0,0.0
max_concentration_critical,35,113,2,0.6528253980417397,0.2853181040966934
max_concentration_critical,35,116,2,0.6172543419428932,0.3726608971827598
max_concentration_critical,35,118,1,0.43465146928915355,0.43465146928915355
max_concentration_critical,35,120,1,0.38852746204201627,0.38852746204201627
max_concentration_critical,35,123,2,0.49658341361980485,0.16519615182439357
max_concentration_critical,35,126,2,0.7058189097471734,0.4411324640188957
max_concentration_critical,35,128,1,0.15388521549597262,0.15388521549597262
max_concentration_critical,35,130,1,0.02665332860533226,0.02665332860533226
max_concentration_critical,35,133,2,0.5997663678783657,0.11055972389330859
max_concentration_critical,35,136,2,0.4426044035318887,1.028900303424059
max_concentration_critical,35,138,1,0.22732307048775344,0.22732307048775344
max_concentration_critical,35,140,1,0.0,0.0
max_concentration_critical,35,143,2,0.2322626143065738,0.23285491506632844
max_concentration_critical,35,146,2,0.4189269903135123,0.3581794246764146
max_concentration_critical,35,148,1,0.44600328512305054,0.44600328512305054
max_concentration_critical,35,150,1,0.25497068729687145,0.25497068729687145
max_concentration_critical,35,153,2,0.610184475128199,0.21133223445975402
max_concentration_critical,35,156,2,0.5837342289556652,0.5832598583878399
max_concentration_critical,35,158,1,0.24191148416441582,0.24191148416441582
max_concentration_critical,35,160,1,0.16735328393304794,0.16735328393304794
max_concentration_critical,35,163,2,0.7035366084089979,0.8113635626635336
max_concentration_critical,35,166,2,0.6042886952413538,0.3606479270354723
max_concentration_critical,35,168,1,1.0600934519523875,1.0600934519523875
max_concentration_critical,35,170,1,0.47640600916461473,0.47640600916461473
max_concentration_critical,35,173,2,0.7522691498236793,0.508563738014214
max_concentration_critical,35,176,2,1.0120475397972388,1.5580531061575082
max_concentration_critical,35,178,1,1.5750761862764358,1.5750761862764358
max_concentration_critical,35,180,1,0.24205995243076853,0.24205995243076853
max_concentration_critical,35,183,2,0.44462698482147633,1.002824490622216
max_concentration_critical,35,186,2,0.40736868022297446,0.45903333825774273
max_concentration_critical,35,188,1,0.5329754487542524,0.5329754487542524
max_concentration_critical,35,190,1,0.5182655391302187,0.5182655391302187
max_concentration_critical,35,193,2,1.389380797215753,1.5652838071118804
max_concentration_critical,35,196,2,0.20687177074002394,0.5647069524141868
max_concentration_critical,35,198,1,0.07961683690523437,0.07961683690523437
max_concentration_critical,35,200,1,0.6928888594031124,0.6928888594031124
max_concentration_critical,35,203,2,0.23258141863792156,0.23279755621040063
max_concentration_critical,35,206,2,0.13422648498268247,0.1758199286975914
max_concentration_critical,35,208,1,0.27492679495892663,0.27492679495892663
max_concentration_critical,35,210,1,0.23373962669911444,0.23373962669911444
max_concentration_critical,35,213,2,0.30828903639121663,0.08334324508303101
max_concentration_critical,35,216,2,0.34548087382680026,0.0843717194848844
max_concentration_critical,35,218,1,0.3601972617701691,0.3601972617701691
max_concentration_critical,36,3,2,0.3926958167624671,0.236808414827563
max_concentration_critical,36,6,2,0.6566514665471863,0.4146092562783413
max_concentration_critical,36,8,1,0.1383717391453705,0.1383717391453705
max_concentration_critical,36,10,1,0.19449011297252233,0.19449011297252233
max_concentration_critical,36,13,2,0.5186732149673763,0.08515170932004514
max_concentration_critical,36,16,2,0.5914541651134123,0.47425341733292753
max_concentration_critical,36,18,1,0.22195338502233578,0.22195338502233578
max_concentration_critical,36,20,1,0.34747993933546284,0.34747993933546284
max_concentration_critical,36,23,2,0.7762241692517537,0.944166577030013
max_concentration_critical,36,26,2,0.5029428478774062,0.2164861161912853
max_concentration_critical,36,28,1,0.2946003646239251,0.2946003646239251
max_concentration_critical,36,30,1,0.2944736122174907,0.2944736122174907
max_concentration_critical,36,33,2,0.572235531077424,0.2750640403329265
max_concentration_critical,36,36,2,0.49900669926578173,0.2750640403329265
max_concentration_critical,36,38,1,0.715970557963545,0.715970557963545
max_concentration_critical,36,40,1,0.2130704974797803,0.2130704974797803
max_concentration_critical,36,43,2,0.1023209616479353,0.22180694519003957
max_concentration_critical,36,46,2,0.28696138161674123,0.29516445506881517
max_concentration_critical,36,48,1,0.09883606077285947,0.09883606077285947
max_concentration_critical,36,50,1,0.34605575072057315,0.34605575072057315
max_concentration_critical,36,53,2,0.6611982722307551,0.40137791081888025
max_concentration_critical,36,56,2,0.44996329735247287,0.028891571158700724
max_concentration_critical,36,58,1,0.48367663665250343,0.48367663665250343
max_concentration_critical,36,60,1,0.6196645976781309,0.6196645976781309
max_concentration_critical,36,63,2,0.4256611595219513,0.5112793533583833
max_concentration_critical,36,66,2,0.5423506186286996,0.3222789090284309
max_concentration_critical,36,68,1,0.26665406819643844,0.26665406819643844
max_concentration_critical,36,70,1,0.22752948887746471,0.22752948887746471
max_concentration_critical,36,73,2,0.7426972617936698,0.851120009570606
max_concentration_critical,36,76,2,0.7470869071302554,0.6820676347625889
max_concentration_critical,36,78,1,0.14067518877838842,0.14067518877838842
max_concentration_critical,36,80,1,0.2593434417288828,0.2593434417288828
max_concentration_critical,36,83,2,0.3945303109307179,0.3101685114237146
max_concentration_critical,36,86,2,0.48476908258471235,0.09214744761724743
max_concentration_critical,37,3,2,0.2206934442723325,0.25530477763420334
max_concentration_critical,37,6,2,0.5791396669265813,0.5648545243367696
max_concentration_critical,37,8,1,0.3068580321419528,0.3068580321419528
max_concentration_critical,37,10,1,0.5450110151044537,0.5450110151044537
max_concentration_critical,37,13,2,0.539239964042233,0.17041404900190246
max_concentration_critical,37,16,2,0.5616945686716978,0.21257312041692045
max_concentration_critical,37,18,1,0.11162958675975265,0.11162958675975265
max_concentration_critical,37,20,1,0.2714515039207785,0.2714515039207785
max_concentration_critical,37,23,2,0.5185838307907971,0.06373779177640117
max_concentration_critical,37,26,2,0.5724405267004089,0.18835808511547533
max_concentration_critical,37,28,1,0.14773186788406426,0.14773186788406426
max_concentration_critical,37,30,1,0.409865776280906,0.409865776280906
max_concentration_critical,37,33,2,0.2944762915595853,0.5429866036735046
max_concentration_critical,37,36,2,0.8566576484167675,0.8108032712847478
max_concentration_critical,37,38,1,0.011647058760418605,0.011647058760418605
max_concentration_critical,37,40,1,0.13545897367646742,0.13545897367646742
max_concentration_critical,37,43,2,0.5222686342436523,0.06715119869448063
max_concentration_critical,37,46,2,0.6740904621167767,0.22874297980889854
max_concentration_critical,37,48,1,0.12815558509292438,0.12815558509292438
max_concentration_critical,37,50,1,0.2729919787333652,0.2729919787333652
max_concentration_critical,37,53,2,0.6045937672628787,0.18225674491611674
max_concentration_critical,37,56,2,0.196905509012635,0.7159541622367926
max_concentration_critical,37,58,1,0.39743515771951665,0.39743515771951665
max_concentration_critical,37,60,1,0.6103744298643715,0.6103744298643715
max_concentration_critical,37,63,2,0.21323626628682602,0.2543225493221576
max_concentration_critical,37,66,2,0.27453633695024793,0.3294375072313597
max_concentration_critical,37,68,1,0.0776448745942296,0.0776448745942296
max_concentration_critical,37,70,1,0.5724265930490174,0.5724265930490174
max_concentration_critical,37,73,2,0.5579552799031843,0.3354751856388626
max_concentration_critical,37,76,2,0.5422413712001076,0.10599407633291538
max_concentration_critical,37,78,1,0.031402068893161446,0.031402068893161446
max_concentration_critical,37,80,1,0.15628025618528926,0.15628025618528926
max_concentration_critical,37,83,2,0.6082223980388043,0.15800614371530372
max_concentration_critical,37,86,2,0.6038962598226434,0.766974483519207
max_concentration_critical,37,88,1,0.04970045079227729,0.04970045079227729
max_concentration_critical,37,90,1,0.48617717008198474,0.48617717008198474
max_concentration_critical,37,93,2,0.7645042908329601,0.781500189697002
max_concentration_critical,37,96,2,0.6174618775163857,0.499555341225716
max_concentration_critical,37,98,1,0.35646059488210985,0.35646059488210985
max_concentration_critical,37,100,1,0.08962854153927433,0.08962854153927433
max_concentration_critical,37,103,2,0.49699487986186425,0.183485006669385
max_concentration_critical,38,3,2,0.07610671736779977,0.14161173308415947
max_concentration_critical,38,6,2,0.7965987823074315,0.7728590546918424
max_concentration_critical,38,8,1,0.2744450381424653,0.2744450381424653
max_concentration_critical,38,10,1,0.23214335500496658,0.23214335500496658
max_concentration_critical,38,13,2,0.5856918612352674,0.19281002032876315
max_concentration_critical,38,16,2,0.5715729514833612,0.28250664645763207
max_concentration_critical,38,18,1,0.21837893359306193,0.21837893359306193
max_concentration_critical,38,20,1,0.2551370203647405,0.2551370203647405
max_concentration_critical,38,23,2,0.6913595203182124,0.3853608983091586
max_concentration_critical,38,26,2,0.6648533978816216,0.45521982993636234
max_concentration_critical,38,28,1,0.38060653196684513,0.38060653196684513
max_concentration_critical,38,30,1,0.4191185535121444,0.4191185535121444
max_concentration_critical,38,33,2,0.5180208334392428,0.12371646991416581
max_concentration_critical,38,36,2,0.5946749051785312,0.4287418289377488
max_concentration_critical,38,38,1,0.3786670719960898,0.3786670719960898
max_concentration_critical,38,40,1,0.10103153116277741,0.10103153116277741
max_concentration_critical,38,43,2,0.5530608079274352,0.2687819292819854
max_concentration_critical,38,46,2,0.3154438919373941,0.3136857123569611
max_concentration_critical,38,48,1,0.1572368579777372,0.1572368579777372
max_concentration_critical,38,50,1,0.6277448898598368,0.6277448898598368
max_concentration_critical,38,53,2,0.16298169227222406,0.1964472340467431
max_concentration_critical,38,56,2,0.30018889866866194,0.2911543185785529
max_concentration_critical,38,58,1,0.0,0.0
max_concentration_critical,38,60,1,0.2754391854358326,0.2754391854358326
max_concentration_critical,38,63,2,0.24844136074536613,0.19380044970571883
max_concentration_critical,38,66,2,0.28350532973057224,0.25096088287915436
max_concentration_critical,38,68,1,0.3093478109403166,0.3093478109403166
max_concentration_critical,38,70,1,0.343760714049943,0.343760714049943
max_concentration_critical,38,73,2,0.49765941582413975,0.39726475323136873
max_concentration_critical,38,76,2,0.39270880161403476,0.2321891599771999
max_concentration_critical,38,78,1,0.21104560588532953,0.21104560588532953
max_concentration_critical,38,80,1,0.3459025241782188,0.3459025241782188
max_concentration_critical,38,83,2,0.5284161887407754,0.31319812233855465
max_concentration_critical,38,86,2,0.7534804137439328,0.7686007891306461
max_concentration_critical,38,88,1,0.5180783741432524,0.5180783741432524
max_concentration_critical,38,90,1,0.4729421437774265,0.4729421437774265
max_concentration_critical,38,93,2,0.6433178949893373,0.2118944636981455
max_concentration_critical,39,3,2,0.5760689154294435,0.2546386313799389
max_concentration_critical,39,6,2,0.5136592220056214,0.06612468911857645
max_concentration_critical,39,8,1,0.09989696396259304,0.09989696396259304
max_concentration_critical,39,10,1,0.07059122594644436,0.07059122594644436
max_concentration_critical,39,13,2,0.7269272217289411,0.49338566987429505
max_concentration_critical,39,16,2,0.6834998876228597,0.4595849360867043
max_concentration_critical,39,18,1,0.5031105751946663,0.5031105751946663
max_concentration_critical,39,20,1,0.699210121708746,0.699210121708746
max_concentration_critical,39,23,2,0.4904521659208808,0.5045187894018964
max_concentration_critical,39,26,2,0.49044472274957684,0.24244299642845282
max_concentration_critical,39,28,1,0.7423101227071074,0.7423101227071074
max_concentration_critical,39,30,1,0.14411122753246125,0.14411122753246125
max_concentration_critical,39,33,2,0.48450573577977585,0.225925325089731
max_concentration_critical,39,36,2,0.518451146076485,0.06172192874351951
max_concentration_critical,39,38,1,0.32579721444893867,0.32579721444893867
max_concentration_critical,39,40,1,0.2375749908928686,0.2375749908928686
max_concentration_critical,39,43,2,0.482826270473987,1.006653383174259
max_concentration_critical,39,46,2,0.35572249686365637,0.35479498752806415
max_concentration_critical,39,48,1,0.4088872991174706,0.4088872991174706
max_concentration_critical,39,50,1,0.464917785885119,0.464917785885119
max_concentration_critical,39,53,2,0.8283925983816119,0.5565002848516245
max_concentration_critical,39,56,2,0.4734931814624785,0.4435117133066763
max_concentration_critical,39,58,1,0.2439645870685413,0.2439645870685413
max_concentration_critical,39,60,1,0.0,0.0
max_concentration_critical,39,63,2,0.5815961368324013,0.6256580851696376
max_concentration_critical,39,66,2,0.9603154559456237,1.1661619919316384
max_concentration_critical,39,68,1,0.27672475163020754,0.27672475163020754
max_concentration_critical,39,70,1,0.5367524936247194,0.5367524936247194
max_concentration_critical,39,73,2,0.47590893386059874,0.22136612689652388
max_concentration_critical,40,3,2,0.2534001601696831,0.258848929514406
max_concentration_critical,40,6,2,0.6805913022769156,0.5641500556277502
max_concentration_critical,40,8,1,0.2516556083329023,0.2516556083329023
max_concentration_critical,40,10,1,0.14535869911409746,0.14535869911409746
max_concentration_critical,40,13,2,0.536788291987051,0.08457454832362357
max_concentration_critical,40,16,2,0.5010004698192699,0.11267599231974448
max_concentration_critical,40,18,1,0.047778744614262875,0.047778744614262875
max_concentration_critical,40,20,1,0.1114565512419397,0.1114565512419397
max_concentration_critical,40,23,2,0.691087454612695,0.4030052366728756
max_concentration_critical,40,26,2,0.6556795744603248,0.6520023449502905
max_concentration_critical,40,28,1,0.48577861972723096,0.48577861972723096
max_concentration_critical,40,30,1,0.1586889343885163,0.1586889343885163
max_concentration_critical,40,33,2,0.4776484886031302,0.1358190012105036
max_concentration_critical,40,36,2,0.5210119295312524,0.18219598112876106
max_concentration_critical,40,38,1,0.45274324164572444,0.45274324164572444
max_concentration_critical,40,40,1,0.25865971219959444,0.25865971219959444
max_concentration_critical,40,43,2,0.643178730640045,0.1668477877701217
max_concentration_critical,40,46,2,0.5446338523245755,1.10536492695447
max_concentration_critical,40,48,1,0.011647058760418605,0.011647058760418605
max_concentration_critical,40,50,1,0.09742578492534602,0.09742578492534602
max_concentration_critical,40,53,2,0.22445229551938245,0.2267916839844899
max_concentration_critical,40,56,2,0.47288767524458103,0.3923561123185635
max_concentration_critical,40,58,1,0.1818340909493417,0.1818340909493417
max_concentration_critical,40,60,1,0.1984317757758091,0.1984317757758091
max_concentration_critical,40,63,2,0.33479932825106956,0.21582368881417321
max_concentration_critical,40,66,2,0.7847191134712727,0.506808187583326
max_concentration_critical,40,68,1,1.457581519731534,1.457581519731534
max_concentration_critical,40,70,1,0.3520003591356424,0.3520003591356424
max_concentration_critical,40,73,2,0.7688668447495548,0.6956454425321138
max_concentration_critical,40,76,2,0.5638006295617439,0.28015556971387384
max_concentration_critical,40,78,1,0.14139138045766989,0.14139138045766989
max_concentration_critical,41,3,2,0.5573286613417718,0.09064567612387985
max_concentration_critical,41,6,2,0.5357570832529635,0.066412902429962
max_concentration_critical,41,8,1,0.026782483377464517,0.026782483377464517
max_concentration_critical,41,10,1,0.1501309701813166,0.1501309701813166
max_concentration_critical,41,13,2,0.7100622517940625,0.43045426056052727
max_concentration_critical,41,16,2,0.7149980780123246,0.782102475747936
max_concentration_critical,41,18,1,0.07610737657664009,0.07610737657664009
max_concentration_critical,41,20,1,0.15233931918989246,0.15233931918989246
max_concentration_critical,41,23,2,0.49784606583976104,0.33322599947262993
max_concentration_critical,41,26,2,0.7259516705193887,0.5551734157190021
max_concentration_critical,41,28,1,0.3818799421682671,0.3818799421682671
max_concentration_critical,41,30,1,0.18330097208963672,0.18330097208963672
max_concentration_critical,41,33,2,0.4136144234537475,0.3134009724512106
max_concentration_critical,41,36,2,0.2551406028740802,0.5516362222565216
max_concentration_critical,41,38,1,0.007521008159600079,0.007521008159600079
max_concentration_critical,41,40,1,0.3319109895269323,0.3319109895269323
max_concentration_critical,41,43,2,0.2737589828112616,0.3744390244244122
max_concentration_critical,41,46,2,0.2626939261946443,0.3217320040237137
max_concentration_critical,41,48,1,0.16240909845198015,0.16240909845198015
max_concentration_critical,41,50,1,0.47472609447221265,0.47472609447221265
max_concentration_critical,41,53,2,0.5397652929693846,0.21679808457783226
max_concentration_critical,41,56,2,0.6312567800609052,0.21504513336262437
max_concentration_critical,41,58,1,0.0,0.0
max_concentration_critical,41,60,1,0.15478842449943153,0.15478842449943153
max_concentration_critical,41,63,2,0.5571841066313988,0.4808604041417244
max_concentration_critical,41,66,2,0.48614585431211194,0.25028165669941904
max_concentration_critical,41,68,1,0.15308202905648535,0.15308202905648535
max_concentration_critical,41,70,1,0.4714890288264911,0.4714890288264911
max_concentration_critical,41,73,2,0.7318007816544129,0.9092043729849956
max_concentration_critical,41,76,2,0.7683757661906007,0.6022086070134017
max_concentration_critical,41,78,1,0.5044220710806656,0.5044220710806656
max_concentration_critical,41,80,1,0.6723477794936538,0.6723477794936538
max_concentration_critical,41,83,2,0.6026252028562522,0.1341847111111236
max_concentration_critical,41,86,2,0.6114518856708444,0.05371208266990897
max_concentration_critical,41,88,1,0.6569643310287526,0.6569643310287526
max_concentration_critical,41,90,1,0.11439554258257634,0.11439554258257634
max_concentration_critical,41,93,2,0.5921457489418294,0.311705157145701
max_concentration_critical,41,96,2,0.7392168610795905,0.3153764068384853
max_concentration_critical,41,98,1,0.09244678618288647,0.09244678618288647
max_concentration_critical,41,100,1,0.5478947015672099,0.5478947015672099
max_concentration_critical,41,103,2,0.3271392910040991,0.022198574872193313
max_concentration_critical,41,106,2,0.3413086227818387,0.056941176162046525
max_concentration_critical,41,108,1,0.31174566934526493,0.31174566934526493
max_concentration_critical,41,110,1,0.08924595802302188,0.08924595802302188
max_concentration_critical,41,113,2,0.4012784512073775,0.5037995655542795
max_concentration_critical,41,116,2,0.43164364317195336,0.5368482628587612
max_concentration_critical,41,118,1,0.6918021576868842,0.6918021576868842
max_concentration_critical,41,120,1,0.9164843020702803,0.9164843020702803
max_concentration_critical,41,123,2,0.21782552766251947,0.3106553498727826
max_concentration_critical,41,126,2,0.2384423714021584,0.4217524248445732
max_concentration_critical,41,128,1,0.047882352681720974,0.047882352681720974
max_concentration_critical,42,3,2,0.6596223914747705,0.41810247336907
max_concentration_critical,42,6,2,0.5504549432895942,0.27827926155467386
max_concentration_critical,42,8,1,0.10751578342125542,0.10751578342125542
max_concentration_critical,42,10,1,0.06410041081874733,0.06410041081874733
max_concentration_critical,42,13,2,0.5585022069179789,0.06142304751353618
max_concentration_critical,42,16,2,0.5471514979549096,0.2835357257869764
max_concentration_critical,42,18,1,0.16137944402179968,0.16137944402179968
max_concentration_critical,42,20,1,0.2547243122740687,0.2547243122740687
max_concentration_critical,42,23,2,0.7638335315637007,0.7361134715758414
max_concentration_critical,42,26,2,0.5231098963008752,0.46740620887332146
max_concentration_critical,42,28,1,0.2238689364676955,0.2238689364676955
max_concentration_critical,42,30,1,0.14893516111684177,0.14893516111684177
max_concentration_critical,42,33,2,0.5239687274224211,0.14676989300591703
max_concentration_critical,42,36,2,0.7580844514587078,0.4327932222690775
max_concentration_critical,42,38,1,0.056172819507154775,0.056172819507154775
max_concentration_critical,42,40,1,0.11131137823395879,0.11131137823395879
max_concentration_critical,42,43,2,0.5452114545447185,0.10618586078514859
max_concentration_critical,42,46,2,0.12580589358344707,0.6373393295788566
max_concentration_critical,42,48,1,0.397544018935932,0.397544018935932
max_concentration_critical,42,50,1,0.18923978331545802,0.18923978331545802
max_concentration_critical,42,53,2,0.11854629202524036,0.1187242465025919
max_concentration_critical,42,56,2,0.447042152057197,0.4326884565756028
max_concentration_critical,42,58,1,0.47425234964315854,0.47425234964315854
max_concentration_critical,42,60,1,0.25973118586472677,0.25973118586472677
max_concentration_critical,42,63,2,0.38582077365372147,0.21118842678809432
max_concentration_critical,42,66,2,0.6398115831893955,0.3244901795810109
max_concentration_critical,42,68,1,0.3291507254918423,0.3291507254918423
max_concentration_critical,42,70,1,0.3497450269424969,0.3497450269424969
max_concentration_critical,42,73,2,0.4704016615823971,0.17851008482284475
max_concentration_critical,42,76,2,0.4522283410825492,0.15382062745043532
max_concentration_critical,42,78,1,0.32811935246129914,0.32811935246129914
max_concentration_critical,42,80,1,1.0016413276039722,1.0016413276039722
max_concentration_critical,42,83,2,0.5806676297084006,0.37830667521027445
max_concentration_critical,42,86,2,0.6126024475493455,0.2400208055306175
max_concentration_critical,42,88,1,0.1344417793002598,0.1344417793002598
max_concentration_critical,43,3,2,0.5094919552629936,0.5156120899645276
max_concentration_critical,43,6,2,0.8192656104999944,0.5968812927568619
max_concentration_critical,43,8,1,0.07293965382026847,0.07293965382026847
max_concentration_critical,43,10,1,0.1415218411404651,0.1415218411404651
max_concentration_critical,43,13,2,0.5027721646926541,0.13591853014817887
max_concentration_critical,43,16,2,0.5565368744232059,0.08843481210130409
max_concentration_critical,43,18,1,0.16274549167304236,0.16274549167304236
max_concentration_critical,43,20,1,0.46924369662415744,0.46924369662415744
max_concentration_critical,43,23,2,0.6768741193669364,0.7197686664158883
max_concentration_critical,43,26,2,0.49655071047094057,0.3631987797891326
max_concentration_critical,43,28,1,0.35574718040522973,0.35574718040522973
max_concentration_critical,43,30,1,0.1358190012105036,0.1358190012105036
max_concentration_critical,43,33,2,0.5150821697174617,0.1733310179431474
max_concentration_critical,43,36,2,0.5829925786019696,0.2560727837520161
max_concentration_critical,43,38,1,0.16555663827636732,0.16555663827636732
max_concentration_critical,43,40,1,0.18149507550951952,0.18149507550951952
max_concentration_critical,43,43,2,0.6325198723756138,0.14778776125607568
max_concentration_critical,43,46,2,0.5467245519167317,1.048706569407466
max_concentration_critical,43,48,1,0.1834636092819351,0.1834636092819351
max_concentration_critical,43,50,1,0.237806614619069,0.237806614619069
max_concentration_critical,43,53,2,0.7510836428757032,0.6723178850002857
max_concentration_critical,43,56,2,0.1783792311422282,0.26485236708952886
max_concentration_critical,43,58,1,0.5846046367490808,0.5846046367490808
max_concentration_critical,43,60,1,0.2067042383653623,0.2067042383653623
max_concentration_critical,43,63,2,0.3129322055093856,0.36819761879899626
max_concentration_critical,43,66,2,0.3434200907776851,0.28419061689082914
max_concentration_critical,43,68,1,0.08011223678620627,0.08011223678620627
max_concentration_critical,43,70,1,0.431260557793229,0.431260557793229
max_concentration_critical,43,73,2,0.3423202469502076,0.17361895612181236
max_concentration_critical,43,76,2,0.645749274521007,0.34807214984341284
max_concentration_critical,43,78,1,0.1980843385176611,0.1980843385176611
max_concentration_critical,43,80,1,0.303439398616022,0.303439398616022
max_concentration_critical,43,83,2,0.34924147724634813,0.3579040432859281
max_concentration_critical,43,86,2,0.9127837995463858,0.9564505012576229
max_concentration_critical,43,88,1,0.24240368094084683,0.24240368094084683
max_concentration_critical,43,90,1,0.5791730869979117,0.5791730869979117
max_concentration_critical,43,93,2,0.834469806453629,0.6580549914714491
max_concentration_critical,44,3,2,0.5946970812049299,0.21489047624236834
max_concentration_critical,44,6,2,0.5429278393875718,0.031164117273577464
max_concentration_critical,44,8,1,0.06626955120030112,0.06626955120030112
max_concentration_critical,44,10,1,0.4064341802259476,0.4064341802259476
max_concentration_critical,44,13,2,0.6253864020937966,0.22362854436002055
max_concentration_critical,44,16,2,0.6491920655520079,0.5496566638272077
max_concentration_critical,44,18,1,0.3943562773688014,0.3943562773688014
max_concentration_critical,44,20,1,0.09704265397160336,0.09704265397160336
max_concentration_critical,44,23,2,0.7625505791582752,0.7601722313421649
max_concentration_critical,44,26,2,0.6373741676761672,0.5455879705214868
max_concentration_critical,44,28,1,0.017947399315257847,0.017947399315257847
max_concentration_critical,44,30,1,0.05724955777894283,0.05724955777894283
max_concentration_critical,44,33,2,0.5451615128365175,0.6195310951330836
max_concentration_critical,44,36,2,0.24251605144228225,0.2846384009109294
max_concentration_critical,44,38,1,0.6239857012957144,0.6239857012957144
max_concentration_critical,44,40,1,0.13899603985679762,0.13899603985679762
max_concentration_critical,44,43,2,0.11426453619800768,0.11923521812870647
max_concentration_critical,44,46,2,0.28920910831232566,0.3153399778530136
max_concentration_critical,44,48,1,0.1777154052802688,0.1777154052802688
max_concentration_critical,44,50,1,0.08180342662133894,0.08180342662133894
max_concentration_critical,44,53,2,0.302067426213085,0.17202690721129277
max_concentration_critical,44,56,2,0.46148524991365136,0.23257927788892982
max_concentration_critical,44,58,1,0.19100968752079897,0.19100968752079897
max_concentration_critical,44,60,1,0.13447536218620057,0.13447536218620057
max_concentration_critical,44,63,2,0.4741069352059729,0.26917372366220554
max_concentration_critical,44,66,2,0.3996016687327162,0.25714984872536856
max_concentration_critical,44,68,1,0.170997624069454,0.170997624069454
max_concentration_critical,44,70,1,0.6925648890752573,0.6925648890752573
max_concentration_critical,44,73,2,0.8660455316922004,1.0139947407242065
max_concentration_critical,44,76,2,0.4940310412921793,0.1601011457998001
max_concentration_critical,44,78,1,0.32173013198169115,0.32173013198169115
max_concentration_critical,44,80,1,0.4222832901162921,0.4222832901162921
max_concentration_critical,44,83,2,0.4393012222423055,0.2948827818136807
max_concentration_critical,45,3,2,0.46775570445998943,0.18329211542633184
max_concentration_critical,45,6,2,0.6621782646103944,0.3469441058750292
max_concentration_critical,45,8,1,0.04701844401293286,0.04701844401293286
max_concentration_critical,45,10,1,0.20465146565552692,0.20465146565552692
max_concentration_critical,45,13,2,0.5169869760085773,0.029327731039009874
max_concentration_critical,45,16,2,0.6360036873003087,0.5610572161294576
max_concentration_critical,45,18,1,0.22342000585204916,0.22342000585204916
max_concentration_critical,45,20,1,0.3054182159362374,0.3054182159362374
max_concentration_critical,45,23,2,0.6926889596910046,0.5757540515161491
max_concentration_critical,45,26,2,0.5423241300631955,0.39148893280506947
max_concentration_critical,45,28,1,0.39980157594216015,0.39980157594216015
max_concentration_critical,45,30,1,0.4251626918182751,0.4251626918182751
max_concentration_critical,45,33,2,0.427424512961285,0.19368617779311384
max_concentration_critical,45,36,2,0.25597320506355653,0.25648897884709465
max_concentration_critical,45,38,1,0.751877802476979,0.751877802476979
max_concentration_critical,45,40,1,0.07807974372070275,0.07807974372070275
max_concentration_critical,45,43,2,0.15492870690890276,0.15341667886959326
max_concentration_critical,45,46,2,0.07221798225360465,0.12738972430689713
max_concentration_critical,45,48,1,0.1272469569444842,0.1272469569444842
max_concentration_critical,45,50,1,0.23212638282248851,0.23212638282248851
max_concentration_critical,45,53,2,0.4453254461003512,0.3488047870348511
max_concentration_critical,45,56,2,0.4728085054800963,0.2509919300569617
max_concentration_critical,45,58,1,0.3611054100986001,0.3611054100986001
max_concentration_critical,45,60,1,0.0,0.0
max_concentration_critical,45,63,2,0.49926943586662925,0.7034459624352275
max_concentration_critical,45,66,2,0.8115721805809963,0.8063127841961785
max_concentration_critical,45,68,1,1.6843353183405154,1.6843353183405154
max_concentration_critical,45,70,1,0.4510442054653354,0.4510442054653354
max_concentration_critical,45,73,2,0.6676618722215228,0.4860547673511339
max_concentration_critical,45,76,2,0.5698986745858797,0.14069941090206164
max_concentration_critical,45,78,1,1.7782321825176475,1.7782321825176475
max_concentration_critical,45,80,1,0.042704331610062735,0.042704331610062735
max_concentration_critical,46,3,2,0.2087954271110803,0.2794677443932768
max_concentration_critical,46,6,2,0.915280523058228,0.8501698597341643
max_concentration_critical,46,8,1,0.09064567612387985,0.09064567612387985
max_concentration_critical,46,10,1,0.03714189211521251,0.03714189211521251
max_concentration_critical,46,13,2,0.5410148579775361,0.06685329079065634
max_concentration_critical,46,16,2,0.5473409987903916,0.2998281163301054
max_concentration_critical,46,18,1,0.18753220115644179,0.18753220115644179
max_concentration_critical,46,20,1,0.33982147567684645,0.33982147567684645
max_concentration_critical,46,23,2,0.627575861875754,0.5168944394257904
max_concentration_critical,46,26,2,0.4910899221392231,0.15298274449642643
max_concentration_critical,46,28,1,0.12596514225366112,0.12596514225366112
max_concentration_critical,46,30,1,0.6522412468708204,0.6522412468708204
max_concentration_critical,46,33,2,0.5710720684403265,0.49089675350136314
max_concentration_critical,46,36,2,0.48670524373195506,0.2581849845576837
max_concentration_critical,46,38,1,0.5829266770400963,0.5829266770400963
max_concentration_critical,46,40,1,0.9455110501782698,0.9455110501782698
max_concentration_critical,46,43,2,0.30336746223633193,0.15405037553547346
max_concentration_critical,46,46,2,0.24191609997359884,0.4647739369485288
max_concentration_critical,46,48,1,0.29184445208537635,0.29184445208537635
max_concentration_critical,46,50,1,0.09753162593458166,0.09753162593458166
max_concentration_critical,46,53,2,0.21564543182386534,0.23927074096553316
max_concentration_critical,46,56,2,0.3767763312544761,0.299090799076382
max_concentration_critical,46,58,1,0.11276290967509703,0.11276290967509703
max_concentration_critical,46,60,1,0.32073694419953375,0.32073694419953375
max_concentration_critical,46,63,2,0.5850715709116615,0.29391190614637713
max_concentration_critical,46,66,2,0.4722109087928654,0.0470084988597732
max_concentration_critical,46,68,1,0.1872367919011788,0.1872367919011788
max_concentration_critical,46,70,1,0.21832150148094928,0.21832150148094928
max_concentration_critical,46,73,2,0.5321386822339339,0.7261670446846621
max_concentration_critical,46,76,2,0.49684128408195605,0.1404406082582534
max_concentration_critical,46,78,1,0.16794462228003165,0.16794462228003165
max_concentration_critical,46,80,1,0.702884947549406,0.702884947549406
max_concentration_critical,46,83,2,0.685669118198555,0.621735679628605
max_concentration_critical,46,86,2,0.6805477586810993,0.39015312313537004
max_concentration_critical,46,88,1,0.17190459187083337,0.17190459187083337
max_concentration_critical,46,90,1,0.08398879218399867,0.08398879218399867
max_concentration_critical,47,3,2,0.19938667314672423,0.15577967805530005
max_concentration_critical,47,6,2,0.04897432564939632,0.15577967805530005
max_concentration_critical,47,8,1,0.0,0.0
max_concentration_critical,47,10,1,0.621731355679298,0.621731355679298
max_concentration_critical,47,13,2,0.33957323753462126,0.0
max_concentration_critical,47,16,2,0.6950513343691033,0.40881287640886727
max_concentration_critical,47,18,1,0.17039545636682304,0.17039545636682304
max_concentration_critical,47,20,1,0.12322691763692169,0.12322691763692169
max_concentration_critical,47,23,2,0.5125302796908937,0.06252402879393239
max_concentration_critical,47,26,2,0.5304411737856758,0.2376150439356905
max_concentration_critical,47,28,1,0.3258218279664791,0.3258218279664791
max_concentration_critical,47,30,1,0.23461475333041606,0.23461475333041606
max_concentration_critical,47,33,2,0.5868176377183726,0.5200334543051792
max_concentration_critical,47,36,2,0.5636616508208834,0.4693356738584484
max_concentration_critical,47,38,1,0.26960553985391106,0.26960553985391106
max_concentration_critical,47,40,1,0.14232898084320428,0.14232898084320428
max_concentration_critical,47,43,2,0.8283941854678063,0.6645544123329648
max_concentration_critical,47,46,2,0.6243115219525434,0.12357150463914564
max_concentration_critical,47,48,1,0.18166773563086433,0.18166773563086433
max_concentration_critical,47,50,1,0.03595990019085053,0.03595990019085053
max_concentration_critical,47,53,2,0.20184379075282824,0.5376137669373622
max_concentration_critical,47,56,2,0.2962220776316709,0.17547004986172388
max_concentration_critical,47,58,1,0.6908758289332737,0.6908758289332737
max_concentration_critical,47,60,1,0.12169177658705294,0.12169177658705294
max_concentration_critical,47,63,2,0.20988718957360328,0.20891156821409396
max_concentration_critical,47,66,2,0.2565125894974309,0.21397569925094623
max_concentration_critical,47,68,1,0.2053244614453663,0.2053244614453663
max_concentration_critical,47,70,1,0.5118797716190119,0.5118797716190119
max_concentration_critical,47,73,2,0.5594389823841018,0.1779624701465743
max_concentration_critical,47,76,2,0.5706646043207292,0.17109699280382812
max_concentration_critical,47,78,1,0.3472224849191561,0.3472224849191561
max_concentration_critical,47,80,1,0.4417808658332018,0.4417808658332018
max_concentration_critical,47,83,2,0.5350145331397367,0.621455873280077
max_concentration_critical,47,86,2,0.36689964131303604,0.07775136051087086
max_concentration_critical,47,88,1,0.735316578021028,0.735316578021028
max_concentration_critical,47,90,1,0.6263019859240357,0.6263019859240357
max_concentration_critical,47,93,2,0.655358943965507,0.41890162858653834
max_concentration_critical,47,96,2,0.5957262712985132,0.15901035383259204
max_concentration_critical,47,98,1,0.1297855033326824,0.1297855033326824
max_concentration_critical,48,3,2,0.825239259370347,0.8327098144439773
max_concentration_critical,48,6,2,0.560267728712269,0.2535655768301231
max_concentration_critical,48,8,1,0.24595249382676648,0.24595249382676648
max_concentration_critical,48,10,1,0.19425250290114746,0.19425250290114746
max_concentration_critical,48,13,2,0.5278984692991584,0.13284214519973064
max_concentration_critical,48,16,2,0.5153424138549754,0.09806079830369263
max_concentration_critical,48,18,1,0.12140629434014219,0.12140629434014219
max_concentration_critical,48,20,1,0.3764694380017955,0.3764694380017955
max_concentration_critical,48,23,2,0.6052818495935474,0.5287614927117317
max_concentration_critical,48,26,2,0.4759878684315227,0.25459541773821115
max_concentration_critical,48,28,1,0.1411809465311011,0.1411809465311011
max_concentration_critical,48,30,1,0.5509404674271042,0.5509404674271042
max_concentration_critical,48,33,2,0.6789873473859261,0.3347925451893508
max_concentration_critical,48,36,2,0.6429487657933189,0.12198561744497419
max_concentration_critical,48,38,1,0.2224245272940617,0.2224245272940617
max_concentration_critical,48,40,1,0.05357519848887309,0.05357519848887309
max_concentration_critical,48,43,2,0.20152280387539265,0.4148594857734336
max_concentration_critical,48,46,2,0.39374086629697586,0.7535278458119306
max_concentration_critical,48,48,1,0.06386404575499448,0.06386404575499448
max_concentration_critical,48,50,1,0.036989283565061204,0.036989283565061204
max_concentration_critical,48,53,2,0.2032840652852214,0.17366473437434746
max_concentration_critical,48,56,2,0.271259010227851,0.16889590672110577
max_concentration_critical,48,58,1,0.0,0.0
max_concentration_critical,48,60,1,0.26526262779294135,0.26526262779294135
max_concentration_critical,48,63,2,0.5270696586758042,0.3545304695583213
max_concentration_critical,48,66,2,0.5189962259032053,0.21401290551143126
max_concentration_critical,48,68,1,0.17212911520062155,0.17212911520062155
max_concentration_critical,48,70,1,0.04619926462687696,0.04619926462687696
max_concentration_critical,48,73,2,0.4337965239488147,0.18406546695134646
max_concentration_critical,48,76,2,0.4058614740219296,0.42025016865568326
max_concentration_critical,48,78,1,0.0,0.0
max_concentration_critical,48,80,1,0.47770360642640786,0.47770360642640786
max_concentration_critical,48,83,2,0.6565703485538189,0.7395723229253781
max_concentration_critical,48,86,2,0.5855798085437323,0.3376139885834283
max_concentration_critical,48,88,1,0.2596404495011263,0.2596404495011263
max_concentration_critical,48,90,1,0.5135686412518349,0.5135686412518349
max_concentration_critical,49,3,2,0.6790094974567478,0.38337262573645536
max_concentration_critical,49,6,2,0.5119680968476792,0.0753982710312462
max_concentration_critical,49,8,1,0.12126141008735457,0.12126141008735457
max_concentration_critical,49,10,1,0.06844166201082341,0.06844166201082341
max_concentration_critical,49,13,2,0.6237342673234354,0.429706253823502
max_concentration_critical,49,16,2,0.6441215526189739,0.40942786393409203
max_concentration_critical,49,18,1,0.37891921153491187,0.37891921153491187
max_concentration_critical,49,20,1,0.3732696174898016,0.3732696174898016
max_concentration_critical,49,23,2,0.6610694780788864,0.43596354427034545
max_concentration_critical,49,26,2,0.6499357469486415,0.27413238883880175
max_concentration_critical,49,28,1,0.02639957978678681,0.02639957978678681
max_concentration_critical,49,30,1,0.08908443885316451,0.08908443885316451
max_concentration_critical,49,33,2,0.26738423191115773,0.4615638515535286
max_concentration_critical,49,36,2,0.22318957427983693,0.5842318512749247
max_concentration_critical,49,38,1,0.2282896960227992,0.2282896960227992
max_concentration_critical,49,40,1,0.128796780033784,0.128796780033784
max_concentration_critical,49,43,2,0.33406132175240877,0.3350519908496464
max_concentration_critical,49,46,2,0.6095280022847009,0.48484609769827064
max_concentration_critical,49,48,1,0.19465593854982255,0.19465593854982255
max_concentration_critical,49,50,1,0.26101518382406314,0.26101518382406314
max_concentration_critical,49,53,2,0.4765202826807238,0.4739691612460533
max_concentration_critical,49,56,2,0.41230335834205695,0.14389866426216139
max_concentration_critical,49,58,1,0.2993889114792671,0.2993889114792671
max_concentration_critical,49,60,1,0.5837817100320418,0.5837817100320418
max_concentration_critical,49,63,2,0.6693738848045218,0.6034063221532121
max_concentration_critical,49,66,2,0.5742877979331942,0.27741928348765454
max_concentration_critical,49,68,1,0.16155813786772705,0.16155813786772705
max_concentration_critical,49,70,1,0.2547163430019146,0.2547163430019146
