task_id,episode_index,control_step,episode_success,phase,lag,token_exact,token_common_prefix,continuous_l2,continuous_cosine,action_norm,gripper_switch
0,0,1,True,early,1,0,0,0.14708420701843022,0.9897618684704702,0.2361244959825087,0
0,0,2,True,early,1,0,0,0.14708420701843022,0.9897618684704702,0.10722081866134438,0
0,0,2,True,early,2,1,7,0.0,1.0,0.10722081866134438,0
0,0,3,True,early,1,1,7,0.0,1.0,0.10722081866134438,0
0,0,3,True,early,2,0,0,0.14708420701843022,0.9897618684704702,0.10722081866134438,0
0,0,3,True,early,3,1,7,0.0,1.0,0.10722081866134438,0
0,0,4,True,early,1,1,7,0.0,1.0,0.10722081866134438,0
0,0,4,True,early,2,1,7,0.0,1.0,0.10722081866134438,0
0,0,4,True,early,3,0,0,0.14708420701843022,0.9897618684704702,0.10722081866134438,0
0,0,4,True,early,4,1,7,0.0,1.0,0.10722081866134438,0
0,0,5,True,early,1,0,1,0.07068037814203196,0.9975604648433529,0.15167666969556182,0
0,0,5,True,early,2,0,1,0.07068037814203196,0.9975604648433529,0.15167666969556182,0
0,0,5,True,early,3,0,1,0.07068037814203196,0.9975604648433529,0.15167666969556182,0
0,0,5,True,early,4,0,0,0.14190794562626555,0.9904354779298008,0.15167666969556182,0
0,0,6,True,early,1,0,0,0.2528294067767882,0.9694122888544406,0.2401304797803179,0
0,0,6,True,early,2,0,0,0.24684468827242048,0.9707938067495178,0.2401304797803179,0
0,0,6,True,early,3,0,0,0.24684468827242048,0.9707938067495178,0.2401304797803179,0
0,0,6,True,early,4,0,0,0.24684468827242048,0.9707938067495178,0.2401304797803179,0
0,0,7,True,early,1,0,0,0.10990264966694674,0.9943528741849056,0.13965010006942646,0
0,0,7,True,early,2,0,0,0.19678041938713067,0.9810431165579584,0.13965010006942646,0
0,0,7,True,early,3,0,0,0.17978186186857356,0.9840935428202109,0.13965010006942646,0
0,0,7,True,early,4,0,0,0.17978186186857356,0.9840935428202109,0.13965010006942646,0
0,0,8,True,early,1,1,7,0.0,0.9999999999999998,0.13965010006942646,0
0,0,8,True,early,2,0,0,0.10990264966694674,0.9943528741849056,0.13965010006942646,0
0,0,8,True,early,3,0,0,0.19678041938713067,0.9810431165579584,0.13965010006942646,0
0,0,8,True,early,4,0,0,0.17978186186857356,0.9840935428202109,0.13965010006942646,0
0,0,9,True,early,1,0,0,0.40169783676961646,0.934130489358446,0.5057361627454207,0
0,0,9,True,early,2,0,0,0.40169783676961646,0.934130489358446,0.5057361627454207,0
0,0,9,True,early,3,0,0,0.3033307612667111,0.9637682854126975,0.5057361627454207,0
0,0,9,True,early,4,0,0,0.458864953361449,0.9123728260771626,0.5057361627454207,0
0,0,10,True,early,1,0,0,0.40169783676961646,0.934130489358446,0.13965010006942646,0
0,0,10,True,early,2,1,7,0.0,0.9999999999999998,0.13965010006942646,0
0,0,10,True,early,3,1,7,0.0,0.9999999999999998,0.13965010006942646,0
0,0,10,True,early,4,0,0,0.10990264966694674,0.9943528741849056,0.13965010006942646,0
0,0,11,True,early,1,0,0,0.8899688500666559,0.7701746558527311,0.9681568951934294,0
0,0,11,True,early,2,0,0,0.5109626520473622,0.9398955697848899,0.9681568951934294,0
0,0,11,True,early,3,0,0,0.8899688500666559,0.7701746558527311,0.9681568951934294,0
0,0,11,True,early,4,0,0,0.8899688500666559,0.7701746558527311,0.9681568951934294,0
0,0,12,True,early,1,1,7,0.0,1.0,0.9681568951934294,0
0,0,12,True,early,2,0,0,0.8899688500666559,0.7701746558527311,0.9681568951934294,0
0,0,12,True,early,3,0,0,0.5109626520473622,0.9398955697848899,0.9681568951934294,0
0,0,12,True,early,4,0,0,0.8899688500666559,0.7701746558527311,0.9681568951934294,0
0,0,13,True,early,1,0,0,0.37413201601828755,0.9714112211272486,0.6200397853997122,0
0,0,13,True,early,2,0,0,0.37413201601828755,0.9714112211272486,0.6200397853997122,0
0,0,13,True,early,3,0,0,0.5307748844826845,0.8931609899985953,0.6200397853997122,0
0,0,13,True,early,4,0,0,0.14560213151493492,0.9931506551967644,0.6200397853997122,0
0,0,14,True,early,1,0,0,0.5209755986041716,0.9431242944431161,1.055260399913458,0
0,0,14,True,early,2,0,0,0.20972938220491139,0.9900791041255246,1.055260399913458,0
0,0,14,True,early,3,0,0,0.20972938220491139,0.9900791041255246,1.055260399913458,0
0,0,14,True,early,4,0,0,0.9973978083845381,0.7283339606365649,1.055260399913458,0
0,0,15,True,early,1,0,0,0.06531495197646972,0.9991428349966175,1.0182630336643765,0
0,0,15,True,early,2,0,0,0.4989080221373203,0.9445801760711121,1.0182630336643765,0
0,0,15,True,early,3,0,0,0.2111553324828233,0.9890912010194622,1.0182630336643765,0
0,0,15,True,early,4,0,0,0.2111553324828233,0.9890912010194622,1.0182630336643765,0
0,0,16,True,early,1,0,1,0.09151452561543491,0.9982227139798764,1.061612052377603,0
0,0,16,True,early,2,0,0,0.052213331332539456,0.9993621343915176,1.061612052377603,0
0,0,16,True,early,3,0,0,0.5377843383919167,0.9388709695952778,1.061612052377603,0
0,0,16,True,early,4,0,0,0.24014107882128177,0.986886773081191,1.061612052377603,0
0,0,17,True,early,1,0,0,0.06168332515620717,0.9991092920439505,1.0655566075680514,0
0,0,17,True,early,2,0,0,0.12153896945213342,0.9967376421969345,1.0655566075680514,0
0,0,17,True,early,3,0,0,0.1075844808285043,0.9972891265856149,1.0655566075680514,0
0,0,17,True,early,4,0,0,0.5660006873965922,0.9304077652635199,1.0655566075680514,0
0,0,18,True,early,1,0,2,0.022011367079831114,0.9998869307265037,1.0670797813079724,0
0,0,18,True,early,2,0,0,0.08301568976850196,0.9983881228007027,1.0670797813079724,0
0,0,18,True,early,3,0,0,0.1337996342405419,0.9960085996210787,1.0670797813079724,0
0,0,18,True,early,4,0,0,0.12647219162487752,0.99625573225245,1.0670797813079724,0
0,0,19,True,early,1,0,0,0.1473877623967458,0.9949733646044336,1.0797660585804054,0
0,0,19,True,early,2,0,0,0.1364348046427473,0.9956973766527242,1.0797660585804054,0
0,0,19,True,early,3,0,0,0.10775038182898335,0.997336403022039,1.0797660585804054,0
0,0,19,True,early,4,0,0,0.08150408006277356,0.9988903003557595,1.0797660585804054,0
0,0,20,True,early,1,0,0,0.1501309701813166,0.9947964966901454,1.0796611696627092,0
0,0,20,True,early,2,0,0,0.12277994646249948,0.996517348885087,1.0796611696627092,0
0,0,20,True,early,3,0,0,0.13575499889214473,0.9957398030562007,1.0796611696627092,0
0,0,20,True,early,4,0,0,0.17139698613518686,0.9931967742948022,1.0796611696627092,0
0,0,21,True,early,1,0,0,0.16745920358561267,0.9936882159344144,1.0280963956031541,0
0,0,21,True,early,2,0,1,0.12351009737742666,0.9967191482188787,1.0280963956031541,0
0,0,21,True,early,3,0,0,0.22646498798563677,0.9879634908369377,1.0280963956031541,0
0,0,21,True,early,4,0,0,0.22381025517988573,0.9882248618951965,1.0280963956031541,0
0,0,22,True,early,1,0,1,0.12244858193214325,0.9966808067344536,1.0724700798074471,0
0,0,22,True,early,2,0,0,0.15843826568018102,0.9941900118463364,1.0724700798074471,0
0,0,22,True,early,3,0,1,0.05150101678024053,0.9993920864889757,1.0724700798074471,0
0,0,22,True,early,4,0,0,0.1580629983110706,0.9941782790405895,1.0724700798074471,0
0,0,23,True,early,1,0,1,0.19168942846154777,0.9915961048923086,1.0173319351956673,0
0,0,23,True,early,2,0,1,0.08459941110781698,0.9982653913642062,1.0173319351956673,0
0,0,23,True,early,3,0,0,0.17560079142687884,0.9931401638332198,1.0173319351956673,0
0,0,23,True,early,4,0,1,0.1962976969550302,0.991309006942358,1.0173319351956673,0
0,0,24,True,early,1,0,0,0.8638178974594114,0.846366149065176,1.2724549285579898,0
0,0,24,True,early,2,0,0,0.966300834619988,0.8081366148467588,1.2724549285579898,0
0,0,24,True,early,3,0,0,0.9276123163288981,0.821948909782829,1.2724549285579898,0
0,0,24,True,early,4,0,0,0.8188343481207542,0.8637590938786456,1.2724549285579898,0
0,0,25,True,early,1,0,1,0.06814373897455371,0.9991455318656077,1.2540847937405444,0
0,0,25,True,early,2,0,0,0.8584084500446081,0.845859977938371,1.2540847937405444,0
0,0,25,True,early,3,0,0,0.9684003362406604,0.8046633320266806,1.2540847937405444,0
0,0,25,True,early,4,0,0,0.924781024332629,0.8203820136827826,1.2540847937405444,0
0,0,26,True,early,1,0,0,0.2058156291262124,0.9920118522156602,1.1887920715978963,0
0,0,26,True,early,2,0,0,0.2614730210564736,0.987241131228712,1.1887920715978963,0
0,0,26,True,early,3,0,0,0.8062086375755595,0.8569835845618924,1.1887920715978963,0
0,0,26,True,early,4,0,0,0.9465857258645415,0.8049889339729166,1.1887920715978963,0
0,0,27,True,early,1,0,0,0.280976287545469,0.984392602806023,1.069727232065203,0
0,0,27,True,early,2,0,0,0.36198229905498164,0.9762565108417428,1.069727232065203,0
0,0,27,True,early,3,0,0,0.3994274502036976,0.9713448573879381,1.069727232065203,0
0,0,27,True,early,4,0,0,0.951616135509894,0.7835866624341196,1.069727232065203,0
0,0,28,True,early,1,0,0,0.2042395473049267,0.9902674138534837,1.0316621879320433,0
0,0,28,True,early,2,0,0,0.4360556025134657,0.9604541402217646,1.0316621879320433,0
0,0,28,True,early,3,0,0,0.5578098638595954,0.9385569398708659,1.0316621879320433,0
0,0,28,True,early,4,0,0,0.598801538803678,0.9299891299841749,1.0316621879320433,0
0,0,29,True,middle,1,0,0,0.15378259664551389,0.9943778534944464,0.9887535225106912,0
0,0,29,True,middle,2,0,0,0.2657229802843338,0.9836746640458801,0.9887535225106912,0
0,0,29,True,middle,3,0,0,0.5203795365549636,0.9429792577817496,0.9887535225106912,0
0,0,29,True,middle,4,0,0,0.6153912508549588,0.9247164248566033,0.9887535225106912,0
0,0,30,True,middle,1,0,0,0.21989571446378306,0.9876999243411977,0.9665852502215904,0
0,0,30,True,middle,2,0,0,0.28197997444368605,0.9806336439241164,0.9665852502215904,0
0,0,30,True,middle,3,0,0,0.313036450761095,0.9772707847911338,0.9665852502215904,0
0,0,30,True,middle,4,0,0,0.5771447706264939,0.9290370505658117,0.9665852502215904,0
0,0,31,True,middle,1,0,0,0.20737795084769953,0.9888217234071748,0.9414226013538616,0
0,0,31,True,middle,2,0,0,0.34793716097268446,0.9689398412403105,0.9414226013538616,0
0,0,31,True,middle,3,0,0,0.45310546555717035,0.9489964039752465,0.9414226013538616,0
0,0,31,True,middle,4,0,0,0.500551698897294,0.9397652708303279,0.9414226013538616,0
0,0,32,True,middle,1,0,1,0.12434402729059117,0.9958936131267486,0.935075559315409,0
0,0,32,True,middle,2,0,0,0.2383193356877691,0.9852095522328876,0.935075559315409,0
0,0,32,True,middle,3,0,0,0.32651201463968926,0.972673039057842,0.935075559315409,0
0,0,32,True,middle,4,0,0,0.4326571201596982,0.9535832257484261,0.935075559315409,0
0,0,33,True,middle,1,0,0,0.30903125810916016,0.9753927144075845,0.9821326896645445,0
0,0,33,True,middle,2,0,0,0.19553033053216742,0.9902765737527202,0.9821326896645445,0
0,0,33,True,middle,3,0,0,0.28274197910463045,0.9795254311930525,0.9821326896645445,0
0,0,33,True,middle,4,0,0,0.4662685405721955,0.9448569464315484,0.9821326896645445,0
0,0,34,True,middle,1,0,0,0.7150883331251651,0.8933503287359642,1.2371352209356505,0
0,0,34,True,middle,2,0,0,0.8102966653634277,0.8605426167355325,1.2371352209356505,0
0,0,34,True,middle,3,0,0,0.7720858476569203,0.8743848831118393,1.2371352209356505,0
0,0,34,True,middle,4,0,0,0.9473362531728292,0.8062154810907913,1.2371352209356505,0
0,0,35,True,middle,1,0,0,0.18483102003938637,0.9932288631297774,1.227285327632623,0
0,0,35,True,middle,2,0,0,0.6349112198210735,0.9165862236091554,1.227285327632623,0
0,0,35,True,middle,3,0,0,0.7962344098585487,0.8643117856586643,1.227285327632623,0
0,0,35,True,middle,4,0,0,0.7354428414631676,0.8857301817639012,1.227285327632623,0
0,0,36,True,middle,1,0,0,0.25587392690136584,0.98839027969039,1.0876040985908009,0
0,0,36,True,middle,2,0,0,0.32938927824788805,0.9796489813697462,1.0876040985908009,0
0,0,36,True,middle,3,0,0,0.4079706232320263,0.9612018311049609,1.0876040985908009,0
0,0,36,True,middle,4,0,0,0.5578658812160113,0.9259752142078504,1.0876040985908009,0
0,0,37,True,middle,1,1,7,0.0,1.0,1.0876040985908009,0
0,0,37,True,middle,2,0,0,0.25587392690136584,0.98839027969039,1.0876040985908009,0
0,0,37,True,middle,3,0,0,0.32938927824788805,0.9796489813697462,1.0876040985908009,0
0,0,37,True,middle,4,0,0,0.4079706232320263,0.9612018311049609,1.0876040985908009,0
0,0,38,True,middle,1,0,0,0.07669123726469274,0.9987073435175434,1.0637665478205287,0
0,0,38,True,middle,2,0,0,0.07669123726469274,0.9987073435175434,1.0637665478205287,0
0,0,38,True,middle,3,0,0,0.2912956849534226,0.9849226489421585,1.0637665478205287,0
0,0,38,True,middle,4,0,0,0.3468363837719374,0.9777829401112651,1.0637665478205287,0
0,0,39,True,middle,1,0,0,0.07753845859046282,0.9986081716963926,1.0734384368628782,0
0,0,39,True,middle,2,0,0,0.0558101370007461,0.9993064235452196,1.0734384368628782,0
0,0,39,True,middle,3,0,0,0.0558101370007461,0.9993064235452196,1.0734384368628782,0
0,0,39,True,middle,4,0,0,0.2821896216154631,0.9857558884469056,1.0734384368628782,0
0,0,40,True,middle,1,0,0,0.11340609713574541,0.9971878072610938,1.0293780874968221,0
0,0,40,True,middle,2,0,0,0.124831534720243,0.9964289666412135,1.0293780874968221,0
0,0,40,True,middle,3,0,0,0.1436449580995651,0.9955566830994835,1.0293780874968221,0
0,0,40,True,middle,4,0,0,0.1436449580995651,0.9955566830994835,1.0293780874968221,0
0,0,41,True,middle,1,0,0,0.6511723842248032,0.9077088831342077,1.1848949823974213,0
0,0,41,True,middle,2,0,0,0.6263220643261505,0.9153007350837067,1.1848949823974213,0
0,0,41,True,middle,3,0,0,0.578018034513543,0.9280117416270384,1.1848949823974213,0
0,0,41,True,middle,4,0,0,0.605740156507593,0.9210766394374775,1.1848949823974213,0
0,0,42,True,middle,1,0,0,0.7720775590689579,0.8678908087809731,0.8179736372567027,0
0,0,42,True,middle,2,0,0,0.3772438644970787,0.9671526310389804,0.8179736372567027,0
0,0,42,True,middle,3,0,0,0.47298872361822586,0.9490732708973719,0.8179736372567027,0
0,0,42,True,middle,4,0,0,0.4667530619800047,0.9497378172409078,0.8179736372567027,0
0,0,43,True,middle,1,0,1,0.14135510176107555,0.9945617910795538,0.7358792232523766,0
0,0,43,True,middle,2,0,0,0.7526303755969609,0.8776556844253726,0.7358792232523766,0
0,0,43,True,middle,3,0,0,0.47535101737295543,0.9471068915272585,0.7358792232523766,0
0,0,43,True,middle,4,0,0,0.564024326592361,0.9266305440737105,0.7358792232523766,0
0,0,44,True,middle,1,0,2,0.07331932759752469,0.9987875339587586,0.6625607116823016,0
0,0,44,True,middle,2,0,1,0.1900221992082595,0.991102013930792,0.6625607116823016,0
0,0,44,True,middle,3,0,0,0.7751497368812574,0.8715728840213017,0.6625607116823016,0
0,0,44,True,middle,4,0,0,0.5102579955604457,0.9404972762162972,0.6625607116823016,0
0,0,45,True,middle,1,0,0,2.0095076325001027,-0.40293628570258333,0.6628337134342548,1
0,0,45,True,middle,2,0,0,2.0119138221889634,-0.35813667991995485,0.6628337134342548,1
0,0,45,True,middle,3,0,0,2.020559538718276,-0.3142754620967534,0.6628337134342548,1
0,0,45,True,middle,4,0,0,2.094643887943537,-0.14628074357759654,0.6628337134342548,1
0,0,46,True,middle,1,0,0,0.04403584862834114,0.9994319622600474,0.6294264764282488,0
0,0,46,True,middle,2,0,0,2.0108413579075832,-0.4262385461664628,0.6294264764282488,1
0,0,46,True,middle,3,0,0,2.0145805998544217,-0.38200459504398526,0.6294264764282488,1
0,0,46,True,middle,4,0,0,2.0247491744832917,-0.33878858038123116,0.6294264764282488,1
0,0,47,True,middle,1,0,2,0.37582533617927166,0.9503055841577454,0.30639582591581027,0
0,0,47,True,middle,2,0,0,0.41190757557458996,0.9418222778785666,0.30639582591581027,0
0,0,47,True,middle,3,0,0,2.0559613637444527,-0.675148360860908,0.30639582591581027,1
0,0,47,True,middle,4,0,0,2.0726278956536484,-0.6393242742407039,0.30639582591581027,1
0,0,48,True,middle,1,0,0,0.19379346585398452,0.9827043281520972,0.20667163571120123,0
0,0,48,True,middle,2,0,0,0.4464873690865885,0.9280599475270942,0.20667163571120123,0
0,0,48,True,middle,3,0,0,0.47707755016307396,0.9201250972229356,0.20667163571120123,0
0,0,48,True,middle,4,0,2,2.0532450065846386,-0.7078433074844391,0.20667163571120123,1
0,0,49,True,middle,1,0,1,0.20705216495871268,0.9792320732897505,0.0793483816630965,0
0,0,49,True,middle,2,0,0,0.30262182853141584,0.9572268272925742,0.0793483816630965,0
0,0,49,True,middle,3,0,0,0.6316029916521196,0.8451567455940617,0.0793483816630965,0
0,0,49,True,middle,4,0,0,0.6624977946838329,0.8337109674694502,0.0793483816630965,0
0,0,50,True,middle,1,0,2,0.07442892526758475,0.9972437328003181,0.03572892447876568,0
0,0,50,True,middle,2,0,1,0.226538317591678,0.9750928207148468,0.03572892447876568,0
0,0,50,True,middle,3,0,0,0.3198827696703176,0.9520915330724844,0.03572892447876568,0
0,0,50,True,middle,4,0,0,0.649483291917277,0.8354631525206349,0.03572892447876568,0
0,0,51,True,middle,1,0,2,0.08151550713379217,0.996711844402018,0.10755944557550551,0
0,0,51,True,middle,2,0,2,0.12321107550312368,0.9924801063647642,0.10755944557550551,0
0,0,51,True,middle,3,0,1,0.30522759219558143,0.9547586650638309,0.10755944557550551,0
0,0,51,True,middle,4,0,0,0.38570610353280493,0.930051788412015,0.10755944557550551,0
0,0,52,True,middle,1,0,1,0.06746373579587472,0.9978074088578012,0.17109379198483005,0
0,0,52,True,middle,2,0,1,0.14784708049927417,0.9893290930268642,0.17109379198483005,0
0,0,52,True,middle,3,0,1,0.18113592985223068,0.9839442334602567,0.17109379198483005,0
0,0,52,True,middle,4,0,2,0.3707483827769533,0.9336802241110252,0.17109379198483005,0
0,0,53,True,middle,1,0,1,0.09510253641917059,0.995866311785774,0.2623715377663507,0
0,0,53,True,middle,2,0,1,0.15688745337406854,0.9885434530345858,0.2623715377663507,0
0,0,53,True,middle,3,0,1,0.23741132524396216,0.9732909645390121,0.2623715377663507,0
0,0,53,True,middle,4,0,1,0.2681740506782369,0.9657820450261424,0.2623715377663507,0
0,0,54,True,middle,1,0,1,0.060563526514372135,0.9984277534376043,0.3195567124094484,0
0,0,54,True,middle,2,0,1,0.1496680733856406,0.9900685595933096,0.3195567124094484,0
0,0,54,True,middle,3,0,1,0.21475292162474804,0.9790796439790069,0.3195567124094484,0
0,0,54,True,middle,4,0,1,0.2956364230955047,0.9595510109406495,0.3195567124094484,0
0,0,55,True,middle,1,0,0,0.05424796275170504,0.9986843302442545,0.3365759506325073,0
0,0,55,True,middle,2,0,0,0.09370822704889202,0.9961824782236721,0.3365759506325073,0
0,0,55,True,middle,3,0,0,0.17117792934502507,0.9870829547732126,0.3365759506325073,0
0,0,55,True,middle,4,0,0,0.23514071352447974,0.9750966496369781,0.3365759506325073,0
0,0,56,True,middle,1,0,0,0.3329825000112872,0.9642342342481303,0.6599253934088593,0
0,0,56,True,middle,2,0,0,0.3660222335452721,0.955487224670031,0.6599253934088593,0
0,0,56,True,middle,3,0,0,0.4195418249652286,0.9398437711225889,0.6599253934088593,0
0,0,56,True,middle,4,0,0,0.5001167882216732,0.9109813771783478,0.6599253934088593,0
0,0,57,True,late,1,0,0,0.29188775386296434,0.9706686910293906,0.49505432996875337,0
0,0,57,True,late,2,0,0,0.23036526999763707,0.9790278504629616,0.49505432996875337,0
0,0,57,True,late,3,0,0,0.27184616647270715,0.9703169596369761,0.49505432996875337,0
0,0,57,True,late,4,0,0,0.29720621084722587,0.9646280210025188,0.49505432996875337,0
0,0,58,True,late,1,0,0,0.16271366741491136,0.9922758638393223,0.6501064358089782,0
0,0,58,True,late,2,0,0,0.23863234605054978,0.9800859897345059,0.6501064358089782,0
0,0,58,True,late,3,0,0,0.3570018662945608,0.9568885978813101,0.6501064358089782,0
0,0,58,True,late,4,0,0,0.39698848967575284,0.9452260703917225,0.6501064358089782,0
0,0,59,True,late,1,0,0,0.3011265974264579,0.9732102110765174,0.8072792815779539,0
0,0,59,True,late,2,0,0,0.40708371160906837,0.9522204420390808,0.8072792815779539,0
0,0,59,True,late,3,0,0,0.1593640405550967,0.994214434771909,0.8072792815779539,0
0,0,59,True,late,4,0,0,0.48776206694030727,0.93179223848774,0.8072792815779539,0
0,0,60,True,late,1,0,0,0.08985121302760252,0.9984797527365246,0.8897146020111218,0
0,0,60,True,late,2,0,0,0.35984648264843033,0.9660995464784163,0.8897146020111218,0
0,0,60,True,late,3,0,0,0.48066409549443123,0.9392535925663554,0.8897146020111218,0
0,0,60,True,late,4,0,0,0.24842919738630564,0.9869019050396787,0.8897146020111218,0
0,0,61,True,late,1,0,0,0.15339711725536825,0.9962684617277534,1.0283901742811266,0
0,0,61,True,late,2,0,0,0.24203668936666753,0.9901524784107719,1.0283901742811266,0
0,0,61,True,late,3,0,0,0.47952210702740894,0.9498716426001126,1.0283901742811266,0
0,0,61,True,late,4,0,0,0.6113222410186512,0.9149651402051654,1.0283901742811266,0
0,0,62,True,late,1,1,7,0.0,1.0,1.0283901742811266,0
0,0,62,True,late,2,0,0,0.15339711725536825,0.9962684617277534,1.0283901742811266,0
0,0,62,True,late,3,0,0,0.24203668936666753,0.9901524784107719,1.0283901742811266,0
0,0,62,True,late,4,0,0,0.47952210702740894,0.9498716426001126,1.0283901742811266,0
0,0,63,True,late,1,0,0,0.1331713861856753,0.9962837728523244,1.0894242184356357,0
0,0,63,True,late,2,0,0,0.1331713861856753,0.9962837728523244,1.0894242184356357,0
0,0,63,True,late,3,0,0,0.2655494186074363,0.987159132544516,1.0894242184356357,0
0,0,63,True,late,4,0,0,0.3476740192111229,0.9780611324206263,1.0894242184356357,0
0,0,64,True,late,1,0,0,0.15862410360923998,0.9943314122683986,1.1064336007282145,0
0,0,64,True,late,2,0,0,0.271231346488316,0.9835636079186488,1.1064336007282145,0
0,0,64,True,late,3,0,0,0.271231346488316,0.9835636079186488,1.1064336007282145,0
0,0,64,True,late,4,0,0,0.3695109256667941,0.9716539966704878,1.1064336007282145,0
0,0,65,True,late,1,0,0,0.27925037902390476,0.98475413240494,0.9295412614917707,0
0,0,65,True,late,2,0,0,0.37599747401015576,0.9681792747160494,0.9295412614917707,0
0,0,65,True,late,3,0,0,0.4326112248259564,0.9534387091565792,0.9295412614917707,0
0,0,65,True,late,4,0,0,0.4326112248259564,0.9534387091565792,0.9295412614917707,0
0,0,66,True,late,1,1,7,0.0,1.0000000000000002,0.9295412614917707,0
0,0,66,True,late,2,0,0,0.27925037902390476,0.98475413240494,0.9295412614917707,0
0,0,66,True,late,3,0,0,0.37599747401015576,0.9681792747160494,0.9295412614917707,0
0,0,66,True,late,4,0,0,0.4326112248259564,0.9534387091565792,0.9295412614917707,0
0,0,67,True,late,1,1,7,0.0,1.0000000000000002,0.9295412614917707,0
0,0,67,True,late,2,1,7,0.0,1.0000000000000002,0.9295412614917707,0
0,0,67,True,late,3,0,0,0.27925037902390476,0.98475413240494,0.9295412614917707,0
0,0,67,True,late,4,0,0,0.37599747401015576,0.9681792747160494,0.9295412614917707,0
0,0,68,True,late,1,0,0,0.40337140702712254,0.958044615112084,0.9881747774611157,0
0,0,68,True,late,2,0,0,0.40337140702712254,0.958044615112084,0.9881747774611157,0
0,0,68,True,late,3,0,0,0.40337140702712254,0.958044615112084,0.9881747774611157,0
0,0,68,True,late,4,0,0,0.5341236577473485,0.9337101110458669,0.9881747774611157,0
0,0,69,True,late,1,0,0,0.5368852655550836,0.924703019281579,0.7625008663909546,0
0,0,69,True,late,2,0,0,0.6148596810762134,0.8932857045712571,0.7625008663909546,0
0,0,69,True,late,3,0,0,0.6148596810762134,0.8932857045712571,0.7625008663909546,0
0,0,69,True,late,4,0,0,0.6148596810762134,0.8932857045712571,0.7625008663909546,0
0,0,70,True,late,1,0,3,0.06052157219290893,0.998844287519041,0.7652288897544133,0
0,0,70,True,late,2,0,0,0.5347109433058513,0.9253221466766415,0.7652288897544133,0
0,0,70,True,late,3,0,0,0.6079679498877808,0.8957740350449972,0.7652288897544133,0
0,0,70,True,late,4,0,0,0.6079679498877808,0.8957740350449972,0.7652288897544133,0
0,0,71,True,late,1,0,0,0.18749456992897864,0.9927851936349834,0.9236188042107009,0
0,0,71,True,late,2,0,0,0.18190612757561242,0.9934782043284733,0.9236188042107009,0
0,0,71,True,late,3,0,0,0.4876037406503429,0.9384026816635186,0.9236188042107009,0
0,0,71,True,late,4,0,0,0.6037800505289387,0.9019305624670392,0.9236188042107009,0
0,0,72,True,late,1,0,0,0.06314205200214752,0.9989443117180483,0.9343541327441105,0
0,0,72,True,late,2,0,0,0.20535600363122739,0.9912361362272173,0.9343541327441105,0
0,0,72,True,late,3,0,0,0.19726093190646782,0.9922775122327394,0.9343541327441105,0
0,0,72,True,late,4,0,0,0.5384827092024406,0.9250093436436128,0.9343541327441105,0
0,0,73,True,late,1,0,1,0.1857609187365662,0.9909188569638772,0.9532000424293672,0
0,0,73,True,late,2,0,0,0.24090692623033458,0.9846789263979603,0.9532000424293672,0
0,0,73,True,late,3,0,0,0.27690830099013247,0.9822615272959148,0.9532000424293672,0
0,0,73,True,late,4,0,0,0.27095939582612977,0.983293556275143,0.9532000424293672,0
0,0,74,True,late,1,0,0,0.7179990137213593,0.8657798120367859,0.965312558906498,0
0,0,74,True,late,2,0,0,0.8751735977168801,0.7987919228537748,0.965312558906498,0
0,0,74,True,late,3,0,0,0.9121985464264935,0.7803200278798056,0.965312558906498,0
0,0,74,True,late,4,0,0,0.8060129116418653,0.8192814258959364,0.965312558906498,0
0,0,75,True,late,1,0,0,0.16839003417865672,0.9929260791331045,0.999056618161614,0
0,0,75,True,late,2,0,0,0.880231336390652,0.8018829972876835,0.999056618161614,0
0,0,75,True,late,3,0,0,1.0322457926749251,0.7251281062491112,0.999056618161614,0
0,0,75,True,late,4,0,0,1.067190377610621,0.7047741296877089,0.999056618161614,0
0,0,76,True,late,1,0,0,0.24767671530370175,0.9845408426165773,0.9584435821814319,0
0,0,76,True,late,2,0,0,0.39407796731926453,0.9596732878318918,0.9584435821814319,0
0,0,76,True,late,3,0,0,1.0549872850514872,0.7091901189731975,0.9584435821814319,0
0,0,76,True,late,4,0,0,1.1915743845641271,0.625575980386882,0.9584435821814319,0
0,0,77,True,late,1,0,0,0.21827234516724756,0.9875072391065388,0.9364282747717931,0
0,0,77,True,late,2,0,0,0.4622747859836498,0.9453149300712739,0.9364282747717931,0
0,0,77,True,late,3,0,0,0.5950936135359594,0.9071140718108555,0.9364282747717931,0
0,0,77,True,late,4,0,0,1.201512546076501,0.6186620503794314,0.9364282747717931,0
0,0,78,True,late,1,0,3,0.0041386555222903965,0.9999954502233271,0.9367448739096846,0
0,0,78,True,late,2,0,0,0.2189539952471068,0.9874289826539897,0.9367448739096846,0
0,0,78,True,late,3,0,0,0.46278953014218455,0.9451957903030573,0.9367448739096846,0
0,0,78,True,late,4,0,0,0.5955223230604751,0.9069924851991026,0.9367448739096846,0
0,0,79,True,late,1,0,0,0.4864317045684659,0.9422914305827069,1.0540362525268356,0
0,0,79,True,late,2,0,0,0.48610411814351523,0.9423713460269258,1.0540362525268356,0
0,0,79,True,late,3,0,0,0.6812161880098014,0.885848608624617,1.0540362525268356,0
0,0,79,True,late,4,0,0,0.9196962892467518,0.7944542685806594,1.0540362525268356,0
0,0,80,True,late,1,0,0,0.06776892253606365,0.9989129746449995,1.0551547034370132,0
0,0,80,True,late,2,0,0,0.49101017719625084,0.9412341842401826,1.0551547034370132,0
0,0,80,True,late,3,0,0,0.4905669485240278,0.9413432120937383,1.0551547034370132,0
0,0,80,True,late,4,0,0,0.6788841985196992,0.8867273890511348,1.0551547034370132,0
0,0,81,True,late,1,0,0,0.15785315428718572,0.9947100112703339,0.972472984446424,0
0,0,81,True,late,2,0,0,0.11763417612964522,0.9974171629590406,0.972472984446424,0
0,0,81,True,late,3,0,0,0.4770136234102484,0.94063353367509,0.972472984446424,0
0,0,81,True,late,4,0,0,0.4771608223326158,0.9405902126097715,0.972472984446424,0
0,0,82,True,late,1,0,0,0.26722532902924706,0.9883844949269109,1.172970401031634,0
0,0,82,True,late,2,0,0,0.2791472596922397,0.9843264451440357,1.172970401031634,0
0,0,82,True,late,3,0,0,0.25146488090325453,0.9876290181999222,1.172970401031634,0
0,0,82,True,late,4,0,0,0.7024421427805589,0.8901228313253088,1.172970401031634,0
0,0,83,True,late,1,0,0,0.0935972010193156,0.9982464925828343,1.196743688415225,0
0,0,83,True,late,2,0,0,0.30484807612895065,0.9848721971338618,1.196743688415225,0
0,0,83,True,late,3,0,0,0.2831128844330058,0.9847924025329211,1.196743688415225,0
0,0,83,True,late,4,0,0,0.27061771244339844,0.986348703450315,1.196743688415225,0
0,0,84,True,late,1,0,0,0.2930214999898434,0.9886688699255534,0.9300603012665423,0
0,0,84,True,late,2,0,0,0.2865584874650316,0.9878300271195908,0.9300603012665423,0
0,0,84,True,late,3,0,0,0.26292908567472323,0.9820787996388688,0.9300603012665423,0
0,0,84,True,late,4,0,0,0.3431266836983656,0.9723021106313781,0.9300603012665423,0
0,1,1,False,early,1,1,7,0.0,1.0,0.22959240445636103,0
0,1,2,False,early,1,0,0,0.24344218283380617,0.9760089669806444,0.4537816912487975,0
0,1,2,False,early,2,0,0,0.24344218283380617,0.9760089669806444,0.4537816912487975,0
0,1,3,False,early,1,0,0,0.3612390080872075,0.9446199010597681,0.1575776573433211,0
0,1,3,False,early,2,0,0,0.20441740628128766,0.9799748502061438,0.1575776573433211,0
0,1,3,False,early,3,0,0,0.20441740628128766,0.9799748502061438,0.1575776573433211,0
0,1,4,False,early,1,0,0,0.19454606189055376,0.9814345492898455,0.10721799665757478,0
0,1,4,False,early,2,0,0,0.3896115895945037,0.9351446331080109,0.10721799665757478,0
0,1,4,False,early,3,0,0,0.15092623299899435,0.9891621173367396,0.10721799665757478,0
0,1,4,False,early,4,0,0,0.15092623299899435,0.9891621173367396,0.10721799665757478,0
0,1,5,False,early,1,0,1,0.10250000158945716,0.9947931330798377,0.006136882975431212,0
0,1,5,False,early,2,0,0,0.16157317358146364,0.9871813673462262,0.006136882975431212,0
0,1,5,False,early,3,0,0,0.453392183242773,0.9107891831545805,0.006136882975431212,0
0,1,5,False,early,4,0,0,0.22765197096573875,0.9750742613540316,0.006136882975431212,0
0,1,6,False,early,1,0,0,0.1622507590409615,0.9870889316726098,0.16158446969692017,0
0,1,6,False,early,2,0,0,0.1440943311998224,0.9898354685374382,0.16158446969692017,0
0,1,6,False,early,3,0,1,0.09907581171590334,0.9952140879578166,0.16158446969692017,0
0,1,6,False,early,4,0,0,0.31029044777871284,0.9599843002448277,0.16158446969692017,0
0,1,7,False,early,1,0,1,0.04452142665356264,0.9990340947397688,0.16128278109062527,0
0,1,7,False,early,2,0,0,0.16324483617541427,0.9869279883309612,0.16128278109062527,0
0,1,7,False,early,3,0,0,0.16134082500374328,0.9872492227204724,0.16128278109062527,0
0,1,7,False,early,4,0,1,0.06205166949855949,0.9981226889064396,0.16128278109062527,0
0,1,8,False,early,1,0,1,0.10964549127328443,0.9942137860458088,0.20397331183686493,0
0,1,8,False,early,2,0,1,0.07565549907112855,0.9972598489479474,0.20397331183686493,0
0,1,8,False,early,3,0,0,0.2026619453227794,0.9800860877143903,0.20397331183686493,0
0,1,8,False,early,4,0,0,0.14379630786423245,0.9900351779993414,0.20397331183686493,0
0,1,9,False,early,1,0,0,0.22492715309466177,0.975423962598102,0.029539338920116124,0
0,1,9,False,early,2,0,0,0.18709867669175814,0.9828048009389836,0.029539338920116124,0
0,1,9,False,early,3,0,0,0.18701116958642897,0.9828223626405435,0.029539338920116124,0
0,1,9,False,early,4,0,0,0.02707935782611488,0.9996336080041118,0.029539338920116124,0
0,1,10,False,early,1,1,7,0.0,0.9999999999999998,0.029539338920116124,0
0,1,10,False,early,2,0,0,0.22492715309466177,0.975423962598102,0.029539338920116124,0
0,1,10,False,early,3,0,0,0.18709867669175814,0.9828048009389836,0.029539338920116124,0
0,1,10,False,early,4,0,0,0.18701116958642897,0.9828223626405435,0.029539338920116124,0
0,1,11,False,early,1,1,7,0.0,0.9999999999999998,0.029539338920116124,0
0,1,11,False,early,2,1,7,0.0,0.9999999999999998,0.029539338920116124,0
0,1,11,False,early,3,0,0,0.22492715309466177,0.975423962598102,0.029539338920116124,0
0,1,11,False,early,4,0,0,0.18709867669175814,0.9828048009389836,0.029539338920116124,0
0,1,12,False,early,1,1,7,0.0,0.9999999999999998,0.029539338920116124,0
0,1,12,False,early,2,1,7,0.0,0.9999999999999998,0.029539338920116124,0
0,1,12,False,early,3,1,7,0.0,0.9999999999999998,0.029539338920116124,0
0,1,12,False,early,4,0,0,0.22492715309466177,0.975423962598102,0.029539338920116124,0
0,1,13,False,early,1,1,7,0.0,0.9999999999999998,0.029539338920116124,0
0,1,13,False,early,2,1,7,0.0,0.9999999999999998,0.029539338920116124,0
0,1,13,False,early,3,1,7,0.0,0.9999999999999998,0.029539338920116124,0
0,1,13,False,early,4,1,7,0.0,0.9999999999999998,0.029539338920116124,0
0,1,14,False,early,1,1,7,0.0,0.9999999999999998,0.029539338920116124,0
0,1,14,False,early,2,1,7,0.0,0.9999999999999998,0.029539338920116124,0
0,1,14,False,early,3,1,7,0.0,0.9999999999999998,0.029539338920116124,0
0,1,14,False,early,4,1,7,0.0,0.9999999999999998,0.029539338920116124,0
0,1,15,False,early,1,1,7,0.0,0.9999999999999998,0.029539338920116124,0
0,1,15,False,early,2,1,7,0.0,0.9999999999999998,0.029539338920116124,0
0,1,15,False,early,3,1,7,0.0,0.9999999999999998,0.029539338920116124,0
0,1,15,False,early,4,1,7,0.0,0.9999999999999998,0.029539338920116124,0
0,1,16,False,early,1,1,7,0.0,0.9999999999999998,0.029539338920116124,0
0,1,16,False,early,2,1,7,0.0,0.9999999999999998,0.029539338920116124,0
0,1,16,False,early,3,1,7,0.0,0.9999999999999998,0.029539338920116124,0
0,1,16,False,early,4,1,7,0.0,0.9999999999999998,0.029539338920116124,0
0,1,17,False,early,1,1,7,0.0,0.9999999999999998,0.029539338920116124,0
0,1,17,False,early,2,1,7,0.0,0.9999999999999998,0.029539338920116124,0
0,1,17,False,early,3,1,7,0.0,0.9999999999999998,0.029539338920116124,0
0,1,17,False,early,4,1,7,0.0,0.9999999999999998,0.029539338920116124,0
0,1,18,False,early,1,1,7,0.0,0.9999999999999998,0.029539338920116124,0
0,1,18,False,early,2,1,7,0.0,0.9999999999999998,0.029539338920116124,0
0,1,18,False,early,3,1,7,0.0,0.9999999999999998,0.029539338920116124,0
0,1,18,False,early,4,1,7,0.0,0.9999999999999998,0.029539338920116124,0
0,1,19,False,early,1,1,7,0.0,0.9999999999999998,0.029539338920116124,0
0,1,19,False,early,2,1,7,0.0,0.9999999999999998,0.029539338920116124,0
0,1,19,False,early,3,1,7,0.0,0.9999999999999998,0.029539338920116124,0
0,1,19,False,early,4,1,7,0.0,0.9999999999999998,0.029539338920116124,0
0,1,20,False,early,1,1,7,0.0,0.9999999999999998,0.029539338920116124,0
0,1,20,False,early,2,1,7,0.0,0.9999999999999998,0.029539338920116124,0
0,1,20,False,early,3,1,7,0.0,0.9999999999999998,0.029539338920116124,0
0,1,20,False,early,4,1,7,0.0,0.9999999999999998,0.029539338920116124,0
0,1,21,False,early,1,1,7,0.0,0.9999999999999998,0.029539338920116124,0
0,1,21,False,early,2,1,7,0.0,0.9999999999999998,0.029539338920116124,0
0,1,21,False,early,3,1,7,0.0,0.9999999999999998,0.029539338920116124,0
0,1,21,False,early,4,1,7,0.0,0.9999999999999998,0.029539338920116124,0
0,1,22,False,early,1,1,7,0.0,0.9999999999999998,0.029539338920116124,0
0,1,22,False,early,2,1,7,0.0,0.9999999999999998,0.029539338920116124,0
0,1,22,False,early,3,1,7,0.0,0.9999999999999998,0.029539338920116124,0
0,1,22,False,early,4,1,7,0.0,0.9999999999999998,0.029539338920116124,0
0,1,23,False,early,1,1,7,0.0,0.9999999999999998,0.029539338920116124,0
0,1,23,False,early,2,1,7,0.0,0.9999999999999998,0.029539338920116124,0
0,1,23,False,early,3,1,7,0.0,0.9999999999999998,0.029539338920116124,0
0,1,23,False,early,4,1,7,0.0,0.9999999999999998,0.029539338920116124,0
0,1,24,False,early,1,1,7,0.0,0.9999999999999998,0.029539338920116124,0
0,1,24,False,early,2,1,7,0.0,0.9999999999999998,0.029539338920116124,0
0,1,24,False,early,3,1,7,0.0,0.9999999999999998,0.029539338920116124,0
0,1,24,False,early,4,1,7,0.0,0.9999999999999998,0.029539338920116124,0
0,1,25,False,early,1,1,7,0.0,0.9999999999999998,0.029539338920116124,0
0,1,25,False,early,2,1,7,0.0,0.9999999999999998,0.029539338920116124,0
0,1,25,False,early,3,1,7,0.0,0.9999999999999998,0.029539338920116124,0
0,1,25,False,early,4,1,7,0.0,0.9999999999999998,0.029539338920116124,0
0,1,26,False,early,1,1,7,0.0,0.9999999999999998,0.029539338920116124,0
0,1,26,False,early,2,1,7,0.0,0.9999999999999998,0.029539338920116124,0
0,1,26,False,early,3,1,7,0.0,0.9999999999999998,0.029539338920116124,0
0,1,26,False,early,4,1,7,0.0,0.9999999999999998,0.029539338920116124,0
0,1,27,False,early,1,1,7,0.0,0.9999999999999998,0.029539338920116124,0
0,1,27,False,early,2,1,7,0.0,0.9999999999999998,0.029539338920116124,0
0,1,27,False,early,3,1,7,0.0,0.9999999999999998,0.029539338920116124,0
0,1,27,False,early,4,1,7,0.0,0.9999999999999998,0.029539338920116124,0
0,1,28,False,early,1,1,7,0.0,0.9999999999999998,0.029539338920116124,0
0,1,28,False,early,2,1,7,0.0,0.9999999999999998,0.029539338920116124,0
0,1,28,False,early,3,1,7,0.0,0.9999999999999998,0.029539338920116124,0
0,1,28,False,early,4,1,7,0.0,0.9999999999999998,0.029539338920116124,0
0,1,29,False,early,1,1,7,0.0,0.9999999999999998,0.029539338920116124,0
0,1,29,False,early,2,1,7,0.0,0.9999999999999998,0.029539338920116124,0
0,1,29,False,early,3,1,7,0.0,0.9999999999999998,0.029539338920116124,0
0,1,29,False,early,4,1,7,0.0,0.9999999999999998,0.029539338920116124,0
0,1,30,False,early,1,1,7,0.0,0.9999999999999998,0.029539338920116124,0
0,1,30,False,early,2,1,7,0.0,0.9999999999999998,0.029539338920116124,0
0,1,30,False,early,3,1,7,0.0,0.9999999999999998,0.029539338920116124,0
0,1,30,False,early,4,1,7,0.0,0.9999999999999998,0.029539338920116124,0
0,1,31,False,early,1,1,7,0.0,0.9999999999999998,0.029539338920116124,0
0,1,31,False,early,2,1,7,0.0,0.9999999999999998,0.029539338920116124,0
0,1,31,False,early,3,1,7,0.0,0.9999999999999998,0.029539338920116124,0
0,1,31,False,early,4,1,7,0.0,0.9999999999999998,0.029539338920116124,0
0,1,32,False,early,1,1,7,0.0,0.9999999999999998,0.029539338920116124,0
0,1,32,False,early,2,1,7,0.0,0.9999999999999998,0.029539338920116124,0
0,1,32,False,early,3,1,7,0.0,0.9999999999999998,0.029539338920116124,0
0,1,32,False,early,4,1,7,0.0,0.9999999999999998,0.029539338920116124,0
0,1,33,False,early,1,0,0,0.039599369680180296,0.9992164032257125,0.010651693704581832,0
0,1,33,False,early,2,0,0,0.039599369680180296,0.9992164032257125,0.010651693704581832,0
0,1,33,False,early,3,0,0,0.039599369680180296,0.9992164032257125,0.010651693704581832,0
0,1,33,False,early,4,0,0,0.039599369680180296,0.9992164032257125,0.010651693704581832,0
0,1,34,False,early,1,0,0,0.039599369680180296,0.9992164032257125,0.029539338920116124,0
0,1,34,False,early,2,1,7,0.0,0.9999999999999998,0.029539338920116124,0
0,1,34,False,early,3,1,7,0.0,0.9999999999999998,0.029539338920116124,0
0,1,34,False,early,4,1,7,0.0,0.9999999999999998,0.029539338920116124,0
0,1,35,False,early,1,1,7,0.0,0.9999999999999998,0.029539338920116124,0
0,1,35,False,early,2,0,0,0.039599369680180296,0.9992164032257125,0.029539338920116124,0
0,1,35,False,early,3,1,7,0.0,0.9999999999999998,0.029539338920116124,0
0,1,35,False,early,4,1,7,0.0,0.9999999999999998,0.029539338920116124,0
0,1,36,False,early,1,0,0,0.11291856024534334,0.9936739561141299,0.10406507830522901,0
0,1,36,False,early,2,0,0,0.11291856024534334,0.9936739561141299,0.10406507830522901,0
0,1,36,False,early,3,0,2,0.10574729863601079,0.9944533002850106,0.10406507830522901,0
0,1,36,False,early,4,0,0,0.11291856024534334,0.9936739561141299,0.10406507830522901,0
0,1,37,False,early,1,1,7,0.0,1.0,0.10406507830522901,0
0,1,37,False,early,2,0,0,0.11291856024534334,0.9936739561141299,0.10406507830522901,0
0,1,37,False,early,3,0,0,0.11291856024534334,0.9936739561141299,0.10406507830522901,0
0,1,37,False,early,4,0,2,0.10574729863601079,0.9944533002850106,0.10406507830522901,0
0,1,38,False,early,1,0,0,0.11291856024534334,0.9936739561141299,0.029539338920116124,0
0,1,38,False,early,2,0,0,0.11291856024534334,0.9936739561141299,0.029539338920116124,0
0,1,38,False,early,3,1,7,0.0,0.9999999999999998,0.029539338920116124,0
0,1,38,False,early,4,1,7,0.0,0.9999999999999998,0.029539338920116124,0
0,1,39,False,early,1,1,7,0.0,0.9999999999999998,0.029539338920116124,0
0,1,39,False,early,2,0,0,0.11291856024534334,0.9936739561141299,0.029539338920116124,0
0,1,39,False,early,3,0,0,0.11291856024534334,0.9936739561141299,0.029539338920116124,0
0,1,39,False,early,4,1,7,0.0,0.9999999999999998,0.029539338920116124,0
0,1,40,False,early,1,1,7,0.0,0.9999999999999998,0.029539338920116124,0
0,1,40,False,early,2,1,7,0.0,0.9999999999999998,0.029539338920116124,0
0,1,40,False,early,3,0,0,0.11291856024534334,0.9936739561141299,0.029539338920116124,0
0,1,40,False,early,4,0,0,0.11291856024534334,0.9936739561141299,0.029539338920116124,0
0,1,41,False,early,1,0,0,0.11291856024534334,0.9936739561141299,0.10406507830522901,0
0,1,41,False,early,2,0,0,0.11291856024534334,0.9936739561141299,0.10406507830522901,0
0,1,41,False,early,3,0,0,0.11291856024534334,0.9936739561141299,0.10406507830522901,0
0,1,41,False,early,4,1,7,0.0,1.0,0.10406507830522901,0
0,1,42,False,early,1,1,7,0.0,1.0,0.10406507830522901,0
0,1,42,False,early,2,0,0,0.11291856024534334,0.9936739561141299,0.10406507830522901,0
0,1,42,False,early,3,0,0,0.11291856024534334,0.9936739561141299,0.10406507830522901,0
0,1,42,False,early,4,0,0,0.11291856024534334,0.9936739561141299,0.10406507830522901,0
0,1,43,False,early,1,1,7,0.0,1.0,0.10406507830522901,0
0,1,43,False,early,2,1,7,0.0,1.0,0.10406507830522901,0
0,1,43,False,early,3,0,0,0.11291856024534334,0.9936739561141299,0.10406507830522901,0
0,1,43,False,early,4,0,0,0.11291856024534334,0.9936739561141299,0.10406507830522901,0
0,1,44,False,early,1,1,7,0.0,1.0,0.10406507830522901,0
0,1,44,False,early,2,1,7,0.0,1.0,0.10406507830522901,0
0,1,44,False,early,3,1,7,0.0,1.0,0.10406507830522901,0
0,1,44,False,early,4,0,0,0.11291856024534334,0.9936739561141299,0.10406507830522901,0
0,1,45,False,early,1,0,2,0.17381448437159422,0.9857792362517968,0.2546890350711537,0
0,1,45,False,early,2,0,2,0.17381448437159422,0.9857792362517968,0.2546890350711537,0
0,1,45,False,early,3,0,2,0.17381448437159422,0.9857792362517968,0.2546890350711537,0
0,1,45,False,early,4,0,2,0.17381448437159422,0.9857792362517968,0.2546890350711537,0
0,1,46,False,early,1,0,2,0.17381448437159422,0.9857792362517968,0.10406507830522901,0
0,1,46,False,early,2,1,7,0.0,1.0,0.10406507830522901,0
0,1,46,False,early,3,1,7,0.0,1.0,0.10406507830522901,0
0,1,46,False,early,4,1,7,0.0,1.0,0.10406507830522901,0
0,1,47,False,early,1,0,2,0.1686344534743065,0.986694315455346,0.26084040208797643,0
0,1,47,False,early,2,0,4,0.04211764569376031,0.9991694232988201,0.26084040208797643,0
0,1,47,False,early,3,0,2,0.1686344534743065,0.986694315455346,0.26084040208797643,0
0,1,47,False,early,4,0,2,0.1686344534743065,0.986694315455346,0.26084040208797643,0
0,1,48,False,early,1,0,4,0.015042016319200102,0.999894259484442,0.2578718054099563,0
0,1,48,False,early,2,0,2,0.16930399036503874,0.986555881609662,0.2578718054099563,0
0,1,48,False,early,3,0,4,0.027075629374560206,0.9996563395726438,0.2578718054099563,0
0,1,48,False,early,4,0,2,0.16930399036503874,0.986555881609662,0.2578718054099563,0
0,1,49,False,early,1,0,0,0.34365559950621877,0.9442509501799067,0.22570126808194554,0
0,1,49,False,early,2,0,0,0.3466710022737578,0.9433143347987413,0.22570126808194554,0
0,1,49,False,early,3,0,0,0.24913692931094022,0.970078792600307,0.22570126808194554,0
0,1,49,False,early,4,0,0,0.339842066105696,0.9454348752030783,0.22570126808194554,0
0,1,50,False,early,1,0,0,0.20118389386993052,0.9805647457497921,0.035020621257303985,0
0,1,50,False,early,2,0,0,0.263132007981205,0.9669965669590205,0.035020621257303985,0
0,1,50,False,early,3,0,0,0.2660395402150987,0.966299841243467,0.035020621257303985,0
0,1,50,False,early,4,0,0,0.11254093782643604,0.9937165317828216,0.035020621257303985,0
0,1,51,False,early,1,1,7,0.0,0.9999999999999998,0.035020621257303985,0
0,1,51,False,early,2,0,0,0.20118389386993052,0.9805647457497921,0.035020621257303985,0
0,1,51,False,early,3,0,0,0.263132007981205,0.9669965669590205,0.035020621257303985,0
0,1,51,False,early,4,0,0,0.2660395402150987,0.966299841243467,0.035020621257303985,0
0,1,52,False,early,1,0,0,0.10280050942941342,0.9947489461257883,0.09320844773556307,0
0,1,52,False,early,2,0,0,0.10280050942941342,0.9947489461257883,0.09320844773556307,0
0,1,52,False,early,3,0,0,0.2405283286689385,0.9721151191123762,0.09320844773556307,0
0,1,52,False,early,4,0,2,0.16709688433054062,0.9869281525594179,0.09320844773556307,0
0,1,53,False,early,1,1,7,0.0,1.0000000000000002,0.09320844773556307,0
0,1,53,False,early,2,0,0,0.10280050942941342,0.9947489461257883,0.09320844773556307,0
0,1,53,False,early,3,0,0,0.10280050942941342,0.9947489461257883,0.09320844773556307,0
0,1,53,False,early,4,0,0,0.2405283286689385,0.9721151191123762,0.09320844773556307,0
0,1,54,False,early,1,0,0,0.6811343561452836,0.829290100254746,0.6968100636356179,0
0,1,54,False,early,2,0,0,0.6811343561452836,0.829290100254746,0.6968100636356179,0
0,1,54,False,early,3,0,0,0.6853398307727254,0.8269593820310062,0.6968100636356179,0
0,1,54,False,early,4,0,0,0.6853398307727254,0.8269593820310062,0.6968100636356179,0
0,1,55,False,early,1,0,0,0.7239361102339502,0.8046566328170288,0.029539338920116124,0
0,1,55,False,early,2,0,0,0.10321377475886834,0.9947063213930781,0.029539338920116124,0
0,1,55,False,early,3,0,0,0.10321377475886834,0.9947063213930781,0.029539338920116124,0
0,1,55,False,early,4,0,0,0.04478476166877843,0.9989982295485101,0.029539338920116124,0
0,1,56,False,early,1,0,0,0.11291856024534334,0.9936739561141299,0.10406507830522901,0
0,1,56,False,early,2,0,0,0.6815764771708143,0.8290391442277035,0.10406507830522901,0
0,1,56,False,early,3,0,2,0.05912026840042807,0.9982698477799912,0.10406507830522901,0
0,1,56,False,early,4,0,2,0.05912026840042807,0.9982698477799912,0.10406507830522901,0
0,1,57,False,early,1,1,7,0.0,1.0,0.10406507830522901,0
0,1,57,False,early,2,0,0,0.11291856024534334,0.9936739561141299,0.10406507830522901,0
0,1,57,False,early,3,0,0,0.6815764771708143,0.8290391442277035,0.10406507830522901,0
0,1,57,False,early,4,0,2,0.05912026840042807,0.9982698477799912,0.10406507830522901,0
0,1,58,False,early,1,1,7,0.0,1.0,0.10406507830522901,0
0,1,58,False,early,2,1,7,0.0,1.0,0.10406507830522901,0
0,1,58,False,early,3,0,0,0.11291856024534334,0.9936739561141299,0.10406507830522901,0
0,1,58,False,early,4,0,0,0.6815764771708143,0.8290391442277035,0.10406507830522901,0
0,1,59,False,early,1,0,0,0.10926292390256118,0.9940775531937311,0.023082634963866498,0
0,1,59,False,early,2,0,0,0.10926292390256118,0.9940775531937311,0.023082634963866498,0
0,1,59,False,early,3,0,0,0.10926292390256118,0.9940775531937311,0.023082634963866498,0
0,1,59,False,early,4,0,0,0.035757498942353576,0.9993611639492292,0.023082634963866498,0
0,1,60,False,early,1,1,7,0.0,1.0,0.023082634963866498,0
0,1,60,False,early,2,0,0,0.10926292390256118,0.9940775531937311,0.023082634963866498,0
0,1,60,False,early,3,0,0,0.10926292390256118,0.9940775531937311,0.023082634963866498,0
0,1,60,False,early,4,0,0,0.10926292390256118,0.9940775531937311,0.023082634963866498,0
0,1,61,False,early,1,0,0,0.8805515654429572,0.7542514911115923,0.8934639176097633,0
0,1,61,False,early,2,0,0,0.8805515654429572,0.7542514911115923,0.8934639176097633,0
0,1,61,False,early,3,0,0,0.873031862109202,0.7591089148357558,0.8934639176097633,0
0,1,61,False,early,4,0,0,0.873031862109202,0.7591089148357558,0.8934639176097633,0
0,1,62,False,early,1,0,0,0.3007745802330848,0.9774853666051346,0.6791464750692425,0
0,1,62,False,early,2,0,0,0.6719299562467642,0.8312865320446353,0.6791464750692425,0
0,1,62,False,early,3,0,0,0.6719299562467642,0.8312865320446353,0.6791464750692425,0
0,1,62,False,early,4,0,0,0.650730750887542,0.8428134627537269,0.6791464750692425,0
0,1,63,False,early,1,1,7,0.0,1.0,0.6791464750692425,0
0,1,63,False,early,2,0,0,0.3007745802330848,0.9774853666051346,0.6791464750692425,0
0,1,63,False,early,3,0,0,0.6719299562467642,0.8312865320446353,0.6791464750692425,0
0,1,63,False,early,4,0,0,0.6719299562467642,0.8312865320446353,0.6791464750692425,0
0,1,64,False,early,1,0,0,0.12762898830590355,0.994506051841261,0.6968100636356179,0
0,1,64,False,early,2,0,0,0.12762898830590355,0.994506051841261,0.6968100636356179,0
0,1,64,False,early,3,0,0,0.33019006676974105,0.9712135175299647,0.6968100636356179,0
0,1,64,False,early,4,0,0,0.6902027123947451,0.8242181720053094,0.6968100636356179,0
0,1,65,False,early,1,0,0,0.2831411005157309,0.981430947352536,0.9157033070316747,0
0,1,65,False,early,2,0,0,0.246230071294857,0.988105712741845,0.9157033070316747,0
0,1,65,False,early,3,0,0,0.246230071294857,0.988105712741845,0.9157033070316747,0
0,1,65,False,early,4,0,0,0.2593248644002563,0.9815686605745729,0.9157033070316747,0
0,1,66,False,early,1,0,0,0.16489031573358146,0.992836462051307,0.9465057517695721,0
0,1,66,False,early,2,0,0,0.26055091117331186,0.9872191203701683,0.9465057517695721,0
0,1,66,False,early,3,0,0,0.2881936796361599,0.9835374486048409,0.9465057517695721,0
0,1,66,False,early,4,0,0,0.2881936796361599,0.9835374486048409,0.9465057517695721,0
0,1,67,False,early,1,0,0,0.11779253769391025,0.9969451489993632,1.0092349573014245,0
0,1,67,False,early,2,0,0,0.2686510930935437,0.982358822748788,1.0092349573014245,0
0,1,67,False,early,3,0,0,0.31716694002470713,0.9827277782626427,1.0092349573014245,0
0,1,67,False,early,4,0,0,0.37912068464569276,0.9712323054802833,1.0092349573014245,0
0,1,68,False,early,1,0,1,0.09139351885043513,0.998165793914726,1.0486884004411439,0
0,1,68,False,early,2,0,0,0.12673258191722822,0.9972793623793248,1.0486884004411439,0
0,1,68,False,early,3,0,0,0.275654844640762,0.9828704974640159,1.0486884004411439,0
0,1,68,False,early,4,0,0,0.36375616170967967,0.9775452648832523,1.0486884004411439,0
0,1,69,False,early,1,0,0,0.15985979139707346,0.9939547153997795,1.0581808789629543,0
0,1,69,False,early,2,0,0,0.1817687431715389,0.9923127860566079,1.0581808789629543,0
0,1,69,False,early,3,0,0,0.23781190959481563,0.9874521346416281,1.0581808789629543,0
0,1,69,False,early,4,0,0,0.38768422379485484,0.9644664428534696,1.0581808789629543,0
0,1,70,False,early,1,0,0,0.14070374500805127,0.9953811067119116,1.0711192826873437,0
0,1,70,False,early,2,0,0,0.134805191824794,0.9957835665789649,1.0711192826873437,0
0,1,70,False,early,3,0,0,0.10915315319817098,0.9976164850158746,1.0711192826873437,0
0,1,70,False,early,4,0,0,0.2184563539906473,0.990112800068524,1.0711192826873437,0
0,1,71,False,early,1,0,2,0.05273326838702471,0.9993534697160585,1.0729152478143789,0
0,1,71,False,early,2,0,0,0.15831649072572923,0.9941582829906123,1.0729152478143789,0
0,1,71,False,early,3,0,0,0.10320310066568296,0.9975673651721372,1.0729152478143789,0
0,1,71,False,early,4,0,0,0.09625733526761268,0.9982827493494096,1.0729152478143789,0
0,1,72,False,early,1,0,2,0.2498742031857227,0.9856224917872005,1.087817710577384,0
0,1,72,False,early,2,0,2,0.20084182932792247,0.9907199074751515,1.087817710577384,0
0,1,72,False,early,3,0,0,0.23035652937420784,0.9877762758604769,1.087817710577384,0
0,1,72,False,early,4,0,0,0.3246700709586107,0.9755749905279062,1.087817710577384,0
0,1,73,False,early,1,0,1,0.188311084958306,0.9919017109377111,1.0926674808553742,0
0,1,73,False,early,2,0,1,0.09126824413535499,0.9981312770652913,1.0926674808553742,0
0,1,73,False,early,3,0,1,0.052061078488772415,0.9994333146492018,1.0926674808553742,0
0,1,73,False,early,4,0,0,0.10881944105165285,0.9974023179587931,1.0926674808553742,0
0,1,74,False,middle,1,0,1,0.07851214585070748,0.9987529868413575,1.054088084093847,0
0,1,74,False,middle,2,0,1,0.18732400603573088,0.9919693016812773,1.054088084093847,0
0,1,74,False,middle,3,0,1,0.08674495591763574,0.9982786349782908,1.054088084093847,0
0,1,74,False,middle,4,0,1,0.04562494319859098,0.9995472755715132,1.054088084093847,0
0,1,75,False,middle,1,0,1,0.3080544333941949,0.9774505119339095,1.0469766720321423,0
0,1,75,False,middle,2,0,1,0.3449540843983358,0.9725157032674356,1.0469766720321423,0
0,1,75,False,middle,3,0,1,0.1826702404582045,0.9924087231244332,1.0469766720321423,0
0,1,75,False,middle,4,0,1,0.3800836318109715,0.9660679857580062,1.0469766720321423,0
0,1,76,False,middle,1,0,1,0.08880572898463186,0.9982746179707841,1.0788035163224425,0
0,1,76,False,middle,2,0,1,0.3877342863833576,0.964905941658416,1.0788035163224425,0
0,1,76,False,middle,3,0,1,0.415383275137533,0.9604282451990308,1.0788035163224425,0
0,1,76,False,middle,4,0,1,0.2359701792171891,0.9872011706848371,1.0788035163224425,0
0,1,77,False,middle,1,0,1,0.254657276237704,0.9854373837686685,1.1145413350978925,0
0,1,77,False,middle,2,0,1,0.3197024803241402,0.9769942147173392,1.1145413350978925,0
0,1,77,False,middle,3,0,1,0.6263729910837712,0.9102875093128007,1.1145413350978925,0
0,1,77,False,middle,4,0,1,0.6641093551604657,0.900632951696354,1.1145413350978925,0
0,1,78,False,middle,1,0,1,0.037364418851187395,0.9996888126743525,1.1126928330300137,0
0,1,78,False,middle,2,0,1,0.2441056873813605,0.9866036526417399,1.1126928330300137,0
0,1,78,False,middle,3,0,1,0.30975408139930855,0.9783875818286553,1.1126928330300137,0
0,1,78,False,middle,4,0,1,0.6155622826166832,0.9132657278174725,1.1126928330300137,0
0,1,79,False,middle,1,0,1,0.11674747123155421,0.9971026006357202,1.1417456398459063,0
0,1,79,False,middle,2,0,1,0.10866277829719169,0.997493455362012,1.1417456398459063,0
0,1,79,False,middle,3,0,1,0.35951301965629184,0.9715438605639294,1.1417456398459063,0
0,1,79,False,middle,4,0,1,0.42162271434583937,0.960664518527388,1.1417456398459063,0
0,1,80,False,middle,1,0,0,0.4028897268998412,0.9654917868399899,1.1755466310067237,0
0,1,80,False,middle,2,0,0,0.4746496462935857,0.9516966569794669,1.1755466310067237,0
0,1,80,False,middle,3,0,0,0.47469095639972914,0.9517047857996986,1.1755466310067237,0
0,1,80,False,middle,4,0,0,0.6776587104475811,0.9000138043292061,1.1755466310067237,0
0,1,81,False,middle,1,0,0,0.0907647303718082,0.9982744428357677,1.1654564670287877,0
0,1,81,False,middle,2,0,0,0.3930371597939176,0.9669300573789626,1.1654564670287877,0
0,1,81,False,middle,3,0,0,0.46849351849944965,0.9525737700146517,1.1654564670287877,0
0,1,81,False,middle,4,0,0,0.4617335669151884,0.9539613369887604,1.1654564670287877,0
0,1,82,False,middle,1,0,0,0.13607171483374572,0.9961376174242591,1.1333891138762253,0
0,1,82,False,middle,2,0,0,0.10853044023434079,0.9976929333408963,1.1333891138762253,0
0,1,82,False,middle,3,0,0,0.4479334887706094,0.9562772431197769,1.1333891138762253,0
0,1,82,False,middle,4,0,0,0.5134360379320944,0.9417617521219339,1.1333891138762253,0
0,1,83,False,middle,1,0,0,0.2984881789037843,0.9803689190678926,1.0707853281090833,0
0,1,83,False,middle,2,0,0,0.3620329491405068,0.9719792246486499,1.0707853281090833,0
0,1,83,False,middle,3,0,0,0.35260085673628216,0.9738613614424492,1.0707853281090833,0
0,1,83,False,middle,4,0,0,0.6436332158202595,0.9074754015193133,1.0707853281090833,0
0,1,84,False,middle,1,0,0,0.34630352127255326,0.9716978711560579,0.9966212684108608,0
0,1,84,False,middle,2,0,0,0.32090331830704527,0.9781981066194974,0.9966212684108608,0
0,1,84,False,middle,3,0,0,0.3954040249927832,0.9674815645119773,0.9966212684108608,0
0,1,84,False,middle,4,0,0,0.39978499990099764,0.9672933452609747,0.9966212684108608,0
0,1,85,False,middle,1,0,0,0.14045694761822403,0.9950395038140871,0.9887588229463916,0
0,1,85,False,middle,2,0,0,0.281124205617946,0.9816613245549929,0.9887588229463916,0
0,1,85,False,middle,3,0,0,0.3628723238268315,0.9716286414697807,0.9887588229463916,0
0,1,85,False,middle,4,0,0,0.4454641790614151,0.9579324330778797,0.9887588229463916,0
0,1,86,False,middle,1,0,0,0.13115922778928876,0.9956414613129657,0.9814753686892709,0
0,1,86,False,middle,2,0,0,0.2423250791160351,0.9851866596705298,0.9814753686892709,0
0,1,86,False,middle,3,0,0,0.24842517339953774,0.985964680875862,0.9814753686892709,0
0,1,86,False,middle,4,0,0,0.4276991151148588,0.9596856030839016,0.9814753686892709,0
0,1,87,False,middle,1,0,0,0.27743831087190635,0.9802012300382277,0.9413832622111943,0
0,1,87,False,middle,2,0,0,0.36111664493219425,0.9665205938014938,0.9413832622111943,0
0,1,87,False,middle,3,0,0,0.4782807313141226,0.941393401994601,0.9413832622111943,0
0,1,87,False,middle,4,0,0,0.4690059325098962,0.9474322475498078,0.9413832622111943,0
0,1,88,False,middle,1,0,0,0.42148815696486225,0.9544251633282078,0.992611909946683,0
0,1,88,False,middle,2,0,0,0.5457235133059022,0.9245910817477339,0.992611909946683,0
0,1,88,False,middle,3,0,0,0.603531759921979,0.9080870455087419,0.992611909946683,0
0,1,88,False,middle,4,0,0,0.6655096959033742,0.8886785348229749,0.992611909946683,0
0,1,89,False,middle,1,1,7,0.0,1.0,0.992611909946683,0
0,1,89,False,middle,2,0,0,0.42148815696486225,0.9544251633282078,0.992611909946683,0
0,1,89,False,middle,3,0,0,0.5457235133059022,0.9245910817477339,0.992611909946683,0
0,1,89,False,middle,4,0,0,0.603531759921979,0.9080870455087419,0.992611909946683,0
0,1,90,False,middle,1,0,0,0.17850661870472836,0.9925148319611661,1.0443933833350139,0
0,1,90,False,middle,2,0,0,0.17850661870472836,0.9925148319611661,1.0443933833350139,0
0,1,90,False,middle,3,0,0,0.4199267428263838,0.9569266272762968,1.0443933833350139,0
0,1,90,False,middle,4,0,0,0.6034538442813421,0.910624867356178,1.0443933833350139,0
0,1,91,False,middle,1,0,1,0.05031925896035177,0.9994025712064825,1.0350315125871545,0
0,1,91,False,middle,2,0,0,0.14325727413893688,0.9951646090923456,1.0350315125871545,0
0,1,91,False,middle,3,0,0,0.14325727413893688,0.9951646090923456,1.0350315125871545,0
0,1,91,False,middle,4,0,0,0.43583380618599565,0.95304504335632,1.0350315125871545,0
0,1,92,False,middle,1,0,0,0.09370649739106106,0.9979875921959869,1.0604417878416095,0
0,1,92,False,middle,2,0,0,0.10719923421676261,0.9973058362047517,1.0604417878416095,0
0,1,92,False,middle,3,0,0,0.1762137443449121,0.9930148314220902,1.0604417878416095,0
0,1,92,False,middle,4,0,0,0.1762137443449121,0.9930148314220902,1.0604417878416095,0
0,1,93,False,middle,1,0,0,0.17054688364899254,0.9938538824197597,1.123204989437,0
0,1,93,False,middle,2,0,0,0.21540696203964513,0.9902466785052632,1.123204989437,0
0,1,93,False,middle,3,0,0,0.23572858605692326,0.9879939903379464,1.123204989437,0
0,1,93,False,middle,4,0,0,0.29626990884716836,0.9814110353170808,1.123204989437,0
0,1,94,False,middle,1,0,0,0.15997390718840057,0.9946148869406447,1.0633722220355546,0
0,1,94,False,middle,2,0,1,0.06231698679903642,0.9990884632895233,1.0633722220355546,0
0,1,94,False,middle,3,0,0,0.07024640743494229,0.9989257251780906,1.0633722220355546,0
0,1,94,False,middle,4,0,0,0.07937819050760259,0.9985522662558951,1.0633722220355546,0
0,1,95,False,middle,1,0,1,0.22784092392263683,0.9877593507003488,1.0500382328391955,0
0,1,95,False,middle,2,0,0,0.2161539823186465,0.989951367164371,1.0500382328391955,0
0,1,95,False,middle,3,0,1,0.22506885764355078,0.9880297496488827,1.0500382328391955,0
0,1,95,False,middle,4,0,0,0.2346558449385824,0.9868353313041576,1.0500382328391955,0
0,1,96,False,middle,1,0,0,0.2916708950260646,0.9834861315167058,1.1886773387381577,0
0,1,96,False,middle,2,0,0,0.3394813609792674,0.9765209533332783,1.1886773387381577,0
0,1,96,False,middle,3,0,0,0.1905097328462303,0.9927564175614135,1.1886773387381577,0
0,1,96,False,middle,4,0,0,0.3533708130949206,0.9744506924918156,1.1886773387381577,0
0,1,97,False,middle,1,0,1,0.06233788754333944,0.9992068557485759,1.1971678986030845,0
0,1,97,False,middle,2,0,0,0.2885929643224161,0.984256469478795,1.1971678986030845,0
0,1,97,False,middle,3,0,0,0.31298154935726424,0.980692570143817,1.1971678986030845,0
0,1,97,False,middle,4,0,0,0.15632242922731593,0.9954602906693162,1.1971678986030845,0
0,1,98,False,middle,1,0,0,0.13126470945238583,0.9969238091904586,1.1277981446560208,0
0,1,98,False,middle,2,0,0,0.1529348002169499,0.9954586627137115,1.1277981446560208,0
0,1,98,False,middle,3,0,0,0.18025085789857473,0.993317397759499,1.1277981446560208,0
0,1,98,False,middle,4,0,0,0.22076547565876023,0.9894388392242986,1.1277981446560208,0
0,1,99,False,middle,1,0,0,2.0161117339499874,-0.00014493872777816583,0.8900522110065725,1
0,1,99,False,middle,2,0,0,2.0291007072113607,0.02589591570674478,0.8900522110065725,1
0,1,99,False,middle,3,0,0,2.0288999525618414,0.021329673071722604,0.8900522110065725,1
0,1,99,False,middle,4,0,0,2.0081172180087314,-0.035483732318749545,0.8900522110065725,1
0,1,100,False,middle,1,0,0,0.18406399700507803,0.9906369793953456,0.8374948755560122,0
0,1,100,False,middle,2,0,0,2.027690697297884,-0.035146976821692225,0.8374948755560122,1
0,1,100,False,middle,3,0,0,2.0336339421894762,-0.0002600838653626244,0.8374948755560122,1
0,1,100,False,middle,4,0,0,2.031534378969687,-0.003153833437689247,0.8374948755560122,1
0,1,101,False,middle,1,0,0,0.3125037075675562,0.9766047467449986,0.5391669531098677,0
0,1,101,False,middle,2,0,0,0.3713785573629897,0.9681573707432141,0.5391669531098677,0
0,1,101,False,middle,3,0,0,2.0867303097074092,-0.23119735561315038,0.5391669531098677,1
0,1,101,False,middle,4,0,0,2.106607758587444,-0.20141652933530146,0.5391669531098677,1
0,1,102,False,middle,1,0,2,0.11372510349200451,0.9950838294377898,0.5619080523105447,0
0,1,102,False,middle,2,0,0,0.2808189018406393,0.9819174582144045,0.5619080523105447,0
0,1,102,False,middle,3,0,0,0.36188944010547064,0.969319344475762,0.5619080523105447,0
0,1,102,False,middle,4,0,0,2.0843531426697157,-0.21887810730302495,0.5619080523105447,1
0,1,103,False,middle,1,0,0,0.16183816071051954,0.9904522507776459,0.4622172689949378,0
0,1,103,False,middle,2,0,0,0.1132613490734971,0.9953489264070303,0.4622172689949378,0
0,1,103,False,middle,3,0,0,0.4016016337918155,0.9581801148330386,0.4622172689949378,0
0,1,103,False,middle,4,0,0,0.43205867101208484,0.9557669685622916,0.4622172689949378,0
0,1,104,False,middle,1,0,0,0.1065284583013756,0.9962336155226742,0.5569965579594658,0
0,1,104,False,middle,2,0,0,0.1613644650636,0.9900864669445375,0.5569965579594658,0
0,1,104,False,middle,3,0,0,0.13027270378132363,0.9935031244716225,0.5569965579594658,0
0,1,104,False,middle,4,0,0,0.34210191895472575,0.9693502561751332,0.5569965579594658,0
0,1,105,False,middle,1,0,0,0.4487757870238532,0.9208505033579203,0.12007660346508739,0
0,1,105,False,middle,2,0,0,0.36099931485579545,0.9452960934163397,0.12007660346508739,0
0,1,105,False,middle,3,0,0,0.46682228493391137,0.9141526881293094,0.12007660346508739,0
0,1,105,False,middle,4,0,0,0.44462732899227325,0.9208755522567996,0.12007660346508739,0
0,1,106,False,middle,1,0,0,0.18310585047991035,0.9844707942773024,0.28253529991466386,0
0,1,106,False,middle,2,0,0,0.34738765181594833,0.9539520319774013,0.28253529991466386,0
0,1,106,False,middle,3,0,0,0.2788912271730079,0.9677349053535812,0.28253529991466386,0
0,1,106,False,middle,4,0,0,0.3564924402350033,0.9515746871252136,0.28253529991466386,0
0,1,107,False,middle,1,0,0,0.422166691795749,0.9166180269554504,0.23703269955946404,0
0,1,107,False,middle,2,0,0,0.29983380191369846,0.9567772057745817,0.23703269955946404,0
0,1,107,False,middle,3,0,0,0.7135050484864514,0.7894330198620189,0.23703269955946404,0
0,1,107,False,middle,4,0,0,0.6278705403090602,0.8283165899259437,0.23703269955946404,0
0,1,108,False,middle,1,0,1,0.35677827652993377,0.9423638320372095,0.36230408582101664,0
0,1,108,False,middle,2,0,0,0.6165559416415853,0.8282993914932244,0.36230408582101664,0
0,1,108,False,middle,3,0,0,0.4598237385331629,0.9027985381579957,0.36230408582101664,0
0,1,108,False,middle,4,0,0,0.865680665887091,0.6949272759932912,0.36230408582101664,0
0,1,109,False,middle,1,0,1,0.10387324985827977,0.9958452942363497,0.4503450640694136,0
0,1,109,False,middle,2,0,1,0.4126605946603951,0.9265713593137425,0.4503450640694136,0
0,1,109,False,middle,3,0,0,0.704763620363408,0.7835424767940584,0.4503450640694136,0
0,1,109,False,middle,4,0,0,0.5506482288503312,0.8663797285879796,0.4503450640694136,0
0,1,110,False,middle,1,0,1,0.16055072304920423,0.9895182100379468,0.34823068098789056,0
0,1,110,False,middle,2,0,1,0.1328219018470079,0.9921778425310042,0.34823068098789056,0
0,1,110,False,middle,3,0,1,0.27451311253343647,0.9658233512234969,0.34823068098789056,0
0,1,110,False,middle,4,0,0,0.6059777657152564,0.8333172014357808,0.34823068098789056,0
0,1,111,False,middle,1,0,1,0.041403992540037314,0.9992609665634187,0.3684106749891561,0
0,1,111,False,middle,2,0,1,0.18207754750284424,0.9862293890131038,0.3684106749891561,0
0,1,111,False,middle,3,0,1,0.1694473791104287,0.9873364814893807,0.3684106749891561,0
0,1,111,False,middle,4,0,1,0.26650412020015685,0.9682347547072118,0.3684106749891561,0
0,1,112,False,middle,1,0,1,0.2858084890315925,0.9633913440716347,0.2630620855980833,0
0,1,112,False,middle,2,0,1,0.295451423547302,0.9604206492659123,0.2630620855980833,0
0,1,112,False,middle,3,0,1,0.42553881520001235,0.9218937106193655,0.2630620855980833,0
0,1,112,False,middle,4,0,1,0.3730948103424586,0.937113591720935,0.2630620855980833,0
0,1,113,False,middle,1,0,0,0.5402374003708352,0.8990081493431072,0.7061854861902885,0
0,1,113,False,middle,2,0,0,0.4230778468089127,0.9410301825401276,0.7061854861902885,0
0,1,113,False,middle,3,0,0,0.44952937692931916,0.9325984568493816,0.7061854861902885,0
0,1,113,False,middle,4,0,0,0.48321868110401767,0.919096118292053,0.7061854861902885,0
0,1,114,False,middle,1,0,5,0.02070588224074421,0.9998589488036075,0.7101170729446298,0
0,1,114,False,middle,2,0,0,0.5396915231086251,0.8997704420029392,0.7101170729446298,0
0,1,114,False,middle,3,0,0,0.4276136883856431,0.9399408951563488,0.7101170729446298,0
0,1,114,False,middle,4,0,0,0.45439099870703803,0.9313226693076407,0.7101170729446298,0
0,1,115,False,middle,1,0,0,0.24980694133309486,0.9827267376100919,0.8456569455996767,0
0,1,115,False,middle,2,0,0,0.25289853121539424,0.9823294383257154,0.8456569455996767,0
0,1,115,False,middle,3,0,0,0.7082394816542433,0.8428422381532052,0.8456569455996767,0
0,1,115,False,middle,4,0,0,0.5734432085374798,0.9035106654235315,0.8456569455996767,0
0,1,116,False,middle,1,0,0,0.23556567271243106,0.9905081740259257,1.0488154190324168,0
0,1,116,False,middle,2,0,0,0.4541844383333311,0.9559155066701867,1.0488154190324168,0
0,1,116,False,middle,3,0,0,0.4530620948839855,0.9564072910336275,1.0488154190324168,0
0,1,116,False,middle,4,0,0,0.9302902285245829,0.7687219487103716,1.0488154190324168,0
0,1,117,False,middle,1,1,7,0.0,1.0,1.0488154190324168,0
0,1,117,False,middle,2,0,0,0.23556567271243106,0.9905081740259257,1.0488154190324168,0
0,1,117,False,middle,3,0,0,0.4541844383333311,0.9559155066701867,1.0488154190324168,0
0,1,117,False,middle,4,0,0,0.4530620948839855,0.9564072910336275,1.0488154190324168,0
0,1,118,False,middle,1,0,0,0.27005696315231226,0.9830449295453635,0.9457354919953818,0
0,1,118,False,middle,2,0,0,0.27005696315231226,0.9830449295453635,0.9457354919953818,0
0,1,118,False,middle,3,0,0,0.31721700067419595,0.9733234256260731,0.9457354919953818,0
0,1,118,False,middle,4,0,0,0.5080737088033622,0.9301966183259494,0.9457354919953818,0
0,1,119,False,middle,1,0,0,0.18179603709989323,0.9938409298173776,1.0731144124738752,0
0,1,119,False,middle,2,0,0,0.2715134310358157,0.9827329751661834,1.0731144124738752,0
0,1,119,False,middle,3,0,0,0.2715134310358157,0.9827329751661834,1.0731144124738752,0
0,1,119,False,middle,4,0,0,0.4162426387271512,0.9613356729319902,1.0731144124738752,0
0,1,120,False,middle,1,0,2,1.045155331737047,0.7252795529668894,0.8817818942108249,0
0,1,120,False,middle,2,0,0,0.9454806224865666,0.756934568025248,0.8817818942108249,0
0,1,120,False,middle,3,0,0,1.2019822382784286,0.6295848468034165,0.8817818942108249,0
0,1,120,False,middle,4,0,0,1.2019822382784286,0.6295848468034165,0.8817818942108249,0
0,1,121,False,middle,1,0,0,0.18337629253067006,0.9941085871253035,1.0337537188768502,0
0,1,121,False,middle,2,0,0,1.1503189586563514,0.6865865198519212,1.0337537188768502,0
0,1,121,False,middle,3,0,0,1.0686634643703963,0.7125174214227855,1.0337537188768502,0
0,1,121,False,middle,4,0,0,1.3309558698449098,0.575073180645256,1.0337537188768502,0
0,1,122,False,middle,1,0,3,0.009105042149038872,0.9999799622742331,1.0337496480565913,0
0,1,122,False,middle,2,0,0,0.18576500820609557,0.9938784956929865,1.0337496480565913,0
0,1,122,False,middle,3,0,0,1.150315682809566,0.6865877080301611,1.0337496480565913,0
0,1,122,False,middle,4,0,0,1.0686599382186752,0.7125186486481717,1.0337496480565913,0
0,1,123,False,middle,1,0,0,0.8355849531116603,0.8142138418474383,0.6668957908121421,0
0,1,123,False,middle,2,0,0,0.8355894628304078,0.814212439990913,0.6668957908121421,0
0,1,123,False,middle,3,0,0,0.6952697235784833,0.8545520660964531,0.6668957908121421,0
0,1,123,False,middle,4,0,0,0.4823652469254782,0.9539070001263327,0.6668957908121421,0
0,1,124,False,middle,1,0,0,0.5851268810239357,0.8887344307008093,0.7749189498950443,0
0,1,124,False,middle,2,0,0,0.3086584537563683,0.9820609292537248,0.7749189498950443,0
0,1,124,False,middle,3,0,0,0.30867066203620047,0.9820591732486544,0.7749189498950443,0
0,1,124,False,middle,4,0,0,0.14625748936718708,0.9950350296276895,0.7749189498950443,0
0,1,125,False,middle,1,0,0,0.6818540938493911,0.872556017296377,0.968225584143072,0
0,1,125,False,middle,2,0,0,1.186298161611975,0.5902064363029548,0.968225584143072,0
0,1,125,False,middle,3,0,0,0.6700999453541305,0.8883888174396585,0.968225584143072,0
0,1,125,False,middle,4,0,0,0.6691601727706034,0.8887034510969228,0.968225584143072,0
0,1,126,False,middle,1,0,0,0.5336856930317908,0.923800943741891,0.7624333502371049,0
0,1,126,False,middle,2,0,0,0.9451228186093308,0.7192738774589159,0.7624333502371049,0
0,1,126,False,middle,3,0,0,1.2508569434536148,0.48343535651799857,0.7624333502371049,0
0,1,126,False,middle,4,0,0,1.064420681237544,0.6958166373994992,0.7624333502371049,0
0,1,127,False,middle,1,0,0,0.22505967938718155,0.9893229617673134,0.943300013946673,0
0,1,127,False,middle,2,0,0,0.45607971848063805,0.9457242593853998,0.943300013946673,0
0,1,127,False,middle,3,0,0,1.006289725558917,0.7123288059641842,0.943300013946673,0
0,1,127,False,middle,4,0,0,1.3814872572689048,0.43152023624661345,0.943300013946673,0
0,1,128,False,middle,1,0,1,0.07838235415664374,0.9983731770200864,0.9399222101369968,0
0,1,128,False,middle,2,0,0,0.2499336845575443,0.9857261494058424,0.9399222101369968,0
0,1,128,False,middle,3,0,0,0.44824069111916715,0.9475104590872475,0.9399222101369968,0
0,1,128,False,middle,4,0,0,1.0032323850047422,0.7134681013977738,0.9399222101369968,0
0,1,129,False,middle,1,0,0,0.6164839799284393,0.9076953010442753,1.0715820305869408,0
0,1,129,False,middle,2,0,0,0.6214469333350563,0.9062202912778343,1.0715820305869408,0
0,1,129,False,middle,3,0,0,0.583133887900896,0.9195126481202182,1.0715820305869408,0
0,1,129,False,middle,4,0,0,1.0496518270691886,0.7313128042910447,1.0715820305869408,0
0,1,130,False,middle,1,0,3,0.1328809260753399,0.9958861145187923,1.069148636643666,0
0,1,130,False,middle,2,0,0,0.6231772550510783,0.9054364083464524,1.069148636643666,0
0,1,130,False,middle,3,0,0,0.6280873224768466,0.9039652690386991,1.069148636643666,0
0,1,130,False,middle,4,0,0,0.5728934828054333,0.9224299899693462,1.069148636643666,0
0,1,131,False,middle,1,0,0,0.15715758318976636,0.9958209056037415,1.171696937653889,0
0,1,131,False,middle,2,0,0,0.15691979958635438,0.9957829766379155,1.171696937653889,0
0,1,131,False,middle,3,0,0,0.7414417627898514,0.8766574866084234,1.171696937653889,0
0,1,131,False,middle,4,0,0,0.7455733907886332,0.875232141839411,1.171696937653889,0
0,1,132,False,middle,1,0,3,0.04981626578783203,0.999477436891833,1.1726563492239972,0
0,1,132,False,middle,2,0,0,0.17594565643363183,0.9944607717441063,1.1726563492239972,0
0,1,132,False,middle,3,0,0,0.13873792430134824,0.9969991270762993,1.1726563492239972,0
0,1,132,False,middle,4,0,0,0.7425178047324767,0.8763965260199127,1.1726563492239972,0
0,1,133,False,middle,1,0,3,0.006303781430448112,0.9999916389162554,1.172828143274031,0
0,1,133,False,middle,2,0,3,0.052062337300574114,0.9994293347274298,1.172828143274031,0
0,1,133,False,middle,3,0,0,0.17559350478493502,0.9944931521066003,1.172828143274031,0
0,1,133,False,middle,4,0,0,0.13801009627061797,0.9970483325059567,1.172828143274031,0
0,1,134,False,middle,1,0,0,0.5612383557531482,0.9480312701455237,0.6417919850772669,0
0,1,134,False,middle,2,0,0,0.5611443578269092,0.9480304711312377,0.6417919850772669,0
0,1,134,False,middle,3,0,0,0.5578371625344654,0.9488761763707284,0.6417919850772669,0
0,1,134,False,middle,4,0,0,0.46570939465550115,0.959505663378646,0.6417919850772669,0
0,1,135,False,middle,1,0,3,0.17717090910821473,0.9889168208399308,0.647606944560699,0
0,1,135,False,middle,2,0,0,0.5432997968130999,0.9529608167421582,0.647606944560699,0
0,1,135,False,middle,3,0,0,0.5434851370405424,0.952877069190062,0.647606944560699,0
0,1,135,False,middle,4,0,0,0.5485320987870449,0.9512142296565191,0.647606944560699,0
0,1,136,False,middle,1,0,0,0.487603337127437,0.9125800026057478,0.37018169048199434,0
0,1,136,False,middle,2,0,0,0.5219977774642661,0.8983379678322155,0.37018169048199434,0
0,1,136,False,middle,3,0,0,1.0080518378801793,0.7594795040478864,0.37018169048199434,0
0,1,136,False,middle,4,0,0,1.0078726209317121,0.7595312512362609,0.37018169048199434,0
0,1,137,False,middle,1,1,7,0.0,1.0000000000000002,0.37018169048199434,0
0,1,137,False,middle,2,0,0,0.487603337127437,0.9125800026057478,0.37018169048199434,0
0,1,137,False,middle,3,0,0,0.5219977774642661,0.8983379678322155,0.37018169048199434,0
0,1,137,False,middle,4,0,0,1.0080518378801793,0.7594795040478864,0.37018169048199434,0
0,1,138,False,middle,1,0,0,0.3862394385869441,0.9412198122421653,0.5537118034858131,0
0,1,138,False,middle,2,0,0,0.3862394385869441,0.9412198122421653,0.5537118034858131,0
0,1,138,False,middle,3,0,2,0.17549265355490318,0.9895497280239464,0.5537118034858131,0
0,1,138,False,middle,4,0,2,0.15265457144230463,0.9921724176107152,0.5537118034858131,0
0,1,139,False,middle,1,1,7,0.0,1.0000000000000002,0.5537118034858131,0
0,1,139,False,middle,2,0,0,0.3862394385869441,0.9412198122421653,0.5537118034858131,0
0,1,139,False,middle,3,0,0,0.3862394385869441,0.9412198122421653,0.5537118034858131,0
0,1,139,False,middle,4,0,2,0.17549265355490318,0.9895497280239464,0.5537118034858131,0
0,1,140,False,middle,1,0,0,2.0658833473337586,-0.8269705007731443,0.19107992169002924,1
0,1,140,False,middle,2,0,0,2.0658833473337586,-0.8269705007731443,0.19107992169002924,1
0,1,140,False,middle,3,0,0,2.0188722001110326,-0.8761427711560608,0.19107992169002924,1
0,1,140,False,middle,4,0,0,2.0188722001110326,-0.8761427711560608,0.19107992169002924,1
0,1,141,False,middle,1,0,0,0.20598032042189482,0.9793675453795742,0.11822713643054308,0
0,1,141,False,middle,2,0,0,2.0830897052459654,-0.8769085201861717,0.11822713643054308,1
0,1,141,False,middle,3,0,0,2.0830897052459654,-0.8769085201861717,0.11822713643054308,1
0,1,141,False,middle,4,0,0,2.029682783086129,-0.9166984306401397,0.11822713643054308,1
0,1,142,False,middle,1,0,0,2.031730611613511,-0.9246392354815638,0.3638311699296429,1
0,1,142,False,middle,2,0,0,2.030650257419634,-0.902107832132539,0.3638311699296429,1
0,1,142,False,middle,3,0,0,0.28385025914454753,0.9694417198202684,0.3638311699296429,0
0,1,142,False,middle,4,0,0,0.28385025914454753,0.9694417198202684,0.3638311699296429,0
0,1,143,False,middle,1,0,0,2.0880321679944474,-0.9331752183185287,0.3506142491551644,1
0,1,143,False,middle,2,0,1,0.31634050035330763,0.9544113868879127,0.3506142491551644,0
0,1,143,False,middle,3,0,0,0.2864606679127429,0.9627708322367363,0.3506142491551644,0
0,1,143,False,middle,4,0,0,2.1539225769134034,-0.9121928279866434,0.3506142491551644,1
0,1,144,False,middle,1,0,5,0.009058823480325578,0.9999635154923261,0.3494285182992892,0
0,1,144,False,middle,2,0,0,2.0874397579118056,-0.9327912923030184,0.3494285182992892,1
0,1,144,False,middle,3,0,1,0.3150965865970241,0.9547434192804151,0.3494285182992892,0
0,1,144,False,middle,4,0,0,0.2860306406881467,0.9628561669685655,0.3494285182992892,0
0,1,145,False,middle,1,0,2,0.34664731602723176,0.9449400794879379,0.05916334149899881,0
0,1,145,False,middle,2,0,2,0.3477446888466317,0.9446228234756595,0.05916334149899881,0
0,1,145,False,middle,3,0,0,2.029594784110178,-0.9302994142925318,0.05916334149899881,1
0,1,145,False,middle,4,0,1,0.0655001075276054,0.9978869085587263,0.05916334149899881,0
0,1,146,False,middle,1,0,1,0.5681716659280139,0.8688422182632537,0.5629659272540326,0
0,1,146,False,middle,2,0,1,0.22792099345897623,0.9818388822536863,0.5629659272540326,0
0,1,146,False,middle,3,0,1,0.2258801624345841,0.9821980097068249,0.5629659272540326,0
0,1,146,False,middle,4,0,0,2.1557924164679774,-0.9000125631938963,0.5629659272540326,1
0,1,147,False,late,1,0,0,1.5012700979134068,0.3529342186627819,1.0558845787981896,0
0,1,147,False,late,2,0,0,1.0497898371399879,0.6920374035503114,1.0558845787981896,0
0,1,147,False,late,3,0,0,1.3159475307676147,0.48856886449739995,1.0558845787981896,0
0,1,147,False,late,4,0,0,1.3166199544311332,0.48808322868005677,1.0558845787981896,0
0,1,148,False,late,1,0,0,1.830220599668458,0.15783130708714457,0.9279362938451764,0
0,1,148,False,late,2,0,2,0.37052257342700845,0.9711417249103546,0.9279362938451764,0
0,1,148,False,late,3,0,1,0.9321492320226251,0.7301595783040586,0.9279362938451764,0
0,1,148,False,late,4,0,1,0.5876884764540083,0.912668888120961,0.9279362938451764,0
0,1,149,False,late,1,0,2,0.055061606677741244,0.9992580036873621,0.902049947441561,0
0,1,149,False,late,2,0,0,1.8068551725198236,0.16948093247062718,0.902049947441561,0
0,1,149,False,late,3,0,2,0.35227150570766036,0.9726845254830306,0.902049947441561,0
0,1,149,False,late,4,0,1,0.9065273212050824,0.7395367644605372,0.902049947441561,0
0,1,150,False,late,1,0,0,1.5311775898048339,0.2782654325027389,0.6524938028684052,0
0,1,150,False,late,2,0,0,1.5548024409874768,0.26686340132344294,0.6524938028684052,0
0,1,150,False,late,3,0,0,0.7087996869034671,0.8748367860788694,0.6524938028684052,0
0,1,150,False,late,4,0,0,1.187654934622783,0.4860956756614608,0.6524938028684052,0
0,1,151,False,late,1,0,0,0.08787000695738154,0.9980870026030266,0.732235023226549,0
0,1,151,False,late,2,0,0,1.6128236138615952,0.22426140055565988,0.732235023226549,0
0,1,151,False,late,3,0,0,1.6366731024148296,0.21247983820395513,0.732235023226549,0
0,1,151,False,late,4,0,0,0.6655543730489671,0.8899264183156804,0.732235023226549,0
0,1,152,False,late,1,0,0,0.09813231590269789,0.9976336773278486,0.6410336318898882,0
0,1,152,False,late,2,0,4,0.041912232443597194,0.9993943874806853,0.6410336318898882,0
0,1,152,False,late,3,0,0,1.5253308481028542,0.2806756695311444,0.6410336318898882,0
0,1,152,False,late,4,0,0,1.5493821520868267,0.2688792439012151,0.6410336318898882,0
0,1,153,False,late,1,0,4,0.004512604895759997,0.9999929087973741,0.6399158197300967,0
0,1,153,False,late,2,0,0,0.10028752208663286,0.9975084307841229,0.6399158197300967,0
0,1,153,False,late,3,0,4,0.04629841989059269,0.9992603886514075,0.6399158197300967,0
0,1,153,False,late,4,0,0,1.5247143853310894,0.2809584155660683,0.6399158197300967,0
0,1,154,False,late,1,0,1,1.2526962342584687,0.44448015886061354,0.644461521358327,0
0,1,154,False,late,2,0,1,1.2530727708032274,0.44442735345507545,0.644461521358327,0
0,1,154,False,late,3,0,0,1.3376582161649515,0.3940860516343184,0.644461521358327,0
0,1,154,False,late,4,0,1,1.2565993569994325,0.4442134264725851,0.644461521358327,0
0,1,155,False,late,1,0,0,0.5447035676253741,0.889838447628669,0.16405536740006577,0
0,1,155,False,late,2,0,0,0.7650883994265362,0.7692877812826078,0.16405536740006577,0
0,1,155,False,late,3,0,0,0.7663870459226485,0.7686659674604331,0.16405536740006577,0
0,1,155,False,late,4,0,0,0.8574810661259887,0.7276361261862571,0.16405536740006577,0
0,1,156,False,late,1,0,2,0.5954834739963235,0.8752263458076381,0.7076265297945701,0
0,1,156,False,late,2,0,0,0.14096458459624311,0.9936119116581866,0.7076265297945701,0
0,1,156,False,late,3,0,0,1.3324899692086405,0.3900918829526575,0.7076265297945701,0
0,1,156,False,late,4,0,0,1.3332258667577803,0.389711836458354,0.7076265297945701,0
0,1,157,False,late,1,0,0,1.3372269629149838,0.39331543170664246,0.6681285008639168,0
0,1,157,False,late,2,0,0,0.7671695898438837,0.7732422657717329,0.6681285008639168,0
0,1,157,False,late,3,0,1,1.255932338000205,0.44883256939409333,0.6681285008639168,0
0,1,157,False,late,4,0,4,0.17692319608075827,0.9891221326743547,0.6681285008639168,0
0,1,158,False,late,1,0,4,0.17708298301973346,0.9891026606088672,0.6395498572225154,0
0,1,158,False,late,2,0,0,1.3322479763974289,0.3902174200389896,0.6395498572225154,0
0,1,158,False,late,3,0,0,0.7646609451386032,0.7694927657007486,0.6395498572225154,0
0,1,158,False,late,4,0,1,1.2525743096843276,0.444496370503389,0.6395498572225154,0
0,1,159,False,late,1,0,0,1.3541130875920566,0.3749363476926248,0.7232843874330251,0
0,1,159,False,late,2,0,0,1.3675448211777763,0.3703354603810298,0.7232843874330251,0
0,1,159,False,late,3,0,4,0.12876736509999892,0.9945439281360036,0.7232843874330251,0
0,1,159,False,late,4,0,2,0.6110315597127738,0.8702229593150608,0.7232843874330251,0
0,1,160,False,late,1,0,4,0.09914505012652966,0.9967773749293837,0.7256110077866696,0
0,1,160,False,late,2,0,0,1.3519236747518875,0.3776912661095516,0.7256110077866696,0
0,1,160,False,late,3,0,0,1.3527098712852432,0.3846397873268943,0.7256110077866696,0
0,1,160,False,late,4,0,4,0.09657327007971772,0.9969553219695954,0.7256110077866696,0
0,1,161,False,late,1,0,0,1.3519236747518875,0.3776912661095516,0.6395498572225154,0
0,1,161,False,late,2,0,0,1.3541130875920566,0.3749363476926248,0.6395498572225154,0
0,1,161,False,late,3,1,7,0.0,1.0,0.6395498572225154,0
0,1,161,False,late,4,0,4,0.17708298301973346,0.9891026606088672,0.6395498572225154,0
0,1,162,False,late,1,0,1,1.1413596688600254,0.5167387225895304,0.5324400790389998,0
0,1,162,False,late,2,0,0,0.24314487781605162,0.982642766848911,0.5324400790389998,0
0,1,162,False,late,3,0,0,0.2748227412206461,0.9766564481198879,0.5324400790389998,0
0,1,162,False,late,4,0,1,1.1413596688600254,0.5167387225895304,0.5324400790389998,0
0,1,163,False,late,1,0,0,0.22444126300764256,0.986036951289002,0.7309643455268638,0
0,1,163,False,late,2,0,0,1.3549758370749416,0.37657239891743055,0.7309643455268638,0
0,1,163,False,late,3,0,2,0.09200726690726206,0.997237527275829,0.7309643455268638,0
0,1,163,False,late,4,0,2,0.13318999269233459,0.994204550130451,0.7309643455268638,0
0,1,164,False,late,1,0,0,0.4093955433527335,0.9487200490210084,0.33822868752788987,0
0,1,164,False,late,2,0,0,0.20108786995285538,0.9855903105925888,0.33822868752788987,0
0,1,164,False,late,3,0,0,0.9521148383601219,0.6451692786929343,0.33822868752788987,0
0,1,164,False,late,4,0,0,0.41705220764234224,0.9457250164297605,0.33822868752788987,0
0,1,165,False,late,1,0,0,0.08040174331175397,0.997186987762168,0.37200048548945724,0
0,1,165,False,late,2,0,0,0.38364555713442433,0.955472344679526,0.37200048548945724,0
0,1,165,False,late,3,0,1,0.17246902761651792,0.9894956478497827,0.37200048548945724,0
0,1,165,False,late,4,0,1,0.9763524464516193,0.6293525136604672,0.37200048548945724,0
0,1,166,False,late,1,0,1,0.11232412322421423,0.9944479032023245,0.34462204146514636,0
0,1,166,False,late,2,0,0,0.09503000296194412,0.9959579970794977,0.34462204146514636,0
0,1,166,False,late,3,0,0,0.4360054256816881,0.9399480645655682,0.34462204146514636,0
0,1,166,False,late,4,0,2,0.23383568107993716,0.9795441294661927,0.34462204146514636,0
0,1,167,False,late,1,0,0,1.4372312437302222,0.45197173980117694,1.2002222707426906,0
0,1,167,False,late,2,0,0,1.4704822407529037,0.4249426732829671,1.2002222707426906,0
0,1,167,False,late,3,0,0,1.4383643935296162,0.45054464704672575,1.2002222707426906,0
0,1,167,False,late,4,0,0,1.8267604213829378,0.1647965306082415,1.2002222707426906,0
0,1,168,False,late,1,1,7,0.0,1.0,1.2002222707426906,0
0,1,168,False,late,2,0,0,1.4372312437302222,0.45197173980117694,1.2002222707426906,0
0,1,168,False,late,3,0,0,1.4704822407529037,0.4249426732829671,1.2002222707426906,0
0,1,168,False,late,4,0,0,1.4383643935296162,0.45054464704672575,1.2002222707426906,0
0,1,169,False,late,1,1,7,0.0,1.0,1.2002222707426906,0
0,1,169,False,late,2,1,7,0.0,1.0,1.2002222707426906,0
0,1,169,False,late,3,0,0,1.4372312437302222,0.45197173980117694,1.2002222707426906,0
0,1,169,False,late,4,0,0,1.4704822407529037,0.4249426732829671,1.2002222707426906,0
0,1,170,False,late,1,0,0,1.4012402602088552,0.48008407625469174,0.2938951071411998,0
0,1,170,False,late,2,0,0,1.4012402602088552,0.48008407625469174,0.2938951071411998,0
0,1,170,False,late,3,0,0,1.4012402602088552,0.48008407625469174,0.2938951071411998,0
0,1,170,False,late,4,0,1,0.07963110821638951,0.9972319746145308,0.2938951071411998,0
0,1,171,False,late,1,1,7,0.0,1.0000000000000002,0.2938951071411998,0
0,1,171,False,late,2,0,0,1.4012402602088552,0.48008407625469174,0.2938951071411998,0
0,1,171,False,late,3,0,0,1.4012402602088552,0.48008407625469174,0.2938951071411998,0
0,1,171,False,late,4,0,0,1.4012402602088552,0.48008407625469174,0.2938951071411998,0
0,1,172,False,late,1,0,0,1.4012402602088552,0.48008407625469174,1.2002222707426906,0
0,1,172,False,late,2,0,0,1.4012402602088552,0.48008407625469174,1.2002222707426906,0
0,1,172,False,late,3,1,7,0.0,1.0,1.2002222707426906,0
0,1,172,False,late,4,1,7,0.0,1.0,1.2002222707426906,0
0,1,173,False,late,1,0,0,0.4767887072427839,0.9618088081021671,0.8175650638535237,0
0,1,173,False,late,2,0,0,1.0508160085184606,0.6130038111212568,0.8175650638535237,0
0,1,173,False,late,3,0,0,1.0508160085184606,0.6130038111212568,0.8175650638535237,0
0,1,173,False,late,4,0,0,0.4767887072427839,0.9618088081021671,0.8175650638535237,0
0,1,174,False,late,1,0,1,0.20427780420757874,0.98769024115602,0.8398381941940263,0
0,1,174,False,late,2,0,0,0.43544405810202563,0.9696329765732927,0.8398381941940263,0
0,1,174,False,late,3,0,0,1.0753140975361608,0.600759747310658,0.8398381941940263,0
0,1,174,False,late,4,0,0,1.0753140975361608,0.600759747310658,0.8398381941940263,0
0,1,175,False,late,1,0,0,2.154970893998963,-0.7358973575869371,0.09200052272912614,1
0,1,175,False,late,2,0,0,2.1450714524175503,-0.7418152644128246,0.09200052272912614,1
0,1,175,False,late,3,0,0,2.304487558124173,-0.5933336830582807,0.09200052272912614,1
0,1,175,False,late,4,0,0,2.0209498060866657,-0.9503248399600307,0.09200052272912614,1
0,1,176,False,late,1,0,4,0.03673143730314269,0.9993331121126567,0.10686627124783986,0
0,1,176,False,late,2,0,0,2.156137286608297,-0.7356099804326804,0.10686627124783986,1
0,1,176,False,late,3,0,0,2.143342628042792,-0.7367387981573271,0.10686627124783986,1
0,1,176,False,late,4,0,0,2.3054683955365625,-0.5929640676148028,0.10686627124783986,1
0,1,177,False,late,1,0,2,2.0075112992368846,-0.9626133787844371,0.20525240811253617,1
0,1,177,False,late,2,0,2,2.008332403774152,-0.9670734226334052,0.20525240811253617,1
0,1,177,False,late,3,0,0,0.9623137696952335,0.6831449118522103,0.20525240811253617,0
0,1,177,False,late,4,0,0,0.9170149266282951,0.7089442501939421,0.20525240811253617,0
0,1,178,False,late,1,0,0,0.19609928862750708,0.9814987682386097,0.189418864129765,0
0,1,178,False,late,2,0,0,2.0095429036486436,-0.9725516378782681,0.189418864129765,1
0,1,178,False,late,3,0,0,2.0085437241411714,-0.9734582981775585,0.189418864129765,1
0,1,178,False,late,4,0,0,0.9510904986841681,0.6909301598244938,0.189418864129765,0
0,1,179,False,late,1,0,4,2.0026396841266623,-0.9401961852685631,0.1766802621022589,1
0,1,179,False,late,2,0,0,2.0025109469893154,-0.9341103153209924,0.1766802621022589,1
0,1,179,False,late,3,0,0,0.16472481406580938,0.9867623957535163,0.1766802621022589,0
0,1,179,False,late,4,0,0,0.16765536374039322,0.986280610631983,0.1766802621022589,0
0,1,180,False,late,1,0,1,0.2941105623229059,0.9578658863705829,0.14568358688123897,0
0,1,180,False,late,2,0,1,2.0226611784833857,-0.9888209013861925,0.14568358688123897,1
0,1,180,False,late,3,0,0,2.022370599302617,-0.9822533190882454,0.14568358688123897,1
0,1,180,False,late,4,0,0,0.148157280073176,0.9892124774362571,0.14568358688123897,0
0,1,181,False,late,1,0,5,0.0517647056018605,0.9986906115270018,0.15456468712895347,0
0,1,181,False,late,2,0,1,0.2890561877027439,0.9593495676895016,0.15456468712895347,0
0,1,181,False,late,3,0,1,2.0233234609646193,-0.987538795930237,0.15456468712895347,1
0,1,181,False,late,4,0,0,2.021210916163388,-0.9774129186453714,0.15456468712895347,1
0,1,182,False,late,1,0,0,2.0217365831714775,-0.9831981700143808,0.1927558338038807,1
0,1,182,False,late,2,0,0,2.0220679029416653,-0.9864273655684735,0.1927558338038807,1
0,1,182,False,late,3,0,0,2.00098618676567,-0.9358007958440676,0.1927558338038807,1
0,1,182,False,late,4,0,0,0.062445995394681715,0.9981191286755559,0.1927558338038807,0
0,1,183,False,late,1,0,0,0.7408786530741696,0.8355395399666666,0.8867340658778882,0
0,1,183,False,late,2,0,0,2.241609313396497,-0.8187787891224446,0.8867340658778882,1
0,1,183,False,late,3,0,0,2.2428641157842386,-0.8229173437171236,0.8867340658778882,1
0,1,183,False,late,4,0,0,2.128427712607787,-0.6309536012451473,0.8867340658778882,1
0,1,184,False,late,1,0,0,2.38233624151772,-0.9167442161391398,0.4497604008324277,1
0,1,184,False,late,2,0,0,2.079291107553323,-0.9331358516264239,0.4497604008324277,1
0,1,184,False,late,3,0,0,0.31901018266690134,0.9573647883621869,0.4497604008324277,0
0,1,184,False,late,4,0,0,0.31478232462945327,0.9586197579972437,0.4497604008324277,0
0,1,185,False,late,1,0,0,0.5863363809450467,0.8491783578536803,0.21659937697897894,0
0,1,185,False,late,2,0,0,2.1247270298255376,-0.6147099855639159,0.21659937697897894,1
0,1,185,False,late,3,0,1,2.0019891907980942,-0.9231511534521917,0.21659937697897894,1
0,1,185,False,late,4,0,0,0.3092334931822695,0.9538811128720627,0.21659937697897894,0
0,1,186,False,late,1,0,0,2.0051037641262743,-0.9236580209873606,0.2075674199894271,1
0,1,186,False,late,2,0,0,2.0927056238359363,-0.9528201301039272,0.2075674199894271,1
0,1,186,False,late,3,0,1,0.7206443481202592,0.8461657365068977,0.2075674199894271,0
0,1,186,False,late,4,0,0,0.12845971358857178,0.9920713369199581,0.2075674199894271,0
0,1,187,False,late,1,0,2,0.0565917935925316,0.9984733234913825,0.2215373968761574,0
0,1,187,False,late,2,0,0,2.0055387356468706,-0.9189875727077985,0.2215373968761574,1
0,1,187,False,late,3,0,0,2.099723298911403,-0.9605236147145517,0.2215373968761574,1
0,1,187,False,late,4,0,1,0.6890278941610753,0.8622129587625441,0.2215373968761574,0
0,1,188,False,late,1,1,7,0.0,1.0000000000000002,0.2215373968761574,0
0,1,188,False,late,2,0,2,0.0565917935925316,0.9984733234913825,0.2215373968761574,0
0,1,188,False,late,3,0,0,2.0055387356468706,-0.9189875727077985,0.2215373968761574,1
0,1,188,False,late,4,0,0,2.099723298911403,-0.9605236147145517,0.2215373968761574,1
0,1,189,False,late,1,0,0,2.0075085222110802,-0.9253900592397182,0.2098891218699623,1
0,1,189,False,late,2,0,0,2.0075085222110802,-0.9253900592397182,0.2098891218699623,1
0,1,189,False,late,3,0,0,2.0084143947019584,-0.9326605209427835,0.2098891218699623,1
0,1,189,False,late,4,0,0,0.12927873338534812,0.992007987577091,0.2098891218699623,0
0,1,190,False,late,1,0,0,0.6186113094653711,0.8371964789744061,0.5060907480550565,0
0,1,190,False,late,2,0,0,2.0885848445977233,-0.8959403385206791,0.5060907480550565,1
0,1,190,False,late,3,0,0,2.0885848445977233,-0.8959403385206791,0.5060907480550565,1
0,1,190,False,late,4,0,0,2.082153998744315,-0.8894137567481485,0.5060907480550565,1
0,1,191,False,late,1,0,1,0.1673121976512665,0.9890535345877333,0.5344754261159591,0
0,1,191,False,late,2,0,0,0.6596766336035349,0.8176164758098742,0.5344754261159591,0
0,1,191,False,late,3,0,0,2.1081844059447246,-0.9082860412627194,0.5344754261159591,1
0,1,191,False,late,4,0,0,2.1081844059447246,-0.9082860412627194,0.5344754261159591,1
0,1,192,False,late,1,0,0,0.49053060883926153,0.9015808657582575,0.20036326577012722,0
0,1,192,False,late,2,0,0,0.4737490419071953,0.9062775896365485,0.20036326577012722,0
0,1,192,False,late,3,0,0,0.23355318092167124,0.973829982926312,0.20036326577012722,0
0,1,192,False,late,4,0,0,2.0208268200508006,-0.9546773199073176,0.20036326577012722,1
0,1,193,False,late,1,0,4,0.0030084032638400537,0.999995649739251,0.20047552948073918,0
0,1,193,False,late,2,0,0,0.49004142909322346,0.9017882149316531,0.20047552948073918,0
0,1,193,False,late,3,0,0,0.47333812822281335,0.9064479002929202,0.20047552948073918,0
0,1,193,False,late,4,0,0,0.23523282289222894,0.9734527247107325,0.20047552948073918,0
0,1,194,False,late,1,0,0,0.5494222266784462,0.8769970748652192,0.5532916559476889,0
0,1,194,False,late,2,0,0,0.5493810432817212,0.8770161537986103,0.5532916559476889,0
0,1,194,False,late,3,0,0,0.9471619716565731,0.6538836082031474,0.5532916559476889,0
0,1,194,False,late,4,0,0,0.8639926718936944,0.7087970739171856,0.5532916559476889,0
0,1,195,False,late,1,0,0,0.4712115644211183,0.9115231700934486,0.12657074428573956,0
0,1,195,False,late,2,0,0,0.19638639948495118,0.9813111506804869,0.12657074428573956,0
0,1,195,False,late,3,0,0,0.1962711528770171,0.9813325005628312,0.12657074428573956,0
0,1,195,False,late,4,0,0,0.5908100104749079,0.854229456051456,0.12657074428573956,0
0,1,196,False,late,1,0,1,0.16771810925247535,0.9861591546327635,0.1277599860611975,0
0,1,196,False,late,2,0,0,0.5464303620130362,0.8783001230980044,0.1277599860611975,0
0,1,196,False,late,3,0,0,0.2403298726114449,0.9719798425758154,0.1277599860611975,0
0,1,196,False,late,4,0,0,0.23868610144333388,0.9723618957847947,0.1277599860611975,0
0,1,197,False,late,1,0,4,0.024067226110720152,0.9997177763510137,0.10470291990862426,0
0,1,197,False,late,2,0,1,0.1509022000306104,0.9887689057463791,0.10470291990862426,0
0,1,197,False,late,3,0,0,0.5415055404449255,0.8806244469395622,0.10470291990862426,0
0,1,197,False,late,4,0,0,0.22796081668301688,0.9747638834527003,0.10470291990862426,0
0,1,198,False,late,1,0,4,0.007521008159599996,0.9999723389254733,0.11186254907238896,0
0,1,198,False,late,2,0,4,0.016546217951120157,0.9998668194308633,0.11186254907238896,0
0,1,198,False,late,3,0,1,0.15595310327295783,0.9880118436402618,0.11186254907238896,0
0,1,198,False,late,4,0,0,0.5429347537033694,0.8799501841678435,0.11186254907238896,0
0,1,199,False,late,1,0,1,0.3033287592235379,0.9569885164289269,0.3044251478413495,0
0,1,199,False,late,2,0,1,0.30076309568446646,0.9577218083176535,0.3044251478413495,0
0,1,199,False,late,3,0,1,0.3095421294797373,0.9551939984456996,0.3044251478413495,0
0,1,199,False,late,4,0,2,0.1862631288519837,0.984197685957011,0.3044251478413495,0
0,1,200,False,late,1,0,5,0.06988235256251166,0.9977874406273476,0.2694726313704298,0
0,1,200,False,late,2,0,1,0.26820057319538254,0.9659039246314054,0.2694726313704298,0
0,1,200,False,late,3,0,1,0.26529540330722706,0.9666440479490872,0.2694726313704298,0
0,1,200,False,late,4,0,1,0.2752081779546007,0.9640926887193332,0.2694726313704298,0
0,1,201,False,late,1,0,2,0.11731092415603928,0.994311223609928,0.3797851697236789,0
0,1,201,False,late,2,0,2,0.13654814581683333,0.9919282247626794,0.3797851697236789,0
0,1,201,False,late,3,0,1,0.3705406170212191,0.9380904853656501,0.3797851697236789,0
0,1,201,False,late,4,0,1,0.3684432824955264,0.938809297564241,0.3797851697236789,0
0,1,202,False,late,1,1,7,0.0,1.0,0.3797851697236789,0
0,1,202,False,late,2,0,2,0.11731092415603928,0.994311223609928,0.3797851697236789,0
0,1,202,False,late,3,0,2,0.13654814581683333,0.9919282247626794,0.3797851697236789,0
0,1,202,False,late,4,0,1,0.3705406170212191,0.9380904853656501,0.3797851697236789,0
0,1,203,False,late,1,0,0,0.4093178621147967,0.9494254559199276,0.7492229571186243,0
0,1,203,False,late,2,0,0,0.4093178621147967,0.9494254559199276,0.7492229571186243,0
0,1,203,False,late,3,0,0,0.508638759713863,0.9177130225964701,0.7492229571186243,0
0,1,203,False,late,4,0,0,0.5068576409404074,0.917621495988787,0.7492229571186243,0
0,1,204,False,late,1,0,0,0.3464053079864704,0.9681498439430994,0.9194844633419392,0
0,1,204,False,late,2,0,0,0.6137757469060713,0.8990726159003675,0.9194844633419392,0
0,1,204,False,late,3,0,0,0.6137757469060713,0.8990726159003675,0.9194844633419392,0
0,1,204,False,late,4,0,0,0.7038584012284167,0.8609687772050594,0.9194844633419392,0
0,1,205,False,late,1,0,0,0.3909133553961067,0.9589479466812092,0.9350680427656817,0
0,1,205,False,late,2,0,0,0.41936046630930657,0.9527753439012235,0.9350680427656817,0
0,1,205,False,late,3,0,0,0.6904460467984187,0.8678413586619331,0.9350680427656817,0
0,1,205,False,late,4,0,0,0.6904460467984187,0.8678413586619331,0.9350680427656817,0
0,1,206,False,late,1,1,7,0.0,1.0,0.9350680427656817,0
0,1,206,False,late,2,0,0,0.3909133553961067,0.9589479466812092,0.9350680427656817,0
0,1,206,False,late,3,0,0,0.41936046630930657,0.9527753439012235,0.9350680427656817,0
0,1,206,False,late,4,0,0,0.6904460467984187,0.8678413586619331,0.9350680427656817,0
0,1,207,False,late,1,0,0,0.7420072147933806,0.8447628176661508,0.7894107166589696,0
0,1,207,False,late,2,0,0,0.7420072147933806,0.8447628176661508,0.7894107166589696,0
0,1,207,False,late,3,0,0,0.9108082888968916,0.7624023881455781,0.7894107166589696,0
0,1,207,False,late,4,0,0,0.9279895588118954,0.7297141318372339,0.7894107166589696,0
0,1,208,False,late,1,1,7,0.0,1.0000000000000002,0.7894107166589696,0
0,1,208,False,late,2,0,0,0.7420072147933806,0.8447628176661508,0.7894107166589696,0
0,1,208,False,late,3,0,0,0.7420072147933806,0.8447628176661508,0.7894107166589696,0
0,1,208,False,late,4,0,0,0.9108082888968916,0.7624023881455781,0.7894107166589696,0
0,1,209,False,late,1,0,0,0.47752697319728526,0.9282340132170844,0.734976343888618,0
0,1,209,False,late,2,0,0,0.47752697319728526,0.9282340132170844,0.734976343888618,0
0,1,209,False,late,3,0,0,0.33897354284782577,0.9710099927114492,0.734976343888618,0
0,1,209,False,late,4,0,0,0.33897354284782577,0.9710099927114492,0.734976343888618,0
0,1,210,False,late,1,0,0,0.3323213804197279,0.9734719532085704,0.9521056414916081,0
0,1,210,False,late,2,0,0,0.7553785696274606,0.8410570720508562,0.9521056414916081,0
0,1,210,False,late,3,0,0,0.7553785696274606,0.8410570720508562,0.9521056414916081,0
0,1,210,False,late,4,0,1,0.08150607668869939,0.9982790260528991,0.9521056414916081,0
0,1,211,False,late,1,0,0,0.3255396597848196,0.9750551736183547,0.7273767930513109,0
0,1,211,False,late,2,0,3,0.053986253535760816,0.9990569687043105,0.7273767930513109,0
0,1,211,False,late,3,0,0,0.47356087605388814,0.9292711852345408,0.7273767930513109,0
0,1,211,False,late,4,0,0,0.47356087605388814,0.9292711852345408,0.7273767930513109,0
0,1,212,False,late,1,1,7,0.0,1.0,0.7273767930513109,0
0,1,212,False,late,2,0,0,0.3255396597848196,0.9750551736183547,0.7273767930513109,0
0,1,212,False,late,3,0,3,0.053986253535760816,0.9990569687043105,0.7273767930513109,0
0,1,212,False,late,4,0,0,0.47356087605388814,0.9292711852345408,0.7273767930513109,0
0,1,213,False,late,1,0,0,0.47723282974460635,0.9227509852553303,0.6001410874906419,0
0,1,213,False,late,2,0,0,0.47723282974460635,0.9227509852553303,0.6001410874906419,0
0,1,213,False,late,3,0,0,0.7844755275848728,0.8232067295689719,0.6001410874906419,0
0,1,213,False,late,4,0,0,0.4658667602495823,0.9269579865751165,0.6001410874906419,0
0,1,214,False,late,1,0,1,0.7397862109608639,0.8430918466701954,0.9446080808242732,0
0,1,214,False,late,2,0,0,1.197556614331747,0.5841279358410739,0.9446080808242732,0
0,1,214,False,late,3,0,0,1.197556614331747,0.5841279358410739,0.9446080808242732,0
0,1,214,False,late,4,0,0,1.4952655643474333,0.4114419580622231,0.9446080808242732,0
0,1,215,False,late,1,0,0,0.7395052574397604,0.8433513931133045,0.6291389846196265,0
0,1,215,False,late,2,0,0,0.11180191686555156,0.9955478152633764,0.6291389846196265,0
0,1,215,False,late,3,0,0,0.4753835565688039,0.9236949981544983,0.6291389846196265,0
0,1,215,False,late,4,0,0,0.4753835565688039,0.9236949981544983,0.6291389846196265,0
0,1,216,False,late,1,0,0,0.9597151979526282,0.747187336933103,1.0286042691735975,0
0,1,216,False,late,2,0,0,0.3134060312502087,0.9759947250841421,1.0286042691735975,0
0,1,216,False,late,3,0,0,0.9635165718049562,0.7440772619844832,1.0286042691735975,0
0,1,216,False,late,4,0,0,1.3976459877981031,0.4604678573982913,1.0286042691735975,0
0,1,217,False,late,1,0,0,0.48827388738356026,0.9529077772241604,0.5584068649288767,0
0,1,217,False,late,2,0,0,0.7196723359169013,0.8091049934955303,0.5584068649288767,0
0,1,217,False,late,3,0,0,0.49760945904114917,0.9382444637926753,0.5584068649288767,0
0,1,217,False,late,4,0,0,0.705655714473302,0.8137738492549942,0.5584068649288767,0
0,1,218,False,late,1,0,0,0.5733001299208746,0.8657529760459906,0.05599184751048012,0
0,1,218,False,late,2,0,0,1.0505242018272936,0.6812084574663616,0.05599184751048012,0
0,1,218,False,late,3,0,0,0.683507218999496,0.8162653916008724,0.05599184751048012,0
0,1,218,False,late,4,0,0,0.976408402543791,0.704784965539684,0.05599184751048012,0
0,1,219,False,late,1,0,5,0.02070588224074421,0.9997864077696383,0.06098668495354911,0
0,1,219,False,late,2,0,0,0.5738140357392996,0.8654986772233874,0.06098668495354911,0
0,1,219,False,late,3,0,0,1.0506007204022063,0.6811574897857136,0.06098668495354911,0
0,1,219,False,late,4,0,0,0.6813476170089485,0.8175197080499846,0.06098668495354911,0
0,2,1,True,early,1,1,7,0.0,1.0000000000000002,0.017177063799044153,0
0,2,2,True,early,1,1,7,0.0,1.0000000000000002,0.017177063799044153,0
0,2,2,True,early,2,1,7,0.0,1.0000000000000002,0.017177063799044153,0
0,2,3,True,early,1,1,7,0.0,1.0000000000000002,0.017177063799044153,0
0,2,3,True,early,2,1,7,0.0,1.0000000000000002,0.017177063799044153,0
0,2,3,True,early,3,1,7,0.0,1.0000000000000002,0.017177063799044153,0
0,2,4,True,early,1,1,7,0.0,1.0000000000000002,0.017177063799044153,0
0,2,4,True,early,2,1,7,0.0,1.0000000000000002,0.017177063799044153,0
0,2,4,True,early,3,1,7,0.0,1.0000000000000002,0.017177063799044153,0
0,2,4,True,early,4,1,7,0.0,1.0000000000000002,0.017177063799044153,0
0,2,5,True,early,1,1,7,0.0,1.0000000000000002,0.017177063799044153,0
0,2,5,True,early,2,1,7,0.0,1.0000000000000002,0.017177063799044153,0
0,2,5,True,early,3,1,7,0.0,1.0000000000000002,0.017177063799044153,0
0,2,5,True,early,4,1,7,0.0,1.0000000000000002,0.017177063799044153,0
0,2,6,True,early,1,0,0,0.3962661703227182,0.9299408198417073,0.4016531653052158,0
0,2,6,True,early,2,0,0,0.3962661703227182,0.9299408198417073,0.4016531653052158,0
0,2,6,True,early,3,0,0,0.3962661703227182,0.9299408198417073,0.4016531653052158,0
0,2,6,True,early,4,0,0,0.3962661703227182,0.9299408198417073,0.4016531653052158,0
0,2,7,True,early,1,0,0,0.39923661558073964,0.9288446795599273,0.011401869116484525,0
0,2,7,True,early,2,0,1,0.006029411858203271,0.9999818303622192,0.011401869116484525,0
0,2,7,True,early,3,0,1,0.006029411858203271,0.9999818303622192,0.011401869116484525,0
0,2,7,True,early,4,0,1,0.006029411858203271,0.9999818303622192,0.011401869116484525,0
0,2,8,True,early,1,0,0,0.48531064138929697,0.8998914206444674,0.4881901287806287,0
0,2,8,True,early,2,0,0,0.10180478737502664,0.99619400477521,0.4881901287806287,0
0,2,8,True,early,3,0,0,0.48204111588715387,0.9013122032066354,0.4881901287806287,0
0,2,8,True,early,4,0,0,0.48204111588715387,0.9013122032066354,0.4881901287806287,0
0,2,9,True,early,1,0,0,0.22206057208851118,0.9843468771111362,0.6624779848949606,0
0,2,9,True,early,2,0,0,0.6585538936716224,0.8358190836450125,0.6624779848949606,0
0,2,9,True,early,3,0,0,0.2774100773255504,0.9759797620692855,0.6624779848949606,0
0,2,9,True,early,4,0,0,0.6549836560717763,0.8377734038439664,0.6624779848949606,0
0,2,10,True,early,1,0,0,0.22206057208851118,0.9843468771111362,0.4881901287806287,0
0,2,10,True,early,2,1,7,0.0,1.0,0.4881901287806287,0
0,2,10,True,early,3,0,0,0.48531064138929697,0.8998914206444674,0.4881901287806287,0
0,2,10,True,early,4,0,0,0.10180478737502664,0.99619400477521,0.4881901287806287,0
0,2,11,True,early,1,0,0,0.46694895375939416,0.9514940941543788,0.9456956798480339,0
0,2,11,True,early,2,0,0,0.31832667407318366,0.9787800873463981,0.9456956798480339,0
0,2,11,True,early,3,0,0,0.46694895375939416,0.9514940941543788,0.9456956798480339,0
0,2,11,True,early,4,0,0,0.9433357782207501,0.728178557685976,0.9456956798480339,0
0,2,12,True,early,1,0,1,0.10570236252547659,0.9973587560031709,0.9898533784450435,0
0,2,12,True,early,2,0,0,0.5101564337312289,0.9445406700801233,0.9898533784450435,0
0,2,12,True,early,3,0,0,0.34048700142594984,0.9784144143394058,0.9898533784450435,0
0,2,12,True,early,4,0,0,0.5101564337312289,0.9445406700801233,0.9898533784450435,0
0,2,13,True,early,1,1,7,0.0,1.0,0.9898533784450435,0
0,2,13,True,early,2,0,1,0.10570236252547659,0.9973587560031709,0.9898533784450435,0
0,2,13,True,early,3,0,0,0.5101564337312289,0.9445406700801233,0.9898533784450435,0
0,2,13,True,early,4,0,0,0.34048700142594984,0.9784144143394058,0.9898533784450435,0
0,2,14,True,early,1,0,0,0.11989851559472478,0.996921622545033,1.049565434859312,0
0,2,14,True,early,2,0,0,0.11989851559472478,0.996921622545033,1.049565434859312,0
0,2,14,True,early,3,0,0,0.1778312313771901,0.9934229798803453,1.049565434859312,0
0,2,14,True,early,4,0,0,0.5852786959084546,0.9290047024519245,1.049565434859312,0
0,2,15,True,early,1,0,0,0.036483852895864526,0.9996855507540405,1.0446520738369784,0
0,2,15,True,early,2,0,0,0.1289672582013932,0.9962881431503336,1.0446520738369784,0
0,2,15,True,early,3,0,0,0.1289672582013932,0.9962881431503336,1.0446520738369784,0
0,2,15,True,early,4,0,0,0.16367824674323533,0.9944932541276649,1.0446520738369784,0
0,2,16,True,early,1,0,0,0.07436861152697058,0.9987021352058065,1.056260114076773,0
0,2,16,True,early,2,0,0,0.0944084081158163,0.9978921370731633,1.056260114076773,0
0,2,16,True,early,3,0,0,0.19931164680980282,0.9908457502451272,1.056260114076773,0
0,2,16,True,early,4,0,0,0.19931164680980282,0.9908457502451272,1.056260114076773,0
0,2,17,True,early,1,0,0,0.022392380834389013,0.9998827088823893,1.0591470450491989,0
0,2,17,True,early,2,0,0,0.08940858788005612,0.998128751184296,1.0591470450491989,0
0,2,17,True,early,3,0,0,0.11320439857334845,0.9969770536980117,1.0591470450491989,0
0,2,17,True,early,4,0,0,0.21330755139480714,0.9894997813183358,1.0591470450491989,0
0,2,18,True,early,1,0,1,0.04205901796039203,0.9996026700483659,1.0457669327075203,0
0,2,18,True,early,2,0,0,0.05797407982797292,0.9992152523274105,1.0457669327075203,0
0,2,18,True,early,3,0,0,0.12693157368658026,0.9961502362732834,1.0457669327075203,0
0,2,18,True,early,4,0,0,0.14940079361249553,0.9946813020187873,1.0457669327075203,0
0,2,19,True,early,1,1,7,0.0,1.0,1.0457669327075203,0
0,2,19,True,early,2,0,1,0.04205901796039203,0.9996026700483659,1.0457669327075203,0
0,2,19,True,early,3,0,0,0.05797407982797292,0.9992152523274105,1.0457669327075203,0
0,2,19,True,early,4,0,0,0.12693157368658026,0.9961502362732834,1.0457669327075203,0
0,2,20,True,early,1,0,1,0.03527819123222087,0.9997114760083753,1.0535462292688218,0
0,2,20,True,early,2,0,1,0.03527819123222087,0.9997114760083753,1.0535462292688218,0
0,2,20,True,early,3,0,1,0.014236078531022234,0.9999560174596007,1.0535462292688218,0
0,2,20,True,early,4,0,0,0.03376877758586861,0.9997310583040316,1.0535462292688218,0
0,2,21,True,early,1,0,1,0.045042924834440244,0.9995191822386937,1.051777800502767,0
0,2,21,True,early,2,0,1,0.018985367560242144,0.9999186828938776,1.051777800502767,0
0,2,21,True,early,3,0,1,0.018985367560242144,0.9999186828938776,1.051777800502767,0
0,2,21,True,early,4,0,1,0.04756516408013037,0.9994716585689862,1.051777800502767,0
0,2,22,True,early,1,0,1,0.19935412508672748,0.9905335846111316,1.042923380973843,0
0,2,22,True,early,2,0,1,0.24257638519865646,0.9859957194458395,1.042923380973843,0
0,2,22,True,early,3,0,1,0.2087770034925815,0.9895765721389235,1.042923380973843,0
0,2,22,True,early,4,0,1,0.2087770034925815,0.9895765721389235,1.042923380973843,0
0,2,23,True,early,1,0,1,0.2080281393416115,0.9910738438809613,1.1321468444931975,0
0,2,23,True,early,2,0,2,0.3749861283465605,0.968729986159905,1.1321468444931975,0
0,2,23,True,early,3,0,1,0.41903398504077555,0.9607534026825849,1.1321468444931975,0
0,2,23,True,early,4,0,1,0.3897967639481132,0.9661670718547672,1.1321468444931975,0
0,2,24,True,early,1,0,0,0.1829705420355048,0.9927233420364391,1.0907287135744652,0
0,2,24,True,early,2,0,0,0.33362954761461006,0.9742544041489197,1.0907287135744652,0
0,2,24,True,early,3,0,0,0.520775444696557,0.9370455943769714,1.0907287135744652,0
0,2,24,True,early,4,0,0,0.565037551354117,0.9259048953716765,1.0907287135744652,0
0,2,25,True,early,1,0,0,0.43586625701209564,0.9598846414446882,1.1893728199326077,0
0,2,25,True,early,2,0,0,0.6062179173355492,0.9221169623371915,1.1893728199326077,0
0,2,25,True,early,3,0,0,0.7591742994493154,0.8742964149494542,1.1893728199326077,0
0,2,25,True,early,4,0,0,0.9445005067950945,0.8045476137411265,1.1893728199326077,0
0,2,26,True,early,1,0,0,0.22561849143061058,0.9900507257241696,1.0948538988492145,0
0,2,26,True,early,2,0,0,0.5557218332298886,0.9296284397075896,1.0948538988492145,0
0,2,26,True,early,3,0,0,0.7147142988354284,0.8861424495964773,1.0948538988492145,0
0,2,26,True,early,4,0,0,0.8535385631446962,0.8303156105730635,1.0948538988492145,0
0,2,27,True,early,1,0,0,0.3556928259459009,0.9711418452405906,1.0884156463782377,0
0,2,27,True,early,2,0,0,0.32000228334518976,0.9789596387968017,1.0884156463782377,0
0,2,27,True,early,3,0,0,0.6322410819409262,0.9086201911645585,1.0884156463782377,0
0,2,27,True,early,4,0,0,0.8050129679814344,0.855108737135497,1.0884156463782377,0
0,2,28,True,middle,1,0,0,0.2582911786032585,0.9850378612184997,0.9985231981975882,0
0,2,28,True,middle,2,0,0,0.27141355504407594,0.983579559082823,0.9985231981975882,0
0,2,28,True,middle,3,0,0,0.4012707933321676,0.9678465861501312,0.9985231981975882,0
0,2,28,True,middle,4,0,0,0.7200214663037874,0.8771020152549721,0.9985231981975882,0
0,2,29,True,middle,1,0,0,0.22629358384146217,0.9871000597568682,0.9785421659200676,0
0,2,29,True,middle,2,0,0,0.47999314893393946,0.9458014901774782,0.9785421659200676,0
0,2,29,True,middle,3,0,0,0.33641689683796466,0.9744112768899809,0.9785421659200676,0
0,2,29,True,middle,4,0,0,0.5376610507050698,0.9390268568649547,0.9785421659200676,0
0,2,30,True,middle,1,0,0,0.07204318067368536,0.998676464253429,0.9709495414554699,0
0,2,30,True,middle,2,0,0,0.2575237420202331,0.9832604203810638,0.9709495414554699,0
0,2,30,True,middle,3,0,0,0.5085070780735642,0.9389645067079523,0.9709495414554699,0
0,2,30,True,middle,4,0,0,0.36331023469456203,0.9699828290206175,0.9709495414554699,0
0,2,31,True,middle,1,0,0,0.17011318907329057,0.9925401496599023,0.944582125259231,0
0,2,31,True,middle,2,0,0,0.21136190361359067,0.988537995941611,0.944582125259231,0
0,2,31,True,middle,3,0,0,0.33219421152148243,0.9719794176435231,0.944582125259231,0
0,2,31,True,middle,4,0,0,0.5715414743431223,0.9222504509977822,0.944582125259231,0
0,2,32,True,middle,1,0,0,0.3157804677400918,0.9745339253898034,0.9914033388486643,0
0,2,32,True,middle,2,0,0,0.44334052274015273,0.9499809700213552,0.9914033388486643,0
0,2,32,True,middle,3,0,0,0.4778381958615073,0.9420741195624274,0.9914033388486643,0
0,2,32,True,middle,4,0,0,0.6366577486093384,0.8981613936183546,0.9914033388486643,0
0,2,33,True,middle,1,0,0,0.18367331387684166,0.9920771960540629,1.0450117389642548,0
0,2,33,True,middle,2,0,0,0.41336122008287657,0.9583205235073707,1.0450117389642548,0
0,2,33,True,middle,3,0,0,0.4904914063152729,0.9410177002606945,1.0450117389642548,0
0,2,33,True,middle,4,0,0,0.5265049044723381,0.9320611322531759,1.0450117389642548,0
0,2,34,True,middle,1,0,0,0.3469944361385542,0.9724432632592102,1.1023531562120512,0
0,2,34,True,middle,2,0,0,0.2939554622044187,0.9809196901401905,1.1023531562120512,0
0,2,34,True,middle,3,0,0,0.5939544162260442,0.9169496993367526,1.1023531562120512,0
0,2,34,True,middle,4,0,0,0.7339218446638374,0.87232890193454,1.1023531562120512,0
0,2,35,True,middle,1,0,0,0.22165015661278015,0.9898381191082067,1.1699407738349985,0
0,2,35,True,middle,2,0,0,0.31278300037478324,0.9799555123687881,1.1699407738349985,0
0,2,35,True,middle,3,0,0,0.375265747196338,0.9714657539464738,1.1699407738349985,0
0,2,35,True,middle,4,0,0,0.6806119241331837,0.896911849478469,1.1699407738349985,0
0,2,36,True,middle,1,0,0,0.20240241215040314,0.9913193321453809,1.1463260216611684,0
0,2,36,True,middle,2,0,0,0.07924534318757624,0.9988515594132826,1.1463260216611684,0
0,2,36,True,middle,3,0,0,0.3990119875005284,0.9650919045535703,1.1463260216611684,0
0,2,36,True,middle,4,0,0,0.36844308122396763,0.9712969548278074,1.1463260216611684,0
0,2,37,True,middle,1,0,0,0.13231096985738597,0.9967053151537599,1.075281706644203,0
0,2,37,True,middle,2,0,0,0.24764965326731891,0.9875361667339136,1.075281706644203,0
0,2,37,True,middle,3,0,0,0.05319417038861194,0.9994435851869989,1.075281706644203,0
0,2,37,True,middle,4,0,0,0.318583908941831,0.9762204019862992,1.075281706644203,0
0,2,38,True,middle,1,0,0,0.18987667141664097,0.9916050550101493,1.060440780608893,0
0,2,38,True,middle,2,0,0,0.2634518059540854,0.985261511869028,1.060440780608893,0
0,2,38,True,middle,3,0,0,0.21169026025814883,0.9914924222877516,1.060440780608893,0
0,2,38,True,middle,4,0,0,0.2126551199630924,0.989795409853902,1.060440780608893,0
0,2,39,True,middle,1,0,0,0.08124884406630403,0.9986421576253145,1.0971619357710418,0
0,2,39,True,middle,2,0,0,0.17538763420354553,0.9930037725757903,1.0971619357710418,0
0,2,39,True,middle,3,0,0,0.20778857957504354,0.9907384835976375,1.0971619357710418,0
0,2,39,True,middle,4,0,0,0.1329043330093603,0.9967861860112486,1.0971619357710418,0
0,2,40,True,middle,1,0,0,0.0876639551545735,0.9983394713401219,1.0675382008914498,0
0,2,40,True,middle,2,0,0,0.05019036154730568,0.9994155158547575,1.0675382008914498,0
0,2,40,True,middle,3,0,0,0.2036512321529336,0.9903530363146377,1.0675382008914498,0
0,2,40,True,middle,4,0,0,0.2690032719198178,0.9845075438529118,1.0675382008914498,0
0,2,41,True,middle,1,0,0,0.18337665004460046,0.9929977968710109,1.136598763171458,0
0,2,41,True,middle,2,0,0,0.10432481965735249,0.9977706269177286,1.136598763171458,0
0,2,41,True,middle,3,0,0,0.18040198962990409,0.9933440658098868,1.136598763171458,0
0,2,41,True,middle,4,0,0,0.16373354992175557,0.9944353552701654,1.136598763171458,0
0,2,42,True,middle,1,1,7,0.0,1.0,1.136598763171458,0
0,2,42,True,middle,2,0,0,0.18337665004460046,0.9929977968710109,1.136598763171458,0
0,2,42,True,middle,3,0,0,0.10432481965735249,0.9977706269177286,1.136598763171458,0
0,2,42,True,middle,4,0,0,0.18040198962990409,0.9933440658098868,1.136598763171458,0
0,2,43,True,middle,1,0,0,2.004908154128214,0.1117961024599883,1.1107193631923298,1
0,2,43,True,middle,2,0,0,2.004908154128214,0.1117961024599883,1.1107193631923298,1
0,2,43,True,middle,3,0,0,2.0142403406348195,0.07231192975027366,1.1107193631923298,1
0,2,43,True,middle,4,0,0,2.0087929850162918,0.09064229241574373,1.1107193631923298,1
0,2,44,True,middle,1,0,2,0.3321236270213157,0.9800516321139976,0.8557261153200645,0
0,2,44,True,middle,2,0,0,2.033042545953274,-0.027387037945664033,0.8557261153200645,1
0,2,44,True,middle,3,0,0,2.033042545953274,-0.027387037945664033,0.8557261153200645,1
0,2,44,True,middle,4,0,0,2.0418668233666266,-0.07721638099184065,0.8557261153200645,1
0,2,45,True,middle,1,0,0,0.3263577990930663,0.9704696850028258,0.6664261846108033,0
0,2,45,True,middle,2,0,0,0.5076121467515503,0.9521402363874854,0.6664261846108033,0
0,2,45,True,middle,3,0,0,2.0600409597086506,-0.13955860126324898,0.6664261846108033,1
0,2,45,True,middle,4,0,0,2.0600409597086506,-0.13955860126324898,0.6664261846108033,1
0,2,46,True,middle,1,0,0,0.48396909644481173,0.9153182684194948,0.4574918808729353,0
0,2,46,True,middle,2,0,0,0.7856761963283297,0.8029416642816628,0.4574918808729353,0
0,2,46,True,middle,3,0,0,0.9676266384504723,0.7625924605103206,0.4574918808729353,0
0,2,46,True,middle,4,0,0,2.21438627674186,-0.42117849443821875,0.4574918808729353,1
0,2,47,True,middle,1,0,1,0.28455943662656086,0.9660912053058106,0.2985305566467487,0
0,2,47,True,middle,2,0,0,0.6501092682201874,0.8414653226833844,0.2985305566467487,0
0,2,47,True,middle,3,0,0,0.9076337398981036,0.7271611481778354,0.2985305566467487,0
0,2,47,True,middle,4,0,0,1.149106565797809,0.6418959636678087,0.2985305566467487,0
0,2,48,True,middle,1,0,1,0.3481194223772911,0.9430695903804217,0.14751231212396698,0
0,2,48,True,middle,2,0,1,0.4422757853437683,0.9155654222464757,0.14751231212396698,0
0,2,48,True,middle,3,0,0,0.5955510884859507,0.8690070106510115,0.14751231212396698,0
0,2,48,True,middle,4,0,0,0.7819719169002723,0.8052273117963392,0.14751231212396698,0
0,2,49,True,middle,1,0,1,0.22567789271553784,0.9751667856599013,0.16936332020461298,0
0,2,49,True,middle,2,0,1,0.15431537111670002,0.989158555549158,0.16936332020461298,0
0,2,49,True,middle,3,0,1,0.37016556275424667,0.9418463058479882,0.16936332020461298,0
0,2,49,True,middle,4,0,0,0.6512660233854427,0.8404207535474089,0.16936332020461298,0
0,2,50,True,middle,1,0,2,0.0366596637987624,0.9993480585824773,0.17580278370808666,0
0,2,50,True,middle,2,0,1,0.2467298123237829,0.97035279462439,0.17580278370808666,0
0,2,50,True,middle,3,0,1,0.16196391410617914,0.9879989722092554,0.17580278370808666,0
0,2,50,True,middle,4,0,1,0.39916387313543755,0.9318354637410023,0.17580278370808666,0
0,2,51,True,middle,1,0,3,0.007920341707802557,0.999969668030377,0.17306098204032638,0
0,2,51,True,middle,2,0,2,0.03750550309763418,0.9993168899269587,0.17306098204032638,0
0,2,51,True,middle,3,0,1,0.2444122264131184,0.9708918583335485,0.17306098204032638,0
0,2,51,True,middle,4,0,1,0.1610947043786025,0.9881386482504377,0.17306098204032638,0
0,2,52,True,middle,1,0,1,0.12052197399520889,0.9931663419508198,0.2477067398888224,0
0,2,52,True,middle,2,0,1,0.12310131463895041,0.9928623314308921,0.2477067398888224,0
0,2,52,True,middle,3,0,1,0.1567209313228641,0.9883691385417078,0.2477067398888224,0
0,2,52,True,middle,4,0,1,0.3363633592603035,0.9458579620345465,0.2477067398888224,0
0,2,53,True,middle,1,0,1,0.11284705344827654,0.9943700979135511,0.32990327888376075,0
0,2,53,True,middle,2,0,1,0.20566095578263774,0.980891525885327,0.32990327888376075,0
0,2,53,True,middle,3,0,1,0.20465583258438436,0.9810765561123165,0.32990327888376075,0
0,2,53,True,middle,4,0,1,0.24029647317199504,0.9736710400032171,0.32990327888376075,0
0,2,54,True,middle,1,0,0,0.5358422706010043,0.9022450125458727,0.7239834251933246,0
0,2,54,True,middle,2,0,0,0.571134096911637,0.8881817706612278,0.7239834251933246,0
0,2,54,True,middle,3,0,0,0.6726901020716759,0.8386790441455101,0.7239834251933246,0
0,2,54,True,middle,4,0,0,0.6753640714747374,0.8372335745283683,0.7239834251933246,0
0,2,55,True,middle,1,0,0,0.2915198021389,0.9779217551865776,0.8965383940069621,0
0,2,55,True,middle,2,0,0,0.7300563165940901,0.8413074830879635,0.8965383940069621,0
0,2,55,True,middle,3,0,0,0.7796548032211184,0.815703041163694,0.8965383940069621,0
0,2,55,True,middle,4,0,0,0.8731409226628335,0.759844578770072,0.8965383940069621,0
0,2,56,True,late,1,0,0,0.1858497757048687,0.9908169808576457,0.8167730269684235,0
0,2,56,True,late,2,0,0,0.1557407676033621,0.993396875797742,0.8167730269684235,0
0,2,56,True,late,3,0,0,0.6450218715367187,0.8678545156526609,0.8167730269684235,0
0,2,56,True,late,4,0,0,0.685300883468025,0.8490653306888645,0.8167730269684235,0
0,2,57,True,late,1,0,5,0.005176470560186067,0.9999920016989833,0.8173215606482866,0
0,2,57,True,late,2,0,0,0.18494645451128305,0.9909056536028733,0.8173215606482866,0
0,2,57,True,late,3,0,0,0.15655589175932966,0.9933311823486246,0.8173215606482866,0
0,2,57,True,late,4,0,0,0.6452191684316313,0.8678572579968629,0.8173215606482866,0
0,2,58,True,late,1,0,0,0.2759058307713187,0.9849988205253123,1.0288966624119384,0
0,2,58,True,late,2,0,0,0.2766816962015723,0.98490594856796,1.0288966624119384,0
0,2,58,True,late,3,0,0,0.27960433713031196,0.9818988178808693,1.0288966624119384,0
0,2,58,True,late,4,0,0,0.36226625597174666,0.974272045863076,1.0288966624119384,0
0,2,59,True,late,1,0,0,0.24859422045836563,0.988301151238292,0.8307413227118485,0
0,2,59,True,late,2,0,0,0.15704581205511056,0.992677181869312,0.8307413227118485,0
0,2,59,True,late,3,0,0,0.15793904989705387,0.9925932062912769,0.8307413227118485,0
0,2,59,True,late,4,0,0,0.2550459276813197,0.981901950926896,0.8307413227118485,0
0,2,60,True,late,1,0,0,0.26201464499333665,0.9832120496988498,0.9647220506738441,0
0,2,60,True,late,2,0,0,0.30878033741945554,0.9766022019879991,0.9647220506738441,0
0,2,60,True,late,3,0,0,0.21142100970084665,0.9902205183532595,0.9647220506738441,0
0,2,60,True,late,4,0,0,0.21078634886614636,0.9903115556344277,0.9647220506738441,0
0,2,61,True,late,1,0,0,0.17941424485930113,0.9945200091310863,1.1007653783127267,0
0,2,61,True,late,2,0,0,0.39895981933714947,0.9678923259388085,1.1007653783127267,0
0,2,61,True,late,3,0,0,0.40649973825980157,0.9619225260441784,1.1007653783127267,0
0,2,61,True,late,4,0,0,0.38563916124890546,0.9712512544138837,1.1007653783127267,0
0,2,62,True,late,1,0,1,0.11986642953544153,0.9968888770779032,1.0603222274750512,0
0,2,62,True,late,2,0,0,0.1285282140408101,0.9970630872832666,1.0603222274750512,0
0,2,62,True,late,3,0,0,0.3050441813268936,0.9819865953239151,1.0603222274750512,0
0,2,62,True,late,4,0,0,0.3206056887435351,0.9755468610931747,1.0603222274750512,0
0,2,63,True,late,1,0,0,0.341784741334762,0.9745254233958699,0.8624512106907031,0
0,2,63,True,late,2,0,0,0.40422487954760455,0.9654685291546464,0.8624512106907031,0
0,2,63,True,late,3,0,0,0.3427442102453243,0.9692843386222584,0.8624512106907031,0
0,2,63,True,late,4,0,0,0.3157335804226795,0.9710886958085755,0.8624512106907031,0
0,2,64,True,late,1,0,0,0.18953127121376598,0.9906339710485539,0.9313937898560511,0
0,2,64,True,late,2,0,0,0.4859382613506772,0.9427972021111212,0.9313937898560511,0
0,2,64,True,late,3,0,0,0.533057889298239,0.9336707804685634,0.9313937898560511,0
0,2,64,True,late,4,0,0,0.5036804317947471,0.9333356832914683,0.9313937898560511,0
0,2,65,True,late,1,0,2,0.04192058814481612,0.9995359596107918,0.9231737423516914,0
0,2,65,True,late,2,0,0,0.20474469232021675,0.9887922976327266,0.9231737423516914,0
0,2,65,True,late,3,0,0,0.506671218826191,0.9376389207375256,0.9231737423516914,0
0,2,65,True,late,4,0,0,0.5538587270408143,0.92815399760852,0.9231737423516914,0
0,2,66,True,late,1,0,4,0.1383147048218375,0.9948577666616377,0.929687427519732,0
0,2,66,True,late,2,0,2,0.14345780227845364,0.9944855766628917,0.929687427519732,0
0,2,66,True,late,3,0,0,0.24708458046763823,0.9836283718089015,0.929687427519732,0
0,2,66,True,late,4,0,0,0.5054953970797375,0.9379303441922996,0.929687427519732,0
0,2,67,True,late,1,1,7,0.0,1.0000000000000002,0.929687427519732,0
0,2,67,True,late,2,0,4,0.1383147048218375,0.9948577666616377,0.929687427519732,0
0,2,67,True,late,3,0,2,0.14345780227845364,0.9944855766628917,0.929687427519732,0
0,2,67,True,late,4,0,0,0.24708458046763823,0.9836283718089015,0.929687427519732,0
0,2,68,True,late,1,0,0,0.1499956897063554,0.9940326663537264,0.9437336459138065,0
0,2,68,True,late,2,0,0,0.1499956897063554,0.9940326663537264,0.9437336459138065,0
0,2,68,True,late,3,0,0,0.07328532566758213,0.9986175913099562,0.9437336459138065,0
0,2,68,True,late,4,0,0,0.07823082570808966,0.9983904369679267,0.9437336459138065,0
0,2,69,True,late,1,1,7,0.0,1.0000000000000002,0.9437336459138065,0
0,2,69,True,late,2,0,0,0.1499956897063554,0.9940326663537264,0.9437336459138065,0
0,2,69,True,late,3,0,0,0.1499956897063554,0.9940326663537264,0.9437336459138065,0
0,2,69,True,late,4,0,0,0.07328532566758213,0.9986175913099562,0.9437336459138065,0
0,2,70,True,late,1,0,0,0.3420040941353708,0.9689340055081432,0.9344609725715765,0
0,2,70,True,late,2,0,0,0.3420040941353708,0.9689340055081432,0.9344609725715765,0
0,2,70,True,late,3,0,0,0.4081751312341156,0.9554260304846168,0.9344609725715765,0
0,2,70,True,late,4,0,0,0.4081751312341156,0.9554260304846168,0.9344609725715765,0
0,2,71,True,late,1,0,1,0.18165015626200723,0.991307702196482,0.9520147481925194,0
0,2,71,True,late,2,0,0,0.5095873705145476,0.9316166900791547,0.9520147481925194,0
0,2,71,True,late,3,0,0,0.5095873705145476,0.9316166900791547,0.9520147481925194,0
0,2,71,True,late,4,0,0,0.5645304036516686,0.9155370528620771,0.9520147481925194,0
0,2,72,True,late,1,0,0,0.2872667003368276,0.9781780322172864,0.930185566709421,0
0,2,72,True,late,2,0,0,0.44366293171330895,0.9473503493751122,0.930185566709421,0
0,2,72,True,late,3,0,0,0.7561547588408685,0.8477859995970441,0.930185566709421,0
0,2,72,True,late,4,0,0,0.7561547588408685,0.8477859995970441,0.930185566709421,0
0,2,73,True,late,1,0,0,0.16200683418880846,0.9929681514986527,0.9006998755337084,0
0,2,73,True,late,2,0,0,0.2061920502518449,0.9888872121063909,0.9006998755337084,0
0,2,73,True,late,3,0,0,0.3265748082469103,0.9711912613545339,0.9006998755337084,0
0,2,73,True,late,4,0,0,0.6475553202826166,0.8869299993842731,0.9006998755337084,0
0,2,74,True,late,1,0,0,0.5267831637761514,0.9263320345375843,0.9650890386989541,0
0,2,74,True,late,2,0,0,0.44965675895587465,0.9468884710961596,0.9650890386989541,0
0,2,74,True,late,3,0,0,0.7033140538038879,0.8711270744740365,0.9650890386989541,0
0,2,74,True,late,4,0,0,0.8398853732811536,0.8146868547079783,0.9650890386989541,0
0,2,75,True,late,1,0,0,0.5599716685170681,0.9179750245608951,0.9427523093244968,0
0,2,75,True,late,2,0,0,1.0060249769704421,0.7266257931603723,0.9427523093244968,0
0,2,75,True,late,3,0,0,0.9411057568049764,0.7640870344370612,0.9427523093244968,0
0,2,75,True,late,4,0,0,1.1690726325469563,0.6398777862915631,0.9427523093244968,0
0,2,76,True,late,1,0,0,0.06599894946696705,0.9988462524655107,0.940648751172056,0
0,2,76,True,late,2,0,0,0.6218896525094112,0.8987239745289742,0.940648751172056,0
0,2,76,True,late,3,0,0,1.0579416066232878,0.6973199029036662,0.940648751172056,0
0,2,76,True,late,4,0,0,0.9950983456067577,0.7359557637891313,0.940648751172056,0
0,2,77,True,late,1,0,0,0.12379976434715086,0.9959376566584583,0.9421799837622477,0
0,2,77,True,late,2,0,0,0.06980196600831694,0.9987098689594134,0.9421799837622477,0
0,2,77,True,late,3,0,0,0.5227838584553307,0.9284986300910044,0.9421799837622477,0
0,2,77,True,late,4,0,0,0.9665348828724181,0.7476052080281279,0.9421799837622477,0
0,2,78,True,late,1,0,0,0.5057170328214345,0.9353028281658661,1.0142227198302745,0
0,2,78,True,late,2,0,0,0.4026175130473426,0.9592267520189235,1.0142227198302745,0
0,2,78,True,late,3,0,0,0.466750347451334,0.9449905531574767,1.0142227198302745,0
0,2,78,True,late,4,0,0,1.0034412997532682,0.7459615663791722,1.0142227198302745,0
0,2,79,True,late,1,0,0,0.14366254936962347,0.9952751950027697,1.0589447573851907,0
0,2,79,True,late,2,0,0,0.5968933695640997,0.9126824962920432,1.0589447573851907,0
0,2,79,True,late,3,0,0,0.48187954601257743,0.9436840445087852,1.0589447573851907,0
0,2,79,True,late,4,0,0,0.5478679892317883,0.9267099756020768,1.0589447573851907,0
0,2,80,True,late,1,0,0,0.14847919439186322,0.9950388335846867,1.0933037966126673,0
0,2,80,True,late,2,0,0,0.17357412318402407,0.9936411486235605,1.0933037966126673,0
0,2,80,True,late,3,0,0,0.678715129468314,0.8897065204445292,1.0933037966126673,0
0,2,80,True,late,4,0,0,0.5733730880541853,0.9220988340060227,1.0933037966126673,0
0,2,81,True,late,1,0,0,0.1311116046105269,0.996474849379179,1.1422669428219516,0
0,2,81,True,late,2,0,0,0.19306567021698925,0.9924309994398858,1.1422669428219516,0
0,2,81,True,late,3,0,0,0.27245881196158134,0.9848709157996661,1.1422669428219516,0
0,2,81,True,late,4,0,0,0.7663488035698903,0.8642049118851518,1.1422669428219516,0
0,2,82,True,late,1,0,5,0.1074117641238605,0.997502376850038,1.1454990310581201,0
0,2,82,True,late,2,0,0,0.1475715656916563,0.9955032059034272,1.1454990310581201,0
0,2,82,True,late,3,0,0,0.20863726574581393,0.9911000105848587,1.1454990310581201,0
0,2,82,True,late,4,0,0,0.28565886565391263,0.9833011085812374,1.1454990310581201,0
0,3,1,True,early,1,0,1,0.12058823716406719,0.9928053478197423,0.0042458992770105135,0
0,3,2,True,early,1,0,1,0.12058823716406719,0.9928053478197423,0.11926922442760893,0
0,3,2,True,early,2,1,7,0.0,1.0,0.11926922442760893,0
0,3,3,True,early,1,0,1,0.12058823716406719,0.9928053478197423,0.0042458992770105135,0
0,3,3,True,early,2,1,7,0.0,1.0,0.0042458992770105135,0
0,3,3,True,early,3,0,1,0.12058823716406719,0.9928053478197423,0.0042458992770105135,0
0,3,4,True,early,1,0,2,0.007331932759752413,0.9999731220863357,0.005701461433586614,0
0,3,4,True,early,2,0,1,0.12081092740448128,0.9927786600228518,0.005701461433586614,0
0,3,4,True,early,3,0,2,0.007331932759752413,0.9999731220863357,0.005701461433586614,0
0,3,4,True,early,4,0,1,0.12081092740448128,0.9927786600228518,0.005701461433586614,0
0,3,5,True,early,1,0,1,0.121408764195576,0.9927077875253775,0.11987053239566484,0
0,3,5,True,early,2,0,1,0.12118717252871052,0.9927344734269393,0.11987053239566484,0
0,3,5,True,early,3,0,4,0.012033613055360104,0.9999286191616319,0.11987053239566484,0
0,3,5,True,early,4,0,1,0.12118717252871052,0.9927344734269393,0.11987053239566484,0
0,3,6,True,early,1,0,1,0.09123822936812667,0.9958916437211582,0.029039148880528023,0
0,3,6,True,early,2,0,1,0.031025834749279613,0.9995189915097026,0.029039148880528023,0
0,3,6,True,early,3,0,1,0.030147059291016687,0.9995458580375263,0.029039148880528023,0
0,3,6,True,early,4,0,1,0.0904411778730505,0.9959627417104988,0.029039148880528023,0
0,3,7,True,early,1,0,1,0.06947083787901254,0.9976082470060282,0.09697249524155938,0
0,3,7,True,early,2,0,1,0.03603697031633939,0.9993613037330208,0.09697249524155938,0
0,3,7,True,early,3,0,1,0.09784012262190951,0.9952469543847798,0.09697249524155938,0
0,3,7,True,early,4,0,1,0.09866083979295373,0.995166695034363,0.09697249524155938,0
0,3,8,True,early,1,0,0,0.10213177332040116,0.9948201691204439,0.029539338920116124,0
0,3,8,True,early,2,0,0,0.04007222225950292,0.9991977968367561,0.029539338920116124,0
0,3,8,True,early,3,0,0,0.12402930540167664,0.9923887939293359,0.029539338920116124,0
0,3,8,True,early,4,0,0,0.027398814772038156,0.9996249103583256,0.029539338920116124,0
0,3,9,True,early,1,0,0,0.013199789893393432,0.9999131125046983,0.042691314633191674,0
0,3,9,True,early,2,0,0,0.10631120066916028,0.9943875714609319,0.042691314633191674,0
0,3,9,True,early,3,0,0,0.04976901910791148,0.9987632903566048,0.042691314633191674,0
0,3,9,True,early,4,0,0,0.12749290515385955,0.9919572533012674,0.042691314633191674,0
0,3,10,True,early,1,0,0,0.0536362484135304,0.9985638101801385,0.035020621257303985,0
0,3,10,True,early,2,0,0,0.04478476166877843,0.9989982295485101,0.035020621257303985,0
0,3,10,True,early,3,0,1,0.06373984123873636,0.9979876097633421,0.035020621257303985,0
0,3,10,True,early,4,0,1,0.006029411858203493,0.9999818602017067,0.035020621257303985,0
0,3,11,True,early,1,1,7,0.0,0.9999999999999998,0.035020621257303985,0
0,3,11,True,early,2,0,0,0.0536362484135304,0.9985638101801385,0.035020621257303985,0
0,3,11,True,early,3,0,0,0.04478476166877843,0.9989982295485101,0.035020621257303985,0
0,3,11,True,early,4,0,1,0.06373984123873636,0.9979876097633421,0.035020621257303985,0
0,3,12,True,early,1,1,7,0.0,0.9999999999999998,0.035020621257303985,0
0,3,12,True,early,2,1,7,0.0,0.9999999999999998,0.035020621257303985,0
0,3,12,True,early,3,0,0,0.0536362484135304,0.9985638101801385,0.035020621257303985,0
0,3,12,True,early,4,0,0,0.04478476166877843,0.9989982295485101,0.035020621257303985,0
0,3,13,True,early,1,1,7,0.0,0.9999999999999998,0.035020621257303985,0
0,3,13,True,early,2,1,7,0.0,0.9999999999999998,0.035020621257303985,0
0,3,13,True,early,3,1,7,0.0,0.9999999999999998,0.035020621257303985,0
0,3,13,True,early,4,0,0,0.0536362484135304,0.9985638101801385,0.035020621257303985,0
0,3,14,True,early,1,0,0,0.04171471999417078,0.9991319859666643,0.05278620101996028,0
0,3,14,True,early,2,0,0,0.04171471999417078,0.9991319859666643,0.05278620101996028,0
0,3,14,True,early,3,0,0,0.04171471999417078,0.9991319859666643,0.05278620101996028,0
0,3,14,True,early,4,0,0,0.04171471999417078,0.9991319859666643,0.05278620101996028,0
0,3,15,True,early,1,1,7,0.0,0.9999999999999998,0.05278620101996028,0
0,3,15,True,early,2,0,0,0.04171471999417078,0.9991319859666643,0.05278620101996028,0
0,3,15,True,early,3,0,0,0.04171471999417078,0.9991319859666643,0.05278620101996028,0
0,3,15,True,early,4,0,0,0.04171471999417078,0.9991319859666643,0.05278620101996028,0
0,3,16,True,early,1,0,0,0.0360581201212071,0.999351537280234,0.030899601244198042,0
0,3,16,True,early,2,0,0,0.0360581201212071,0.999351537280234,0.030899601244198042,0
0,3,16,True,early,3,0,0,0.04568511015101349,0.9989575814373263,0.030899601244198042,0
0,3,16,True,early,4,0,0,0.04568511015101349,0.9989575814373263,0.030899601244198042,0
0,3,17,True,early,1,0,4,0.009025209791520078,0.9999593108150239,0.029539338920116124,0
0,3,17,True,early,2,0,0,0.03491036543627767,0.9993922018658253,0.029539338920116124,0
0,3,17,True,early,3,0,0,0.03491036543627767,0.9993922018658253,0.029539338920116124,0
0,3,17,True,early,4,0,0,0.04478476166877843,0.9989982295485101,0.029539338920116124,0
0,3,18,True,early,1,0,4,0.009025209791520078,0.9999593108150239,0.030899601244198042,0
0,3,18,True,early,2,1,7,0.0,0.9999999999999998,0.030899601244198042,0
0,3,18,True,early,3,0,0,0.0360581201212071,0.999351537280234,0.030899601244198042,0
0,3,18,True,early,4,0,0,0.0360581201212071,0.999351537280234,0.030899601244198042,0
0,3,19,True,early,1,0,0,0.0360581201212071,0.999351537280234,0.05278620101996028,0
0,3,19,True,early,2,0,0,0.03491036543627767,0.9993922018658253,0.05278620101996028,0
0,3,19,True,early,3,0,0,0.0360581201212071,0.999351537280234,0.05278620101996028,0
0,3,19,True,early,4,1,7,0.0,0.9999999999999998,0.05278620101996028,0
0,3,20,True,early,1,0,0,0.0360581201212071,0.999351537280234,0.030899601244198042,0
0,3,20,True,early,2,1,7,0.0,0.9999999999999998,0.030899601244198042,0
0,3,20,True,early,3,0,4,0.009025209791520078,0.9999593108150239,0.030899601244198042,0
0,3,20,True,early,4,1,7,0.0,0.9999999999999998,0.030899601244198042,0
0,3,21,True,early,1,1,7,0.0,0.9999999999999998,0.030899601244198042,0
0,3,21,True,early,2,0,0,0.0360581201212071,0.999351537280234,0.030899601244198042,0
0,3,21,True,early,3,1,7,0.0,0.9999999999999998,0.030899601244198042,0
0,3,21,True,early,4,0,4,0.009025209791520078,0.9999593108150239,0.030899601244198042,0
0,3,22,True,early,1,1,7,0.0,0.9999999999999998,0.030899601244198042,0
0,3,22,True,early,2,1,7,0.0,0.9999999999999998,0.030899601244198042,0
0,3,22,True,early,3,0,0,0.0360581201212071,0.999351537280234,0.030899601244198042,0
0,3,22,True,early,4,1,7,0.0,0.9999999999999998,0.030899601244198042,0
0,3,23,True,early,1,1,7,0.0,0.9999999999999998,0.030899601244198042,0
0,3,23,True,early,2,1,7,0.0,0.9999999999999998,0.030899601244198042,0
0,3,23,True,early,3,1,7,0.0,0.9999999999999998,0.030899601244198042,0
0,3,23,True,early,4,0,0,0.0360581201212071,0.999351537280234,0.030899601244198042,0
0,3,24,True,early,1,1,7,0.0,0.9999999999999998,0.030899601244198042,0
0,3,24,True,early,2,1,7,0.0,0.9999999999999998,0.030899601244198042,0
0,3,24,True,early,3,1,7,0.0,0.9999999999999998,0.030899601244198042,0
0,3,24,True,early,4,1,7,0.0,0.9999999999999998,0.030899601244198042,0
0,3,25,True,early,1,1,7,0.0,0.9999999999999998,0.030899601244198042,0
0,3,25,True,early,2,1,7,0.0,0.9999999999999998,0.030899601244198042,0
0,3,25,True,early,3,1,7,0.0,0.9999999999999998,0.030899601244198042,0
0,3,25,True,early,4,1,7,0.0,0.9999999999999998,0.030899601244198042,0
0,3,26,True,early,1,0,4,0.009025209791520078,0.9999593108150239,0.029539338920116124,0
0,3,26,True,early,2,0,4,0.009025209791520078,0.9999593108150239,0.029539338920116124,0
0,3,26,True,early,3,0,4,0.009025209791520078,0.9999593108150239,0.029539338920116124,0
0,3,26,True,early,4,0,4,0.009025209791520078,0.9999593108150239,0.029539338920116124,0
0,3,27,True,early,1,1,7,0.0,0.9999999999999998,0.029539338920116124,0
0,3,27,True,early,2,0,4,0.009025209791520078,0.9999593108150239,0.029539338920116124,0
0,3,27,True,early,3,0,4,0.009025209791520078,0.9999593108150239,0.029539338920116124,0
0,3,27,True,early,4,0,4,0.009025209791520078,0.9999593108150239,0.029539338920116124,0
0,3,28,True,early,1,0,0,0.03491036543627767,0.9993922018658253,0.05278620101996028,0
0,3,28,True,early,2,0,0,0.03491036543627767,0.9993922018658253,0.05278620101996028,0
0,3,28,True,early,3,0,0,0.0360581201212071,0.999351537280234,0.05278620101996028,0
0,3,28,True,early,4,0,0,0.0360581201212071,0.999351537280234,0.05278620101996028,0
0,3,29,True,early,1,1,7,0.0,0.9999999999999998,0.05278620101996028,0
0,3,29,True,early,2,0,0,0.03491036543627767,0.9993922018658253,0.05278620101996028,0
0,3,29,True,early,3,0,0,0.03491036543627767,0.9993922018658253,0.05278620101996028,0
0,3,29,True,early,4,0,0,0.0360581201212071,0.999351537280234,0.05278620101996028,0
0,3,30,True,early,1,0,0,0.0360581201212071,0.999351537280234,0.030899601244198042,0
0,3,30,True,early,2,0,0,0.0360581201212071,0.999351537280234,0.030899601244198042,0
0,3,30,True,early,3,0,4,0.009025209791520078,0.9999593108150239,0.030899601244198042,0
0,3,30,True,early,4,0,4,0.009025209791520078,0.9999593108150239,0.030899601244198042,0
0,3,31,True,early,1,0,4,0.009025209791520078,0.9999593108150239,0.029539338920116124,0
0,3,31,True,early,2,0,0,0.03491036543627767,0.9993922018658253,0.029539338920116124,0
0,3,31,True,early,3,0,0,0.03491036543627767,0.9993922018658253,0.029539338920116124,0
0,3,31,True,early,4,1,7,0.0,0.9999999999999998,0.029539338920116124,0
0,3,32,True,early,1,0,4,0.009025209791520078,0.9999593108150239,0.030899601244198042,0
0,3,32,True,early,2,1,7,0.0,0.9999999999999998,0.030899601244198042,0
0,3,32,True,early,3,0,0,0.0360581201212071,0.999351537280234,0.030899601244198042,0
0,3,32,True,early,4,0,0,0.0360581201212071,0.999351537280234,0.030899601244198042,0
0,3,33,True,early,1,0,0,0.0360581201212071,0.999351537280234,0.05278620101996028,0
0,3,33,True,early,2,0,0,0.03491036543627767,0.9993922018658253,0.05278620101996028,0
0,3,33,True,early,3,0,0,0.0360581201212071,0.999351537280234,0.05278620101996028,0
0,3,33,True,early,4,1,7,0.0,0.9999999999999998,0.05278620101996028,0
0,3,34,True,early,1,1,7,0.0,0.9999999999999998,0.05278620101996028,0
0,3,34,True,early,2,0,0,0.0360581201212071,0.999351537280234,0.05278620101996028,0
0,3,34,True,early,3,0,0,0.03491036543627767,0.9993922018658253,0.05278620101996028,0
0,3,34,True,early,4,0,0,0.0360581201212071,0.999351537280234,0.05278620101996028,0
0,3,35,True,early,1,1,7,0.0,0.9999999999999998,0.05278620101996028,0
0,3,35,True,early,2,1,7,0.0,0.9999999999999998,0.05278620101996028,0
0,3,35,True,early,3,0,0,0.0360581201212071,0.999351537280234,0.05278620101996028,0
0,3,35,True,early,4,0,0,0.03491036543627767,0.9993922018658253,0.05278620101996028,0
0,3,36,True,early,1,0,0,0.0360581201212071,0.999351537280234,0.030899601244198042,0
0,3,36,True,early,2,0,0,0.0360581201212071,0.999351537280234,0.030899601244198042,0
0,3,36,True,early,3,0,0,0.0360581201212071,0.999351537280234,0.030899601244198042,0
0,3,36,True,early,4,1,7,0.0,0.9999999999999998,0.030899601244198042,0
0,3,37,True,early,1,0,4,0.010529411423440105,0.9999446172095384,0.02957547575523156,0
0,3,37,True,early,2,0,0,0.03494275658049779,0.9993910722515306,0.02957547575523156,0
0,3,37,True,early,3,0,0,0.03494275658049779,0.9993910722515306,0.02957547575523156,0
0,3,37,True,early,4,0,0,0.03494275658049779,0.9993910722515306,0.02957547575523156,0
0,3,38,True,early,1,0,0,0.06471057045173634,0.9979111045633597,0.05604431877254045,0
0,3,38,True,early,2,0,0,0.06384817478413195,0.9979664647053741,0.05604431877254045,0
0,3,38,True,early,3,0,0,0.06452747304091556,0.9979242700362532,0.05604431877254045,0
0,3,38,True,early,4,0,0,0.06452747304091556,0.9979242700362532,0.05604431877254045,0
0,3,39,True,early,1,0,0,0.06452747304091556,0.9979242700362532,0.05278620101996028,0
0,3,39,True,early,2,0,0,0.03494275658049779,0.9993910722515306,0.05278620101996028,0
0,3,39,True,early,3,0,0,0.0360581201212071,0.999351537280234,0.05278620101996028,0
0,3,39,True,early,4,1,7,0.0,0.9999999999999998,0.05278620101996028,0
0,3,40,True,early,1,0,0,0.06064355740314608,0.9981664212573201,0.054114915565771325,0
0,3,40,True,early,2,0,4,0.013864326218948208,0.999904186622729,0.054114915565771325,0
0,3,40,True,early,3,0,0,0.06284891356017462,0.9980292796685705,0.054114915565771325,0
0,3,40,True,early,4,0,0,0.06322579386004726,0.998005606812213,0.054114915565771325,0
0,3,41,True,early,1,1,7,0.0,1.0,0.054114915565771325,0
0,3,41,True,early,2,0,0,0.06064355740314608,0.9981664212573201,0.054114915565771325,0
0,3,41,True,early,3,0,4,0.013864326218948208,0.999904186622729,0.054114915565771325,0
0,3,41,True,early,4,0,0,0.06284891356017462,0.9980292796685705,0.054114915565771325,0
0,3,42,True,middle,1,0,2,0.044017305577654375,0.999033607014755,0.035020621257303985,0
0,3,42,True,middle,2,0,2,0.044017305577654375,0.999033607014755,0.035020621257303985,0
0,3,42,True,middle,3,0,0,0.04171471999417078,0.9991319859666643,0.035020621257303985,0
0,3,42,True,middle,4,0,2,0.04639363056839512,0.9989266161600091,0.035020621257303985,0
0,3,43,True,middle,1,0,0,0.22221719562743364,0.9764732389213555,0.24764550535860044,0
0,3,43,True,middle,2,0,0,0.219423959230557,0.9770670181256436,0.24764550535860044,0
0,3,43,True,middle,3,0,0,0.219423959230557,0.9770670181256436,0.24764550535860044,0
0,3,43,True,middle,4,0,0,0.25324530333673223,0.9693193808314261,0.24764550535860044,0
0,3,44,True,middle,1,0,1,0.04388156637509377,0.9991004581394348,0.22570126808194554,0
0,3,44,True,middle,2,0,0,0.20118389386993052,0.9805647457497921,0.22570126808194554,0
0,3,44,True,middle,3,0,0,0.20607470801670777,0.9795912176064611,0.22570126808194554,0
0,3,44,True,middle,4,0,0,0.20607470801670777,0.9795912176064611,0.22570126808194554,0
0,3,45,True,middle,1,1,7,0.0,1.0,0.22570126808194554,0
0,3,45,True,middle,2,0,1,0.04388156637509377,0.9991004581394348,0.22570126808194554,0
0,3,45,True,middle,3,0,0,0.20118389386993052,0.9805647457497921,0.22570126808194554,0
0,3,45,True,middle,4,0,0,0.20607470801670777,0.9795912176064611,0.22570126808194554,0
0,3,46,True,middle,1,0,0,0.20118389386993052,0.9805647457497921,0.035020621257303985,0
0,3,46,True,middle,2,0,0,0.20118389386993052,0.9805647457497921,0.035020621257303985,0
0,3,46,True,middle,3,0,0,0.22221719562743364,0.9764732389213555,0.035020621257303985,0
0,3,46,True,middle,4,1,7,0.0,0.9999999999999998,0.035020621257303985,0
0,3,47,True,middle,1,0,0,0.03850936922412634,0.9992591828549959,0.016464071459522635,0
0,3,47,True,middle,2,0,0,0.2368264147155354,0.9729536761732474,0.016464071459522635,0
0,3,47,True,middle,3,0,0,0.2368264147155354,0.9729536761732474,0.016464071459522635,0
0,3,47,True,middle,4,0,0,0.25833554989576807,0.9680530555669514,0.016464071459522635,0
0,3,48,True,middle,1,0,0,0.03850936922412634,0.9992591828549959,0.035020621257303985,0
0,3,48,True,middle,2,1,7,0.0,0.9999999999999998,0.035020621257303985,0
0,3,48,True,middle,3,0,0,0.20118389386993052,0.9805647457497921,0.035020621257303985,0
0,3,48,True,middle,4,0,0,0.20118389386993052,0.9805647457497921,0.035020621257303985,0
0,3,49,True,middle,1,1,7,0.0,0.9999999999999998,0.035020621257303985,0
0,3,49,True,middle,2,0,0,0.03850936922412634,0.9992591828549959,0.035020621257303985,0
0,3,49,True,middle,3,1,7,0.0,0.9999999999999998,0.035020621257303985,0
0,3,49,True,middle,4,0,0,0.20118389386993052,0.9805647457497921,0.035020621257303985,0
0,3,50,True,middle,1,0,0,0.20118389386993052,0.9805647457497921,0.22570126808194554,0
0,3,50,True,middle,2,0,0,0.20118389386993052,0.9805647457497921,0.22570126808194554,0
0,3,50,True,middle,3,0,0,0.2368264147155354,0.9729536761732474,0.22570126808194554,0
0,3,50,True,middle,4,0,0,0.20118389386993052,0.9805647457497921,0.22570126808194554,0
0,3,51,True,middle,1,0,0,0.5908049874931512,0.8918017144303273,0.799325828205296,0
0,3,51,True,middle,2,0,0,0.7800630459066251,0.7930007527714418,0.799325828205296,0
0,3,51,True,middle,3,0,0,0.7800630459066251,0.7930007527714418,0.799325828205296,0
0,3,51,True,middle,4,0,0,0.812642509659824,0.7727429227136325,0.799325828205296,0
0,3,52,True,middle,1,0,0,0.15103850067679428,0.9962240378451229,0.9475701230000501,0
0,3,52,True,middle,2,0,0,0.7409734755042131,0.8496075695664739,0.9475701230000501,0
0,3,52,True,middle,3,0,0,0.9291794961586375,0.7383987651133277,0.9475701230000501,0
0,3,52,True,middle,4,0,0,0.9291794961586375,0.7383987651133277,0.9475701230000501,0
0,3,53,True,middle,1,0,0,0.12757665303344431,0.9967734624124582,1.0317234278945198,0
0,3,53,True,middle,2,0,0,0.2516556083329023,0.9894527402096472,1.0317234278945198,0
0,3,53,True,middle,3,0,0,0.8224724704289291,0.8279006584693646,1.0317234278945198,0
0,3,53,True,middle,4,0,0,1.0142090089047922,0.7084432952015759,1.0317234278945198,0
0,3,54,True,middle,1,0,0,0.09203044212004455,0.9980911371403846,1.0616837783177309,0
0,3,54,True,middle,2,0,0,0.2110267822498349,0.9905446525611777,1.0616837783177309,0
0,3,54,True,middle,3,0,0,0.3136075239374349,0.9821744258374697,1.0616837783177309,0
0,3,54,True,middle,4,0,0,0.8536207902178469,0.8191193328448018,1.0616837783177309,0
0,3,55,True,middle,1,0,0,0.056488392639151515,0.9992592621402017,1.0689575226337127,0
0,3,55,True,middle,2,0,0,0.14535869911409746,0.9951497671646408,1.0689575226337127,0
0,3,55,True,middle,3,0,0,0.25672600368861986,0.9854984163739523,1.0689575226337127,0
0,3,55,True,middle,4,0,0,0.3453276536773194,0.9771741736011413,1.0689575226337127,0
0,3,56,True,middle,1,0,0,0.035447857242719,0.999727256805059,1.0812175490274591,0
0,3,56,True,middle,2,0,0,0.0765724159164095,0.9986826328432925,1.0812175490274591,0
0,3,56,True,middle,3,0,0,0.1675512960669417,0.9936719416758558,1.0812175490274591,0
0,3,56,True,middle,4,0,0,0.2808561750773265,0.98279108422806,1.0812175490274591,0
0,3,57,True,middle,1,0,0,0.04449041925868798,0.9995451581243645,1.0767715126214175,0
0,3,57,True,middle,2,0,0,0.07214228875261655,0.9987978271464486,1.0767715126214175,0
0,3,57,True,middle,3,0,0,0.11854694418958825,0.9967497978394164,1.0767715126214175,0
0,3,57,True,middle,4,0,0,0.20730107368356893,0.9900763898254301,1.0767715126214175,0
0,3,58,True,middle,1,0,1,0.018504080777819523,0.999930102437309,1.0679258303843993,0
0,3,58,True,middle,2,0,0,0.058105169056889276,0.9992385175126096,1.0679258303843993,0
0,3,58,True,middle,3,0,0,0.08457454832362357,0.9983301281607536,1.0679258303843993,0
0,3,58,True,middle,4,0,0,0.12832604067871423,0.996146123646546,1.0679258303843993,0
0,3,59,True,middle,1,0,1,0.07934396614221671,0.9986388495996725,1.0351818905411292,0
0,3,59,True,middle,2,0,1,0.09588764179959651,0.9980419921194187,1.0351818905411292,0
0,3,59,True,middle,3,0,0,0.13591853014817887,0.9959064976060291,1.0351818905411292,0
0,3,59,True,middle,4,0,0,0.1589172187515988,0.9941487155339376,1.0351818905411292,0
0,3,60,True,middle,1,1,7,0.0,1.0000000000000002,1.0351818905411292,0
0,3,60,True,middle,2,0,1,0.07934396614221671,0.9986388495996725,1.0351818905411292,0
0,3,60,True,middle,3,0,1,0.09588764179959651,0.9980419921194187,1.0351818905411292,0
0,3,60,True,middle,4,0,0,0.13591853014817887,0.9959064976060291,1.0351818905411292,0
0,3,61,True,middle,1,0,1,0.13462858868621386,0.9956158265425143,1.0269381390935102,0
0,3,61,True,middle,2,0,1,0.13462858868621386,0.9956158265425143,1.0269381390935102,0
0,3,61,True,middle,3,0,1,0.1925080859434187,0.9913736468690747,1.0269381390935102,0
0,3,61,True,middle,4,0,1,0.20487761102503657,0.9903457921656915,1.0269381390935102,0
0,3,62,True,middle,1,0,1,0.061694989017907896,0.9990733661028051,1.0258588808882891,0
0,3,62,True,middle,2,0,1,0.08844440825866579,0.9981140263720459,1.0258588808882891,0
0,3,62,True,middle,3,0,1,0.08844440825866579,0.9981140263720459,1.0258588808882891,0
0,3,62,True,middle,4,0,1,0.15545069292176197,0.9944560869099238,1.0258588808882891,0
0,3,63,True,middle,1,0,1,0.1114565512419397,0.9970047809970227,1.0367288671378465,0
0,3,63,True,middle,2,0,1,0.08791474903204292,0.998140250764708,1.0367288671378465,0
0,3,63,True,middle,3,0,1,0.19822613795775873,0.9905237564807192,1.0367288671378465,0
0,3,63,True,middle,4,0,1,0.19822613795775873,0.9905237564807192,1.0367288671378465,0
0,3,64,True,middle,1,0,1,0.06842163797862942,0.9988886299831756,1.0462995998661733,0
0,3,64,True,middle,2,0,1,0.1796466146329632,0.9922697682551822,1.0462995998661733,0
0,3,64,True,middle,3,0,1,0.1493484158738097,0.9946710099353032,1.0462995998661733,0
0,3,64,True,middle,4,0,1,0.2666394856196569,0.9829506549775432,1.0462995998661733,0
0,3,65,True,middle,1,1,7,0.0,1.0,1.0462995998661733,0
0,3,65,True,middle,2,0,1,0.06842163797862942,0.9988886299831756,1.0462995998661733,0
0,3,65,True,middle,3,0,1,0.1796466146329632,0.9922697682551822,1.0462995998661733,0
0,3,65,True,middle,4,0,1,0.1493484158738097,0.9946710099353032,1.0462995998661733,0
0,3,66,True,middle,1,0,1,0.3348167378332723,0.9760485228286161,1.1533403188299665,0
0,3,66,True,middle,2,0,1,0.3348167378332723,0.9760485228286161,1.1533403188299665,0
0,3,66,True,middle,3,0,1,0.4030052366728756,0.9647525795523615,1.1533403188299665,0
0,3,66,True,middle,4,0,1,0.5138267026542299,0.9416511952898426,1.1533403188299665,0
0,3,67,True,middle,1,1,7,0.0,1.0,1.1533403188299665,0
0,3,67,True,middle,2,0,1,0.3348167378332723,0.9760485228286161,1.1533403188299665,0
0,3,67,True,middle,3,0,1,0.3348167378332723,0.9760485228286161,1.1533403188299665,0
0,3,67,True,middle,4,0,1,0.4030052366728756,0.9647525795523615,1.1533403188299665,0
0,3,68,True,middle,1,0,0,0.500770851904873,0.9454163498822749,1.119251277232993,0
0,3,68,True,middle,2,0,0,0.500770851904873,0.9454163498822749,1.119251277232993,0
0,3,68,True,middle,3,0,0,0.7721936879811924,0.8634137909236419,1.119251277232993,0
0,3,68,True,middle,4,0,0,0.7721936879811924,0.8634137909236419,1.119251277232993,0
0,3,69,True,middle,1,1,7,0.0,1.0,1.119251277232993,0
0,3,69,True,middle,2,0,0,0.500770851904873,0.9454163498822749,1.119251277232993,0
0,3,69,True,middle,3,0,0,0.500770851904873,0.9454163498822749,1.119251277232993,0
0,3,69,True,middle,4,0,0,0.7721936879811924,0.8634137909236419,1.119251277232993,0
0,3,70,True,middle,1,0,0,0.24810714125702116,0.986294636308785,1.0707853281090833,0
0,3,70,True,middle,2,0,0,0.24810714125702116,0.986294636308785,1.0707853281090833,0
0,3,70,True,middle,3,0,0,0.6307433178106122,0.9119004156252632,1.0707853281090833,0
0,3,70,True,middle,4,0,0,0.6307433178106122,0.9119004156252632,1.0707853281090833,0
0,3,71,True,middle,1,0,0,0.4542899703096035,0.9507987326372632,0.9428775254931137,0
0,3,71,True,middle,2,0,0,0.5929665603474965,0.918654831933934,0.9428775254931137,0
0,3,71,True,middle,3,0,0,0.5929665603474965,0.918654831933934,0.9428775254931137,0
0,3,71,True,middle,4,0,0,1.0063903232675067,0.7641389333281122,0.9428775254931137,0
0,3,72,True,middle,1,1,7,0.0,0.9999999999999999,0.9428775254931137,0
0,3,72,True,middle,2,0,0,0.4542899703096035,0.9507987326372632,0.9428775254931137,0
0,3,72,True,middle,3,0,0,0.5929665603474965,0.918654831933934,0.9428775254931137,0
0,3,72,True,middle,4,0,0,0.5929665603474965,0.918654831933934,0.9428775254931137,0
0,3,73,True,middle,1,0,0,0.15871004019666793,0.993405008911182,0.957070443091541,0
0,3,73,True,middle,2,0,0,0.15871004019666793,0.993405008911182,0.957070443091541,0
0,3,73,True,middle,3,0,0,0.5987702559622028,0.9132212309657967,0.957070443091541,0
0,3,73,True,middle,4,0,0,0.7499657538111283,0.8679146436345294,0.957070443091541,0
0,3,74,True,middle,1,0,0,0.3869631556192792,0.9651035967372824,1.0793002979445363,0
0,3,74,True,middle,2,0,0,0.5422049046000224,0.9296358067998621,1.0793002979445363,0
0,3,74,True,middle,3,0,0,0.5422049046000224,0.9296358067998621,1.0793002979445363,0
0,3,74,True,middle,4,0,0,0.9837261262149706,0.775555236177961,1.0793002979445363,0
0,3,75,True,middle,1,1,7,0.0,0.9999999999999998,1.0793002979445363,0
0,3,75,True,middle,2,0,0,0.3869631556192792,0.9651035967372824,1.0793002979445363,0
0,3,75,True,middle,3,0,0,0.5422049046000224,0.9296358067998621,1.0793002979445363,0
0,3,75,True,middle,4,0,0,0.5422049046000224,0.9296358067998621,1.0793002979445363,0
0,3,76,True,middle,1,0,1,0.1209815007899312,0.9966555999459858,1.0908650137466704,0
0,3,76,True,middle,2,0,1,0.1209815007899312,0.9966555999459858,1.0908650137466704,0
0,3,76,True,middle,3,0,0,0.3783780199430034,0.9672874745269374,1.0908650137466704,0
0,3,76,True,middle,4,0,0,0.5368055149021119,0.9318954444396298,1.0908650137466704,0
0,3,77,True,middle,1,0,0,0.2337348945665501,0.9874772102005543,1.0809288627158697,0
0,3,77,True,middle,2,0,0,0.3354026182987721,0.974039734069446,1.0809288627158697,0
0,3,77,True,middle,3,0,0,0.3354026182987721,0.974039734069446,1.0809288627158697,0
0,3,77,True,middle,4,0,0,0.3406379866571033,0.9734516299431598,1.0809288627158697,0
0,3,78,True,middle,1,0,0,0.057655751910816296,0.9992445850678963,1.0698189287903104,0
0,3,78,True,middle,2,0,0,0.2238512971611895,0.9884938019510169,1.0698189287903104,0
0,3,78,True,middle,3,0,0,0.32585554980804615,0.9753713254863005,1.0698189287903104,0
0,3,78,True,middle,4,0,0,0.32585554980804615,0.9753713254863005,1.0698189287903104,0
0,3,79,True,middle,1,0,0,0.4201311254418831,0.9596941419860014,0.8631630556745423,0
0,3,79,True,middle,2,0,0,0.4422398994559548,0.9556329954900363,0.8631630556745423,0
0,3,79,True,middle,3,0,0,0.5565259245216654,0.927237827367444,0.8631630556745423,0
0,3,79,True,middle,4,0,0,0.5889399900434307,0.916589513017399,0.8631630556745423,0
0,3,80,True,middle,1,1,7,0.0,1.0000000000000002,0.8631630556745423,0
0,3,80,True,middle,2,0,0,0.4201311254418831,0.9596941419860014,0.8631630556745423,0
0,3,80,True,middle,3,0,0,0.4422398994559548,0.9556329954900363,0.8631630556745423,0
0,3,80,True,middle,4,0,0,0.5565259245216654,0.927237827367444,0.8631630556745423,0
0,3,81,True,middle,1,1,7,0.0,1.0000000000000002,0.8631630556745423,0
0,3,81,True,middle,2,1,7,0.0,1.0000000000000002,0.8631630556745423,0
0,3,81,True,middle,3,0,0,0.4201311254418831,0.9596941419860014,0.8631630556745423,0
0,3,81,True,middle,4,0,0,0.4422398994559548,0.9556329954900363,0.8631630556745423,0
0,3,82,True,middle,1,0,0,0.45129007392434006,0.9422172250342475,0.5804095733845999,0
0,3,82,True,middle,2,0,0,0.45129007392434006,0.9422172250342475,0.5804095733845999,0
0,3,82,True,middle,3,0,0,0.45129007392434006,0.9422172250342475,0.5804095733845999,0
0,3,82,True,middle,4,0,0,0.8329696678804192,0.8231572887157922,0.5804095733845999,0
0,3,83,True,middle,1,0,1,0.1376847390317193,0.9929519628532794,0.5907449016216141,0
0,3,83,True,middle,2,0,0,0.48394228393367295,0.9319734180251964,0.5907449016216141,0
0,3,83,True,middle,3,0,0,0.48394228393367295,0.9319734180251964,0.5907449016216141,0
0,3,83,True,middle,4,0,0,0.48394228393367295,0.9319734180251964,0.5907449016216141,0
0,3,84,True,late,1,0,0,0.3558989498113278,0.9615602389374283,0.7905783678936821,0
0,3,84,True,late,2,0,0,0.3809298611878631,0.9555407252750138,0.7905783678936821,0
0,3,84,True,late,3,0,0,0.21047656625666786,0.9874813301535342,0.7905783678936821,0
0,3,84,True,late,4,0,0,0.21047656625666786,0.9874813301535342,0.7905783678936821,0
0,3,85,True,late,1,0,0,0.12270847405527927,0.9965972818389008,0.8826294228223488,0
0,3,85,True,late,2,0,0,0.45399467606261623,0.9430634616266486,0.8826294228223488,0
0,3,85,True,late,3,0,0,0.49612608331844116,0.9304205019682098,0.8826294228223488,0
0,3,85,True,late,4,0,1,0.2657817338823495,0.9800006702067439,0.8826294228223488,0
0,3,86,True,late,1,0,0,2.0754502902964402,-0.3335986706846,0.6745469608296344,1
0,3,86,True,late,2,0,0,2.071995840246011,-0.3944740776607282,0.6745469608296344,1
0,3,86,True,late,3,0,0,2.118893015293862,-0.6016138295228274,0.6745469608296344,1
0,3,86,True,late,4,0,0,2.1233616502196107,-0.6154667857530608,0.6745469608296344,1
0,3,87,True,late,1,0,0,2.0274059224534984,-0.3970078128416511,0.6980739141148689,1
0,3,87,True,late,2,0,0,0.2380604177032449,0.9865922986438286,0.6980739141148689,0
0,3,87,True,late,3,0,0,0.21542986904835115,0.9860539562496743,0.6980739141148689,0
0,3,87,True,late,4,0,0,0.4403882522699663,0.9327311729610036,0.6980739141148689,0
0,3,88,True,late,1,0,2,2.05276556810345,-0.6581240835012069,0.2603639176510894,1
0,3,88,True,late,2,0,0,0.41830422370461107,0.9418013754867149,0.2603639176510894,0
0,3,88,True,late,3,0,0,2.110227408756458,-0.5826989815906655,0.2603639176510894,1
0,3,88,True,late,4,0,0,2.086651929263803,-0.6305942862819582,0.2603639176510894,1
0,3,89,True,late,1,0,2,0.04399159655851481,0.9991209537849273,0.2239114894050925,0
0,3,89,True,late,2,0,2,2.0631098395582232,-0.6877289484679475,0.2239114894050925,1
0,3,89,True,late,3,0,0,0.450957032575945,0.9310626349865009,0.2239114894050925,0
0,3,89,True,late,4,0,0,2.1243946889097085,-0.6159798928838669,0.2239114894050925,1
0,3,90,True,late,1,0,0,0.2428404509039079,0.9715620243988304,0.10285653809859903,0
0,3,90,True,late,2,0,0,0.2763852921287916,0.9636109110366213,0.10285653809859903,0
0,3,90,True,late,3,0,0,2.1189267030345755,-0.8123924038933599,0.10285653809859903,1
0,3,90,True,late,4,0,0,0.6764096342273945,0.8279966756771452,0.10285653809859903,0
0,3,91,True,late,1,1,7,0.0,1.0,0.10285653809859903,0
0,3,91,True,late,2,0,0,0.2428404509039079,0.9715620243988304,0.10285653809859903,0
0,3,91,True,late,3,0,0,0.2763852921287916,0.9636109110366213,0.10285653809859903,0
0,3,91,True,late,4,0,0,2.1189267030345755,-0.8123924038933599,0.10285653809859903,1
0,3,92,True,late,1,0,1,0.13260986526833524,0.9913717172846842,0.15198801737042905,0
0,3,92,True,late,2,0,1,0.13260986526833524,0.9913717172846842,0.15198801737042905,0
0,3,92,True,late,3,0,0,0.1861948427399462,0.9833616857447748,0.15198801737042905,0
0,3,92,True,late,4,0,0,0.20749614114470707,0.9796322359694388,0.15198801737042905,0
0,3,93,True,late,1,0,1,0.18884092066108663,0.9826123993826238,0.16602208443539718,0
0,3,93,True,late,2,0,1,0.2182549354829588,0.976662035763702,0.16602208443539718,0
0,3,93,True,late,3,0,1,0.2182549354829588,0.976662035763702,0.16602208443539718,0
0,3,93,True,late,4,0,0,0.2749945113852263,0.9636599009844463,0.16602208443539718,0
0,3,94,True,late,1,0,3,0.1387512365024663,0.9906065103242211,0.1439746107175088,0
0,3,94,True,late,2,0,1,0.1250946777363726,0.9923441185477673,0.1439746107175088,0
0,3,94,True,late,3,0,1,0.12366566073398814,0.9924836459443266,0.1439746107175088,0
0,3,94,True,late,4,0,1,0.12366566073398814,0.9924836459443266,0.1439746107175088,0
0,3,95,True,late,1,0,3,0.05443170153655721,0.9985531507952754,0.15671873894351146,0
0,3,95,True,late,2,0,3,0.13790354935544932,0.9907338875313169,0.15671873894351146,0
0,3,95,True,late,3,0,1,0.11981129756957197,0.9929899387421823,0.15671873894351146,0
0,3,95,True,late,4,0,1,0.14046930763101984,0.9903279072917971,0.15671873894351146,0
0,3,96,True,late,1,0,1,0.044890082732833105,0.9990230416172954,0.173760513254733,0
0,3,96,True,late,2,0,1,0.06428936810995,0.9979953739300437,0.173760513254733,0
0,3,96,True,late,3,0,1,0.14604722317921212,0.9896352490748083,0.173760513254733,0
0,3,96,True,late,4,0,1,0.16125100052643454,0.9873423859845434,0.173760513254733,0
0,3,97,True,late,1,0,1,0.2220203132996571,0.9759937152890422,0.15023314507809202,0
0,3,97,True,late,2,0,1,0.21204864104778348,0.9780357560390177,0.15023314507809202,0
0,3,97,True,late,3,0,1,0.21627425914264628,0.9771087091542567,0.15023314507809202,0
0,3,97,True,late,4,0,1,0.27006023534583684,0.9644283300924491,0.15023314507809202,0
0,3,98,True,late,1,1,7,0.0,1.0,0.15023314507809202,0
0,3,98,True,late,2,0,1,0.2220203132996571,0.9759937152890422,0.15023314507809202,0
0,3,98,True,late,3,0,1,0.21204864104778348,0.9780357560390177,0.15023314507809202,0
0,3,98,True,late,4,0,1,0.21627425914264628,0.9771087091542567,0.15023314507809202,0
0,3,99,True,late,1,1,7,0.0,1.0,0.15023314507809202,0
0,3,99,True,late,2,1,7,0.0,1.0,0.15023314507809202,0
0,3,99,True,late,3,0,1,0.2220203132996571,0.9759937152890422,0.15023314507809202,0
0,3,99,True,late,4,0,1,0.21204864104778348,0.9780357560390177,0.15023314507809202,0
0,3,100,True,late,1,0,2,0.16317421687362638,0.9876875222700758,0.2811559402532012,0
0,3,100,True,late,2,0,2,0.16317421687362638,0.9876875222700758,0.2811559402532012,0
0,3,100,True,late,3,0,2,0.16317421687362638,0.9876875222700758,0.2811559402532012,0
0,3,100,True,late,4,0,1,0.29950311583115186,0.957728810886919,0.2811559402532012,0
0,3,101,True,late,1,0,1,0.04914217697359387,0.998881313577281,0.2821761924034689,0
0,3,101,True,late,2,0,1,0.1855294878500281,0.9839885170606755,0.2821761924034689,0
0,3,101,True,late,3,0,1,0.1855294878500281,0.9839885170606755,0.2821761924034689,0
0,3,101,True,late,4,0,1,0.1855294878500281,0.9839885170606755,0.2821761924034689,0
0,3,102,True,late,1,0,0,0.1891918810873234,0.9852383548025769,0.42908211311025907,0
0,3,102,True,late,2,0,0,0.2174310182687267,0.980167264476196,0.42908211311025907,0
0,3,102,True,late,3,0,0,0.35486219959403953,0.9454705048199387,0.42908211311025907,0
0,3,102,True,late,4,0,0,0.35486219959403953,0.9454705048199387,0.42908211311025907,0
0,3,103,True,late,1,0,1,0.033406448787954936,0.9995397581812815,0.41460225802849804,0
0,3,103,True,late,2,0,0,0.18652926382015367,0.9853746255748775,0.41460225802849804,0
0,3,103,True,late,3,0,0,0.21737469694688513,0.9798419178934861,0.41460225802849804,0
0,3,103,True,late,4,0,0,0.34803784166085533,0.9469968596626821,0.41460225802849804,0
0,3,104,True,late,1,0,0,0.1842556707267442,0.9879395734575954,0.559732606294516,0
0,3,104,True,late,2,0,0,0.1614151676232034,0.9908939174050088,0.559732606294516,0
0,3,104,True,late,3,0,0,0.3256733212942695,0.9602659622144765,0.559732606294516,0
0,3,104,True,late,4,0,0,0.3445230021420357,0.9549741874079956,0.559732606294516,0
0,3,105,True,late,1,0,0,0.4728486231224312,0.9538100336802079,1.004215385888393,0
0,3,105,True,late,2,0,0,0.5996516786772106,0.9193092944721307,1.004215385888393,0
0,3,105,True,late,3,0,0,0.589571464812634,0.9224022639003332,1.004215385888393,0
0,3,105,True,late,4,0,0,0.7744951788799129,0.8448777643284068,1.004215385888393,0
0,3,106,True,late,1,1,7,0.0,1.0000000000000002,1.004215385888393,0
0,3,106,True,late,2,0,0,0.4728486231224312,0.9538100336802079,1.004215385888393,0
0,3,106,True,late,3,0,0,0.5996516786772106,0.9193092944721307,1.004215385888393,0
0,3,106,True,late,4,0,0,0.589571464812634,0.9224022639003332,1.004215385888393,0
0,3,107,True,late,1,0,0,0.2325570671542488,0.9882239833842902,1.0971806772420616,0
0,3,107,True,late,2,0,0,0.2325570671542488,0.9882239833842902,1.0971806772420616,0
0,3,107,True,late,3,0,0,0.5882289523446702,0.9319878510161006,1.0971806772420616,0
0,3,107,True,late,4,0,0,0.7233507830012598,0.8874813025087988,1.0971806772420616,0
0,3,108,True,late,1,1,7,0.0,1.0,1.0971806772420616,0
0,3,108,True,late,2,0,0,0.2325570671542488,0.9882239833842902,1.0971806772420616,0
0,3,108,True,late,3,0,0,0.2325570671542488,0.9882239833842902,1.0971806772420616,0
0,3,108,True,late,4,0,0,0.5882289523446702,0.9319878510161006,1.0971806772420616,0
0,3,109,True,late,1,0,0,0.17404693983947364,0.9931392701566135,1.0662653263267405,0
0,3,109,True,late,2,0,0,0.17404693983947364,0.9931392701566135,1.0662653263267405,0
0,3,109,True,late,3,0,0,0.3774294725647635,0.9660997196345755,1.0662653263267405,0
0,3,109,True,late,4,0,0,0.3774294725647635,0.9660997196345755,1.0662653263267405,0
0,3,110,True,late,1,0,0,0.289985326430559,0.9802901569880305,0.9895439258376056,0
0,3,110,True,late,2,0,0,0.4589636960186564,0.9510139658349104,0.9895439258376056,0
0,3,110,True,late,3,0,0,0.4589636960186564,0.9510139658349104,0.9895439258376056,0
0,3,110,True,late,4,0,0,0.6223934280994001,0.902880863055491,0.9895439258376056,0
0,3,111,True,late,1,1,7,0.0,1.0000000000000002,0.9895439258376056,0
0,3,111,True,late,2,0,0,0.289985326430559,0.9802901569880305,0.9895439258376056,0
0,3,111,True,late,3,0,0,0.4589636960186564,0.9510139658349104,0.9895439258376056,0
0,3,111,True,late,4,0,0,0.4589636960186564,0.9510139658349104,0.9895439258376056,0
0,3,112,True,late,1,0,0,0.5016296948949918,0.934560957665494,0.9032716685914436,0
0,3,112,True,late,2,0,0,0.5016296948949918,0.934560957665494,0.9032716685914436,0
0,3,112,True,late,3,0,0,0.7808748905713797,0.8485421086641324,0.9032716685914436,0
0,3,112,True,late,4,0,0,0.9373679762075179,0.7850761876685716,0.9032716685914436,0
0,3,113,True,late,1,0,2,0.16198915425673568,0.9928514549322512,0.9175815097598012,0
0,3,113,True,late,2,0,0,0.6616926170830442,0.8859891741014994,0.9175815097598012,0
0,3,113,True,late,3,0,0,0.6616926170830442,0.8859891741014994,0.9175815097598012,0
0,3,113,True,late,4,0,0,0.9385500474419262,0.7807602539606063,0.9175815097598012,0
0,3,114,True,late,1,0,0,0.2329212813756702,0.985803724152484,0.9598953391500992,0
0,3,114,True,late,2,0,0,0.21990141625208878,0.9874545855271464,0.9598953391500992,0
0,3,114,True,late,3,0,0,0.6078481232247377,0.905375589488819,0.9598953391500992,0
0,3,114,True,late,4,0,0,0.6078481232247377,0.905375589488819,0.9598953391500992,0
0,3,115,True,late,1,0,0,0.42038695210002325,0.9557607991525308,0.703099535410744,0
0,3,115,True,late,2,0,0,0.2699214223043519,0.9835149783053395,0.703099535410744,0
0,3,115,True,late,3,0,0,0.35641653567674486,0.9661936089007732,0.703099535410744,0
0,3,115,True,late,4,0,0,0.7774378489482622,0.834162524550784,0.703099535410744,0
0,3,116,True,late,1,0,0,0.5140555381501392,0.9255318036512185,0.9142827272639796,0
0,3,116,True,late,2,0,0,0.6414978169365866,0.8907056055280056,0.9142827272639796,0
0,3,116,True,late,3,0,0,0.6270751234963204,0.8930851518988395,0.9142827272639796,0
0,3,116,True,late,4,0,0,0.743302921875126,0.848718226118244,0.9142827272639796,0
0,3,117,True,late,1,0,0,0.4279469682118808,0.9510837310592055,0.6627588862036586,0
0,3,117,True,late,2,0,0,0.5374057592740163,0.901711723635715,0.6627588862036586,0
0,3,117,True,late,3,0,0,0.852116320768113,0.792134653749907,0.6627588862036586,0
0,3,117,True,late,4,0,0,0.7706285152385906,0.825248014656008,0.6627588862036586,0
0,3,118,True,late,1,0,1,0.5923680014771991,0.8696010351141246,0.28140589368835084,0
0,3,118,True,late,2,0,0,0.7530078231508901,0.8340811468521533,0.28140589368835084,0
0,3,118,True,late,3,0,0,0.4547696510508852,0.9318426317730379,0.28140589368835084,0
0,3,118,True,late,4,0,0,0.6891964778783473,0.8769531304684117,0.28140589368835084,0
0,3,119,True,late,1,0,0,0.9926272341694294,0.6948530289024769,0.944351689181823,0
0,3,119,True,late,2,0,0,0.5036782503391979,0.9324860368964667,0.944351689181823,0
0,3,119,True,late,3,0,0,0.800163971236507,0.828335675288023,0.944351689181823,0
0,3,119,True,late,4,0,0,0.9852217825886064,0.7183086436652621,0.944351689181823,0
0,3,120,True,late,1,0,1,0.04525753043661466,0.9994606736563827,0.9390930297420507,0
0,3,120,True,late,2,0,0,0.9883583954933879,0.6961711377360125,0.9390930297420507,0
0,3,120,True,late,3,0,0,0.5122723057861908,0.9292749598647442,0.9390930297420507,0
0,3,120,True,late,4,0,0,0.8006739487095744,0.8276287242122264,0.9390930297420507,0
0,3,121,True,late,1,0,0,0.3510185352093822,0.9692025598858978,1.0150320715561103,0
0,3,121,True,late,2,0,0,0.3549457401405146,0.9684816669551904,1.0150320715561103,0
0,3,121,True,late,3,0,0,1.1467529831510281,0.6061363854959938,1.0150320715561103,0
0,3,121,True,late,4,0,0,0.7851347000063874,0.8345269733542006,1.0150320715561103,0
0,3,122,True,late,1,0,2,0.21439461082177463,0.9896831453674186,0.8990001851530878,0
0,3,122,True,late,2,0,0,0.4035099193667793,0.9560671056535033,0.8990001851530878,0
0,3,122,True,late,3,0,0,0.3902408384018516,0.9590859590962217,0.8990001851530878,0
0,3,122,True,late,4,0,0,1.043571146530533,0.6436829260287017,0.8990001851530878,0
0,3,123,True,late,1,0,0,0.22777493020677558,0.9882458278982638,1.017984298732068,0
0,3,123,True,late,2,0,0,0.12383541135186078,0.9962300536143194,1.017984298732068,0
0,3,123,True,late,3,0,0,0.3516332758007447,0.9691958289782245,1.017984298732068,0
0,3,123,True,late,4,0,0,0.3540938855035785,0.968736176642873,1.017984298732068,0
0,3,124,True,late,1,0,0,0.08900269912107751,0.9980588456991596,1.0209147804301921,0
0,3,124,True,late,2,0,0,0.2745316322777444,0.9822428913570698,1.0209147804301921,0
0,3,124,True,late,3,0,0,0.14795103218857092,0.994629420607238,1.0209147804301921,0
0,3,124,True,late,4,0,0,0.37600581399987554,0.9647778426887329,1.0209147804301921,0
0,4,1,True,early,1,0,0,0.4216614763308259,0.949202178384945,0.8234045668506091,0
0,4,2,True,early,1,0,0,0.4060106482210588,0.9621681473193857,1.0459559058949,0
0,4,2,True,early,2,0,0,0.5841433748594956,0.9275113710334362,1.0459559058949,0
0,4,3,True,early,1,0,1,0.11677510938646002,0.9967401826282334,1.0359043032055144,0
0,4,3,True,early,2,0,0,0.37258029237404366,0.9683799496528754,1.0359043032055144,0
0,4,3,True,early,3,0,0,0.5976351332274401,0.920765520995679,1.0359043032055144,0
0,4,4,True,early,1,0,0,0.2731316792534587,0.9819377852331468,0.9713858149282533,0
0,4,4,True,early,2,0,0,0.34711895164666307,0.9708317989041811,0.9713858149282533,0
0,4,4,True,early,3,0,0,0.2009586085822177,0.991518910295261,0.9713858149282533,0
0,4,4,True,early,4,0,0,0.583344165205176,0.9149335207175523,0.9713858149282533,0
0,4,5,True,early,1,0,0,0.2423143114839802,0.9859788346522737,1.0394380279339401,0
0,4,5,True,early,2,0,1,0.13483647182382325,0.9956243407770313,1.0394380279339401,0
0,4,5,True,early,3,0,1,0.1939759085302399,0.9909917050288183,1.0394380279339401,0
0,4,5,True,early,4,0,0,0.3640056946609824,0.9703243713290369,1.0394380279339401,0
0,4,6,True,early,1,0,1,0.14553701076273634,0.994897508359481,1.032129912360281,0
0,4,6,True,early,2,0,0,0.2887568943777347,0.9796525836459162,1.032129912360281,0
0,4,6,True,early,3,0,1,0.01904486292801778,0.9999141341792729,1.032129912360281,0
0,4,6,True,early,4,0,1,0.10471625488326491,0.9973874269986279,1.032129912360281,0
0,4,7,True,early,1,0,1,0.2029830932173599,0.9900163955805568,1.0302992843886625,0
0,4,7,True,early,2,0,1,0.10163004728706738,0.9975167276615227,1.0302992843886625,0
0,4,7,True,early,3,0,0,0.23176437330120817,0.9870163802097154,1.0302992843886625,0
0,4,7,True,early,4,0,1,0.19052735981385155,0.9912241881027039,1.0302992843886625,0
0,4,8,True,early,1,0,1,0.08051495828815909,0.9984264592945863,1.0272149157411696,0
0,4,8,True,early,2,0,1,0.25347199899376655,0.9844105329816708,1.0272149157411696,0
0,4,8,True,early,3,0,1,0.16094124294779413,0.9937553428894302,1.0272149157411696,0
0,4,8,True,early,4,0,0,0.2516370321123675,0.9845481619746415,1.0272149157411696,0
0,4,9,True,early,1,0,1,0.0794685152841562,0.9984777259332291,1.0352262983348088,0
0,4,9,True,early,2,0,1,0.14886413267638823,0.9946414366302417,1.0352262983348088,0
0,4,9,True,early,3,0,1,0.3132699003000609,0.9762790582781532,1.0352262983348088,0
0,4,9,True,early,4,0,1,0.23695137537756422,0.9864799625114401,1.0352262983348088,0
0,4,10,True,early,1,0,1,0.08795418847565008,0.9981338193254995,1.036070341839398,0
0,4,10,True,early,2,0,1,0.15427499788589283,0.9942448997078788,1.036070341839398,0
0,4,10,True,early,3,0,1,0.22715863805639636,0.9875248888138259,1.036070341839398,0
0,4,10,True,early,4,0,1,0.39323672061546316,0.9626389620845271,1.036070341839398,0
0,4,11,True,early,1,0,1,0.2383452452835754,0.9870896318167754,1.0930750817176318,0
0,4,11,True,early,2,0,1,0.32456340654084315,0.975716025999471,1.0930750817176318,0
0,4,11,True,early,3,0,1,0.391031498488771,0.9645428647400678,1.0930750817176318,0
0,4,11,True,early,4,0,1,0.462847109150496,0.9501345493031047,1.0930750817176318,0
0,4,12,True,early,1,0,1,0.15411570457285279,0.99573126519832,1.1793648649390884,0
0,4,12,True,early,2,0,2,0.34501199368796875,0.9758071699130283,1.1793648649390884,0
0,4,12,True,early,3,0,1,0.4208548108992627,0.9627765430297444,1.1793648649390884,0
0,4,12,True,early,4,0,1,0.48994091522078104,0.9487189794570453,1.1793648649390884,0
0,4,13,True,early,1,0,2,0.16141469929861005,0.9950868886615932,1.1011824470623504,0
0,4,13,True,early,2,0,1,0.0975886141150854,0.9978473298732656,1.1011824470623504,0
0,4,13,True,early,3,0,2,0.18397176100152388,0.9926266499080307,1.1011824470623504,0
0,4,13,True,early,4,0,1,0.2613004404844263,0.9845958915523786,1.1011824470623504,0
0,4,14,True,early,1,0,2,0.2639495793510886,0.9875465399575918,1.2374972853847837,0
0,4,14,True,early,2,0,2,0.10282324935307031,0.9982588276125529,1.2374972853847837,0
0,4,14,True,early,3,0,1,0.24462279608991547,0.9898520157086869,1.2374972853847837,0
0,4,14,True,early,4,0,2,0.4475243207625423,0.9612726573736345,1.2374972853847837,0
0,4,15,True,early,1,0,0,0.35596840634475546,0.979089888872684,0.9934516718594962,0
0,4,15,True,early,2,0,0,0.23059402581262609,0.9887667189444759,0.9934516718594962,0
0,4,15,True,early,3,0,0,0.2847892236218998,0.9856789125879273,0.9934516718594962,0
0,4,15,True,early,4,0,0,0.15483088445462548,0.9954979819332406,0.9934516718594962,0
0,4,16,True,early,1,0,1,0.4236421328874154,0.9675823637862794,1.2407128654358064,0
0,4,16,True,early,2,0,0,0.31157506732109624,0.9808563748534923,1.2407128654358064,0
0,4,16,True,early,3,0,0,0.4941243018982646,0.9508702321764636,1.2407128654358064,0
0,4,16,True,early,4,0,0,0.371154545250421,0.9725002359850332,1.2407128654358064,0
0,4,17,True,early,1,0,0,0.432103166069896,0.9641706468225132,1.0458150394567023,0
0,4,17,True,early,2,0,0,0.6387500314907174,0.9003244628842627,1.0458150394567023,0
0,4,17,True,early,3,0,0,0.6277817403010645,0.9189129219314571,1.0458150394567023,0
0,4,17,True,early,4,0,0,0.7538457166784691,0.8683663115749689,1.0458150394567023,0
0,4,18,True,early,1,0,0,0.08258242722950807,0.9984660779063753,1.0147957598906323,0
0,4,18,True,early,2,0,0,0.48722790756886725,0.9539960633812383,1.0147957598906323,0
0,4,18,True,early,3,0,0,0.6802289937211277,0.8848550851552737,1.0147957598906323,0
0,4,18,True,early,4,0,0,0.6734237328036697,0.906069973193031,1.0147957598906323,0
0,4,19,True,early,1,0,0,0.4171351031938774,0.9562116988483792,0.9418642186777372,0
0,4,19,True,early,2,0,0,0.48802583187123977,0.9414400568356116,0.9418642186777372,0
0,4,19,True,early,3,0,0,0.8737179076300183,0.8366749503196957,0.9418642186777372,0
0,4,19,True,early,4,0,0,0.9907371532087045,0.7468803980020302,0.9418642186777372,0
0,4,20,True,early,1,0,1,0.1614570119147021,0.993333435456912,0.974137156612689,0
0,4,20,True,early,2,0,0,0.48469238800815617,0.9411491103177336,0.974137156612689,0
0,4,20,True,early,3,0,0,0.5445691569944001,0.9272385410240965,0.974137156612689,0
0,4,20,True,early,4,0,0,0.8959693431440668,0.8283424703318539,0.974137156612689,0
0,4,21,True,early,1,0,1,0.09367389220220057,0.9978872556183881,1.003246468353874,0
0,4,21,True,early,2,0,1,0.25176541468637403,0.9841833837347246,1.003246468353874,0
0,4,21,True,early,3,0,0,0.5370736685476867,0.9285522265578645,1.003246468353874,0
0,4,21,True,early,4,0,0,0.5882558863459472,0.9158108215876692,1.003246468353874,0
0,4,22,True,early,1,0,0,0.3268960041952239,0.9733878087783358,1.004469721766838,0
0,4,22,True,early,2,0,0,0.30017728517818243,0.9773461700602648,1.004469721766838,0
0,4,22,True,early,3,0,0,0.31409475386992014,0.9751552244060302,1.004469721766838,0
0,4,22,True,early,4,0,0,0.7212436232131179,0.8712119060499648,1.004469721766838,0
0,4,23,True,early,1,0,0,0.15302328707373053,0.9947381908818639,1.0612842189046465,0
0,4,23,True,early,2,0,0,0.35664903419845245,0.9696299982078896,1.0612842189046465,0
0,4,23,True,early,3,0,0,0.36530643573907307,0.9681715296758094,1.0612842189046465,0
0,4,23,True,early,4,0,0,0.4289187630688849,0.9558605195275852,1.0612842189046465,0
0,4,24,True,early,1,0,1,0.11374278740080745,0.9970076993672942,1.0342301695162643,0
0,4,24,True,early,2,0,0,0.0786917345892455,0.9985922296208922,1.0342301695162643,0
0,4,24,True,early,3,0,0,0.3777537712535946,0.9651076142041757,1.0342301695162643,0
0,4,24,True,early,4,0,0,0.36204047200397826,0.967819709259853,1.0342301695162643,0
0,4,25,True,early,1,0,0,0.1492968475260768,0.9953342099138709,1.1003676813374474,0
0,4,25,True,early,2,0,0,0.11089281605963203,0.997353906904784,1.1003676813374474,0
0,4,25,True,early,3,0,0,0.21916650160195214,0.9897499027578387,1.1003676813374474,0
0,4,25,True,early,4,0,0,0.4638179100158633,0.9501050802311761,1.1003676813374474,0
0,4,26,True,middle,1,0,1,0.0886156699516477,0.998267501777249,1.0777218821411148,0
0,4,26,True,middle,2,0,0,0.10814962320373317,0.9974707046599184,1.0777218821411148,0
0,4,26,True,middle,3,0,0,0.14116727207489868,0.9953858240738402,1.0777218821411148,0
0,4,26,True,middle,4,0,0,0.17845436475431892,0.9930282383078939,1.0777218821411148,0
0,4,27,True,middle,1,0,0,0.09590908968532708,0.9982331707492743,1.127663385842106,0
0,4,27,True,middle,2,0,0,0.08598072797600666,0.9984426431215021,1.127663385842106,0
0,4,27,True,middle,3,0,0,0.19433750734348368,0.9923752146362068,1.127663385842106,0
0,4,27,True,middle,4,0,0,0.1839712452015614,0.9928462784422349,1.127663385842106,0
0,4,28,True,middle,1,0,1,0.14685349010899298,0.9952956142251265,1.097166370059265,0
0,4,28,True,middle,2,0,0,0.12156527095035412,0.9966613779070714,1.097166370059265,0
0,4,28,True,middle,3,0,0,0.1755976214888411,0.9930165639967007,1.097166370059265,0
0,4,28,True,middle,4,0,0,0.20740582823713669,0.990421815047006,1.097166370059265,0
0,4,29,True,middle,1,0,0,0.4257240407064969,0.9595591867923844,1.125695001975146,0
0,4,29,True,middle,2,0,0,0.5520965858938277,0.9328439936371873,1.125695001975146,0
0,4,29,True,middle,3,0,0,0.5030124594340095,0.9431361123744773,1.125695001975146,0
0,4,29,True,middle,4,0,0,0.5822330093225233,0.9243708551937408,1.125695001975146,0
0,4,30,True,middle,1,0,0,0.6762476188104859,0.8971511966175431,1.0816442703740303,0
0,4,30,True,middle,2,0,0,0.28741283932843825,0.9811424391111228,1.0816442703740303,0
0,4,30,True,middle,3,0,0,0.21075117385297804,0.9902594116275559,1.0816442703740303,0
0,4,30,True,middle,4,0,0,0.1918116774564579,0.9915077851488102,1.0816442703740303,0
0,4,31,True,middle,1,0,0,0.14274696139555373,0.9955653165981672,1.0254062011877674,0
0,4,31,True,middle,2,0,0,0.5642943871233351,0.9274245342050156,1.0254062011877674,0
0,4,31,True,middle,3,0,0,0.2348099774749062,0.987675788487854,1.0254062011877674,0
0,4,31,True,middle,4,0,0,0.22861989529902352,0.9891934309523839,1.0254062011877674,0
0,4,32,True,middle,1,0,1,2.0916739917191745,-0.32557002514791783,0.5214027049404797,1
0,4,32,True,middle,2,0,0,2.1149176319002216,-0.3103197971499886,0.5214027049404797,1
0,4,32,True,middle,3,0,0,2.0977976577381368,-0.2537259814680228,0.5214027049404797,1
0,4,32,True,middle,4,0,0,2.094240102036935,-0.2718358624441643,0.5214027049404797,1
0,4,33,True,middle,1,0,0,0.3843281744828091,0.9405325526757087,0.24714317704438324,0
0,4,33,True,middle,2,0,0,2.16377319781967,-0.5318533805125282,0.24714317704438324,1
0,4,33,True,middle,3,0,0,2.1910269482775298,-0.5171898620371594,0.24714317704438324,1
0,4,33,True,middle,4,0,0,2.2123976759474835,-0.5049685634522659,0.24714317704438324,1
0,4,34,True,middle,1,1,7,0.0,1.0,0.24714317704438324,0
0,4,34,True,middle,2,0,0,0.3843281744828091,0.9405325526757087,0.24714317704438324,0
0,4,34,True,middle,3,0,0,2.16377319781967,-0.5318533805125282,0.24714317704438324,1
0,4,34,True,middle,4,0,0,2.1910269482775298,-0.5171898620371594,0.24714317704438324,1
0,4,35,True,middle,1,0,2,0.2414527771471026,0.9721499109552971,0.10864193265534454,0
0,4,35,True,middle,2,0,2,0.2414527771471026,0.9721499109552971,0.10864193265534454,0
0,4,35,True,middle,3,0,0,0.52878859955892,0.8833036141687811,0.10864193265534454,0
0,4,35,True,middle,4,0,0,2.2499256756343753,-0.6937176962648605,0.10864193265534454,1
0,4,36,True,middle,1,0,3,0.1386608391528653,0.9904931627304888,0.10285653809859903,0
0,4,36,True,middle,2,0,2,0.2359652374226634,0.9734124450099152,0.10285653809859903,0
0,4,36,True,middle,3,0,2,0.2359652374226634,0.9734124450099152,0.10285653809859903,0
0,4,36,True,middle,4,0,0,0.5219284916143011,0.8864774953848356,0.10285653809859903,0
0,4,37,True,middle,1,0,0,0.1621212791656733,0.9870730286459948,0.14390055686131226,0
0,4,37,True,middle,2,0,0,0.12926882433084635,0.9917879465189775,0.14390055686131226,0
0,4,37,True,middle,3,0,0,0.2878312271196598,0.960384607047423,0.14390055686131226,0
0,4,37,True,middle,4,0,0,0.2878312271196598,0.960384607047423,0.14390055686131226,0
0,4,38,True,middle,1,0,0,0.2004937692852023,0.9802578878737173,0.12265340789488594,0
0,4,38,True,middle,2,0,1,0.06784202296086178,0.9977302633153368,0.12265340789488594,0
0,4,38,True,middle,3,0,1,0.14496606601914774,0.9896328647388355,0.12265340789488594,0
0,4,38,True,middle,4,0,1,0.2434255521098935,0.9716972608079852,0.12265340789488594,0
0,4,39,True,middle,1,0,1,0.14874354482986862,0.9892640785956611,0.1895952584271727,0
0,4,39,True,middle,2,0,0,0.2390308900952242,0.9722457532593971,0.1895952584271727,0
0,4,39,True,middle,3,0,1,0.19528806248807906,0.9814401919090591,0.1895952584271727,0
0,4,39,True,middle,4,0,1,0.14081214144404988,0.9903859839141854,0.1895952584271727,0
0,4,40,True,middle,1,0,1,0.39288911779091285,0.9276767665207747,0.29945815749018784,0
0,4,40,True,middle,2,0,1,0.36523865187094995,0.937208346341878,0.29945815749018784,0
0,4,40,True,middle,3,0,0,0.2652175385610813,0.9671860022580211,0.29945815749018784,0
0,4,40,True,middle,4,0,1,0.3253437454529464,0.9502761568392832,0.29945815749018784,0
0,4,41,True,middle,1,0,5,0.06470588200232562,0.9980843435551129,0.30634249965752,0
0,4,41,True,middle,2,0,1,0.38098659597679313,0.9321919699100565,0.30634249965752,0
0,4,41,True,middle,3,0,1,0.35571454413442644,0.9406571841732233,0.30634249965752,0
0,4,41,True,middle,4,0,0,0.25687743682167147,0.9693743658296289,0.30634249965752,0
0,4,42,True,middle,1,0,0,0.23392527637550253,0.9750795662423766,0.31853830362527163,0
0,4,42,True,middle,2,0,0,0.25970957331426936,0.9692314254475727,0.31853830362527163,0
0,4,42,True,middle,3,0,0,0.27772687270010266,0.964366483192365,0.31853830362527163,0
0,4,42,True,middle,4,0,0,0.31315010638818985,0.9544636347605324,0.31853830362527163,0
0,4,43,True,middle,1,0,0,0.28162142294614306,0.9713890785519365,0.5690430036656056,0
0,4,43,True,middle,2,0,0,0.34501499795692553,0.9550945995387665,0.5690430036656056,0
0,4,43,True,middle,3,0,0,0.3723302462474518,0.9470271602243421,0.5690430036656056,0
0,4,43,True,middle,4,0,0,0.5563831784857518,0.8753535991027027,0.5690430036656056,0
0,4,44,True,middle,1,0,0,0.14888011064398868,0.9915937750782042,0.5523984339743111,0
0,4,44,True,middle,2,0,0,0.27141280843220794,0.972881064750212,0.5523984339743111,0
0,4,44,True,middle,3,0,0,0.37370669624172465,0.9454596613139035,0.5523984339743111,0
0,4,44,True,middle,4,0,0,0.38058952988931694,0.9433419330723063,0.5523984339743111,0
0,4,45,True,middle,1,0,0,0.21185533767495668,0.9839001117940148,0.627483957848818,0
0,4,45,True,middle,2,0,0,0.2553620890367136,0.9763274297447256,0.627483957848818,0
0,4,45,True,middle,3,0,0,0.36324168201884593,0.9536856177698669,0.627483957848818,0
0,4,45,True,middle,4,0,0,0.46491241716715903,0.9198195417425895,0.627483957848818,0
0,4,46,True,middle,1,1,7,0.0,1.0000000000000002,0.627483957848818,0
0,4,46,True,middle,2,0,0,0.21185533767495668,0.9839001117940148,0.627483957848818,0
0,4,46,True,middle,3,0,0,0.2553620890367136,0.9763274297447256,0.627483957848818,0
0,4,46,True,middle,4,0,0,0.36324168201884593,0.9536856177698669,0.627483957848818,0
0,4,47,True,middle,1,0,4,0.13202877644874486,0.9937546394335058,0.6301379437631374,0
0,4,47,True,middle,2,0,4,0.13202877644874486,0.9937546394335058,0.6301379437631374,0
0,4,47,True,middle,3,0,0,0.21942724192805155,0.9827507945677475,0.6301379437631374,0
0,4,47,True,middle,4,0,0,0.20824525141086336,0.9844186995786813,0.6301379437631374,0
0,4,48,True,middle,1,0,0,0.34707229764423286,0.9732504394185322,0.9313037791621777,0
0,4,48,True,middle,2,0,0,0.31448776077053675,0.9800617761303051,0.9313037791621777,0
0,4,48,True,middle,3,0,0,0.31448776077053675,0.9800617761303051,0.9313037791621777,0
0,4,48,True,middle,4,0,0,0.4297757869368907,0.9569226822498004,0.9313037791621777,0
0,4,49,True,middle,1,1,7,0.0,1.0,0.9313037791621777,0
0,4,49,True,middle,2,0,0,0.34707229764423286,0.9732504394185322,0.9313037791621777,0
0,4,49,True,middle,3,0,0,0.31448776077053675,0.9800617761303051,0.9313037791621777,0
0,4,49,True,middle,4,0,0,0.31448776077053675,0.9800617761303051,0.9313037791621777,0
0,4,50,True,middle,1,1,7,0.0,1.0,0.9313037791621777,0
0,4,50,True,middle,2,1,7,0.0,1.0,0.9313037791621777,0
0,4,50,True,middle,3,0,0,0.34707229764423286,0.9732504394185322,0.9313037791621777,0
0,4,50,True,middle,4,0,0,0.31448776077053675,0.9800617761303051,0.9313037791621777,0
0,4,51,True,middle,1,0,0,0.06606747929913138,0.9990102782259768,0.9669538417792377,0
0,4,51,True,middle,2,0,0,0.06606747929913138,0.9990102782259768,0.9669538417792377,0
0,4,51,True,middle,3,0,0,0.06606747929913138,0.9990102782259768,0.9669538417792377,0
0,4,51,True,middle,4,0,0,0.3805912217025735,0.9692424846023784,0.9669538417792377,0
0,4,52,True,late,1,1,7,0.0,1.0000000000000002,0.9669538417792377,0
0,4,52,True,late,2,0,0,0.06606747929913138,0.9990102782259768,0.9669538417792377,0
0,4,52,True,late,3,0,0,0.06606747929913138,0.9990102782259768,0.9669538417792377,0
0,4,52,True,late,4,0,0,0.06606747929913138,0.9990102782259768,0.9669538417792377,0
0,4,53,True,late,1,0,0,0.10385651824383162,0.997231056738593,0.9746758700815188,0
0,4,53,True,late,2,0,0,0.10385651824383162,0.997231056738593,0.9746758700815188,0
0,4,53,True,late,3,0,0,0.13437464751433809,0.9955032920338691,0.9746758700815188,0
0,4,53,True,late,4,0,0,0.13437464751433809,0.9955032920338691,0.9746758700815188,0
0,4,54,True,late,1,0,0,0.16214427398459186,0.9957581928026006,1.1037806764195708,0
0,4,54,True,late,2,0,0,0.1855653646349941,0.9940248276520526,1.1037806764195708,0
0,4,54,True,late,3,0,0,0.1855653646349941,0.9940248276520526,1.1037806764195708,0
0,4,54,True,late,4,0,0,0.23801378099279247,0.989793782032263,1.1037806764195708,0
0,4,55,True,late,1,0,2,0.23869736062371893,0.9895268550183846,0.93658532063211,0
0,4,55,True,late,2,0,0,0.20468008485583025,0.9892325778283734,0.93658532063211,0
0,4,55,True,late,3,0,0,0.2591708614550613,0.9824933023600807,0.93658532063211,0
0,4,55,True,late,4,0,0,0.2591708614550613,0.9824933023600807,0.93658532063211,0
0,4,56,True,late,1,0,0,0.15172182270724027,0.9943848022371492,0.8581360339931922,0
0,4,56,True,late,2,0,0,0.3815869627771596,0.9704136782899782,0.8581360339931922,0
0,4,56,True,late,3,0,0,0.33374821270772714,0.9714160362993738,0.8581360339931922,0
0,4,56,True,late,4,0,0,0.3704488864798087,0.9640327270668048,0.8581360339931922,0
0,4,57,True,late,1,0,2,0.14810061456416546,0.9939843764896107,0.7934556035204599,0
0,4,57,True,late,2,0,0,0.283284955932823,0.9795606850442292,0.7934556035204599,0
0,4,57,True,late,3,0,0,0.5195245462343019,0.9409359808447075,0.7934556035204599,0
0,4,57,True,late,4,0,0,0.46260014752772516,0.944006159546634,0.7934556035204599,0
0,4,58,True,late,1,0,4,0.11170613295926798,0.9961822295455942,0.7980011599744662,0
0,4,58,True,late,2,0,2,0.14178770133443072,0.994473689139039,0.7980011599744662,0
0,4,58,True,late,3,0,0,0.27503805076695903,0.9807705094972323,0.7980011599744662,0
0,4,58,True,late,4,0,0,0.49856289552284927,0.9463523324234758,0.7980011599744662,0
0,4,59,True,late,1,0,4,0.09276007653186187,0.9973682502794535,0.793661510461958,0
0,4,59,True,late,2,0,4,0.01984690514224611,0.9998791572813303,0.793661510461958,0
0,4,59,True,late,3,0,2,0.14214621851414092,0.9944955051759552,0.793661510461958,0
0,4,59,True,late,4,0,0,0.27914939130894195,0.9802207708149405,0.793661510461958,0
0,4,60,True,late,1,0,2,0.15404890492808332,0.9929170510884704,0.7344419530196383,0
0,4,60,True,late,2,0,2,0.17733835866034356,0.9905644797089274,0.7344419530196383,0
0,4,60,True,late,3,0,2,0.15594533638753663,0.9927278540814768,0.7344419530196383,0
0,4,60,True,late,4,0,2,0.2862607491761318,0.9767524010527601,0.7344419530196383,0
0,4,61,True,late,1,1,7,0.0,1.0000000000000002,0.7344419530196383,0
0,4,61,True,late,2,0,2,0.15404890492808332,0.9929170510884704,0.7344419530196383,0
0,4,61,True,late,3,0,2,0.17733835866034356,0.9905644797089274,0.7344419530196383,0
0,4,61,True,late,4,0,2,0.15594533638753663,0.9927278540814768,0.7344419530196383,0
0,4,62,True,late,1,0,0,0.24283386486875494,0.9819795367846449,0.8014140805385087,0
0,4,62,True,late,2,0,0,0.24283386486875494,0.9819795367846449,0.8014140805385087,0
0,4,62,True,late,3,0,0,0.38818390847693446,0.9539557012434573,0.8014140805385087,0
0,4,62,True,late,4,0,0,0.3923694706139426,0.9530508792391736,0.8014140805385087,0
0,4,63,True,late,1,0,4,0.024187327410865284,0.9998231678980515,0.8043519528007788,0
0,4,63,True,late,2,0,0,0.244429712737085,0.981809356681256,0.8043519528007788,0
0,4,63,True,late,3,0,0,0.244429712737085,0.981809356681256,0.8043519528007788,0
0,4,63,True,late,4,0,0,0.3891750529520979,0.9537930232684357,0.8043519528007788,0
0,4,64,True,late,1,0,0,0.38948898783499347,0.9529249099339593,0.6740626346885971,0
0,4,64,True,late,2,0,0,0.39522697638857623,0.9513095994567033,0.6740626346885971,0
0,4,64,True,late,3,0,0,0.5394059448775875,0.9031762578369862,0.6740626346885971,0
0,4,64,True,late,4,0,0,0.5394059448775875,0.9031762578369862,0.6740626346885971,0
0,4,65,True,late,1,0,3,0.13806692288432126,0.9934416118038809,0.6470751051232768,0
0,4,65,True,late,2,0,0,0.3759601690867454,0.9565496781424279,0.6470751051232768,0
0,4,65,True,late,3,0,0,0.3734675111500096,0.956989179082351,0.6470751051232768,0
0,4,65,True,late,4,0,0,0.5247052861521367,0.9076844669366886,0.6470751051232768,0
0,4,66,True,late,1,0,0,0.5996997722584294,0.8933502837647042,0.8837690086702797,0
0,4,66,True,late,2,0,0,0.6104949587134652,0.8893498845595258,0.8837690086702797,0
0,4,66,True,late,3,0,0,0.9601241564228551,0.7316477172359354,0.8837690086702797,0
0,4,66,True,late,4,0,0,0.9594106706715303,0.7317190242851299,0.8837690086702797,0
0,4,67,True,late,1,0,0,0.37609129283234116,0.9638017362661245,0.596598851394997,0
0,4,67,True,late,2,0,0,0.6377496229388864,0.8536318854476644,0.596598851394997,0
0,4,67,True,late,3,0,0,0.6489867956368865,0.8506499314058656,0.596598851394997,0
0,4,67,True,late,4,0,0,0.9809014300862869,0.6828032324344345,0.596598851394997,0
0,4,68,True,late,1,0,0,0.34712734915709564,0.9761002879239279,0.9426008864486152,0
0,4,68,True,late,2,0,0,0.33723997937325106,0.9694225060007234,0.9426008864486152,0
0,4,68,True,late,3,0,0,0.8719608642673109,0.7779923797948571,0.9426008864486152,0
0,4,68,True,late,4,0,0,0.8758667409452926,0.7770940553006965,0.9426008864486152,0
0,4,69,True,late,1,0,0,0.0647631001525901,0.9988898391372029,0.9431107154497563,0
0,4,69,True,late,2,0,0,0.35411947031641966,0.9746205856012147,0.9431107154497563,0
0,4,69,True,late,3,0,0,0.37917260249421186,0.9612498627288966,0.9431107154497563,0
0,4,69,True,late,4,0,0,0.9042616675881193,0.7605667439544891,0.9431107154497563,0
0,4,70,True,late,1,0,0,0.36218352158510225,0.967228355626731,1.017021883417296,0
0,4,70,True,late,2,0,0,0.4075975946510853,0.9583114590782877,1.017021883417296,0
0,4,70,True,late,3,0,0,0.5440019110226976,0.9315502268761887,1.017021883417296,0
0,4,70,True,late,4,0,0,0.7250017080517867,0.8641408594382759,1.017021883417296,0
0,4,71,True,late,1,0,0,0.04618414662094732,0.9994756333038137,1.0156253726565696,0
0,4,71,True,late,2,0,0,0.35126283688655824,0.9691678440097495,1.0156253726565696,0
0,4,71,True,late,3,0,0,0.397126669156874,0.9604071102302257,1.0156253726565696,0
0,4,71,True,late,4,0,0,0.537076686413826,0.9336011211659668,1.0156253726565696,0
0,4,72,True,late,1,0,0,0.08097983747588683,0.9985494170927874,1.0487419671030314,0
0,4,72,True,late,2,0,0,0.09216368007961688,0.9980707664976535,1.0487419671030314,0
0,4,72,True,late,3,0,0,0.4285415929443824,0.9552946558519402,1.0487419671030314,0
0,4,72,True,late,4,0,0,0.4746231436324014,0.9448465269883868,1.0487419671030314,0
0,4,73,True,late,1,0,0,0.19895353621965786,0.9920648156167166,1.1414357622173346,0
0,4,73,True,late,2,0,0,0.274207758432679,0.9845844062930905,1.1414357622173346,0
0,4,73,True,late,3,0,0,0.26337299415714543,0.9858984922654975,1.1414357622173346,0
0,4,73,True,late,4,0,0,0.6193201754654607,0.9129596629547044,1.1414357622173346,0
0,4,74,True,late,1,0,0,0.20378278555633894,0.9916825703161966,1.0455407647927595,0
0,4,74,True,late,2,0,0,0.10183685605976248,0.9975279367487321,1.0455407647927595,0
0,4,74,True,late,3,0,0,0.12618476577333304,0.9962509776931846,1.0455407647927595,0
0,4,74,True,late,4,0,0,0.10270789349639316,0.9975455355955846,1.0455407647927595,0
0,4,75,True,late,1,0,0,0.1936595223100384,0.9926286227291172,1.142497729076197,0
0,4,75,True,late,2,0,3,0.049217604031517315,0.9994744701096737,1.142497729076197,0
0,4,75,True,late,3,0,0,0.19891147531648445,0.9920977890917967,1.142497729076197,0
0,4,75,True,late,4,0,0,0.2742680038193236,0.9846190762861966,1.142497729076197,0
0,4,76,True,late,1,0,0,0.12003278642042663,0.9976553087973014,1.056450211713064,0
0,4,76,True,late,2,0,0,0.2388919776879916,0.9864565281070612,1.056450211713064,0
0,4,76,True,late,3,0,0,0.12238538910307821,0.9975020088619666,1.056450211713064,0
0,4,76,True,late,4,0,0,0.24380167704642855,0.9859086294940469,1.056450211713064,0
0,4,77,True,late,1,0,0,0.12194640520227404,0.9971497651990427,1.1229747233671594,0
0,4,77,True,late,2,0,0,0.15795522948952037,0.9945828312344954,1.1229747233671594,0
0,4,77,True,late,3,0,0,0.31514548731968184,0.9779181921860738,1.1229747233671594,0
0,4,77,True,late,4,0,0,0.15366296609513241,0.9948680751721672,1.1229747233671594,0
0,5,1,True,early,1,1,7,0.0,1.0000000000000002,0.16585996004555673,0
0,5,2,True,early,1,1,7,0.0,1.0000000000000002,0.16585996004555673,0
0,5,2,True,early,2,1,7,0.0,1.0000000000000002,0.16585996004555673,0
0,5,3,True,early,1,1,7,0.0,1.0000000000000002,0.16585996004555673,0
0,5,3,True,early,2,1,7,0.0,1.0000000000000002,0.16585996004555673,0
0,5,3,True,early,3,1,7,0.0,1.0000000000000002,0.16585996004555673,0
0,5,4,True,early,1,0,0,0.3113077148460311,0.95958068751929,0.4517481589610553,0
0,5,4,True,early,2,0,0,0.3113077148460311,0.95958068751929,0.4517481589610553,0
0,5,4,True,early,3,0,0,0.3113077148460311,0.95958068751929,0.4517481589610553,0
0,5,4,True,early,4,0,0,0.3113077148460311,0.95958068751929,0.4517481589610553,0
0,5,5,True,early,1,0,0,0.5703688956883678,0.9276312123700654,1.0005030086366378,0
0,5,5,True,early,2,0,0,0.8726933301873722,0.7904773978514691,1.0005030086366378,0
0,5,5,True,early,3,0,0,0.8726933301873722,0.7904773978514691,1.0005030086366378,0
0,5,5,True,early,4,0,0,0.8726933301873722,0.7904773978514691,1.0005030086366378,0
0,5,6,True,early,1,0,0,0.36622996609415404,0.9680272562886989,0.7969265829753666,0
0,5,6,True,early,2,0,0,0.38107407799302884,0.9599786366508241,0.7969265829753666,0
0,5,6,True,early,3,0,0,0.6615858802763799,0.8582574390454774,0.7969265829753666,0
0,5,6,True,early,4,0,0,0.6615858802763799,0.8582574390454774,0.7969265829753666,0
0,5,7,True,early,1,0,0,0.36094924519949484,0.9598127749816827,0.6423228861349959,0
0,5,7,True,early,2,0,0,0.44898473894239205,0.9552447846912271,0.6423228861349959,0
0,5,7,True,early,3,0,0,0.3345456309683754,0.9602809689932997,0.6423228861349959,0
0,5,7,True,early,4,0,0,0.5518166330826959,0.8863146785977868,0.6423228861349959,0
0,5,8,True,early,1,0,0,0.5040954753843712,0.944644745016471,1.039183518341402,0
0,5,8,True,early,2,0,0,0.2619406647887429,0.9886430838743911,1.039183518341402,0
0,5,8,True,early,3,0,0,0.24970500864578912,0.9849049831438875,1.039183518341402,0
0,5,8,True,early,4,0,0,0.6080379180050471,0.9207698580492973,1.039183518341402,0
0,5,9,True,early,1,0,0,0.22781476658685676,0.9874628504793281,1.0017911051475732,0
0,5,9,True,early,2,0,0,0.45325076230551115,0.9542523625330624,1.0017911051475732,0
0,5,9,True,early,3,0,0,0.35314363489759315,0.9707170418865597,1.0017911051475732,0
0,5,9,True,early,4,0,0,0.04361097851540789,0.9995252731259788,1.0017911051475732,0
0,5,10,True,early,1,0,0,0.136671150471628,0.9956340219628071,1.0420554443569305,0
0,5,10,True,early,2,0,0,0.22625541761207,0.9877124440479148,1.0420554443569305,0
0,5,10,True,early,3,0,0,0.44279047784768893,0.9619401725197885,1.0420554443569305,0
0,5,10,True,early,4,0,0,0.3828334248084767,0.9677399624962775,1.0420554443569305,0
0,5,11,True,early,1,0,0,0.0803248160443479,0.9987744094062098,1.0898677711532458,0
0,5,11,True,early,2,0,0,0.17827301769691606,0.9933775195602919,1.0898677711532458,0
0,5,11,True,early,3,0,0,0.21325134717529354,0.9896605587408224,1.0898677711532458,0
0,5,11,True,early,4,0,0,0.49288319009390225,0.9549246668942798,1.0898677711532458,0
0,5,12,True,early,1,0,0,0.16879729001783325,0.9937119833136698,1.0322374707598514,0
0,5,12,True,early,2,0,0,0.1554516221188683,0.9941909764856633,1.0322374707598514,0
0,5,12,True,early,3,0,0,0.2329153206650895,0.9867822127903031,1.0322374707598514,0
0,5,12,True,early,4,0,0,0.354503932671257,0.9696896987664433,1.0322374707598514,0
0,5,13,True,early,1,0,0,0.11476335890080432,0.9971327477235984,1.0770613125935213,0
0,5,13,True,early,2,0,1,0.09415870752712527,0.9979812014266664,1.0770613125935213,0
0,5,13,True,early,3,0,0,0.06838114871953994,0.9990512047755594,1.0770613125935213,0
0,5,13,True,early,4,0,0,0.1841652241997127,0.9925552273394838,1.0770613125935213,0
0,5,14,True,early,1,0,1,0.12030399931577598,0.9967321904872278,1.043707036720138,0
0,5,14,True,early,2,0,0,0.07828615766613087,0.9985413159415354,1.043707036720138,0
0,5,14,True,early,3,0,1,0.17746808738216818,0.9928997080901616,1.043707036720138,0
0,5,14,True,early,4,0,0,0.1529102585293608,0.9944002414214171,1.043707036720138,0
0,5,15,True,early,1,0,1,0.058991978471397415,0.999251524658895,1.0681164287377234,0
0,5,15,True,early,2,0,1,0.09267167643099049,0.9980131476091874,1.0681164287377234,0
0,5,15,True,early,3,0,0,0.056509231927219114,0.9994012415402633,1.0681164287377234,0
0,5,15,True,early,4,0,1,0.16549254829571605,0.9937313808287875,1.0681164287377234,0
0,5,16,True,early,1,0,1,0.05468017346925003,0.9993371539779725,1.0497847288833124,0
0,5,16,True,early,2,0,1,0.021227428649210484,0.999897099721099,1.0497847288833124,0
0,5,16,True,early,3,0,1,0.120156234266981,0.9967049212737803,1.0497847288833124,0
0,5,16,True,early,4,0,0,0.0683948824812821,0.9989159372699826,1.0497847288833124,0
0,5,17,True,early,1,0,1,0.012505096957799748,0.9999664355455963,1.0551082575301258,0
0,5,17,True,early,2,0,1,0.04356817168616409,0.9995748678507115,1.0551082575301258,0
0,5,17,True,early,3,0,1,0.028366049453051403,0.9998247458210076,1.0551082575301258,0
0,5,17,True,early,4,0,1,0.1134881441376723,0.9970458632559795,1.0551082575301258,0
0,5,18,True,early,1,0,1,0.06972940500391814,0.9988596445438281,1.062078158800265,0
0,5,18,True,early,2,0,1,0.07372559505848729,0.9987338489635311,1.062078158800265,0
0,5,18,True,early,3,0,1,0.06953903054737165,0.9988717609644685,1.062078158800265,0
0,5,18,True,early,4,0,1,0.07641184862478488,0.9986575469850548,1.062078158800265,0
0,5,19,True,early,1,0,1,0.2086893358808835,0.989824436236977,1.0115182621729903,0
0,5,19,True,early,2,0,1,0.2498363514569837,0.9851437520233529,1.0115182621729903,0
0,5,19,True,early,3,0,1,0.24356288087719372,0.9857996827959589,1.0115182621729903,0
0,5,19,True,early,4,0,1,0.2641209980594584,0.9836401146506832,1.0115182621729903,0
0,5,20,True,early,1,0,1,0.1816770523748861,0.9930198293960618,1.0940015615109755,0
0,5,20,True,early,2,0,2,0.20894771153279573,0.9900304351601338,1.0940015615109755,0
0,5,20,True,early,3,0,1,0.2776621221392576,0.982297357654256,1.0940015615109755,0
0,5,20,True,early,4,0,1,0.2791543295332667,0.9821115054798286,1.0940015615109755,0
0,5,21,True,early,1,0,0,0.2036738916036398,0.9906414528238082,1.107148255093641,0
0,5,21,True,early,2,0,0,0.3213652750620121,0.9768049822626573,1.107148255093641,0
0,5,21,True,early,3,0,0,0.4080491207875762,0.9619990732819604,1.107148255093641,0
0,5,21,True,early,4,0,0,0.4758854394412897,0.9481258870619886,1.107148255093641,0
0,5,22,True,early,1,0,0,0.18438726164833663,0.9925824606418857,1.1367841612433836,0
0,5,22,True,early,2,0,0,0.38476210974410924,0.9672406694888054,1.1367841612433836,0
0,5,22,True,early,3,0,0,0.4712867821165896,0.950380798194463,1.1367841612433836,0
0,5,22,True,early,4,0,0,0.5867289524612446,0.9227576702765385,1.1367841612433836,0
0,5,23,True,early,1,0,0,0.2360828417826792,0.987854461960122,1.0854266101938348,0
0,5,23,True,early,2,0,0,0.3941716620060635,0.9647762568599847,1.0854266101938348,0
0,5,23,True,early,3,0,0,0.5873577815205354,0.9211535642281373,1.0854266101938348,0
0,5,23,True,early,4,0,0,0.6540545082151672,0.8987896230227084,1.0854266101938348,0
0,5,24,True,early,1,0,0,0.2977468978351532,0.9795825693470773,1.0782103995505685,0
0,5,24,True,early,2,0,0,0.5287357078897947,0.9376428503166419,1.0782103995505685,0
0,5,24,True,early,3,0,0,0.6724195592704925,0.8970586004810144,1.0782103995505685,0
0,5,24,True,early,4,0,0,0.853498464111271,0.832924014533257,1.0782103995505685,0
0,5,25,True,early,1,0,0,0.3273651783151373,0.9775713603251603,0.879153678496039,0
0,5,25,True,early,2,0,0,0.5244000260450355,0.93533226386302,0.879153678496039,0
0,5,25,True,early,3,0,0,0.7353636556922029,0.8741414274041213,0.879153678496039,0
0,5,25,True,early,4,0,0,0.8436306636860914,0.8273364598890799,0.879153678496039,0
0,5,26,True,early,1,0,0,0.10220912959270105,0.9970923631007079,0.8918942464009313,0
0,5,26,True,early,2,0,0,0.41257684980040765,0.9611357221945073,0.8918942464009313,0
0,5,26,True,early,3,0,0,0.6215850563414632,0.9069825773775181,0.8918942464009313,0
0,5,26,True,early,4,0,0,0.8332268116092661,0.8363590528965138,0.8918942464009313,0
0,5,27,True,early,1,0,0,0.07070029275854275,0.9986860072792906,0.914373384352029,0
0,5,27,True,early,2,0,0,0.16704062205992937,0.9924206180575921,0.914373384352029,0
0,5,27,True,early,3,0,0,0.46158263265388066,0.9498880060568529,0.914373384352029,0
0,5,27,True,early,4,0,0,0.674988407013049,0.8897377605498689,0.914373384352029,0
0,5,28,True,early,1,0,1,0.1727366569444332,0.9925200932119094,0.9720880763229119,0
0,5,28,True,early,2,0,0,0.17630269223543377,0.9924829365909723,0.9720880763229119,0
0,5,28,True,early,3,0,0,0.22240926336946815,0.9877532286467298,0.9720880763229119,0
0,5,28,True,early,4,0,0,0.4336416080135154,0.955560634460334,0.9720880763229119,0
0,5,29,True,early,1,0,1,0.15076696796860287,0.9941464059040082,0.9678764020821687,0
0,5,29,True,early,2,0,1,0.1142008496634352,0.9968984483555211,0.9678764020821687,0
0,5,29,True,early,3,0,0,0.15374094875631006,0.9943800114602764,0.9678764020821687,0
0,5,29,True,early,4,0,0,0.22772307785563956,0.9869844698694233,0.9678764020821687,0
0,5,30,True,middle,1,0,0,0.12495159834985327,0.996079348311095,0.9905912323721606,0
0,5,30,True,middle,2,0,0,0.11453351912425355,0.9967015335442315,0.9905912323721606,0
0,5,30,True,middle,3,0,0,0.13046510942344597,0.9962619910870608,0.9905912323721606,0
0,5,30,True,middle,4,0,0,0.17398240533842313,0.9931877377919491,0.9905912323721606,0
0,5,31,True,middle,1,0,0,0.23283236921011943,0.9864390682512402,1.0045893490363231,0
0,5,31,True,middle,2,0,0,0.3142195507824504,0.9751428512828402,1.0045893490363231,0
0,5,31,True,middle,3,0,0,0.28878328698354083,0.9790385577860388,1.0045893490363231,0
0,5,31,True,middle,4,0,0,0.33049990703354265,0.9725798738123335,1.0045893490363231,0
0,5,32,True,middle,1,0,0,0.34004855627199415,0.975000706229848,1.1316986092820043,0
0,5,32,True,middle,2,0,0,0.5680477256941008,0.9265798884048437,1.1316986092820043,0
0,5,32,True,middle,3,0,0,0.6484428217052874,0.9033112170942861,1.1316986092820043,0
0,5,32,True,middle,4,0,0,0.6240217201154434,0.9107286764653986,1.1316986092820043,0
0,5,33,True,middle,1,0,0,0.21811963030625195,0.9903700075017811,1.1944666370200006,0
0,5,33,True,middle,2,0,0,0.5122181871095899,0.9450502799186372,1.1944666370200006,0
0,5,33,True,middle,3,0,0,0.7369651738907693,0.881300856638173,1.1944666370200006,0
0,5,33,True,middle,4,0,0,0.8008803156211789,0.8584358183272486,1.1944666370200006,0
0,5,34,True,middle,1,0,1,0.11057748348266608,0.9974903990250229,1.1996583528577962,0
0,5,34,True,middle,2,0,0,0.15350285340630673,0.9955687971222253,1.1996583528577962,0
0,5,34,True,middle,3,0,0,0.47264701379275337,0.954248857841871,1.1996583528577962,0
0,5,34,True,middle,4,0,0,0.6972697029185037,0.8948286007326168,1.1996583528577962,0
0,5,35,True,middle,1,0,1,0.08349859780318052,0.9985703688451024,1.1945901661829645,0
0,5,35,True,middle,2,0,1,0.04430862372744358,0.9995955237750732,1.1945901661829645,0
0,5,35,True,middle,3,0,0,0.1963778271056864,0.9922876944256183,1.1945901661829645,0
0,5,35,True,middle,4,0,0,0.49776526019369277,0.9483647800735393,1.1945901661829645,0
0,5,36,True,middle,1,1,7,0.0,1.0,1.1945901661829645,0
0,5,36,True,middle,2,0,1,0.08349859780318052,0.9985703688451024,1.1945901661829645,0
0,5,36,True,middle,3,0,1,0.04430862372744358,0.9995955237750732,1.1945901661829645,0
0,5,36,True,middle,4,0,0,0.1963778271056864,0.9922876944256183,1.1945901661829645,0
0,5,37,True,middle,1,0,1,0.08264813324228054,0.9985986320445306,1.1992436510484632,0
0,5,37,True,middle,2,0,1,0.08264813324228054,0.9985986320445306,1.1992436510484632,0
0,5,37,True,middle,3,0,3,0.024579037560025364,0.9998761569861288,1.1992436510484632,0
0,5,37,True,middle,4,0,1,0.10902451127153247,0.9975594871796688,1.1992436510484632,0
0,5,38,True,middle,1,0,1,0.11126409023531683,0.99745807397356,1.1944360764794413,0
0,5,38,True,middle,2,0,1,0.0305103839259291,0.9998082153574623,1.1944360764794413,0
0,5,38,True,middle,3,0,1,0.0305103839259291,0.9998082153574623,1.1944360764794413,0
0,5,38,True,middle,4,0,1,0.11213648548745059,0.9974190428325024,1.1944360764794413,0
0,5,39,True,middle,1,1,7,0.0,1.0,1.1944360764794413,0
0,5,39,True,middle,2,0,1,0.11126409023531683,0.99745807397356,1.1944360764794413,0
0,5,39,True,middle,3,0,1,0.0305103839259291,0.9998082153574623,1.1944360764794413,0
0,5,39,True,middle,4,0,1,0.0305103839259291,0.9998082153574623,1.1944360764794413,0
0,5,40,True,middle,1,0,0,0.3597856191589131,0.974907824769224,1.0121276421803036,0
0,5,40,True,middle,2,0,0,0.3597856191589131,0.974907824769224,1.0121276421803036,0
0,5,40,True,middle,3,0,0,0.37840104381451156,0.9721016674762286,1.0121276421803036,0
0,5,40,True,middle,4,0,0,0.36051892791345086,0.9747977773113526,1.0121276421803036,0
0,5,41,True,middle,1,0,0,0.13499663963296857,0.9956300795058808,1.0367966900521972,0
0,5,41,True,middle,2,0,0,0.335851792385719,0.9779328505284682,1.0367966900521972,0
0,5,41,True,middle,3,0,0,0.335851792385719,0.9779328505284682,1.0367966900521972,0
0,5,41,True,middle,4,0,0,0.37525735170488533,0.9719513105811698,1.0367966900521972,0
0,5,42,True,middle,1,0,0,0.15277263739139352,0.9948816070996371,1.09037051473348,0
0,5,42,True,middle,2,0,0,0.1872183502213561,0.9924377072629016,1.09037051473348,0
0,5,42,True,middle,3,0,0,0.1921545206975351,0.9933191707366793,1.09037051473348,0
0,5,42,True,middle,4,0,0,0.1921545206975351,0.9933191707366793,1.09037051473348,0
0,5,43,True,middle,1,0,0,2.000428218303096,0.07935152073044553,1.0759678404505015,1
0,5,43,True,middle,2,0,0,2.0038709358430875,0.0513146020396662,1.0759678404505015,1
0,5,43,True,middle,3,0,0,2.0069708062750946,0.03688467167275309,1.0759678404505015,1
0,5,43,True,middle,4,0,0,2.0131296292194825,0.11617937845725702,1.0759678404505015,1
0,5,44,True,middle,1,0,0,2.007379663836664,0.02074005510787122,0.978318096538377,1
0,5,44,True,middle,2,0,0,0.1612449777697904,0.9952857157876245,0.978318096538377,0
0,5,44,True,middle,3,0,0,0.21451417867644754,0.9890098490572944,0.978318096538377,0
0,5,44,True,middle,4,0,0,0.17508578481026799,0.9924424211333222,0.978318096538377,0
0,5,45,True,middle,1,0,0,2.0181037837382068,-0.1743823333780728,0.717687896810113,1
0,5,45,True,middle,2,0,0,0.374147630004915,0.9769564050913416,0.717687896810113,0
0,5,45,True,middle,3,0,0,2.0359036247565223,-0.12105944012947158,0.717687896810113,1
0,5,45,True,middle,4,0,0,2.032460794761279,-0.15252640643034335,0.717687896810113,1
0,5,46,True,middle,1,0,0,2.0151024343371153,-0.42462975338251957,0.5804271716642639,1
0,5,46,True,middle,2,0,0,0.4394887848477859,0.9585063999759024,0.5804271716642639,0
0,5,46,True,middle,3,0,0,2.0748521414852306,-0.23857736386538575,0.5804271716642639,1
0,5,46,True,middle,4,0,0,0.566189943773965,0.936843481647351,0.5804271716642639,0
0,5,47,True,middle,1,0,0,2.023993128371354,-0.682818779397913,0.319437391074512,1
0,5,47,True,middle,2,0,0,0.4742551930847973,0.9256594390943139,0.319437391074512,0
0,5,47,True,middle,3,0,0,2.121980679195588,-0.4915046450209343,0.319437391074512,1
0,5,47,True,middle,4,0,0,0.8181175710976356,0.8399376276292673,0.319437391074512,0
0,5,48,True,middle,1,0,0,0.29237559899884424,0.9605032434823255,0.2035685177773771,0
0,5,48,True,middle,2,0,0,2.081103901986895,-0.8274279406794129,0.2035685177773771,1
0,5,48,True,middle,3,0,0,0.7426251164448818,0.7980961663229577,0.2035685177773771,0
0,5,48,True,middle,4,0,0,2.228339696283793,-0.6888731561756983,0.2035685177773771,1
0,5,49,True,middle,1,1,7,0.0,0.9999999999999998,0.2035685177773771,0
0,5,49,True,middle,2,0,0,0.29237559899884424,0.9605032434823255,0.2035685177773771,0
0,5,49,True,middle,3,0,0,2.081103901986895,-0.8274279406794129,0.2035685177773771,1
0,5,49,True,middle,4,0,0,0.7426251164448818,0.7980961663229577,0.2035685177773771,0
0,5,50,True,middle,1,0,1,0.15182495003016375,0.9888713074462182,0.13375366459007293,0
0,5,50,True,middle,2,0,1,0.15182495003016375,0.9888713074462182,0.13375366459007293,0
0,5,50,True,middle,3,0,0,0.340902326396204,0.9459256164066088,0.13375366459007293,0
0,5,50,True,middle,4,0,0,2.084582462056222,-0.853249913078056,0.13375366459007293,1
0,5,51,True,middle,1,0,4,0.03010483864110755,0.9995548603010002,0.13447127229504532,0
0,5,51,True,middle,2,0,1,0.151231802004482,0.9889585757102239,0.13447127229504532,0
0,5,51,True,middle,3,0,1,0.151231802004482,0.9889585757102239,0.13447127229504532,0
0,5,51,True,middle,4,0,0,0.3398006146929968,0.9462810534087244,0.13447127229504532,0
0,5,52,True,middle,1,0,1,0.17253835331502893,0.985824660578076,0.2384034439144204,0
0,5,52,True,middle,2,0,1,0.17270512227820345,0.9857973184308958,0.2384034439144204,0
0,5,52,True,middle,3,0,1,0.09354659339247348,0.9958562587251472,0.2384034439144204,0
0,5,52,True,middle,4,0,1,0.09354659339247348,0.9958562587251472,0.2384034439144204,0
0,5,53,True,middle,1,0,0,0.20047994874287797,0.9808022923404117,0.14390055686131226,0
0,5,53,True,middle,2,0,0,0.10252037975499119,0.9948455957508375,0.14390055686131226,0
0,5,53,True,middle,3,0,0,0.11766609537678768,0.9932093622959122,0.14390055686131226,0
0,5,53,True,middle,4,0,0,0.18349150234137432,0.9837225020005403,0.14390055686131226,0
0,5,54,True,middle,1,0,0,0.1914771684178038,0.982301247892855,0.20906989867338538,0
0,5,54,True,middle,2,0,0,0.2836581074014194,0.9617135428856732,0.20906989867338538,0
0,5,54,True,middle,3,0,0,0.2059703282175331,0.9794995100275122,0.20906989867338538,0
0,5,54,True,middle,4,0,0,0.2069151342702257,0.97930950901907,0.20906989867338538,0
0,5,55,True,middle,1,0,0,0.20940622653142826,0.9799507705625294,0.3212218546573314,0
0,5,55,True,middle,2,0,0,0.27563580637526913,0.964956177411667,0.3212218546573314,0
0,5,55,True,middle,3,0,0,0.35990883924863243,0.9402473982481023,0.3212218546573314,0
0,5,55,True,middle,4,0,0,0.3323597243338273,0.9486896586046174,0.3212218546573314,0
0,5,56,True,middle,1,0,0,0.4079845691393243,0.9348304872084178,0.5623033170680775,0
0,5,56,True,middle,2,0,0,0.43538389031088137,0.9258669044935897,0.5623033170680775,0
0,5,56,True,middle,3,0,0,0.4915932239747497,0.9038415423472255,0.5623033170680775,0
0,5,56,True,middle,4,0,0,0.41080400256450716,0.9344816253138695,0.5623033170680775,0
0,5,57,True,middle,1,0,0,0.2640274345456123,0.9769335960953541,0.697516991320483,0
0,5,57,True,middle,2,0,0,0.43421507066500303,0.9375238689775525,0.697516991320483,0
0,5,57,True,middle,3,0,0,0.5377473219681838,0.8995974932774009,0.697516991320483,0
0,5,57,True,middle,4,0,0,0.6186150912918859,0.8623827353025227,0.697516991320483,0
0,5,58,True,middle,1,0,0,0.1641116944858336,0.9944619261211282,0.8539699916694307,0
0,5,58,True,middle,2,0,0,0.3651950172869842,0.9651269502894978,0.8539699916694307,0
0,5,58,True,middle,3,0,0,0.5957756084722895,0.8968689473117045,0.8539699916694307,0
0,5,58,True,middle,4,0,0,0.6940650489579576,0.8527495894963691,0.8539699916694307,0
0,5,59,True,middle,1,0,0,0.27911286366347987,0.9782949915263345,0.9022942505689837,0
0,5,59,True,middle,2,0,0,0.3155423094042671,0.974646977222955,0.9022942505689837,0
0,5,59,True,middle,3,0,0,0.5153294794882979,0.9269670517415317,0.9022942505689837,0
0,5,59,True,middle,4,0,0,0.6437584175987272,0.8846137958483561,0.9022942505689837,0
0,5,60,True,late,1,0,0,0.16718665537793878,0.9954180195864478,1.0463134015300792,0
0,5,60,True,late,2,0,0,0.34229498194652164,0.9738192086273572,1.0463134015300792,0
0,5,60,True,late,3,0,0,0.42533124067612055,0.9634832997986678,1.0463134015300792,0
0,5,60,True,late,4,0,0,0.642392997478468,0.9028519185385514,1.0463134015300792,0
0,5,61,True,late,1,0,2,0.10452257223501699,0.9982380432640297,0.9585344279866276,0
0,5,61,True,late,2,0,0,0.13073707566272436,0.9958126518852997,0.9585344279866276,0
0,5,61,True,late,3,0,0,0.30958558069504283,0.9750442802485403,0.9585344279866276,0
0,5,61,True,late,4,0,0,0.35901491092204685,0.9699962970705974,0.9585344279866276,0
0,5,62,True,late,1,0,0,0.03500517135571321,0.9998172645971867,0.9909728140839748,0
0,5,62,True,late,2,0,0,0.08732983723467658,0.998511200209522,0.9909728140839748,0
0,5,62,True,late,3,0,0,0.15910150983501395,0.9943047852037407,0.9909728140839748,0
0,5,62,True,late,4,0,0,0.3296319492701461,0.9729817293026934,0.9909728140839748,0
0,5,63,True,late,1,0,0,0.13250204786125908,0.9967969194677103,1.0818015788559372,0
0,5,63,True,late,2,0,0,0.15897962604011284,0.9957042267129587,1.0818015788559372,0
0,5,63,True,late,3,0,0,0.10933325128034636,0.9973536584188858,1.0818015788559372,0
0,5,63,True,late,4,0,0,0.24874736500601338,0.9884275215215018,1.0818015788559372,0
0,5,64,True,late,1,0,0,0.23679805547042604,0.9874943393348288,0.9920569721618272,0
0,5,64,True,late,2,0,0,0.16263411892130103,0.9933313372678665,0.9920569721618272,0
0,5,64,True,late,3,0,0,0.17012192158812292,0.9927240792584289,0.9920569721618272,0
0,5,64,True,late,4,0,0,0.22650153209659538,0.9877856572140361,0.9920569721618272,0
0,5,65,True,late,1,0,1,0.1128299967453841,0.9968005850150263,0.9751014091723597,0
0,5,65,True,late,2,0,0,0.31509876348157084,0.9772945485676258,0.9751014091723597,0
0,5,65,True,late,3,0,0,0.25552213234526944,0.9834293656282723,0.9751014091723597,0
0,5,65,True,late,4,0,0,0.2568316186148303,0.9829874022906092,0.9751014091723597,0
0,5,66,True,late,1,0,0,0.3064833497309243,0.9776832328558762,1.0555777689036991,0
0,5,66,True,late,2,0,0,0.22409091443077864,0.9882450894700434,1.0555777689036991,0
0,5,66,True,late,3,0,0,0.08876978084567458,0.9982462343488625,1.0555777689036991,0
0,5,66,True,late,4,0,0,0.1498826245792401,0.9950342590541292,1.0555777689036991,0
0,5,67,True,late,1,0,0,0.2511214438457459,0.9872572596160465,0.8888529532115466,0
0,5,67,True,late,2,0,0,0.2961016484533814,0.9774657185947278,0.8888529532115466,0
0,5,67,True,late,3,0,0,0.2700847146758409,0.9819723672337657,0.8888529532115466,0
0,5,67,True,late,4,0,0,0.3203802326446335,0.9786030640154083,0.8888529532115466,0
0,5,68,True,late,1,0,1,0.1882316073803093,0.9907108648131461,0.9419313376486569,0
0,5,68,True,late,2,0,0,0.23564753257225954,0.9877134302532509,0.9419313376486569,0
0,5,68,True,late,3,0,0,0.424720994575722,0.9531310240234354,0.9419313376486569,0
0,5,68,True,late,4,0,0,0.35348973124222466,0.9680272014125731,0.9419313376486569,0
0,5,69,True,late,1,1,7,0.0,0.9999999999999999,0.9419313376486569,0
0,5,69,True,late,2,0,1,0.1882316073803093,0.9907108648131461,0.9419313376486569,0
0,5,69,True,late,3,0,0,0.23564753257225954,0.9877134302532509,0.9419313376486569,0
0,5,69,True,late,4,0,0,0.424720994575722,0.9531310240234354,0.9419313376486569,0
0,5,70,True,late,1,0,0,0.2165409047305888,0.9877841599185376,0.8683169584463977,0
0,5,70,True,late,2,0,0,0.2165409047305888,0.9877841599185376,0.8683169584463977,0
0,5,70,True,late,3,0,0,0.16022462623919914,0.9928077612305546,0.8683169584463977,0
0,5,70,True,late,4,0,0,0.37821754909440497,0.9672236688082124,0.8683169584463977,0
0,5,71,True,late,1,0,0,0.5193256287223218,0.9203591421966857,0.7615339824070366,0
0,5,71,True,late,2,0,0,0.7187301675244786,0.8543725188819162,0.7615339824070366,0
0,5,71,True,late,3,0,0,0.7187301675244786,0.8543725188819162,0.7615339824070366,0
0,5,71,True,late,4,0,0,0.646342083724649,0.8777438301553485,0.7615339824070366,0
0,5,72,True,late,1,0,0,0.18770879270169488,0.989172195755059,0.7958925386408124,0
0,5,72,True,late,2,0,0,0.3389091276630387,0.966704497033333,0.7958925386408124,0
0,5,72,True,late,3,0,0,0.5458390361045544,0.9177618135809551,0.7958925386408124,0
0,5,72,True,late,4,0,0,0.5458390361045544,0.9177618135809551,0.7958925386408124,0
0,5,73,True,late,1,0,0,0.0566496716172987,0.999028528802226,0.7840719098938151,0
0,5,73,True,late,2,0,0,0.21458086855076852,0.9856456905215085,0.7840719098938151,0
0,5,73,True,late,3,0,0,0.3267898654006291,0.9691270475333569,0.7840719098938151,0
0,5,73,True,late,4,0,0,0.5379905632265815,0.9201410888007073,0.7840719098938151,0
0,5,74,True,late,1,0,5,0.03105882336111629,0.9997043385088455,0.7885651740844786,0
0,5,74,True,late,2,0,0,0.0658377618672418,0.9986747883284051,0.7885651740844786,0
0,5,74,True,late,3,0,0,0.2188466646370806,0.9851257999362547,0.7885651740844786,0
0,5,74,True,late,4,0,0,0.3280175171425689,0.9688700213204633,0.7885651740844786,0
0,5,75,True,late,1,0,1,0.22613021170869307,0.9841093171670593,0.7563186030467618,0
0,5,75,True,late,2,0,1,0.22164201787540846,0.9846733341394316,0.7563186030467618,0
0,5,75,True,late,3,0,0,0.19488745120153175,0.9883326173395812,0.7563186030467618,0
0,5,75,True,late,4,0,0,0.026518602634510134,0.9997800417993062,0.7563186030467618,0
0,5,76,True,late,1,0,0,0.5100090952310238,0.9227359518324106,0.8615336655382694,0
0,5,76,True,late,2,0,0,0.7139281300631043,0.8490333008592241,0.8615336655382694,0
0,5,76,True,late,3,0,0,0.7140407201134706,0.8487345923336163,0.8615336655382694,0
0,5,76,True,late,4,0,0,0.6950262482106087,0.8573451074932941,0.8615336655382694,0
0,5,77,True,late,1,1,7,0.0,0.9999999999999999,0.8615336655382694,0
0,5,77,True,late,2,0,0,0.5100090952310238,0.9227359518324106,0.8615336655382694,0
0,5,77,True,late,3,0,0,0.7139281300631043,0.8490333008592241,0.8615336655382694,0
0,5,77,True,late,4,0,0,0.7140407201134706,0.8487345923336163,0.8615336655382694,0
0,5,78,True,late,1,0,0,0.4107105567933197,0.9520578836982718,0.879476608217792,0
0,5,78,True,late,2,0,0,0.4107105567933197,0.9520578836982718,0.879476608217792,0
0,5,78,True,late,3,0,0,0.8525562255617984,0.7841602595667851,0.879476608217792,0
0,5,78,True,late,4,0,0,1.04847640678757,0.6769049042640726,0.879476608217792,0
0,5,79,True,late,1,0,0,0.37006386334547936,0.9632014911345597,0.946149010956178,0
0,5,79,True,late,2,0,0,0.7310857754915421,0.8538148854108831,0.946149010956178,0
0,5,79,True,late,3,0,0,0.7310857754915421,0.8538148854108831,0.946149010956178,0
0,5,79,True,late,4,0,0,1.1339612069947897,0.6318862280926492,0.946149010956178,0
0,5,80,True,late,1,0,3,0.04075301663650243,0.9995625202147235,0.9427706629872245,0
0,5,80,True,late,2,0,0,0.38104107775686963,0.960831443137051,0.9427706629872245,0
0,5,80,True,late,3,0,0,0.7320383481777988,0.8531129491264051,0.9427706629872245,0
0,5,80,True,late,4,0,0,0.7320383481777988,0.8531129491264051,0.9427706629872245,0
0,5,81,True,late,1,0,0,0.2397386111038377,0.9848909667439057,0.9544448795535094,0
0,5,81,True,late,2,0,0,0.23146014120155975,0.9859329201446145,0.9544448795535094,0
0,5,81,True,late,3,0,0,0.532011655873386,0.9238241076496537,0.9544448795535094,0
0,5,81,True,late,4,0,0,0.8815167571954913,0.7881314384869641,0.9544448795535094,0
0,5,82,True,late,1,0,0,0.30232740368360844,0.9764301793142531,0.9777835824004378,0
0,5,82,True,late,2,0,0,0.3883497923857695,0.9609219072855697,0.9777835824004378,0
0,5,82,True,late,3,0,0,0.3895431662273748,0.9607188623263933,0.9777835824004378,0
0,5,82,True,late,4,0,0,0.7038310505475525,0.8682154848736879,0.9777835824004378,0
0,5,83,True,late,1,0,0,0.2575871661854439,0.9835680774055086,1.0173829357600044,0
0,5,83,True,late,2,0,0,0.34078114125333625,0.9710503466739675,1.0173829357600044,0
0,5,83,True,late,3,0,0,0.5090605057938172,0.934607048494708,1.0173829357600044,0
0,5,83,True,late,4,0,0,0.5131036811862851,0.9336047343202737,1.0173829357600044,0
0,5,84,True,late,1,0,0,0.20594697831889908,0.9900385277135799,1.0608303395177758,0
0,5,84,True,late,2,0,0,0.24782540167266842,0.985800425724655,1.0608303395177758,0
0,5,84,True,late,3,0,0,0.46487188690207115,0.9477977492057537,1.0608303395177758,0
0,5,84,True,late,4,0,0,0.6138404359944151,0.9077100281761938,1.0608303395177758,0
0,5,85,True,late,1,0,0,0.06410604743110108,0.9990501632100613,1.0470623023406984,0
0,5,85,True,late,2,0,0,0.16064274172491885,0.9938629857634556,1.0470623023406984,0
0,5,85,True,late,3,0,0,0.24256708060700152,0.9860714818044677,1.0470623023406984,0
0,5,85,True,late,4,0,0,0.42716095421824596,0.9554894065147299,1.0470623023406984,0
0,5,86,True,late,1,1,7,0.0,1.0,1.0470623023406984,0
0,5,86,True,late,2,0,0,0.06410604743110108,0.9990501632100613,1.0470623023406984,0
0,5,86,True,late,3,0,0,0.16064274172491885,0.9938629857634556,1.0470623023406984,0
0,5,86,True,late,4,0,0,0.24256708060700152,0.9860714818044677,1.0470623023406984,0
0,5,87,True,late,1,0,0,0.09959665539945868,0.9979153524437832,1.090143084953562,0
0,5,87,True,late,2,0,0,0.09959665539945868,0.9979153524437832,1.090143084953562,0
0,5,87,True,late,3,0,0,0.0795595960671231,0.9986393467022788,1.090143084953562,0
0,5,87,True,late,4,0,0,0.22403776393283015,0.9887676714429835,1.090143084953562,0
0,5,88,True,late,1,0,0,0.16122960747793505,0.9953165723603901,1.1801604903392784,0
0,5,88,True,late,2,0,0,0.25523722259421244,0.9876437383575061,1.1801604903392784,0
0,5,88,True,late,3,0,0,0.25523722259421244,0.9876437383575061,1.1801604903392784,0
0,5,88,True,late,4,0,0,0.2269414715640454,0.9903371470152216,1.1801604903392784,0
