task_id,episode_index,control_step,episode_success,phase,target_lag1_exact,target_lag1_prefix,previous_dflash_exact,previous_dflash_prefix,continuous_l2,action_norm,pixel_relative_l2,prompt_cosine,gripper_switch,distant_continuous_l2
0,0,1,False,early,1,7,,,0.0,0.0508374936221709,0.007538993266287714,,0,0.424217862747385
0,0,2,False,early,0,0,,,0.2548410868579623,0.3034601746539035,0.011711068560008772,,0,0.5642715577905124
0,0,3,False,early,0,0,,,0.10154246292500446,0.26276325161524267,0.018918653905434835,,0,0.5232186482132569
0,0,4,False,early,0,0,,,0.21983750471125885,0.4427450693246603,0.025320569204288667,,0,0.6615844588716393
0,0,5,False,early,0,0,,,0.20152512094899896,0.41848244725271827,0.021918723196006785,,0,0.5745878775556472
0,0,6,False,early,0,0,,,0.35471450202423815,0.7022424179231795,0.032343945719009747,,0,0.7284018089293129
0,0,7,False,early,0,0,,,0.031434006249628214,0.7056251856396778,0.051138404394291695,,0,0.7197498569304764
0,0,8,False,early,0,0,,,0.15910538063749355,0.7132626408321924,0.026512960662868217,,0,0.8870155069021922
0,0,9,False,early,1,7,,,0.0,0.7132626408321924,0.018072517303661044,,0,0.8926830850303296
0,0,10,False,early,0,2,,,0.053846398334877296,0.704580194907065,0.023311390919929408,,0,0.6502049513198078
0,0,11,False,early,0,2,,,0.08287843707889837,0.6973080607945473,0.04322230152371389,,0,0.6817609174851329
0,0,12,False,early,1,7,,,0.0,0.6973080607945473,0.020477593367006268,,0,0.6817609174851329
0,0,13,False,early,0,0,,,0.10637650972219682,0.6358734832075051,0.06313991885234616,,0,0.7207595965604727
0,0,14,False,early,0,0,,,0.07114368381392672,0.6918347397549977,0.04215672129618944,,0,0.7816004720552026
0,0,15,False,early,0,4,,,0.011906333693337386,0.6915083566891167,0.04995095866628435,,0,0.8732427139021215
0,0,16,False,early,0,0,,,0.010032603083597484,0.6983234757592414,0.06452605680404036,,0,0.8794590284181918
0,0,17,False,early,0,1,,,0.01455237249330485,0.6993069007006295,0.05586745867645478,,0,0.9173155285088476
0,0,18,False,early,0,0,,,0.2169413207692966,0.5088449482771981,0.06463232635069695,,0,0.757411326156534
0,0,19,False,early,0,0,,,0.20933333514652325,0.6934270043362283,0.051453242550852804,,0,0.8711070499631125
0,0,20,False,early,0,0,,,0.007529846054151236,0.6871772997443687,0.05845354238601488,,0,0.922464094225436
0,0,21,False,early,1,7,,,0.0,0.6871772997443687,0.05252370139290842,,0,0.922464094225436
0,0,22,False,early,0,0,,,0.0379306577532522,0.6563689634781712,0.0314649674530831,,0,0.8343011442365543
0,0,23,False,early,0,0,,,0.03608941752129087,0.6314601854667821,0.06178750010760219,,0,0.666034451527424
0,0,24,False,early,0,0,,,0.03522397942179005,0.6198570445491909,0.09900412978795152,,0,0.6020726153307269
0,0,25,False,early,0,0,,,0.3584885147055271,0.41858421693370823,0.05834741502485939,,0,0.614247800552633
0,0,26,False,early,0,0,,,0.3230468043466867,0.605384217955953,0.10075996016887287,,0,0.7952178515347467
0,0,27,False,early,0,0,,,0.030284145567756104,0.5969771068483357,0.0710988663678561,,0,0.7885871373147724
0,0,28,False,early,0,0,,,0.041355235165939024,0.5714363980385304,0.044426175454632504,,0,0.7499612763669161
0,0,29,False,early,0,0,,,0.33570307576710556,0.4655816513598359,0.028532909569335657,,0,0.5615250067416107
0,0,30,False,early,0,0,,,0.22356597371668493,0.5347408735770197,0.09198696743968857,,0,0.6439409433049301
0,0,31,False,early,0,0,,,0.22155405330433572,0.4341966116006022,0.08448668338353109,,0,0.6538692650207045
0,0,32,False,early,0,0,,,0.10649929791061617,0.5160265986507593,0.10933540356056867,,0,0.6425429559289565
0,0,33,False,early,0,0,,,0.1368539550659709,0.455613797190652,0.06291247228900397,,0,0.6544263526413134
0,0,34,False,early,0,0,,,0.15917288836783497,0.4170647208073426,0.13125608368089883,,0,0.5765480167919982
0,0,35,False,early,0,0,,,0.0966140941208304,0.4539528377095621,0.07381470298431576,,0,0.5835960869619032
0,0,36,False,early,0,0,,,0.04576412328145988,0.47870177213431586,0.11178473374627483,,0,0.6729016835999769
0,0,37,False,early,0,0,,,0.01733067930062146,0.4710030977596173,0.09041349780767573,,0,0.6238973430464427
0,0,38,False,early,0,0,,,0.03375445207268672,0.4528422352970403,0.09677342773637672,,0,0.6596909482892883
0,0,39,False,early,0,0,,,0.038074779871257264,0.43367249785846196,0.12065176068646488,,0,0.5791137977532244
0,0,40,False,early,0,0,,,0.02134335327925157,0.4242714044407711,0.044459981090616656,,0,0.5733610433852051
0,0,41,False,early,1,7,,,0.0,0.4242714044407711,0.11443521979414306,,0,0.5733610433852051
0,0,42,False,early,0,0,,,0.11326480080650955,0.37672766382461714,0.14241281929571842,,0,0.6079145000195042
0,0,43,False,early,0,1,,,0.04704047276275026,0.3848504629683777,0.09528955635596047,,0,0.6058465097401319
0,0,44,False,early,0,0,,,0.20661620639422437,0.3485086838485059,0.08408272111360994,,0,0.5615503544535497
0,0,45,False,early,0,0,,,0.12307608830497498,0.33899786170604007,0.11635721462730161,,0,0.5561484903904034
0,0,46,False,early,1,7,,,0.0,0.33899786170604007,0.08022881085108445,,0,0.5335460295846967
0,0,47,False,early,0,0,,,0.1009560182141037,0.3736080889534416,0.10350044333829202,,0,0.5738428985345811
0,0,48,False,early,0,0,,,0.16634932887308895,0.3807186672866534,0.1629268799066606,,0,0.4237470167592755
0,0,49,False,early,0,4,,,0.029131475534968802,0.3683267203854416,0.06754109912571556,,0,0.4677118918563456
0,0,50,False,early,0,3,,,0.07872776243411143,0.34854573669339356,0.11711094233416716,,0,0.4214978667756908
0,0,51,False,early,0,3,,,0.04710110933240599,0.3432429185090816,0.10693409958688106,,0,0.4462778473716073
0,0,52,False,early,0,1,,,0.11367941334504175,0.36952755990527086,0.05296708863159082,,0,0.9211283072850993
0,0,53,False,early,1,7,,,0.0,0.36952755990527086,0.07836847229186553,,0,0.40211717793329954
0,0,54,False,early,0,1,,,0.029681883511988177,0.38034709066159395,0.08191216263357891,,0,0.3606402410682591
0,0,55,False,early,0,1,,,0.06668023481017686,0.4055650478786349,0.10094897291400053,,0,0.31250216755290633
0,0,56,False,early,0,1,,,0.0252699450371474,0.40780667329209075,0.07933665899752479,,0,0.317803344029661
0,0,57,False,early,1,7,,,0.0,0.40780667329209075,0.06782690759177991,,0,0.26377214111564506
0,0,58,False,early,0,1,,,0.11783163385376186,0.419032873987255,0.1055385677819387,,0,0.32000308739963657
0,0,59,False,early,0,1,,,0.1422642579204252,0.42636242673639896,0.04241898670366299,,0,0.2874502408316149
0,0,60,False,early,0,1,,,0.028258669436944783,0.43561922795304947,0.05793719225077131,,0,0.2726490329177565
0,0,61,False,early,1,7,,,0.0,0.43561922795304947,0.07295897622157678,,0,0.2784687886286363
0,0,62,False,early,1,7,,,0.0,0.43561922795304947,0.05007841615186855,,0,0.2585661705531357
0,0,63,False,early,0,0,,,0.26233508415602114,0.6205764048039738,0.032423948410913624,,0,0.28155316042259365
0,0,64,False,early,0,0,,,0.19414132180140406,0.5074480556543972,0.10897595578574916,,0,0.3263081483861045
0,0,65,False,early,0,0,,,0.15302623228111326,0.6376032272283916,0.11596018795609914,,0,0.4444240735904691
0,0,66,False,early,0,0,,,0.014243697652629894,0.6340714646805341,0.1120674771704714,,0,0.43866990573123266
0,0,67,False,early,0,0,,,0.014243697652629894,0.6376032272283916,0.06942809133887819,,0,0.4480507627823542
0,0,68,False,early,1,7,,,0.0,0.6376032272283916,0.12021315498525381,,0,0.4480507627823542
0,0,69,False,early,0,0,,,0.08207863018114246,0.6153785953944949,0.11964956189090727,,0,0.30680750597141576
0,0,70,False,early,0,0,,,0.2618610869561771,0.39438821149923675,0.13869920716147227,,0,1.5776216534610399
0,0,71,False,early,0,1,,,0.16460769421923538,0.4322836461972111,0.12554518508821821,,0,1.2300877869788507
0,0,72,False,early,0,0,,,0.23791479777175215,0.5289959466968219,0.07553534599266014,,0,0.20867502432554647
0,0,73,False,early,0,0,,,0.18909876905485085,0.5933834867248884,0.13304411774193167,,0,0.28120561682428086
0,0,74,False,early,0,0,,,0.20867014816113588,0.4070177541700583,0.12634173245249894,,0,0.1638700930604834
0,0,75,False,early,0,0,,,0.08249048171275145,0.46628345429113965,0.11385721621824572,,0,1.5281056145241276
0,0,76,False,early,0,0,,,0.11858429681851283,0.36971940157401567,0.11557009813001577,,0,1.4768858207577742
0,0,77,False,early,0,0,,,0.207343912108252,0.5483813376453788,0.09344934285256071,,0,0.14351655006685402
0,0,78,False,early,0,0,,,0.1948968167954395,0.3963175098931706,0.05340179312191305,,0,1.1587338019706133
0,0,79,False,early,0,1,,,0.1651066632487159,0.5363392040818453,0.026071232067065606,,0,1.4648168406376174
0,0,80,False,early,0,0,,,0.43689517377700904,0.5278637376416028,0.01989284239020836,,0,0.8376885522752106
0,0,81,False,early,0,0,,,0.28394066556006375,0.4201600033865184,0.016761947093630516,,0,1.1404263625082802
0,0,82,False,early,0,2,,,0.1482947415228752,0.4313735297306785,0.02619091071956554,,0,1.3689993543223775
0,0,83,False,early,0,0,,,0.37398551513122874,0.468096275874253,0.034839454034255535,,0,1.3683627090745232
0,0,84,False,early,0,2,,,0.11154272035377033,0.47714516839589516,0.0269239532612132,,0,1.0014503032532587
0,0,85,False,early,0,2,,,0.22062489465505244,0.4154723368507108,0.01525853239484581,,0,1.2874652777114237
0,0,86,False,early,0,2,,,0.2394978776824265,0.45386469707642396,0.00880077288856662,,0,0.686256069190583
0,0,87,False,early,0,4,,,0.015088235630708588,0.4517541096431119,0.010862413832833819,,0,0.9203826422887172
0,0,88,False,early,0,0,,,0.40733228521671844,0.313859291358824,0.01075222432327461,,0,0.6032974608887004
0,0,89,False,early,0,0,,,0.399506692706663,0.4154723368507108,0.017773430643478666,,0,1.3197282265066879
0,0,90,False,early,0,2,,,0.1571365199756127,0.4408739187337821,0.03853654374682381,,0,0.8905915621504585
0,0,91,False,early,0,5,,,0.15081617661258756,0.41935808961419674,0.01630939998482131,,0,0.7424662059171763
0,0,92,False,early,0,5,,,0.004021764709669029,0.4192426475642667,0.01196750274120728,,0,0.7061520291926906
0,0,93,False,early,0,0,,,0.16071590414523673,0.48427239931505345,0.0242250176489724,,0,0.882874310145961
0,0,94,False,early,0,0,,,0.16071590414523673,0.4192426475642667,0.01879192064066407,,0,0.9232936205189528
0,0,95,False,early,0,0,,,0.12642944650731033,0.3955738322230812,0.019238899562888895,,0,0.8091075820954574
0,0,96,False,early,0,1,,,0.07195036341399133,0.3850905473586587,0.017646070239403493,,0,0.8512667190887298
0,0,97,False,early,0,3,,,0.05799861270103568,0.3842262790446627,0.009483955521400644,,0,0.4669905686660972
0,0,98,False,early,0,1,,,0.09678199971614863,0.4015722857640876,0.030778307125920085,,0,0.6197944919082541
0,0,99,False,early,0,1,,,0.15199843608863467,0.39828312993175824,0.02373301974757744,,0,0.5312932555501645
0,0,100,False,middle,0,1,,,0.11493639694660394,0.4025816953597292,0.019148007372901,,0,0.49391273848651035
0,0,101,False,middle,0,0,,,0.33256755800578375,0.33206311151191104,0.023754514681077636,,0,0.4105596378538506
0,0,102,False,middle,0,0,,,0.3664695652951938,0.478711386931492,0.03745352537043029,,0,0.6929049358481619
0,0,103,False,middle,0,4,,,0.01005882375380572,0.480022902686816,0.012155463099105866,,0,1.295421996086668
0,0,104,False,middle,0,0,,,0.09195911751825347,0.4025816953597292,0.009530776544472834,,0,0.7121310051082526
0,0,105,False,middle,1,7,,,0.0,0.4025816953597292,0.02890201568986382,,0,0.7121310051082526
0,0,106,False,middle,0,0,,,0.32287080627823495,0.4236034907542456,0.028592082787458374,,0,0.729844454388884
0,0,107,False,middle,0,0,,,0.3390612578901742,0.40931335051246187,0.014253339837406282,,0,0.7238281807112673
0,0,108,False,middle,0,2,,,0.10916205668682007,0.3822277251878573,0.026059104063395726,,0,0.6498293740291174
0,0,109,False,middle,1,7,,,0.0,0.3822277251878573,0.01704269537255461,,0,0.6622716433554177
0,0,110,False,middle,0,0,,,0.3164443286849432,0.4236034907542456,0.00663061137244557,,0,0.7065434951297672
0,0,111,False,middle,1,7,,,0.0,0.4236034907542456,0.028488413055124662,,0,0.5603383815191713
0,0,112,False,middle,1,7,,,0.0,0.4236034907542456,0.03449084658544212,,0,0.5113711977122872
0,0,113,False,middle,0,0,,,0.3201317223046355,0.38383475219056334,0.02370279317199344,,0,0.8789535156334825
0,0,114,False,middle,1,7,,,0.0,0.38383475219056334,0.031107801729843756,,0,0.9961421823082406
0,0,115,False,middle,0,0,,,0.18086344550795602,0.4256703182128795,0.010262444212435813,,0,0.4949453009367812
0,0,116,False,middle,0,0,,,0.26639075006210894,0.4558726353252505,0.04772428208655046,,0,0.4103195475357945
0,0,117,False,middle,0,0,,,0.08258461163303076,0.4133182597815139,0.017101167293420216,,0,0.8800618546653526
0,0,118,False,middle,1,7,,,0.0,0.4133182597815139,0.010977862224325697,,0,1.0169245324017613
0,0,119,False,middle,0,2,,,0.1033295953825439,0.38383475219056334,0.038673895058304354,,0,0.6500741719989316
0,0,120,False,middle,1,7,,,0.0,0.38383475219056334,0.0070284653029655045,,0,0.6500741719989316
0,0,121,False,middle,0,2,,,0.1033295953825439,0.4133182597815139,0.009592138841051003,,0,0.7354903992304843
0,0,122,False,middle,1,7,,,0.0,0.4133182597815139,0.006334144066204144,,0,0.22063586462222984
0,0,123,False,middle,1,7,,,0.0,0.4133182597815139,0.0274202406310684,,0,0.7324409649172514
0,0,124,False,middle,0,2,,,0.10488192868249953,0.3824857389319429,0.025861560203842636,,0,0.7302815369434383
0,0,125,False,middle,0,5,,,0.014076176483841518,0.3822277251878573,0.02291723062449111,,0,0.646415650556926
0,0,126,False,middle,1,7,,,0.0,0.3822277251878573,0.006238194615858627,,0,0.7269867708522311
0,0,127,False,middle,0,2,,,0.10393305643420993,0.4133182597815139,0.015818083643211644,,0,0.8830283950417048
0,0,128,False,middle,0,2,,,0.10393305643420993,0.3822277251878573,0.00667802379946476,,0,0.7327765723037469
0,0,129,False,middle,1,7,,,0.0,0.3822277251878573,0.005876757514487678,,0,0.6220382441526352
0,0,130,False,middle,0,2,,,0.007352941176470562,0.3834281569594791,0.009013803468452474,,0,0.6503478756466046
0,0,131,False,middle,0,2,,,0.09721335618700114,0.4133182597815139,0.01763261106723941,,0,0.6949989157162589
0,0,132,False,middle,1,7,,,0.0,0.4133182597815139,0.0072144210644496,,0,0.7254200638330499
0,0,133,False,middle,1,7,,,0.0,0.4133182597815139,0.015388546491799594,,0,0.6233067312156378
0,0,134,False,middle,0,2,,,0.10393305643420993,0.3822277251878573,0.016123089308173837,,0,0.4533154906771905
0,0,135,False,middle,1,7,,,0.0,0.3822277251878573,0.011452545559101968,,0,0.33650166800151515
0,0,136,False,middle,1,7,,,0.0,0.3822277251878573,0.0043926335957461355,,0,0.33650166800151515
0,0,137,False,middle,1,7,,,0.0,0.3822277251878573,0.014137808605550473,,0,0.4293991215370765
0,0,138,False,middle,1,7,,,0.0,0.3822277251878573,0.01702736202276957,,0,0.29750790984061803
0,0,139,False,middle,0,2,,,0.10393305643420993,0.4133182597815139,0.014588350437578586,,0,0.3182672811826515
0,0,140,False,middle,0,2,,,0.09721335618700114,0.3834281569594791,0.005424934589894871,,0,0.16182000229030344
0,0,141,False,middle,0,2,,,0.007352941176470562,0.3822277251878573,0.003456897508445397,,0,0.3615288974868735
0,0,142,False,middle,1,7,,,0.0,0.3822277251878573,0.0048967991806703835,,0,0.16298519364913572
0,0,143,False,middle,0,2,,,0.10393305643420993,0.4133182597815139,0.0082567826499646,,0,0.318780470423766
0,0,144,False,middle,0,4,,,0.0033529412512685736,0.41398794929067734,0.003793178291823662,,0,0.1562289831082679
0,0,145,False,middle,0,2,,,0.1047411735912556,0.3822277251878573,0.0037123256691971957,,0,0.20555198016858828
0,0,146,False,middle,0,2,,,0.007352941176470562,0.3834281569594791,0.004726091712835817,,0,0.25099183851260437
0,0,147,False,middle,0,2,,,0.007352941176470562,0.3822277251878573,0.008423922389692994,,0,0.3780683430241982
0,0,148,False,middle,1,7,,,0.0,0.3822277251878573,0.007564583228699021,,0,1.0428130251517176
0,0,149,False,middle,0,2,,,0.10393305643420993,0.4133182597815139,0.010591059518469373,,0,0.414121256082513
0,0,150,False,middle,1,7,,,0.0,0.4133182597815139,0.005438698536619233,,0,0.424217862747385
0,0,151,False,middle,1,7,,,0.0,0.4133182597815139,0.006105058245699116,,0,0.424217862747385
0,0,152,False,middle,0,4,,,0.0033529412512685736,0.41398794929067734,0.022052297664666938,,0,0.5642715577905124
0,0,153,False,middle,0,0,,,0.18965517198941734,0.439218425618958,0.01789892710586406,,0,0.5232186482132569
0,0,154,False,middle,0,0,,,0.20227619453978563,0.4093693685257589,0.015351762703675397,,0,0.6615844588716393
0,0,155,False,middle,0,0,,,0.30768988141750775,0.4236034907542456,0.015887980422766325,,0,0.5745878775556472
0,0,156,False,middle,1,7,,,0.0,0.4236034907542456,0.012876066672965966,,0,0.7284018089293129
0,0,157,False,middle,1,7,,,0.0,0.4236034907542456,0.030611402634338602,,0,0.7197498569304764
0,0,158,False,middle,0,0,,,0.43749332603735475,0.4269267146760606,0.022666222193182987,,0,0.8870155069021922
0,0,159,False,middle,0,0,,,0.018145136257714627,0.4289612476425056,0.02850836599569441,,0,0.8926830850303296
0,0,160,False,middle,0,0,,,0.3335512543484339,0.29194202415156073,0.018163634930208603,,0,0.6502049513198078
0,0,161,False,middle,0,0,,,0.193669034121564,0.2559093273952673,0.03196285716153539,,0,0.6817609174851329
0,0,162,False,middle,1,7,,,0.0,0.2559093273952673,0.021974999135590912,,0,0.6817609174851329
0,0,163,False,middle,0,0,,,0.28573641140634026,0.49466204384637,0.014877188810707423,,0,0.7207595965604727
0,0,164,False,middle,1,7,,,0.0,0.49466204384637,0.012561877485545457,,0,0.7816004720552026
0,0,165,False,middle,0,0,,,0.45711114722634616,0.4289612476425056,0.03473016459683315,,0,0.8732427139021215
0,0,166,False,middle,0,0,,,0.18379006643422388,0.4177952809726019,0.016649222735407542,,0,0.8794590284181918
0,0,167,False,middle,0,0,,,0.11830212367150293,0.48427239931505345,0.01423757571477919,,0,0.9173155285088476
0,0,168,False,middle,1,7,,,0.0,0.48427239931505345,0.004991692048881848,,0,0.757411326156534
0,0,169,False,middle,0,0,,,0.11830212367150293,0.4177952809726019,0.012467518934723412,,0,0.8711070499631125
0,0,170,False,middle,0,0,,,0.18427541525185706,0.5135474103625619,0.011551960451787255,,0,0.922464094225436
0,0,171,False,middle,1,7,,,0.0,0.5135474103625619,0.006458388831743856,,0,0.922464094225436
0,0,172,False,middle,0,0,,,0.3397867474029193,0.4289612476425056,0.00550116652069786,,0,0.8343011442365543
0,0,173,False,middle,0,0,,,0.27812913799219063,0.4033006538515871,0.019701289032157936,,0,0.666034451527424
0,0,174,False,middle,0,1,,,0.5203629823108348,0.40303585004817255,0.020032011857227527,,0,0.6020726153307269
0,0,175,False,middle,0,0,,,0.5376544428860272,0.38872724774339923,0.04334753517645839,,0,0.614247800552633
0,0,176,False,middle,0,2,,,0.18168699193847376,0.42693691167764664,0.05205828384271484,,0,0.7952178515347467
0,0,177,False,middle,0,3,,,0.013907562868267859,0.4272595992631759,0.012882394686806397,,0,0.7885871373147724
0,0,178,False,middle,0,0,,,0.2468130944043652,0.43524235065159617,0.01660888025020265,,0,0.7499612763669161
0,0,179,False,middle,1,7,,,0.0,0.43524235065159617,0.02060495295488228,,0,0.5615250067416107
0,0,180,False,middle,1,7,,,0.0,0.43524235065159617,0.017352565103207217,,0,0.6439409433049301
0,0,181,False,middle,0,1,,,0.0903283695214866,0.4739411165967071,0.03112192848220131,,0,0.6538692650207045
0,0,182,False,middle,0,1,,,0.09192582327751615,0.4355761367721517,0.020537504874701563,,0,0.6425429559289565
0,0,183,False,middle,1,7,,,0.0,0.4355761367721517,0.028966781607413346,,0,0.6544263526413134
0,0,184,False,middle,1,7,,,0.0,0.4355761367721517,0.026810668679873098,,0,0.5765480167919982
0,0,185,False,middle,1,7,,,0.0,0.4355761367721517,0.02378106898665089,,0,0.5835960869619032
0,0,186,False,middle,0,0,,,0.09039331017447758,0.47157315145258966,0.02133238775499311,,0,0.6729016835999769
0,0,187,False,middle,0,3,,,0.0796702175692028,0.4625079889057983,0.011013477068326899,,0,0.6238973430464427
0,0,188,False,middle,0,3,,,0.0796702175692028,0.47157315145258966,0.012179523509838341,,0,0.6596909482892883
0,0,189,False,middle,0,0,,,0.09039331017447758,0.4355761367721517,0.009455042530311347,,0,0.5791137977532244
0,0,190,False,middle,1,7,,,0.0,0.4355761367721517,0.005669216417671871,,0,0.5733610433852051
0,0,191,False,middle,1,7,,,0.0,0.4355761367721517,0.015454944785464952,,0,0.5733610433852051
0,0,192,False,middle,0,0,,,0.15636213661930704,0.5167646960645915,0.028625818977868756,,0,0.6079145000195042
0,0,193,False,middle,0,0,,,0.1451885441744852,0.4628525398109305,0.00564721158471096,,0,0.6058465097401319
0,0,194,False,middle,0,1,,,0.020530273773656148,0.45496808229941144,0.008882345395855182,,0,0.5615503544535497
0,0,195,False,middle,1,7,,,0.0,0.45496808229941144,0.00879908261194775,,0,0.5561484903904034
0,0,196,False,middle,0,0,,,0.026320411254605252,0.43524235065159617,0.012432452376027477,,0,0.5335460295846967
0,0,197,False,middle,0,5,,,0.008043529419338002,0.4355761367721517,0.012414220717581123,,0,0.5738428985345811
0,0,198,False,middle,0,1,,,0.12432704224995407,0.3334711050871918,0.012174877120372258,,0,0.4237470167592755
0,0,199,False,middle,0,0,,,0.13546897142821582,0.45496808229941144,0.011591484762248614,,0,0.4677118918563456
0,0,200,False,late,0,0,,,0.15973751745572573,0.407953770324575,0.014935348189354169,,0,0.4214978667756908
0,0,201,False,late,0,0,,,0.17408984951818848,0.49423554202157194,0.01076676303261588,,0,0.4462778473716073
0,0,202,False,late,0,1,,,0.9093202780670537,0.9408865048387286,0.02913000521529911,,0,0.9211283072850993
0,0,203,False,late,0,0,,,0.8935437249776926,0.4579581700033546,0.05380576578871942,,0,0.40211717793329954
0,0,204,False,late,0,1,,,0.05230757403087831,0.41228983434647404,0.035643436010145246,,0,0.3606402410682591
0,0,205,False,late,0,0,,,0.10191136367129694,0.3450117166175912,0.027736120093388526,,0,0.31250216755290633
0,0,206,False,late,0,0,,,0.06254630523943248,0.3436531678880557,0.01310732340732654,,0,0.317803344029661
0,0,207,False,late,0,2,,,0.10483496483686174,0.3700117543092431,0.005474978099271598,,0,0.26377214111564506
0,0,208,False,late,0,0,,,0.12239494895543478,0.34650665376915035,0.029263022512163398,,0,0.32000308739963657
0,0,209,False,late,0,1,,,0.12586663435421067,0.45496808229941144,0.021366561505426575,,0,0.2874502408316149
0,0,210,False,late,0,1,,,0.01072869647033245,0.4488380931987005,0.021538006125006753,,0,0.2726490329177565
0,0,211,False,late,0,1,,,0.0972003738420289,0.36296161766088036,0.01725358021020888,,0,0.2784687886286363
0,0,212,False,late,0,3,,,0.038608515426395665,0.36699154538958373,0.019552805135317982,,0,0.2585661705531357
0,0,213,False,late,0,1,,,0.09247594726170939,0.4488380931987005,0.02430825441034142,,0,0.28155316042259365
0,0,214,False,late,1,7,,,0.0,0.4488380931987005,0.022900695054318368,,0,0.3263081483861045
0,0,215,False,late,0,0,,,0.08171851856466118,0.40824364894585696,0.017644095666649456,,0,0.4444240735904691
0,0,216,False,late,0,4,,,0.01019322078065775,0.40775299136083376,0.02694543962183649,,0,0.43866990573123266
0,0,217,False,late,1,7,,,0.0,0.40775299136083376,0.024006637926321107,,0,0.4480507627823542
0,0,218,False,late,1,7,,,0.0,0.40775299136083376,0.013977137167836155,,0,0.4480507627823542
0,0,219,False,late,0,0,,,0.1319751470847867,0.430327212280822,0.03563997969637676,,0,0.30680750597141576
0,0,220,False,late,0,0,,,1.5878949117163708,1.310344000523092,0.024373337028500693,,0,1.5776216534610399
0,0,221,False,late,0,0,,,0.5522077146097295,0.9279786870787329,0.07183032643504092,,0,1.2300877869788507
0,0,222,False,late,0,0,,,1.2591908944465704,0.4488380931987005,0.10082761811939331,,0,0.20867502432554647
0,0,223,False,late,0,1,,,0.15808062990904723,0.4805122723834192,0.08758945673778686,,0,0.28120561682428086
0,0,224,False,late,0,2,,,0.22219506985341672,0.4647189970707519,0.12961606193560044,,0,0.1638700930604834
0,0,225,False,late,0,1,,,1.6355363091687007,1.305327317564907,0.09232889690758309,,0,1.5281056145241276
0,0,226,False,late,0,2,,,0.05882352941176472,1.2639137715438304,0.04503947491498302,,0,1.4768858207577742
0,0,227,False,late,0,0,,,1.5119151873362402,0.43882351294237154,0.14102988655028317,,0,0.14351655006685402
0,0,228,False,late,0,0,,,1.248309956497058,0.9871414060185628,0.09773844211410605,,0,1.1587338019706133
0,0,229,False,late,0,0,,,0.23883114107070572,1.1869593943739731,0.048370812999654685,,0,1.4648168406376174
0,0,230,False,late,0,0,,,0.3645310037044952,0.973749479921864,0.09638138844760506,,0,0.8376885522752106
0,0,231,False,late,0,0,,,0.2423560636238241,0.9878395332153949,0.16228629902988662,,0,1.1404263625082802
0,0,232,False,late,0,0,,,0.2154351449596916,1.1880017724668976,0.13593311799882724,,0,1.3689993543223775
0,0,233,False,late,0,0,,,0.07430393316140894,1.1835606476516325,0.17830677075081083,,0,1.3683627090745232
0,0,234,False,late,0,0,,,0.4581282750771617,0.7854388545610645,0.10869971449993127,,0,1.0014503032532587
0,0,235,False,late,0,0,,,0.3591329119284999,1.0406038607041017,0.1628883497843195,,0,1.2874652777114237
0,0,236,False,late,0,0,,,0.6200780328173097,0.44133608993413653,0.09012706825065009,,0,0.686256069190583
0,0,237,False,late,0,0,,,0.8591334943496629,0.5544766025735255,0.1052768617568748,,0,0.9203826422887172
0,0,238,False,late,0,0,,,0.9228843014519559,0.43945977975829265,0.09302064065207338,,0,0.6032974608887004
0,0,239,False,late,0,0,,,0.7065515832936873,1.0668335840659062,0.09330895810559986,,0,1.3197282265066879
0,0,240,False,late,0,0,,,0.5769926293716612,0.6190664868841325,0.10310139651250576,,0,0.8905915621504585
0,0,241,False,late,0,0,,,0.45405429062920327,0.48763014540575245,0.1312943927477458,,0,0.7424662059171763
0,0,242,False,late,0,0,,,0.11939758751746735,0.4259812327219565,0.14517468892118648,,0,0.7061520291926906
0,0,243,False,late,0,0,,,0.17778333621016856,0.5471609928794354,0.16032539335400564,,0,0.882874310145961
0,0,244,False,late,0,0,,,0.2776235044781779,0.6783931185080997,0.10097158073893553,,0,0.9232936205189528
0,0,245,False,late,0,0,,,1.2320786846713354,0.6282428188643375,0.10720540466381545,,0,0.8091075820954574
0,0,246,False,late,1,7,,,0.0,0.6282428188643375,0.04239481959140236,,0,0.8512667190887298
0,0,247,False,late,0,1,,,1.094496561079917,0.473734147564558,0.05146230119178184,,0,0.4669905686660972
0,0,248,False,late,0,3,,,0.41146707358607026,0.5996710431660051,0.043647835046396306,,0,0.6197944919082541
0,0,249,False,late,0,3,,,0.014306030895020529,0.5981901644471059,0.05452051671918005,,0,0.5312932555501645
0,0,250,False,late,0,3,,,0.384776250423084,0.46726553278239147,0.060481719139693545,,0,0.49391273848651035
0,0,251,False,late,0,0,,,0.39036533458852646,0.1380441737252826,0.08897542527937825,,0,0.4105596378538506
0,0,252,False,late,0,1,,,0.3831416945329541,0.3273177677164225,0.06645983110692438,,0,0.6929049358481619
0,0,253,False,late,0,0,,,1.2398284753270343,1.0652881851862956,0.024824330713531573,,0,1.295421996086668
0,0,254,False,late,0,1,,,1.455142290207603,0.471335054857342,0.08076963591457811,,0,0.7121310051082526
0,0,255,False,late,1,7,,,0.0,0.471335054857342,0.02789515743769875,,0,0.7121310051082526
0,0,256,False,late,1,7,,,0.0,0.471335054857342,0.04744901972695061,,0,0.729844454388884
0,0,257,False,late,1,7,,,0.0,0.471335054857342,0.06710227639941765,,0,0.7238281807112673
0,0,258,False,late,1,7,,,0.0,0.471335054857342,0.10010173174547486,,0,0.6498293740291174
0,0,259,False,late,0,3,,,0.1318435044549869,0.47552806153990773,0.079575607697263,,0,0.6622716433554177
0,0,260,False,late,0,4,,,0.11764849915743372,0.4658844657993929,0.05180742837938885,,0,0.7065434951297672
0,0,261,False,late,0,1,,,0.5670133562701177,0.2851700729652918,0.12275311525218183,,0,0.5603383815191713
0,0,262,False,late,0,2,,,0.30102664702785187,0.21389518177104885,0.0605587063322698,,0,0.5113711977122872
0,0,263,False,late,0,1,,,0.5614015964887702,0.7350558400328984,0.027863711838018154,,0,0.8789535156334825
0,0,264,False,late,0,1,,,0.9513310741983853,0.6289047138811087,0.058279564616239524,,0,0.9961421823082406
0,0,265,False,late,0,1,,,0.6408737537903211,0.18526226026930423,0.07442317253635213,,0,0.4949453009367812
0,0,266,False,late,0,1,,,0.19440305442037284,0.06903414512274819,0.061391856058941964,,0,0.4103195475357945
0,0,267,False,late,0,1,,,0.633073904948908,0.6356804819164333,0.01701013959016373,,0,0.8800618546653526
0,0,268,False,late,0,1,,,0.8755999272203537,0.6318320045263317,0.03853795593034367,,0,1.0169245324017613
0,0,269,False,late,0,1,,,0.7693703614800986,0.471335054857342,0.060751420406299834,,0,0.6500741719989316
0,0,270,False,late,1,7,,,0.0,0.471335054857342,0.054985410499862206,,0,0.6500741719989316
0,0,271,False,late,1,7,,,0.0,0.471335054857342,0.07469333304544386,,0,0.7354903992304843
0,0,272,False,late,0,1,,,0.6924425638038991,0.3054964216620317,0.04674480081717429,,0,0.22063586462222984
0,0,273,False,late,0,1,,,0.6997416126784483,0.503769872660199,0.02498903636664841,,0,0.7324409649172514
0,0,274,False,late,0,1,,,0.08990859525399976,0.5667960418355127,0.035455466374491276,,0,0.7302815369434383
0,0,275,False,late,0,1,,,0.09747680016373945,0.47078110613900104,0.05056785698701866,,0,0.646415650556926
0,0,276,False,late,0,2,,,0.09670913761631815,0.5666095390660623,0.06170423328603256,,0,0.7269867708522311
0,0,277,False,late,0,1,,,0.10943026896812955,0.632185561182683,0.057264420940772866,,0,0.8830283950417048
0,0,278,False,late,0,2,,,0.11925783713364799,0.5706937151149934,0.07573052522064024,,0,0.7327765723037469
0,0,279,False,late,0,2,,,0.20873759164945227,0.43441969169470274,0.10505638865627222,,0,0.6220382441526352
0,0,280,False,late,0,3,,,0.16567056308862185,0.4533916504264239,0.08208425497899835,,0,0.6503478756466046
0,0,281,False,late,0,3,,,0.1407622924081104,0.4148409765662709,0.08187696327400559,,0,0.6949989157162589
0,0,282,False,late,0,3,,,0.10918658532464484,0.4455813417005878,0.06366785385208622,,0,0.7254200638330499
0,0,283,False,late,0,2,,,0.4017684374914926,0.3758761794226449,0.05667297739034324,,0,0.6233067312156378
0,0,284,False,late,0,3,,,0.21056266305940222,0.18873088424146722,0.060936212728524224,,0,0.4533154906771905
0,0,285,False,late,0,1,,,0.299677807114446,0.31133678595338116,0.048160740041559374,,0,0.33650166800151515
0,0,286,False,late,1,7,,,0.0,0.31133678595338116,0.053907921557285146,,0,0.33650166800151515
0,0,287,False,late,0,1,,,0.3842712344926366,0.31752248200876904,0.06729393676165016,,0,0.4293991215370765
0,0,288,False,late,0,1,,,0.4947655611275975,0.4274158074693055,0.06734251679940367,,0,0.29750790984061803
0,0,289,False,late,0,1,,,0.24832553163083457,0.4753858572097647,0.0714424285393331,,0,0.3182672811826515
0,0,290,False,late,0,1,,,0.32050924758206384,0.2938247058134311,0.09966183943909401,,0,0.16182000229030344
0,0,291,False,late,0,1,,,0.23915528959447546,0.4509046563218068,0.10571127269150828,,0,0.3615288974868735
0,0,292,False,late,0,1,,,0.23915528959447546,0.2938247058134311,0.09965877496295186,,0,0.16298519364913572
0,0,293,False,late,0,1,,,0.24618420410213399,0.33941588195568806,0.07526082325746256,,0,0.318780470423766
0,0,294,False,late,0,1,,,0.3687396684870573,0.4444637919297414,0.051026243036275516,,0,0.1562289831082679
0,0,295,False,late,0,1,,,0.3153501827393563,0.2888717895004764,0.08222089177132287,,0,0.20555198016858828
0,0,296,False,late,0,1,,,0.37352519986116767,0.4001287034271111,0.07321707111882227,,0,0.25099183851260437
0,0,297,False,late,0,1,,,0.3981979604398208,0.041511924962433486,0.10588049052418051,,0,0.3780683430241982
0,0,298,False,late,0,2,,,0.9139780890662598,0.9120555320254478,0.07641452546822525,,0,1.0428130251517176
0,0,299,False,late,0,2,,,0.9121727729626428,0.014142306150707232,0.05916158930925391,,0,0.414121256082513
0,1,1,True,early,0,0,,,0.2550418440343438,0.4899917879361319,0.0067505616155793145,,0,1.0126414108897326
0,1,2,True,early,0,0,,,0.4024716457926072,0.49985009246323386,0.030154263039065266,,0,1.3465437891710472
0,1,3,True,early,0,0,,,0.42043539658771883,0.6684306647276339,0.02526060393265575,,0,0.9855962308350386
0,1,4,True,early,0,1,,,0.22607712343835182,0.6068878821614339,0.02557928721511559,,0,0.6415205565274914
0,1,5,True,early,0,5,,,0.008043529419337947,0.6050999766895486,0.0120864583556574,,0,1.209464896778136
0,1,6,True,early,0,0,,,0.10114775354221513,0.6591369223684844,0.021787987534441163,,0,1.4009612141867624
0,1,7,True,early,0,1,,,0.25169308162905285,0.674396891095897,0.03370864216261587,,0,1.1803135709914796
0,1,8,True,early,0,0,,,0.1991725271345902,0.62542287801821,0.02969881149855828,,0,1.395854257075971
0,1,9,True,early,0,1,,,0.21741437915536577,0.6152628272837144,0.07565036212459811,,0,1.2065123985254833
0,1,10,True,early,0,3,,,0.011148796203533417,0.6149464463302483,0.036715341690940505,,0,1.1244964715412533
0,1,11,True,early,0,0,,,0.18982530610329054,0.6029532287848739,0.05054388510946948,,0,1.3179607899405343
0,1,12,True,early,0,0,,,0.089392572880678,0.544087688655062,0.05804777208183407,,0,0.8554108675897713
0,1,13,True,early,0,0,,,0.06834176707920861,0.5246040524395496,0.06291492175416388,,0,0.8482214825441398
0,1,14,True,early,0,0,,,0.016707885730967983,0.5119651926019814,0.04508323322537539,,0,1.0866484200097917
0,1,15,True,early,0,0,,,0.11683115017829826,0.5090930092753978,0.024192496567352263,,0,0.7624345680505327
0,1,16,True,early,0,2,,,0.007622951645499333,0.506805428396073,0.04376319344329993,,0,0.9488491036286164
0,1,17,True,early,0,0,,,0.05637475320086081,0.47447348044869564,0.029465294032843387,,0,0.722996236248514
0,1,18,True,early,0,2,,,0.014516755523940031,0.4743050180443246,0.021911037975573606,,0,0.8420460681829199
0,1,19,True,early,0,0,,,0.06279340920408776,0.4370048543778804,0.0386175056960168,,0,0.8119275784003532
0,1,20,True,early,0,0,,,0.1253084662217605,0.42162989507476406,0.04210000562228361,,0,0.5768877353626761
0,1,21,True,early,1,7,,,0.0,0.42162989507476406,0.05480716531662747,,0,0.5768877353626761
0,1,22,True,early,1,7,,,0.0,0.42162989507476406,0.0709294972021082,,0,0.5768877353626761
0,1,23,True,early,0,0,,,0.06416496786011883,0.41752491310802065,0.08617608739640073,,0,0.39006300491113727
0,1,24,True,early,0,0,,,0.05704702609707371,0.41113928287298074,0.07260751495742174,,0,0.3338850891574142
0,1,25,True,early,0,0,,,0.013507978206954496,0.41502322557008936,0.0844502498233202,,0,0.3357337916468107
0,1,26,True,early,0,0,,,0.07932725790921907,0.4270472849512147,0.04737610316896213,,0,0.2848071688506818
0,1,27,True,early,0,2,,,0.007352941176470562,0.4312676528891248,0.05660994542899159,,0,0.25976068048493384
0,1,28,True,early,1,7,,,0.0,0.4312676528891248,0.042241246615984974,,0,0.3838835156131277
0,1,29,True,early,0,0,,,0.011881889801474364,0.4384811017656024,0.11793285215027588,,0,1.2323998613261486
0,1,30,True,early,0,0,,,0.4152333159011855,0.5794264321913438,0.05215448748821148,,0,1.3399010710099575
0,1,31,True,early,0,0,,,0.40042096928732296,0.4458584130980154,0.10817679044585174,,0,1.237456570869528
0,1,32,True,early,0,0,,,0.014384942497782738,0.4476972278009878,0.05773470897459526,,0,1.258932352940459
0,1,33,True,early,1,7,,,0.0,0.4476972278009878,0.052921505958106484,,0,1.2125438801760549
0,1,34,True,early,1,7,,,0.0,0.4476972278009878,0.09097123718263442,,0,1.1143766417778667
0,1,35,True,early,1,7,,,0.0,0.4476972278009878,0.04893625091066947,,0,1.1143766417778667
0,1,36,True,early,1,7,,,0.0,0.4476972278009878,0.03396086973538714,,0,1.1143766417778667
0,1,37,True,early,0,2,,,0.007352941176470673,0.44326742320266554,0.03457444160746197,,0,0.9987382420731373
0,1,38,True,early,0,0,,,0.014243697652629783,0.4400202481765414,0.1208220848032925,,0,0.9973152536985821
0,1,39,True,early,0,0,,,0.023235553618562565,0.430164153177274,0.05348670028182098,,0,0.9903034381487245
0,1,40,True,early,0,2,,,0.023779027729395677,0.42235261588469386,0.04480995428735324,,0,0.9842027765816541
0,1,41,True,early,0,0,,,0.048090885764765584,0.40893818818846744,0.1005067349296251,,0,0.9146827406181152
0,1,42,True,early,0,5,,,0.01809794119351049,0.39605498981449716,0.0886461449063416,,0,0.916536802152614
0,1,43,True,early,0,0,,,0.0596842353756173,0.3779872550215488,0.05066867896690498,,0,0.7413780294564951
0,1,44,True,early,0,0,,,0.044990333198822924,0.373472086893458,0.1073346472848659,,0,0.7392741619099821
0,1,45,True,early,1,7,,,0.0,0.373472086893458,0.047236079513124134,,0,0.7392741619099821
0,1,46,True,early,0,0,,,0.06855755549927187,0.38388913515279,0.04830173108353745,,0,0.87934608989203
0,1,47,True,early,0,0,,,0.06553858553781433,0.4196653192019976,0.06937074473522649,,0,0.6912495882645211
0,1,48,True,early,0,0,,,0.25095694251674494,0.6061008051008615,0.04704046392695352,,0,0.5605165497243829
0,1,49,True,early,1,7,,,0.0,0.6061008051008615,0.10200891544293096,,0,0.8464532707563079
0,1,50,True,early,0,0,,,0.09425216425097613,0.5884514505031871,0.1262581865766658,,0,0.8188128441934638
0,1,51,True,early,0,0,,,0.2416948242325839,0.547763322801646,0.1013512618436303,,0,0.6939839425302624
0,1,52,True,early,0,2,,,0.19185246611157938,0.6155422126608688,0.04484052808144648,,0,0.8420251419253543
0,1,53,True,early,0,0,,,0.2584627925346625,0.6262915077139826,0.06979940795955418,,0,0.9411704827009588
0,1,54,True,early,0,0,,,0.9884017494229941,1.1064449291506973,0.06962316450817066,,0,1.118249439609453
0,1,55,True,early,0,0,,,0.9980268078363181,0.6698605815513705,0.1317541627017211,,0,1.100438450946029
0,1,56,True,early,0,0,,,0.24118102324547547,0.5963230186811619,0.10859460187360002,,0,1.0410513038618516
0,1,57,True,early,0,0,,,0.2466345942616711,0.6123824097058208,0.0631419279799715,,0,0.8850334592286575
0,1,58,True,early,0,0,,,0.2806820068418101,0.5645754131780436,0.11635957990727445,,0,0.9753213119837915
0,1,59,True,early,0,0,,,0.15180342984398668,0.5044750116305259,0.07048249140238863,,0,0.8754409918026718
0,1,60,True,early,0,0,,,0.17101791107630887,0.5541342132845338,0.08595139046350624,,0,1.031615021206056
0,1,61,True,early,0,4,,,0.0319163524655444,0.5635595435339352,0.050424384041467575,,0,1.0437973860773553
0,1,62,True,early,0,1,,,0.08831868906968558,0.5327289540693144,0.04797438083749898,,0,1.1675357565846969
0,1,63,True,middle,0,0,,,0.34729362129598257,0.4242934648743545,0.04504186544211601,,0,0.8371010420185789
0,1,64,True,middle,0,1,,,0.07785515843541936,0.38350628911683743,0.09418423074424893,,0,0.6250111570673933
0,1,65,True,middle,0,0,,,0.1560082562138037,0.3678525929551418,0.04714836735054796,,0,0.646313522401646
0,1,66,True,middle,0,0,,,0.14467388009952242,0.30859167432059903,0.035453241501806745,,0,0.8296799605662798
0,1,67,True,middle,0,0,,,0.19355395388052804,0.3222829834566956,0.017609435189995373,,0,0.7956082830592748
0,1,68,True,middle,0,0,,,1.1348608608174238,0.9661004587842313,0.02398373777635124,,0,1.2925632901972945
0,1,69,True,middle,0,1,,,1.2973875768987402,0.49558734207842653,0.12190624342044987,,0,1.371721188175899
0,1,70,True,middle,0,0,,,0.06896274216686768,0.5433060119223447,0.0704799317003709,,0,1.0524101904491414
0,1,71,True,middle,0,0,,,0.31644901099086764,0.33666794704800795,0.06860271646050443,,0,0.8274677835794593
0,1,72,True,middle,0,0,,,0.2758555905611407,0.4704605403273728,0.07224865181547217,,0,0.22527092309172814
0,1,73,True,middle,0,0,,,0.2821970346157351,0.3682923396001788,0.06648179217342162,,0,0.8965542058400816
0,1,74,True,middle,0,3,,,0.00725986723950425,0.36869525147576443,0.06519481183966955,,0,1.0039301172511268
0,1,75,True,middle,0,1,,,0.3852210262956628,0.6492276349838378,0.018054429995184425,,0,0.6148853429500991
0,1,76,True,middle,0,0,,,1.5641576131295392,1.2619148349688005,0.06739888365072773,,0,0.8748046678309342
0,1,77,True,middle,0,0,,,1.464228698408322,0.3483469848455163,0.023782744357664306,,0,0.9138966746315463
0,1,78,True,middle,0,1,,,0.17215438805638358,0.4602223976020233,0.025176647465598292,,0,0.9166685364868378
0,1,79,True,middle,0,1,,,0.22124629306108798,0.31929169776314625,0.08004334310855914,,0,1.1314536806829747
0,1,80,True,middle,0,0,,,1.4238852461353666,1.2644508403852575,0.06524303389151592,,0,0.5628030212767476
0,1,81,True,middle,0,0,,,1.5582510281870843,0.4866272618138982,0.029359543526253896,,0,0.919874677088096
0,1,82,True,middle,0,0,,,0.2081966176384233,0.3839445739737129,0.060568482330037705,,0,0.8594767393118304
0,1,83,True,middle,0,2,,,0.13237552224243201,0.4217054001963281,0.03224506000400272,,0,0.9639961273810345
0,1,84,True,middle,0,0,,,1.1157128697002776,0.8631589320925566,0.05604748135468372,,0,0.5282562026107754
0,1,85,True,middle,0,2,,,0.1356736646466056,0.9157846342728126,0.04569022468750819,,0,0.3060503034939344
0,1,86,True,middle,0,0,,,1.2439226194922555,0.5343232822203207,0.10218509110395972,,0,1.0431840719448195
0,1,87,True,middle,0,1,,,1.4673030999501444,1.2010295660114614,0.031744845597380965,,0,0.5886234958841974
0,1,88,True,middle,0,0,,,0.4184021490424738,0.8173288076344776,0.07972702643766082,,0,0.681261403030489
0,1,89,True,middle,0,0,,,0.4167727287476364,1.1979651838462884,0.06806694614778372,,0,0.5802348778568968
0,1,90,True,middle,0,0,,,0.5056952858908182,0.9356285624844184,0.08566018529753246,,0,0.4742235014999825
0,1,91,True,middle,0,0,,,1.1976771669157145,0.44541683798117016,0.10928511479577065,,0,1.1058752477178797
0,1,92,True,middle,0,0,,,0.8745331576406138,0.4510103579626134,0.05870990682382351,,0,0.5271100112924646
0,1,93,True,middle,0,0,,,0.6231601116718112,0.18429625836961877,0.05189889526206779,,0,0.9519249935827349
0,1,94,True,middle,0,0,,,1.2120610401259277,1.120053577898822,0.07725230539691341,,0,1.411243846709206
0,1,95,True,middle,0,0,,,1.0684996453933393,0.652149867710085,0.05326986164707677,,0,1.0126414108897326
0,1,96,True,middle,0,0,,,1.0830665094224754,1.1329206382864447,0.08942460547812822,,0,1.3465437891710472
0,1,97,True,middle,0,0,,,0.7593521913247334,0.4385774877261975,0.03781758314025397,,0,0.9855962308350386
0,1,98,True,middle,0,0,,,0.3516661165820767,0.09425400365250892,0.06436920385050764,,0,0.6415205565274914
0,1,99,True,middle,0,0,,,0.9244961704651476,0.9856330601368302,0.012392786187608838,,0,1.209464896778136
0,1,100,True,middle,0,0,,,0.22175371816444717,1.0539008842579967,0.057944554512153475,,0,1.4009612141867624
0,1,101,True,middle,0,0,,,0.24487075282979465,0.8490512017211819,0.09657340381516948,,0,1.1803135709914796
0,1,102,True,middle,0,0,,,0.8641770430071967,1.0182962259161967,0.0677780667230686,,0,1.395854257075971
0,1,103,True,middle,0,0,,,0.3513207152797718,0.8866527487128629,0.05692662535677689,,0,1.2065123985254833
0,1,104,True,middle,0,0,,,0.4167120701947856,0.7267540978587343,0.10331789603369586,,0,1.1244964715412533
0,1,105,True,middle,0,1,,,0.9022741377728598,1.047607575292923,0.06328263472030982,,0,1.3179607899405343
0,1,106,True,middle,0,0,,,0.4992368780401876,0.6183365133048097,0.03499129798769134,,0,0.8554108675897713
0,1,107,True,middle,0,1,,,0.03443509765006297,0.5939958071168705,0.06790768236236924,,0,0.8482214825441398
0,1,108,True,middle,0,0,,,0.31298214396729135,0.8617185709435353,0.033328658748223154,,0,1.0866484200097917
0,1,109,True,middle,0,0,,,0.31298214396729135,0.5939958071168705,0.047280864534474734,,0,0.7624345680505327
0,1,110,True,middle,0,0,,,0.32642650957381225,0.8455304307952921,0.0726184026036576,,0,0.9488491036286164
0,1,111,True,middle,0,1,,,0.3033636973035437,0.6164653116326414,0.0965269852520422,,0,0.722996236248514
0,1,112,True,middle,0,0,,,0.15390218051480908,0.7425845914388759,0.07135651015430675,,0,0.8420460681829199
0,1,113,True,middle,0,1,,,0.009836353384263806,0.7469311997146801,0.061348964971271666,,0,0.8119275784003532
0,1,114,True,middle,0,0,,,0.15792619511007053,0.6180137328611569,0.03942072773025873,,0,0.5768877353626761
0,1,115,True,middle,1,7,,,0.0,0.6180137328611569,0.08465530826639994,,0,0.5768877353626761
0,1,116,True,middle,1,7,,,0.0,0.6180137328611569,0.050592820137312165,,0,0.5768877353626761
0,1,117,True,middle,0,0,,,0.15855070340529911,0.5134188802673708,0.07031371659345592,,0,0.39006300491113727
0,1,118,True,middle,0,1,,,0.027549051596051637,0.514426137674922,0.08017942796684055,,0,0.3338850891574142
0,1,119,True,middle,0,1,,,0.026348659896134382,0.5191204314579468,0.07828037025856618,,0,0.3357337916468107
0,1,120,True,middle,0,0,,,0.021431218586505003,0.5225491914468529,0.0548234851089571,,0,0.2848071688506818
0,1,121,True,middle,0,0,,,0.04252211395215279,0.496065592002786,0.03996718443078375,,0,0.25976068048493384
0,1,122,True,middle,0,0,,,0.21299662451031776,0.5586488334325914,0.04420486342922486,,0,0.3838835156131277
0,1,123,True,middle,0,0,,,1.3116173326307343,0.947119497648259,0.04509114634246035,,0,1.2323998613261486
0,1,124,True,middle,0,0,,,0.0356092441315744,0.9498902292790056,0.06024540282710238,,0,1.3399010710099575
0,1,125,True,middle,0,0,,,0.1206864542609608,0.9398703482523103,0.12413717570748187,,0,1.237456570869528
0,1,126,True,late,0,0,,,0.2332631458386855,0.9393330098005838,0.13277298581524505,,0,1.258932352940459
0,1,127,True,late,0,1,,,0.21335833194379325,0.9029275901442338,0.1303426171952528,,0,1.2125438801760549
0,1,128,True,late,0,1,,,0.25738075729533616,0.7894788832910388,0.10685926586889172,,0,1.1143766417778667
0,1,129,True,late,1,7,,,0.0,0.7894788832910388,0.13997632281622552,,0,1.1143766417778667
0,1,130,True,late,1,7,,,0.0,0.7894788832910388,0.0994150914731541,,0,1.1143766417778667
0,1,131,True,late,0,1,,,0.5729016049220271,0.7391988764457054,0.1075465593670867,,0,0.9987382420731373
0,1,132,True,late,1,7,,,0.0,0.7391988764457054,0.10666556910625294,,0,0.9973152536985821
0,1,133,True,late,1,7,,,0.0,0.7391988764457054,0.11673717391211709,,0,0.9903034381487245
0,1,134,True,late,1,7,,,0.0,0.7391988764457054,0.10285340825592072,,0,0.9842027765816541
0,1,135,True,late,0,2,,,0.09558823529411775,0.6966108113840964,0.1368682124256239,,0,0.9146827406181152
0,1,136,True,late,0,1,,,0.04249823970684698,0.6951408119429682,0.08989398776000702,,0,0.916536802152614
0,1,137,True,late,0,1,,,0.2785444573003667,0.5652238075597471,0.0876259767644384,,0,0.7413780294564951
0,1,138,True,late,1,7,,,0.0,0.5652238075597471,0.10836282544356626,,0,0.7392741619099821
0,1,139,True,late,1,7,,,0.0,0.5652238075597471,0.10309779845909219,,0,0.7392741619099821
0,1,140,True,late,0,1,,,0.27695070005109607,0.6950959710469815,0.09468800065376727,,0,0.87934608989203
0,1,141,True,late,0,0,,,0.5340088234367348,0.49335401023093217,0.12898570592583222,,0,0.6912495882645211
0,1,142,True,late,0,0,,,0.6870745953398499,0.603639928020002,0.129150898742587,,0,0.5605165497243829
0,1,143,True,late,0,0,,,0.7749674039564785,0.4913411589903928,0.07917131327418614,,0,0.8464532707563079
0,1,144,True,late,1,7,,,0.0,0.4913411589903928,0.0839791179845657,,0,0.8188128441934638
0,1,145,True,late,0,0,,,0.31048349984092727,0.3509878114185761,0.051005610505843096,,0,0.6939839425302624
0,1,146,True,late,0,0,,,0.5984428005137153,0.6280816510215913,0.03427962256725027,,0,0.8420251419253543
0,1,147,True,late,0,1,,,0.7497816965810079,0.5538178025998608,0.026011145134047016,,0,0.9411704827009588
0,1,148,True,late,0,2,,,0.2609004147731154,0.5535305915284405,0.048670519148036946,,0,1.118249439609453
0,1,149,True,late,0,1,,,0.5895748687310299,0.7430245682045991,0.035292566353499845,,0,1.100438450946029
0,1,150,True,late,0,0,,,0.4190551710359419,0.7712275685558454,0.026413715996666705,,0,1.0410513038618516
0,1,151,True,late,0,0,,,0.41642247945546845,0.7076607137783896,0.06075994813790829,,0,0.8850334592286575
0,1,152,True,late,0,0,,,0.09533578671435547,0.6576281303459415,0.02809788326743401,,0,0.9753213119837915
0,1,153,True,late,0,0,,,0.11877736275147009,0.5605400481746848,0.04699914835697235,,0,0.8754409918026718
0,1,154,True,late,0,0,,,0.3330554615025897,0.7097067102486596,0.047408057591058025,,0,1.031615021206056
0,1,155,True,late,0,0,,,0.21884946193404353,0.6746450865748449,0.04685846453317056,,0,1.0437973860773553
0,1,156,True,late,0,0,,,0.5112939826057322,0.806145751661709,0.06582439597126256,,0,1.1675357565846969
0,1,157,True,late,0,1,,,0.4807464952849032,0.673083595179689,0.030581066941753405,,0,0.8371010420185789
0,1,158,True,late,0,2,,,0.35646662618692293,0.4492563854624978,0.014708542026362986,,0,0.6250111570673933
0,1,159,True,late,1,7,,,0.0,0.4492563854624978,0.024862246905916575,,0,0.646313522401646
0,1,160,True,late,0,0,,,0.6363823189891303,0.5405847669917428,0.03888000845217455,,0,0.8296799605662798
0,1,161,True,late,0,0,,,0.48104553141595985,0.6101361434793658,0.028996716387315536,,0,0.7956082830592748
0,1,162,True,late,0,0,,,0.7875916325520161,0.6457068958357811,0.04623721479867363,,0,1.2925632901972945
0,1,163,True,late,0,0,,,1.3289526832555512,1.0709425630290423,0.029033200314384507,,0,1.371721188175899
0,1,164,True,late,0,0,,,0.5087892072462514,0.6397854010656191,0.014065958167486285,,0,1.0524101904491414
0,1,165,True,late,0,0,,,0.4422460055031737,0.6523934285835143,0.06935456783736106,,0,0.8274677835794593
0,1,166,True,late,0,1,,,0.7627610963735784,0.46790356710933717,0.059364238813832244,,0,0.22527092309172814
0,1,167,True,late,0,0,,,0.8914772208064775,0.717962239285163,0.035493974508271305,,0,0.8965542058400816
0,1,168,True,late,0,0,,,0.2536233986744502,0.8040914086696991,0.025407968315500944,,0,1.0039301172511268
0,1,169,True,late,0,0,,,0.5342375542554496,0.5208394463642713,0.03746911217482452,,0,0.6148853429500991
0,1,170,True,late,0,0,,,0.17556272523724914,0.6461110211531984,0.03521041493132753,,0,0.8748046678309342
0,1,171,True,late,0,0,,,0.28363328944311655,0.7651052175241081,0.058175700175746,,0,0.9138966746315463
0,1,172,True,late,0,2,,,0.02122030972322698,0.7807572768159007,0.06672078188755287,,0,0.9166685364868378
0,1,173,True,late,0,1,,,0.3616365929756084,0.946597318258587,0.06072257626283831,,0,1.1314536806829747
0,1,174,True,late,0,0,,,0.32587112637792365,0.7883415155108365,0.047689568602942975,,0,0.5628030212767476
0,1,175,True,late,0,0,,,0.20864168107773642,0.674154400631566,0.05643283232250452,,0,0.919874677088096
0,1,176,True,late,0,4,,,0.0016764706256342798,0.6741511406657641,0.08895862348944199,,0,0.8594767393118304
0,1,177,True,late,1,7,,,0.0,0.6741511406657641,0.08408400635705514,,0,0.9639961273810345
0,1,178,True,late,0,0,,,0.5605463467791904,0.9332999548898151,0.04511272470515667,,0,0.5282562026107754
0,1,179,True,late,0,0,,,0.3753630146755836,0.8786814249961238,0.09604333057979546,,0,0.3060503034939344
0,1,180,True,late,0,1,,,0.2211932856028569,0.8035508222400353,0.09731566458606787,,0,1.0431840719448195
0,1,181,True,late,0,0,,,0.15979684597306731,0.6694128137824537,0.10886306725853793,,0,0.5886234958841974
0,1,182,True,late,0,1,,,0.5889373364980124,0.21483221346712097,0.07653201653190715,,0,0.681261403030489
0,1,183,True,late,0,0,,,0.6228686833762911,0.6750721274360275,0.05008062945069351,,0,0.5802348778568968
0,1,184,True,late,0,2,,,0.09270049435952307,0.7286210554233233,0.08312816203364683,,0,0.4742235014999825
0,1,185,True,late,1,7,,,0.0,0.7286210554233233,0.11451291774992482,,0,1.1058752477178797
0,1,186,True,late,0,1,,,0.19186537757128547,0.7857097780938862,0.10625445020370398,,0,0.5271100112924646
0,1,187,True,late,0,0,,,0.1576227036000804,0.7960882827501776,0.07002174905219827,,0,0.9519249935827349
0,2,1,False,early,0,0,,,0.40085636819410814,0.7657568689958039,0.011515361182914944,,0,0.9799233295237163
0,2,2,False,early,0,0,,,0.2791740287899496,0.7718903272276643,0.031796983230766365,,0,1.1496249612612848
0,2,3,False,early,0,3,,,0.10108063018329481,0.7681460881647649,0.011049991660586669,,0,0.9752695177754535
0,2,4,False,early,0,0,,,0.0819634679535056,0.7389312738772809,0.01956002634399106,,0,0.9316516690316746
0,2,5,False,early,0,0,,,0.11008728347182911,0.6423827787839392,0.038753295589772224,,0,0.8429226506701368
0,2,6,False,early,0,0,,,0.09165894778584928,0.6230909559129807,0.07812440083717317,,0,0.8153928149986459
0,2,7,False,early,0,0,,,0.13213082196553866,0.5954411600172456,0.03500419271725654,,0,0.7499070128615728
0,2,8,False,early,0,0,,,0.04511974689953063,0.5962354967792797,0.052527173955466,,0,0.798949357140762
0,2,9,False,early,1,7,,,0.0,0.5962354967792797,0.058260341171237254,,0,0.8228326629670665
0,2,10,False,early,0,0,,,0.14812174908274114,0.4933539228950826,0.05282968145876841,,0,0.9331117531800928
0,2,11,False,early,0,0,,,0.07875056407065256,0.4905799854917218,0.037139241925570304,,0,0.8999656396261624
0,2,12,False,early,1,7,,,0.0,0.4905799854917218,0.037407204561536636,,0,1.0445231706962046
0,2,13,False,early,0,0,,,0.11892068135250482,0.4468230883797791,0.03529323616148848,,0,0.9351435435883965
0,2,14,False,early,0,0,,,0.13083275721327767,0.4841561877392986,0.029126844755163316,,0,0.8861950077568796
0,2,15,False,early,0,0,,,0.04262528098789624,0.46647741339902743,0.019452130237237946,,0,0.8192478916319704
0,2,16,False,early,0,0,,,0.23113842325318598,0.6392209145737913,0.01979225756328435,,0,1.0298826448155058
0,2,17,False,early,0,1,,,0.1936956271248019,0.6135889537371423,0.03482912655069377,,0,0.8263559642460683
0,2,18,False,early,0,0,,,0.33630976200786633,0.4303720067427873,0.049708995170477145,,0,0.776406364284825
0,2,19,False,early,0,0,,,0.11703899192191992,0.40908710324395003,0.09644112397102783,,0,0.6484105962849356
0,2,20,False,early,0,0,,,0.08823701509434784,0.41680888413524797,0.07978440338630653,,0,0.8393545845405123
0,2,21,False,early,0,0,,,0.020492140362288937,0.41714650263137437,0.10142153324837355,,0,0.7939073237765351
0,2,22,False,early,0,0,,,0.448648815721914,0.6278944566491154,0.0772262732679126,,0,1.103132277153901
0,2,23,False,early,0,4,,,0.001676470625634252,0.6275755925618861,0.02638940525220763,,0,0.9606532713170014
0,2,24,False,early,0,0,,,0.13150540844024225,0.6031550516342167,0.0644976674856477,,0,1.1696526349836929
0,2,25,False,early,0,0,,,0.13263323438549957,0.5798478661996689,0.1161836282036558,,0,1.0145362834115423
0,2,26,False,early,1,7,,,0.0,0.5798478661996689,0.07606199487930362,,0,0.6209758790619602
0,2,27,False,early,0,0,,,0.4663795948861475,0.4188662893565087,0.07320696771972615,,0,0.7758825177291655
0,2,28,False,early,0,2,,,0.044117647058823484,0.4444184873390195,0.13025188932834092,,0,0.789394218263345
0,2,29,False,early,0,0,,,0.05153692556646013,0.4215339985886406,0.07995250622500946,,0,0.7032001653462014
0,2,30,False,early,0,0,,,0.04834144446333385,0.44925421585098,0.07839101562489668,,0,0.7137869621902574
0,2,31,False,early,0,0,,,0.08500851726475132,0.4400202481765414,0.06984945972422663,,0,0.7619512518342492
0,2,32,False,early,0,0,,,0.09854412371252827,0.4347078299737573,0.08520491418851205,,0,0.5142436443846696
0,2,33,False,early,0,0,,,0.09854412371252827,0.4400202481765414,0.0699171593837206,,0,0.732531807162855
0,2,34,False,early,1,7,,,0.0,0.4400202481765414,0.08652524402497515,,0,0.8375325454439789
0,2,35,False,early,1,7,,,0.0,0.4400202481765414,0.09982225794182192,,0,0.9753014590297804
0,2,36,False,early,0,0,,,0.023235553618562565,0.430164153177274,0.0638357051183089,,0,0.5218788529181293
0,2,37,False,early,0,0,,,0.08478199863955153,0.4347771579860636,0.07265335664348874,,0,0.7421501063970207
0,2,38,False,early,0,0,,,0.09987993797101692,0.4385611544172224,0.07425244514277848,,0,0.6414446787384506
0,2,39,False,early,0,0,,,0.16119492723063952,0.4227037422896073,0.05424342442828857,,0,1.2713392908965495
0,2,40,False,early,0,0,,,0.12216039189287857,0.42015230225640254,0.053667419110405956,,0,0.6857588496183218
0,2,41,False,early,0,2,,,0.062546815265939,0.3909515758937223,0.06257251157471938,,0,0.903048805796472
0,2,42,False,early,0,0,,,0.0970528693859003,0.4063878532326625,0.03636232026317579,,0,0.47707101718712125
0,2,43,False,early,0,1,,,0.05642391081763748,0.3838778877119653,0.043623502148312066,,0,0.8793700621484473
0,2,44,False,early,0,0,,,0.4437625202756871,0.5139775257908059,0.09896788699125832,,0,0.9055700450338828
0,2,45,False,early,0,0,,,0.3356878241830557,0.3628958909016019,0.07111581170886354,,0,0.5997817091698198
0,2,46,False,early,0,0,,,0.5340093832740148,0.6564706210615217,0.08680174113746253,,0,0.9216982514585099
0,2,47,False,early,0,0,,,0.13828216962719933,0.547763322801646,0.07676969548453774,,0,0.8672861015075924
0,2,48,False,early,1,7,,,0.0,0.547763322801646,0.06539648113689961,,0,0.9557898377768429
0,2,49,False,early,0,0,,,0.14435830717864095,0.6332934565118469,0.06358254501594311,,0,0.9008237664784068
0,2,50,False,early,0,0,,,0.14435830717864095,0.547763322801646,0.04903700294805274,,0,0.8449135891160549
0,2,51,False,early,0,0,,,0.09026386681254424,0.582832161891147,0.11053308734844257,,0,0.8538976802880162
0,2,52,False,early,0,0,,,0.09026386681254424,0.547763322801646,0.0813537199859212,,0,0.8187589441220423
0,2,53,False,early,0,2,,,0.19185246611157938,0.6155422126608688,0.0569687653968929,,0,0.8315944041131046
0,2,54,False,early,0,1,,,0.30406551707707635,0.5331000130574446,0.07592806662088569,,0,0.8145189419844835
0,2,55,False,early,0,0,,,0.2006970295377746,0.5540873113988323,0.07175894840712778,,0,0.6823493151867851
0,2,56,False,early,0,0,,,0.1132012213464381,0.5558787563865232,0.11670297207536075,,0,0.7920438675391056
0,2,57,False,early,0,2,,,0.0448196451066162,0.5725376321406653,0.05020553445848762,,0,0.7566530407403165
0,2,58,False,early,0,1,,,0.08710997777037287,0.5823101751170122,0.12376909601950944,,0,0.865340302347207
0,2,59,False,early,0,0,,,0.20397815699257946,0.5214853781398577,0.0830788497493544,,0,0.8837452905288696
0,2,60,False,early,0,2,,,0.21671136150570489,0.48729433636591624,0.09609900976291959,,0,0.6718440957442011
0,2,61,False,early,0,0,,,0.26719941773168465,0.34106428478883677,0.09310962720644912,,0,0.5416753955978846
0,2,62,False,early,0,0,,,0.4106221298963306,0.3958654663955073,0.07742799705752051,,0,0.4156599354719759
0,2,63,False,early,0,1,,,0.4369915850212926,0.3091687763607253,0.0879952067245169,,0,0.4167838342123306
0,2,64,False,early,0,1,,,0.4067814662227717,0.36547305809551484,0.06204864510116784,,0,0.5334525333724668
0,2,65,False,early,0,0,,,0.38152195463856964,0.49413981881430796,0.07008042830070908,,0,0.5019380613446962
0,2,66,False,early,0,0,,,1.0650196790319428,0.8135630844703552,0.06759370188746985,,0,0.9838911835858422
0,2,67,False,early,0,0,,,1.1529672647644063,0.5201411686710521,0.08075871027163899,,0,0.6510065409656784
0,2,68,False,early,0,0,,,0.3325252240476746,0.3429872921254932,0.076390119138265,,0,0.4719305809580552
0,2,69,False,early,0,0,,,0.24439622764046823,0.4681409661093295,0.05339513028187575,,0,0.5909518825693272
0,2,70,False,early,0,0,,,0.15161782654484468,0.3254662326166453,0.04961135410226253,,0,0.7125484654063466
0,2,71,False,early,0,0,,,0.3004146610983143,0.49721929998602654,0.09345019248586671,,0,0.9575344746437654
0,2,72,False,early,0,0,,,0.08159273321519304,0.5392975428538276,0.08229851523447167,,0,0.6184154997067031
0,2,73,False,early,0,0,,,0.24483983058756728,0.5278066810471663,0.06514619822655104,,0,0.774106649090677
0,2,74,False,early,0,2,,,0.02941176470588247,0.5232801420758264,0.06550739689314977,,0,0.7781692274988704
0,2,75,False,early,0,0,,,0.38871327676414624,0.2673598965782252,0.06661188575952429,,0,0.31095478955480965
0,2,76,False,early,0,0,,,0.36515637438302195,0.4793793642965459,0.06706805291540249,,0,0.694122301824732
0,2,77,False,early,0,0,,,0.10884404268568704,0.5137081699055336,0.06397132289047804,,0,0.712742996600194
0,2,78,False,early,0,0,,,1.3699181564562606,1.1281269128897065,0.09146471642455523,,0,1.328477199383902
0,2,79,False,early,0,0,,,0.9466402983532969,1.0674271235098738,0.037966089032955376,,0,1.3684059159264557
0,2,80,False,early,0,0,,,1.031925587505002,0.2506992260120381,0.1063029338518062,,0,0.3750998729480701
0,2,81,False,early,0,0,,,0.980090909004969,1.0152285402718635,0.04985857809104208,,0,1.542091285288538
0,2,82,False,early,0,0,,,0.8191183443038699,1.2332251304741502,0.03357234560574999,,0,1.5313691075103621
0,2,83,False,early,0,1,,,0.28314892089057714,1.1141844069857265,0.09607854202927062,,0,1.6046742316073799
0,2,84,False,early,0,1,,,0.2903779614966618,1.0025160002620297,0.1142794422119098,,0,1.0341263057395191
0,2,85,False,early,0,0,,,0.448541714073727,1.0446760637693924,0.09598178143009674,,0,0.9604735859808379
0,2,86,False,early,0,0,,,0.38591405562393055,1.0281173964825894,0.06033318331138653,,0,0.9601462272428984
0,2,87,False,early,0,0,,,0.35862446102281326,1.0463141946863097,0.07698026798977063,,0,1.7558001757923485
0,2,88,False,early,0,0,,,0.07957823806990287,1.0599653412992063,0.09668379429868852,,0,0.8722126939048439
0,2,89,False,early,0,0,,,0.07607218355547125,1.0453755496270924,0.07430185010233517,,0,0.9129602440838037
0,2,90,False,early,0,0,,,0.07005058754913471,1.0023471546442628,0.08371014282909116,,0,0.874337435123307
0,2,91,False,early,0,0,,,0.025873531075334712,0.9799963779622236,0.09497845725200564,,0,1.8405576842465212
0,2,92,False,early,0,0,,,0.09402205512184085,1.0499708661696234,0.07676146219790839,,0,1.1481784684625245
0,2,93,False,early,0,0,,,0.13871504056636555,0.9336013135974701,0.05810809371848868,,0,0.8639542747963184
0,2,94,False,early,0,2,,,0.007352941176470562,0.93997869239823,0.03604677417144158,,0,0.9832034854161031
0,2,95,False,early,0,2,,,0.061777497591186524,0.8893945451511298,0.03500697840738601,,0,0.7446696024734791
0,2,96,False,early,1,7,,,0.0,0.8893945451511298,0.029751111984086656,,0,0.9107238672808501
0,2,97,False,early,0,2,,,0.030108495118847396,0.9127792227375263,0.050302274592426054,,0,0.799815604942604
0,2,98,False,early,0,1,,,0.5786153573186532,0.4601250073218209,0.03288681367679173,,0,0.48084429153699937
0,2,99,False,early,0,0,,,0.5265364560963866,0.8429729244551095,0.05706875326260601,,0,0.9073468131272477
0,2,100,False,middle,0,1,,,0.5604997322859033,1.1221510729095037,0.05238573034805902,,0,0.5640420834703425
0,2,101,False,middle,0,0,,,0.4484664600735323,0.7246541982395336,0.04259513931675957,,0,1.0941360558094066
0,2,102,False,middle,0,1,,,0.58253648628771,0.7654712023940258,0.01769442391303473,,0,0.6984752734698338
0,2,103,False,middle,0,0,,,0.3853160975942068,0.4907366516050021,0.05013630402785072,,0,0.44614203141697323
0,2,104,False,middle,0,2,,,0.06072777343937889,0.5268861021853563,0.048615356710255034,,0,0.7195452205412574
0,2,105,False,middle,0,0,,,0.6199424251510111,0.5298739421623389,0.07382038909018397,,0,0.39665848737262166
0,2,106,False,middle,0,0,,,0.38602139564083904,0.45922197446084856,0.07057355024631509,,0,0.3772744026864087
0,2,107,False,middle,0,1,,,0.4373968696682374,0.5244679405620889,0.04868931073597947,,0,0.8896226397502357
0,2,108,False,middle,0,1,,,0.020009186064887045,0.5254339518032705,0.06552351646532378,,0,0.7688350470078709
0,2,109,False,middle,0,0,,,0.09000161756775416,0.5288083171154113,0.09374658689630058,,0,1.2064049636153793
0,2,110,False,middle,0,1,,,0.6071640396942942,0.38100963920933373,0.08269574009193766,,0,0.6004042511122993
0,2,111,False,middle,1,7,,,0.0,0.38100963920933373,0.07357596327700777,,0,0.5193742127309203
0,2,112,False,middle,0,2,,,0.4580618817022963,0.5102092351580204,0.044916615637824155,,0,0.6420190841331661
0,2,113,False,middle,0,2,,,0.41412392539751747,0.3593704912026716,0.05568031551975413,,0,0.9183069744654956
0,2,114,False,middle,0,2,,,0.49092003077128843,0.5703776632740708,0.02892080576716781,,0,0.7093503649161554
0,2,115,False,middle,0,0,,,0.2554745608357227,0.5309979528591584,0.05219295638808991,,0,0.564628462229338
0,2,116,False,middle,0,0,,,0.5644948413605133,0.45085142050969157,0.088858635266638,,0,0.6771594154185187
0,2,117,False,middle,0,3,,,0.49554910436817823,0.5541352684936174,0.030719891383515257,,0,0.7057168158927247
0,2,118,False,middle,0,0,,,0.4237126930657438,0.7722096827271342,0.07270081877765328,,0,0.8835103444949077
0,2,119,False,middle,0,2,,,1.380866796172212,1.0556039207655614,0.043601634236245156,,0,1.1773105351446629
0,2,120,False,middle,0,0,,,1.3582725315000699,0.5338350004895817,0.06379472687810804,,0,0.6393580192084667
0,2,121,False,middle,0,0,,,0.14696093963488863,0.4649303114331748,0.0836344020197295,,0,0.6076067009598589
0,2,122,False,middle,0,4,,,0.20700034471279227,0.4749412195419742,0.02602665049304466,,0,0.5871308439143019
0,2,123,False,middle,0,4,,,0.41153759214432145,0.5451687561187288,0.07145302175859308,,0,0.7113735086199794
0,2,124,False,middle,0,1,,,0.04522860051886124,0.5462098980831195,0.05018805583472124,,0,0.6946656902378139
0,2,125,False,middle,0,1,,,0.03830645719799625,0.5573115672424168,0.04223355082913017,,0,0.6002069942293473
0,2,126,False,middle,0,0,,,0.2598766554766408,0.4983063549699701,0.058335955176239074,,0,0.3791904826244761
0,2,127,False,middle,0,0,,,0.2977224753789425,0.6266084317486751,0.04797041065613674,,0,0.7203434267981663
0,2,128,False,middle,0,1,,,0.17491386413327198,0.47752673246223615,0.0696850369708644,,0,0.6043705373038304
0,2,129,False,middle,0,1,,,0.6663305830286639,0.970732081334568,0.0660876033123833,,0,1.1129582418378525
0,2,130,False,middle,0,1,,,0.5851521628769843,0.5782991526874153,0.060091750576358696,,0,0.6707381306972017
0,2,131,False,middle,0,1,,,0.06544791012324228,0.5300257413420616,0.04923438974250658,,0,0.6260270172722529
0,2,132,False,middle,0,0,,,0.583962488725215,0.6525566232827341,0.05622135994879548,,0,0.9078930726294093
0,2,133,False,middle,0,0,,,0.579284243058963,0.5283582885063047,0.03570792878770165,,0,0.5306905216203692
0,2,134,False,middle,0,0,,,0.596277948625709,0.6564340243492557,0.046080074556166556,,0,0.6565314587371063
0,2,135,False,middle,0,4,,,0.07894230645220926,0.6384392286509493,0.031824077510691585,,0,0.6384845533849887
0,2,136,False,middle,0,0,,,0.8281278802826849,1.0456308401399268,0.06376012424663743,,0,1.0448866759926332
0,2,137,False,middle,0,0,,,1.541069268253198,1.0257705376326804,0.08390460242779023,,0,1.0253009379043283
0,2,138,False,middle,0,0,,,0.7545622178697617,0.3893742816440708,0.06115275245983975,,0,0.7421115498440259
0,2,139,False,middle,0,0,,,0.4184560719378743,0.24802869101566868,0.06045553601399878,,0,1.0034076723640137
0,2,140,False,middle,0,0,,,0.6159459131455006,0.5982738835834217,0.045788121763828155,,0,0.4839726220093304
0,2,141,False,middle,0,0,,,1.3979874017742808,0.9345598093404317,0.06654207111605913,,0,0.39923407193435195
0,2,142,False,middle,0,0,,,0.3089167955350116,0.9886286831694878,0.03481825372571965,,0,0.5037083030935399
0,2,143,False,middle,0,0,,,1.0121061180619613,0.33552662063046146,0.09992728535631715,,0,0.6323492530002994
0,2,144,False,middle,0,0,,,0.9676056383969155,0.9502860472915534,0.0959444561078497,,0,1.3228861404917278
0,2,145,False,middle,0,1,,,0.8854743344516511,0.34406783520246365,0.0660473587972194,,0,0.6023810499220732
0,2,146,False,middle,0,2,,,0.16330349923930346,0.3025680473567197,0.04297147012394569,,0,0.42733342662188656
0,2,147,False,middle,0,0,,,0.45349945883197923,0.34508845822522655,0.05434394317490082,,0,0.7953423949819202
0,2,148,False,middle,0,0,,,0.41927672107341873,0.31134715646033445,0.02313717604626129,,0,0.5466862658294702
0,2,149,False,middle,0,0,,,0.22710285874879055,0.4393781179091688,0.040010496237342805,,0,0.510423167338087
0,2,150,False,middle,0,0,,,0.24483883142942872,0.3823432211883172,0.047379466167502125,,0,0.8196342702384642
0,2,151,False,middle,0,0,,,0.35763206115046053,0.563118681201992,0.06816033020325599,,0,0.9799233295237163
0,2,152,False,middle,0,0,,,0.2992689632476171,0.477929438798723,0.0658957513812325,,0,1.1496249612612848
0,2,153,False,middle,0,1,,,0.42492785407202105,0.22905771787134419,0.09547820138026437,,0,0.9752695177754535
0,2,154,False,middle,0,4,,,0.05532353064593146,0.21058498845112777,0.0832408611732272,,0,0.9316516690316746
0,2,155,False,middle,0,2,,,0.09572045607116146,0.2323112296229302,0.06098815419498251,,0,0.8429226506701368
0,2,156,False,middle,0,2,,,0.26536542627431065,0.3428147658811752,0.06240180997187146,,0,0.8153928149986459
0,2,157,False,middle,0,0,,,0.2928901943400096,0.2033247826764988,0.09128108798961942,,0,0.7499070128615728
0,2,158,False,middle,0,1,,,0.16224706363267188,0.24951987989677007,0.07536113145311286,,0,0.798949357140762
0,2,159,False,middle,0,2,,,0.20325902986494176,0.3648505877712786,0.04363721864611649,,0,0.8228326629670665
0,2,160,False,middle,0,0,,,0.5059667362627857,0.725941362571023,0.033792159748362985,,0,0.9331117531800928
0,2,161,False,middle,0,0,,,0.39129221023961436,0.580412758041404,0.09177164230847996,,0,0.8999656396261624
0,2,162,False,middle,0,0,,,0.3380069958194721,0.8345040465840083,0.10583406872241018,,0,1.0445231706962046
0,2,163,False,middle,0,0,,,0.23254909122608147,0.8473216229314623,0.09803152517186559,,0,0.9351435435883965
0,2,164,False,middle,0,0,,,0.2816648214923286,0.7111055101798243,0.1124573722705029,,0,0.8861950077568796
0,2,165,False,middle,0,0,,,0.9910993978088002,0.4389483779080918,0.09325705423776291,,0,0.8192478916319704
0,2,166,False,middle,0,0,,,1.0492747606961565,0.8047693948785547,0.042740990510501314,,0,1.0298826448155058
0,2,167,False,middle,0,0,,,0.3316096942727792,0.6656100925213809,0.015679947528620248,,0,0.8263559642460683
0,2,168,False,middle,1,7,,,0.0,0.6656100925213809,0.06261633878494847,,0,0.776406364284825
0,2,169,False,middle,0,0,,,0.8884518425113933,0.4257893196560106,0.05251809239508586,,0,0.6484105962849356
0,2,170,False,middle,0,0,,,0.550802512883277,0.5468344940430604,0.13020567581793432,,0,0.8393545845405123
0,2,171,False,middle,0,0,,,1.2898655591355095,0.8614803063144747,0.08648061929736318,,0,0.7939073237765351
0,2,172,False,middle,0,0,,,0.22621441701748773,0.929653696587918,0.07708263534527733,,0,1.103132277153901
0,2,173,False,middle,0,0,,,0.41152925601674906,0.7286194850169123,0.09209607092424889,,0,0.9606532713170014
0,2,174,False,middle,0,0,,,1.2540518712871656,0.8527062884423444,0.13384782063590625,,0,1.1696526349836929
0,2,175,False,middle,0,1,,,1.3010872633814876,0.7683384425778662,0.03238810205789351,,0,1.0145362834115423
0,2,176,False,middle,0,0,,,0.5197928292016257,0.45978217744711847,0.04051319467368278,,0,0.6209758790619602
0,2,177,False,middle,0,0,,,0.4483103348157809,0.7753349679104491,0.06682362431584388,,0,0.7758825177291655
0,2,178,False,middle,0,0,,,0.20197081759597627,0.7870083363070266,0.09285809401088552,,0,0.789394218263345
0,2,179,False,middle,0,1,,,0.34277463559128596,0.6584693488577147,0.07500984132902971,,0,0.7032001653462014
0,2,180,False,middle,0,4,,,0.04068503159107637,0.6603422818779536,0.13425663568796944,,0,0.7137869621902574
0,2,181,False,middle,0,0,,,0.3073770803081343,0.7569966093828459,0.07918533516561051,,0,0.7619512518342492
0,2,182,False,middle,0,1,,,0.5154057366643623,0.5812604751677874,0.10240729872466231,,0,0.5142436443846696
0,2,183,False,middle,0,1,,,0.5125637158228377,0.6710206986220246,0.06384039076335443,,0,0.732531807162855
0,2,184,False,middle,0,1,,,0.24756450608330044,0.7769934535354203,0.029330452313371527,,0,0.8375325454439789
0,2,185,False,middle,0,1,,,1.1367592608221337,0.6533661544540552,0.09095109422844026,,0,0.9753014590297804
0,2,186,False,middle,0,2,,,0.48583751813535053,0.1778927566979949,0.04818112623370922,,0,0.5218788529181293
0,2,187,False,middle,0,0,,,0.7373081109322142,0.6627817432584682,0.06041540357861133,,0,0.7421501063970207
0,2,188,False,middle,0,0,,,0.37961559423126096,0.5823807296653518,0.02155114906737091,,0,0.6414446787384506
0,2,189,False,middle,0,0,,,0.9827027316770353,1.009111698713546,0.07510667248663522,,0,1.2713392908965495
0,2,190,False,middle,0,1,,,0.9423919617424984,0.4743019566922289,0.07184901888234256,,0,0.6857588496183218
0,2,191,False,middle,0,0,,,0.705443696448513,0.6202798927656568,0.05102270510390391,,0,0.903048805796472
0,2,192,False,middle,0,0,,,0.5640516313946925,0.21518870955313002,0.0793093216573198,,0,0.47707101718712125
0,2,193,False,middle,0,0,,,0.8119379129201028,0.8067311378546491,0.05683976107264296,,0,0.8793700621484473
0,2,194,False,middle,0,1,,,0.6041069440419148,0.4995616572578207,0.03142981286947972,,0,0.9055700450338828
0,2,195,False,middle,0,1,,,0.32539997066624365,0.43427088367596356,0.055977391200463085,,0,0.5997817091698198
0,2,196,False,middle,0,0,,,0.2892053568678214,0.47186943943182535,0.09172549456959676,,0,0.9216982514585099
0,2,197,False,middle,0,0,,,0.8884808353323983,0.5786407487482913,0.04069529241611687,,0,0.8672861015075924
0,2,198,False,middle,0,0,,,0.9191796055984728,0.569585419360761,0.08348954719856858,,0,0.9557898377768429
0,2,199,False,middle,0,0,,,0.7911689475806706,0.45199231494576503,0.08235090530105704,,0,0.9008237664784068
0,2,200,False,late,0,2,,,0.12115330821554442,0.4677332075187152,0.04856744937768576,,0,0.8449135891160549
0,2,201,False,late,0,2,,,0.10575638209348825,0.4577574685999733,0.05572829430255618,,0,0.8538976802880162
0,2,202,False,late,1,7,,,0.0,0.4577574685999733,0.06375742858622147,,0,0.8187589441220423
0,2,203,False,late,0,4,,,0.07842950353592305,0.4465555823227482,0.0883256716892604,,0,0.8315944041131046
0,2,204,False,late,0,0,,,0.7853360646890148,0.49990345090227534,0.05937715601967588,,0,0.8145189419844835
0,2,205,False,late,0,1,,,0.4546675385451081,0.3530560639451893,0.059249956891457393,,0,0.6823493151867851
0,2,206,False,late,0,2,,,0.4416060782378865,0.47886113026594507,0.025833429598318094,,0,0.7920438675391056
0,2,207,False,late,0,1,,,0.33578185176957215,0.3665206638587376,0.03318497375923031,,0,0.7566530407403165
0,2,208,False,late,0,1,,,0.3725144698868794,0.49327445030328415,0.04410484270270249,,0,0.865340302347207
0,2,209,False,late,0,1,,,0.47645627805418483,0.5442224479094153,0.06089991884185161,,0,0.8837452905288696
0,2,210,False,late,0,0,,,0.45900023267275425,0.29957329278785827,0.09719793175742228,,0,0.6718440957442011
0,2,211,False,late,0,1,,,0.4060035568578732,0.3713313946189146,0.10583239687433432,,0,0.5416753955978846
0,2,212,False,late,0,1,,,0.35459485006214453,0.14108305266424773,0.02097690351062588,,0,0.4156599354719759
0,2,213,False,late,0,1,,,0.1680424503191463,0.20926148288022317,0.028291354653519337,,0,0.4167838342123306
0,2,214,False,late,0,1,,,0.3103839448444711,0.29737366484208605,0.03451198869780675,,0,0.5334525333724668
0,2,215,False,late,0,1,,,0.31330405687254986,0.21149353514128483,0.02196962577100569,,0,0.5019380613446962
0,2,216,False,late,0,1,,,0.41634915690334423,0.3860365180405246,0.03846801489383815,,0,0.9838911835858422
0,2,217,False,late,0,1,,,0.16479532956858564,0.26139799534617475,0.01324864486928865,,0,0.6510065409656784
0,2,218,False,late,0,1,,,0.3387215175032473,0.22883365299973593,0.051269493855924074,,0,0.4719305809580552
0,2,219,False,late,0,1,,,0.07170228595297004,0.19731646169290742,0.055008624342391794,,0,0.5909518825693272
0,2,220,False,late,0,1,,,0.5707629142949404,0.5559337173162765,0.05773422740215416,,0,0.7125484654063466
0,2,221,False,late,0,2,,,0.1598467143154171,0.659153657673263,0.07204061601648377,,0,0.9575344746437654
0,2,222,False,late,0,1,,,0.6701775693514969,0.12242960119032174,0.07008722609791053,,0,0.6184154997067031
0,2,223,False,late,0,1,,,0.3686749050798238,0.39593739014149704,0.06184681382143693,,0,0.774106649090677
0,2,224,False,late,0,3,,,0.09770551224338694,0.39650949501365934,0.0198084967447316,,0,0.7781692274988704
0,2,225,False,late,0,2,,,0.3157060419682825,0.19921017283064726,0.0643061818893498,,0,0.31095478955480965
0,2,226,False,late,0,1,,,0.2565975461727081,0.30884765831175437,0.03700634273899624,,0,0.694122301824732
0,2,227,False,late,1,7,,,0.0,0.30884765831175437,0.018096418685249183,,0,0.712742996600194
0,2,228,False,late,0,2,,,0.11477812462371091,0.3315658819048196,0.032098985129906776,,0,1.328477199383902
0,2,229,False,late,1,7,,,0.0,0.3315658819048196,0.0553550312342298,,0,1.3684059159264557
0,2,230,False,late,0,1,,,0.14809413026578863,0.26814192561192307,0.05547461884754282,,0,0.3750998729480701
0,2,231,False,late,0,2,,,0.31124982222416336,0.5573655300987229,0.08568951389442134,,0,1.542091285288538
0,2,232,False,late,0,1,,,0.21257754635784656,0.3570659271241494,0.06203334795223056,,0,1.5313691075103621
0,2,233,False,late,0,1,,,0.22378962591865004,0.5519781292750844,0.10478967129417834,,0,1.6046742316073799
0,2,234,False,late,0,1,,,0.7825411755890848,0.3631155796537068,0.08808836796949365,,0,1.0341263057395191
0,2,235,False,late,0,5,,,0.26141470612848505,0.38145117577004445,0.0322263727197545,,0,0.9604735859808379
0,2,236,False,late,0,1,,,0.7488560964207606,0.48176616761539603,0.03222079361310984,,0,0.9601462272428984
0,2,237,False,late,0,1,,,0.9915938998645056,0.8224910386068852,0.07349180900451978,,0,1.7558001757923485
0,2,238,False,late,0,1,,,1.127060201727661,0.4547940433807708,0.09149374686470009,,0,0.8722126939048439
0,2,239,False,late,0,1,,,0.417453153255789,0.4101627181629172,0.07339363641475294,,0,0.9129602440838037
0,2,240,False,late,1,7,,,0.0,0.4101627181629172,0.02275254836495111,,0,0.874337435123307
0,2,241,False,late,0,1,,,1.092563440625651,0.915801766139408,0.041832091162791005,,0,1.8405576842465212
0,2,242,False,late,0,0,,,0.9028625628909701,0.37438622111362807,0.0768831312378131,,0,1.1481784684625245
0,2,243,False,late,0,0,,,1.2574647252328222,0.9325321612481015,0.12096461339778683,,0,0.8639542747963184
0,2,244,False,late,0,2,,,0.21440332634569345,0.8560817731710064,0.050516557283760914,,0,0.9832034854161031
0,2,245,False,late,0,1,,,1.0816921391525716,0.4394331945708684,0.08060964309307382,,0,0.7446696024734791
0,2,246,False,late,0,1,,,0.28218677675589127,0.27610940965754116,0.05226117556163386,,0,0.9107238672808501
0,2,247,False,late,0,2,,,0.3723938972240881,0.39088387993827955,0.07614092335058951,,0,0.799815604942604
0,2,248,False,late,0,2,,,0.31378487778650266,0.28335352589807866,0.03834364384905395,,0,0.48084429153699937
0,2,249,False,late,0,1,,,1.0570971269119132,0.8599487685772436,0.06882345928255285,,0,0.9073468131272477
0,2,250,False,late,0,1,,,0.15220327612946008,0.9027097927914323,0.0359934927543305,,0,0.5640420834703425
0,2,251,False,late,0,1,,,1.2466332203936374,0.3949190991751838,0.08589310479534476,,0,1.0941360558094066
0,2,252,False,late,0,1,,,0.5081388726180445,0.28011521480036494,0.05988143141225449,,0,0.6984752734698338
0,2,253,False,late,0,4,,,0.11292096123323397,0.3023934332077523,0.04412342770804597,,0,0.44614203141697323
0,2,254,False,late,0,1,,,0.49230854012623426,0.2587360792425515,0.021060523789789672,,0,0.7195452205412574
0,2,255,False,late,0,1,,,0.5607781649330236,0.4099113218625169,0.01280767171228846,,0,0.39665848737262166
0,2,256,False,late,0,2,,,0.38235055927738343,0.28340155213938667,0.05850794495311597,,0,0.3772744026864087
0,2,257,False,late,0,1,,,0.5579438812744525,0.4460653722034756,0.048892208578020735,,0,0.8896226397502357
0,2,258,False,late,0,1,,,0.2844591099064754,0.34327980368910904,0.05631031606976741,,0,0.7688350470078709
0,2,259,False,late,0,1,,,0.5008639241575378,0.7797948398323902,0.052549763355843486,,0,1.2064049636153793
0,2,260,False,late,0,1,,,1.3126145249635783,0.895859927081053,0.07644646866536314,,0,0.6004042511122993
0,2,261,False,late,0,1,,,0.25798498005138387,0.7386394185785434,0.011867371383865866,,0,0.5193742127309203
0,2,262,False,late,0,1,,,0.9188410238927724,0.28620262579416117,0.07402771162273791,,0,0.6420190841331661
0,2,263,False,late,0,1,,,1.0441767590063733,0.8412823141196262,0.046384066876637826,,0,0.9183069744654956
0,2,264,False,late,0,2,,,0.7048692938565735,0.153541276715054,0.03433846757039934,,0,0.7093503649161554
0,2,265,False,late,0,1,,,0.3723278597783913,0.28620262579416117,0.06035833147454856,,0,0.564628462229338
0,2,266,False,late,0,1,,,0.3882514718569194,0.4493623407055414,0.050684607369025525,,0,0.6771594154185187
0,2,267,False,late,0,2,,,0.3938436211627566,0.28340155213938667,0.03202146834313758,,0,0.7057168158927247
0,2,268,False,late,1,7,,,0.0,0.28340155213938667,0.020547285323270284,,0,0.8835103444949077
0,2,269,False,late,0,1,,,1.0573207484353124,0.8467522648989061,0.08218911201473873,,0,1.1773105351446629
0,2,270,False,late,0,1,,,1.0573207484353124,0.28340155213938667,0.0617868132751773,,0,0.6393580192084667
0,2,271,False,late,1,7,,,0.0,0.28340155213938667,0.07473781443971005,,0,0.6076067009598589
0,2,272,False,late,0,1,,,0.3681503865893646,0.1454409727551962,0.0691144620754861,,0,0.5871308439143019
0,2,273,False,late,0,1,,,0.4061655531375644,0.3203070324819382,0.030583465044666858,,0,0.7113735086199794
0,2,274,False,late,0,2,,,0.02941176470588247,0.33804555277273945,0.038455445286715094,,0,0.6946656902378139
0,2,275,False,late,0,5,,,0.38407852977338963,0.44546244975750576,0.05229772751469552,,0,0.6002069942293473
0,2,276,False,late,1,7,,,0.0,0.44546244975750576,0.017017786411512005,,0,0.3791904826244761
0,2,277,False,late,0,2,,,0.22264434151379686,0.28950749915658613,0.04340838123959613,,0,0.7203434267981663
0,2,278,False,late,1,7,,,0.0,0.28950749915658613,0.03522778746707921,,0,0.6043705373038304
0,2,279,False,late,1,7,,,0.0,0.28950749915658613,0.04778962314076677,,0,1.1129582418378525
0,2,280,False,late,1,7,,,0.0,0.28950749915658613,0.05059461345827925,,0,0.6707381306972017
0,2,281,False,late,1,7,,,0.0,0.28950749915658613,0.050602699710867026,,0,0.6260270172722529
0,2,282,False,late,0,2,,,0.18655589210268303,0.4167834681044909,0.06964194544654757,,0,0.9078930726294093
0,2,283,False,late,0,1,,,0.41859384633772245,0.0433074939539923,0.04172758447145201,,0,0.5306905216203692
0,2,284,False,late,1,7,,,0.0,0.0433074939539923,0.059401637392689284,,0,0.6565314587371063
0,2,285,False,late,1,7,,,0.0,0.0433074939539923,0.05716832205193231,,0,0.6384845533849887
0,2,286,False,late,1,7,,,0.0,0.0433074939539923,0.08038796046868601,,0,1.0448866759926332
0,2,287,False,late,1,7,,,0.0,0.0433074939539923,0.08101577915238323,,0,1.0253009379043283
0,2,288,False,late,0,1,,,0.37853035288993025,0.376813864653567,0.08839861976808851,,0,0.7421115498440259
0,2,289,False,late,0,1,,,0.9802006295591346,0.8295385744742229,0.07611402598678636,,0,1.0034076723640137
0,2,290,False,late,0,1,,,1.2531345205534261,0.4766489597105619,0.06123447318754882,,0,0.4839726220093304
0,2,291,False,late,0,1,,,0.9976428216253668,0.5620738979902964,0.05445963625039963,,0,0.39923407193435195
0,2,292,False,late,0,3,,,0.08244791798645348,0.5521722381267928,0.03957189695995093,,0,0.5037083030935399
0,2,293,False,late,0,3,,,0.05281783417125934,0.5565099420270575,0.09714969170247038,,0,0.6323492530002994
0,2,294,False,late,0,1,,,0.9629066341701195,0.4205788851178857,0.05032086911278647,,0,1.3228861404917278
0,2,295,False,late,0,1,,,0.5127045224924496,0.36258868715891235,0.03956512221167589,,0,0.6023810499220732
0,2,296,False,late,0,5,,,0.2051100001931191,0.2805152679569387,0.05114048149545686,,0,0.42733342662188656
0,2,297,False,late,0,1,,,0.6279095826864461,0.4766708562242204,0.053547319012099574,,0,0.7953423949819202
0,2,298,False,late,0,3,,,0.35407850762146975,0.42524055303241654,0.038829064344668915,,0,0.5466862658294702
0,2,299,False,late,0,3,,,0.35222931636295857,0.47587715001518266,0.039658750510457544,,0,0.510423167338087
0,3,1,True,early,0,0,,,0.2674568241527646,0.7346942654491967,0.02029732936967044,,0,0.40430054171912017
0,3,2,True,early,0,0,,,0.07247386300945984,0.7445120772325393,0.03468444879604318,,0,0.4181200556250514
0,3,3,True,early,0,0,,,0.08459346647002046,0.813580374157815,0.06376241914022827,,0,0.4350204999351885
0,3,4,True,early,0,0,,,0.07575231855144306,0.7955519530424677,0.030833738448643646,,0,0.429653095025677
0,3,5,True,early,0,0,,,0.18922109761405223,0.6956727032503015,0.020083206530496972,,0,0.42918579700291254
0,3,6,True,early,0,0,,,0.03850128161549809,0.6945665338618312,0.034779371776724965,,0,0.4330968943526966
0,3,7,True,early,0,2,,,0.08861908684909056,0.6966458417102426,0.061851074182713066,,0,0.42360513349323353
0,3,8,True,early,0,2,,,0.11620193364661258,0.6934197979125488,0.04371941199013635,,0,0.41722999961474316
0,3,9,True,early,0,2,,,0.04119549426702251,0.6914167949725303,0.050926366023042784,,0,0.430034124076739
0,3,10,True,early,0,0,,,0.10795137009583974,0.607670980388691,0.049153139497768394,,0,0.47099703276359356
0,3,11,True,early,1,7,,,0.0,0.607670980388691,0.03795612020084143,,0,0.5838353850894363
0,3,12,True,early,0,0,,,0.08314393549684451,0.546237487883233,0.03785487311643647,,0,0.6446627992490942
0,3,13,True,early,0,0,,,0.07503989451956841,0.49491452905786,0.054089028105442256,,0,0.5950466114878932
0,3,14,True,early,0,0,,,0.06426409648456527,0.4646683807561844,0.047349016247543556,,0,0.6217744013406716
0,3,15,True,early,0,0,,,0.2020351990074818,0.40511551444555344,0.06920456654478331,,0,0.5497698879927637
0,3,16,True,early,1,7,,,0.0,0.40511551444555344,0.028610095190009528,,0,0.4900237464589522
0,3,17,True,early,1,7,,,0.0,0.40511551444555344,0.052204302590561136,,0,0.4939244806608299
0,3,18,True,early,0,0,,,0.1339631203340807,0.40974017912445715,0.056670570312949704,,0,0.47079229142693874
0,3,19,True,early,0,0,,,0.026015249373540234,0.3972021805865204,0.09805818443130662,,0,0.5536793155999143
0,3,20,True,early,0,2,,,0.044163451290087266,0.42094312897091163,0.057976410905273966,,0,0.46422674999261043
0,3,21,True,early,0,0,,,0.08281721944443253,0.45330106004113085,0.058669919852066044,,0,0.48348960784830913
0,3,22,True,early,0,5,,,0.008043529419337947,0.4590798321687191,0.055034429746737966,,0,0.45257221854346563
0,3,23,True,early,1,7,,,0.0,0.4590798321687191,0.05865301772243174,,0,0.4401938382363562
0,3,24,True,early,0,2,,,0.009510971272667153,0.46792798820414216,0.07264643296037958,,0,0.44714991369707974
0,3,25,True,early,0,2,,,0.007352941176470562,0.4724698888991785,0.09984449555097008,,0,0.4782110940775929
0,3,26,True,early,1,7,,,0.0,0.4724698888991785,0.052764636793948105,,0,0.4820761059023368
0,3,27,True,early,0,2,,,0.03725636092294559,0.49210414500986804,0.05412144448426009,,0,0.6073500591818648
0,3,28,True,early,1,7,,,0.0,0.49210414500986804,0.10304301171620484,,0,0.8158887572864034
0,3,29,True,early,0,1,,,0.023354965014684738,0.5098899251100284,0.06178933909738691,,0,0.6985472944262388
0,3,30,True,early,0,1,,,0.05348901707441815,0.5412996814256337,0.06678171035183934,,0,0.875900804078192
0,3,31,True,early,0,1,,,0.013079042002779427,0.5354216203300848,0.09537371486476971,,0,0.9637968846121721
0,3,32,True,early,0,4,,,0.027367997389153603,0.528360552315435,0.07734198952521143,,0,0.9376281312659371
0,3,33,True,early,0,2,,,0.01723871655566976,0.5429180019667479,0.09448075763705523,,0,0.5556441170642739
0,3,34,True,early,0,1,,,0.030989169246126592,0.5382886479437202,0.0892481877512659,,0,0.5675934007128127
0,3,35,True,early,0,4,,,0.017817076260327486,0.5375140724120295,0.061607310681359016,,0,0.4864575661437719
0,3,36,True,early,0,1,,,0.026356172650226817,0.5371203047085773,0.0697615937542763,,0,0.9836448762077451
0,3,37,True,early,0,1,,,0.02319194730387007,0.5447626650559271,0.07600456417916043,,0,1.0765629187764094
0,3,38,True,middle,0,2,,,0.3663607484249956,0.689285744269287,0.0887084616661653,,0,0.9639670742705763
0,3,39,True,middle,0,1,,,0.393130260789654,0.5606870928802921,0.04373277152963811,,0,1.1500446479514357
0,3,40,True,middle,0,2,,,0.038130913324741174,0.566062102150138,0.061714634850543224,,0,1.150627001864652
0,3,41,True,middle,0,1,,,0.24451236791699077,0.4315686141339326,0.09028087748618209,,0,1.282897238547839
0,3,42,True,middle,0,0,,,0.14067960064695217,0.39203071024483716,0.10494282211009666,,0,1.2784204810112056
0,3,43,True,middle,0,0,,,0.1804179744553076,0.41159402726704214,0.08307091603440657,,0,1.0560934573954393
0,3,44,True,middle,0,0,,,0.17682712178301785,0.41587730318543886,0.050259012109460474,,0,1.2622521014686237
0,3,45,True,middle,0,2,,,0.13925834321951827,0.3635739990023345,0.08014127806278001,,0,1.2509409046271507
0,3,46,True,middle,0,2,,,0.10873619811768376,0.38729496202909774,0.06031248188530878,,0,1.2790333726314518
0,3,47,True,middle,0,2,,,0.01648742288469608,0.38772357280253855,0.027686961226257845,,0,1.2743746842400376
0,3,48,True,middle,0,0,,,0.3213524847341315,0.48986216552687173,0.021768883159472417,,0,1.508712213490059
0,3,49,True,middle,0,0,,,0.10142972167001872,0.47103224533064847,0.03344488457066563,,0,1.5377169884498783
0,3,50,True,middle,0,0,,,0.0934233058336055,0.5535229493784997,0.044252983257056185,,0,1.4994244285767009
0,3,51,True,middle,0,0,,,0.18411259748498754,0.5971100976475467,0.06212438832770055,,0,1.6766889383205463
0,3,52,True,middle,0,0,,,0.10290385264884366,0.5849775520421406,0.08973846805853564,,0,1.6168341187541513
0,3,53,True,middle,0,0,,,0.18219231701937447,0.6272409022510241,0.062378042851751296,,0,1.564050020028296
0,3,54,True,middle,0,1,,,0.1969006847121851,0.6204625475189378,0.10468441613281723,,0,1.6618314793362812
0,3,55,True,middle,0,1,,,0.1969006847121851,0.6272409022510241,0.08819143469651097,,0,1.5600484103804113
0,3,56,True,middle,0,0,,,0.0877118364968182,0.6698484849433506,0.029092962300386386,,0,0.35185161204445475
0,3,57,True,middle,0,0,,,0.05351788042542449,0.7145551504881834,0.03699823134090193,,0,0.40430054171912017
0,3,58,True,middle,0,0,,,0.05259509425759892,0.7602322406618404,0.03779164036993784,,0,0.4181200556250514
0,3,59,True,middle,1,7,,,0.0,0.7602322406618404,0.033172626534628796,,0,0.4350204999351885
0,3,60,True,middle,0,0,,,0.031648601030323506,0.788618291215066,0.04545900000843856,,0,0.429653095025677
0,3,61,True,middle,0,0,,,0.21829008109705783,0.7544418962769607,0.07662099778433284,,0,0.42918579700291254
0,3,62,True,middle,0,0,,,0.20631927721178464,0.8022385646898482,0.05590503864297558,,0,0.4330968943526966
0,3,63,True,middle,0,1,,,0.0638115314784507,0.7977084686258307,0.04530909227221006,,0,0.42360513349323353
0,3,64,True,middle,0,0,,,0.20485300202389697,0.7372613817909152,0.06662315222853663,,0,0.41722999961474316
0,3,65,True,middle,1,7,,,0.0,0.7372613817909152,0.07660343395853349,,0,0.430034124076739
0,3,66,True,middle,0,0,,,0.1244763754853837,0.6805085866139133,0.11251304822155601,,0,0.47099703276359356
0,3,67,True,middle,0,0,,,0.44038433145080524,0.3903835945995449,0.08130041523881497,,0,0.5838353850894363
0,3,68,True,middle,0,0,,,0.2114129379315626,0.39849893171552203,0.04944377124881879,,0,0.6446627992490942
0,3,69,True,middle,0,1,,,0.06481720279809593,0.3867496476625479,0.06828747943586791,,0,0.5950466114878932
0,3,70,True,middle,0,0,,,0.08976638183886233,0.40982372496027897,0.05329039796458383,,0,0.6217744013406716
0,3,71,True,middle,0,0,,,0.0873350278423914,0.4431629245039097,0.052950438075142166,,0,0.5497698879927637
0,3,72,True,middle,0,1,,,0.19904526329896838,0.28321692322987924,0.04325296125226814,,0,0.4900237464589522
0,3,73,True,middle,0,1,,,0.01908331000525719,0.2970717373198919,0.02295490231415644,,0,0.4939244806608299
0,3,74,True,middle,0,1,,,0.10570713853852737,0.30394521862093765,0.043519284398675376,,0,0.47079229142693874
0,3,75,True,late,0,0,,,0.22205230119712907,0.46182637890086736,0.0760938220418235,,0,0.5536793155999143
0,3,76,True,late,0,0,,,0.14531644375344113,0.3653089300756447,0.061913178415976426,,0,0.46422674999261043
0,3,77,True,late,0,0,,,0.050724623960644005,0.34437937089194665,0.06456431550342513,,0,0.48348960784830913
0,3,78,True,late,0,0,,,0.08842756416444873,0.2915842956398294,0.08153110149632611,,0,0.45257221854346563
0,3,79,True,late,0,0,,,0.04678688665909204,0.26159576621478997,0.07347899262133803,,0,0.4401938382363562
0,3,80,True,late,1,7,,,0.0,0.26159576621478997,0.08384393750085571,,0,0.44714991369707974
0,3,81,True,late,0,1,,,0.03594427421346589,0.28526860924325786,0.07913580934058935,,0,0.4782110940775929
0,3,82,True,late,0,0,,,0.048224226849328256,0.29559405730172394,0.07409643593927884,,0,0.4820761059023368
0,3,83,True,late,0,1,,,0.20858127396931614,0.49606602433890573,0.09164332302309239,,0,0.6073500591818648
0,3,84,True,late,0,0,,,1.0459781879175991,1.0182478270367719,0.06047684668643263,,0,0.8158887572864034
0,3,85,True,late,0,0,,,0.9286545242441377,0.7422828547690873,0.06908121591069878,,0,0.6985472944262388
0,3,86,True,late,0,0,,,1.0852905308064607,1.0908266714679355,0.07935387462842003,,0,0.875900804078192
0,3,87,True,late,0,0,,,0.13213548184169344,1.1482065671025474,0.11521038270476382,,0,0.9637968846121721
0,3,88,True,late,0,0,,,0.1466787105047393,1.1408318528024501,0.08373878468408515,,0,0.9376281312659371
0,3,89,True,late,0,0,,,1.113167343853688,0.17081814870868647,0.09240957785248931,,0,0.5556441170642739
0,3,90,True,late,0,0,,,0.06163545655586817,0.22727320809553958,0.038614738888566764,,0,0.5675934007128127
0,3,91,True,late,0,0,,,0.3596402272779917,0.28526860924325786,0.048152770271722274,,0,0.4864575661437719
0,3,92,True,late,0,0,,,1.1931246638964093,1.1317693331916467,0.025576044866051827,,0,0.9836448762077451
0,3,93,True,late,0,0,,,0.6778367836214741,1.2589649944909485,0.013317541566900869,,0,1.0765629187764094
0,3,94,True,late,0,0,,,0.030221009124806415,1.2627909227068719,0.057206821580966946,,0,0.9639670742705763
0,3,95,True,late,0,0,,,0.15568861923594968,1.2809175463410225,0.07448214585469824,,0,1.1500446479514357
0,3,96,True,late,1,7,,,0.0,1.2809175463410225,0.08585660344688835,,0,1.150627001864652
0,3,97,True,late,0,0,,,0.30447701176706427,1.3625876627379137,0.1014428957596386,,0,1.282897238547839
0,3,98,True,late,0,0,,,0.30447701176706427,1.2809175463410225,0.13150731125667045,,0,1.2784204810112056
0,3,99,True,late,0,0,,,0.30557262517932243,1.1636920494770955,0.13547550404993686,,0,1.0560934573954393
0,3,100,True,late,0,0,,,0.23668871412861037,1.2808064578324625,0.11876244517064462,,0,1.2622521014686237
0,3,101,True,late,0,0,,,0.031929440345468255,1.26773070215238,0.11498233908973554,,0,1.2509409046271507
0,3,102,True,late,0,2,,,0.08463933029925708,1.307093866080922,0.08958752682454005,,0,1.2790333726314518
0,3,103,True,late,1,7,,,0.0,1.307093866080922,0.1022169055241063,,0,1.2743746842400376
0,3,104,True,late,0,2,,,0.08480928286334173,1.2775413686613077,0.18081134944388413,,0,1.508712213490059
0,3,105,True,late,0,0,,,0.0798913569839771,1.2909428095892723,0.17618242782849025,,0,1.5377169884498783
0,3,106,True,late,0,0,,,0.1771072590604156,1.2075501021640136,0.14537272357349565,,0,1.4994244285767009
0,3,107,True,late,0,0,,,0.08551941936371939,1.2689513070252092,0.12903455615743617,,0,1.6766889383205463
0,3,108,True,late,0,3,,,0.05208284112908482,1.270121132282684,0.12929496053885156,,0,1.6168341187541513
0,3,109,True,late,0,0,,,0.24562076409995243,1.1015728586939728,0.16643128974538574,,0,1.564050020028296
0,3,110,True,late,0,0,,,0.257769848979971,1.2617089745059928,0.14958706950786188,,0,1.6618314793362812
0,3,111,True,late,0,0,,,0.2632334614966979,1.0975033982267988,0.1120623086616775,,0,1.5600484103804113
0,4,1,True,early,0,0,,,0.0981479991589559,0.42309098392207395,0.019556800090690246,,0,0.32927306279784
0,4,2,True,early,0,1,,,0.16836007545015821,0.49112386189395263,0.018890038512818178,,0,0.4284992391467017
0,4,3,True,early,0,0,,,0.4035734454752654,0.6019546091841482,0.05292851076508834,,0,0.3995049438837897
0,4,4,True,early,0,0,,,0.3831893512557481,0.608045425897967,0.022635065076088184,,0,0.3019332927159262
0,4,5,True,early,0,0,,,0.3894734963224196,0.6136653998394004,0.036273306994534765,,0,0.35921394394855855
0,4,6,True,early,0,0,,,0.09069944079867552,0.5891408342168635,0.012649855409441536,,0,0.30123481403177516
0,4,7,True,early,0,0,,,0.20150036350292985,0.6558031871421729,0.01464808269044556,,0,0.29718568151886104
0,4,8,True,early,0,3,,,0.04023484707686325,0.6635492975713788,0.014716204342609672,,0,0.45618142511871
0,4,9,True,early,0,1,,,0.0696315361885835,0.645976139602879,0.0556837678842428,,0,0.4929402663869855
0,4,10,True,early,0,0,,,0.18683558688575969,0.5914482004177356,0.06444167257101435,,0,0.5954167937224606
0,4,11,True,early,0,0,,,0.17163167372002494,0.5276877893533951,0.029433722067824884,,0,0.5597591499087982
0,4,12,True,early,0,0,,,0.13626758722676235,0.5033072190319854,0.03717755379879105,,0,0.6183764050632947
0,4,13,True,early,0,4,,,0.02423347617023459,0.5095229637673564,0.04410783968937001,,0,0.6146078689333874
0,4,14,True,early,0,4,,,0.02166605886542965,0.5031341162024382,0.06218708373456933,,0,0.44805850764011623
0,4,15,True,early,0,0,,,0.044984351731369235,0.5349661048471356,0.038909706006537155,,0,0.44523447497303587
0,4,16,True,early,0,0,,,0.12053217198544158,0.5155400794445721,0.06269872377948903,,0,0.34529951902048145
0,4,17,True,early,0,0,,,0.1202541853786441,0.536738589175416,0.049725932383299074,,0,0.42137884357130906
0,4,18,True,early,0,0,,,0.20586957275027254,0.383133152584,0.0144286828949719,,0,0.37692545592822796
0,4,19,True,early,0,3,,,0.022600874113483365,0.38883567776838035,0.021038538948394886,,0,0.383063583490097
0,4,20,True,early,0,4,,,0.042594816747474076,0.39813622765970297,0.06465758321662067,,0,0.4869827985472991
0,4,21,True,early,0,0,,,0.1454660714662679,0.43555221156078316,0.08483419431094524,,0,0.5646143613268411
0,4,22,True,early,0,0,,,0.29475649392223396,0.3968241343724257,0.047049825235548,,0,0.5190027599524689
0,4,23,True,early,0,0,,,0.1472719745050508,0.39853250063723206,0.07857799869069484,,0,0.5598956372758188
0,4,24,True,early,0,0,,,0.13212307865788075,0.37818120340762185,0.06494231340892281,,0,0.4117075707436734
0,4,25,True,early,0,0,,,0.24166264518250002,0.3835687755012359,0.06452480806694305,,0,0.3654477663032386
0,4,26,True,early,0,0,,,0.16503265154704538,0.3416518619340707,0.06613598421690958,,0,0.5151272910921583
0,4,27,True,early,0,0,,,0.147109380442362,0.3773456720473048,0.06756423504654176,,0,0.4275092110218684
0,4,28,True,early,0,0,,,0.14836841111191487,0.34464464323149246,0.08885379964265859,,0,0.5264246702453932
0,4,29,True,early,0,0,,,0.21388254971539963,0.4025827640950082,0.071626849845326,,0,0.5876853326428
0,4,30,True,early,0,0,,,0.09239404671956317,0.3933436038652488,0.05749070379298112,,0,0.7269671483272712
0,4,31,True,early,0,0,,,0.20739380940695007,0.33168124909002583,0.1007152549326162,,0,0.5415858073520423
0,4,32,True,early,0,0,,,0.02623328188840867,0.3407153719715686,0.06144067576122509,,0,0.5741044683495903
0,4,33,True,early,0,0,,,0.015743309148884953,0.3344115426698838,0.07425110264235274,,0,0.9122539827630479
0,4,34,True,early,1,7,,,0.0,0.3344115426698838,0.05893095970838125,,0,0.8235806834896888
0,4,35,True,early,0,0,,,0.2174471434083331,0.39634277127012313,0.06512176131687417,,0,0.8250023649877043
0,4,36,True,early,0,0,,,0.04698724053321823,0.3898157687830667,0.12002133249153113,,0,1.0083228584398392
0,4,37,True,early,0,0,,,0.11954272335732985,0.37204789143402606,0.06845741931102274,,0,0.8615289281682309
0,4,38,True,early,0,0,,,0.04193834250972146,0.3760060661838715,0.1280589607730899,,0,1.1188884282179008
0,4,39,True,middle,0,0,,,0.05973319380685315,0.38262211739153557,0.0563815244164078,,0,1.2900969163754654
0,4,40,True,middle,0,0,,,0.038070874689427464,0.3795821650279775,0.07407696965525463,,0,0.9792311503004212
0,4,41,True,middle,0,0,,,0.016323051389511865,0.382501472570073,0.07723908919903354,,0,1.1172332763256712
0,4,42,True,middle,1,7,,,0.0,0.382501472570073,0.05949147321478983,,0,1.1488089624999647
0,4,43,True,middle,0,0,,,0.01541582751287622,0.38050955206726955,0.07461283290792761,,0,1.0828991588561003
0,4,44,True,middle,0,0,,,0.13100704147954054,0.3479535273580932,0.08929797896002177,,0,1.2574612492052846
0,4,45,True,middle,0,0,,,0.16719201727241853,0.3666454591262813,0.07331208980668262,,0,1.1985943129768077
0,4,46,True,middle,0,0,,,0.17026508276378233,0.34336539209897005,0.12680649757831639,,0,1.1667527484943243
0,4,47,True,middle,0,0,,,0.19162662338978467,0.41897072866969687,0.045790463706393586,,0,1.2205152857036818
0,4,48,True,middle,0,3,,,0.019859235499339385,0.41774361704997476,0.08534038996965643,,0,1.2255576823735146
0,4,49,True,middle,0,0,,,0.23994077686691065,0.352376472223131,0.02314457670853934,,0,1.163430006204371
0,4,50,True,middle,0,0,,,0.088869993097586,0.39009590132150224,0.06129477328960805,,0,1.0395997019928356
0,4,51,True,middle,0,0,,,0.0961744210888784,0.34968110778015554,0.10100091038457067,,0,1.1695228013117198
0,4,52,True,middle,0,4,,,0.01508823563070863,0.3458100313099365,0.05263149780672375,,0,1.1351588972198277
0,4,53,True,middle,0,0,,,0.5855971950321375,0.6451473577780237,0.06528566341404352,,0,1.4511850521063965
0,4,54,True,middle,0,0,,,0.13017729884154303,0.6415953650221153,0.07931575575947354,,0,1.4243744191248422
0,4,55,True,middle,0,0,,,0.64920268608768,0.33072770459281053,0.04254079792928965,,0,1.2377921237929084
0,4,56,True,middle,0,0,,,0.6145223160598327,0.6291455884518689,0.037216797501547105,,0,1.4610332782807667
0,4,57,True,middle,0,0,,,0.47067672366351715,0.32756309748903617,0.07056479699180693,,0,1.1413979353235941
0,4,58,True,middle,0,0,,,0.05938179770545386,0.3443525598538844,0.04877937115874156,,0,0.27387994814870453
0,4,59,True,middle,0,0,,,0.04731470469370151,0.3219284595255843,0.07478134291101882,,0,0.3599613779564145
0,4,60,True,middle,0,0,,,0.08067837757815373,0.3546571459839091,0.048178039800940285,,0,0.3702461373610518
0,4,61,True,middle,0,0,,,0.18147166413821328,0.4253594679923657,0.03045694889812899,,0,0.3618369304008421
0,4,62,True,middle,0,0,,,0.2978726295367681,0.6347271616948972,0.024006639467861697,,0,0.281741290230854
0,4,63,True,middle,0,0,,,0.2576611314583569,0.4962405008127016,0.07406933103897141,,0,0.3253706913596346
0,4,64,True,middle,0,0,,,0.12582646951060478,0.5612601065429822,0.11607758533794944,,0,0.356978920531461
0,4,65,True,middle,0,0,,,0.21626379230207401,0.6513818860318276,0.09709211363444753,,0,0.4502501525436168
0,4,66,True,middle,0,0,,,0.22252892379482325,0.6615208652128325,0.08418782513661044,,0,0.46214774528617325
0,4,67,True,middle,0,3,,,0.025750235311423713,0.6619732001812096,0.14250936830268582,,0,0.4897610738473161
0,4,68,True,middle,0,0,,,0.14981256550600958,0.6911024940611887,0.09784824014823768,,0,0.6765222253910853
0,4,69,True,middle,0,0,,,0.11360835069750172,0.6047635175049029,0.12370502693248744,,0,0.5493666813524586
0,4,70,True,middle,0,0,,,0.03636047320328346,0.6230787420277076,0.11927705769532854,,0,0.6102022168757054
0,4,71,True,middle,0,1,,,0.1940397680773911,0.455714725352699,0.06056424934208521,,0,0.45446006425428037
0,4,72,True,middle,0,1,,,0.06114920843596955,0.4237871313923885,0.12941093518530802,,0,0.43039660209996883
0,4,73,True,middle,0,0,,,0.11118563400095757,0.3244595903895088,0.1478930045090932,,0,0.42148353168839914
0,4,74,True,middle,1,7,,,0.0,0.3244595903895088,0.07247585317954498,,0,0.34529951902048145
0,4,75,True,middle,0,0,,,0.07836774095373328,0.29090499977744083,0.05312514220153736,,0,0.4797669043539323
0,4,76,True,middle,1,7,,,0.0,0.29090499977744083,0.12361995587723075,,0,0.37692545592822796
0,4,77,True,late,0,0,,,0.1365508828712823,0.290551795752203,0.06897044877552848,,0,0.4779604760245721
0,4,78,True,late,0,0,,,0.17992447163079012,0.316655284593952,0.07516184360808703,,0,0.5622928920632216
0,4,79,True,late,1,7,,,0.0,0.316655284593952,0.08935403885291501,,0,0.5646143613268411
0,4,80,True,late,0,2,,,0.163920181718631,0.3814133468680764,0.04479420454253739,,0,0.5096547188921436
0,4,81,True,late,0,0,,,0.24400260908479424,0.26856634317866096,0.03976757093891588,,0,0.46914303284207703
0,4,82,True,late,0,0,,,0.18851307035741954,0.22129366271879444,0.030687101753327534,,0,0.39787912412502274
0,4,83,True,late,0,1,,,0.3044308240268466,0.3479737879621171,0.04293145940117175,,0,0.559546338915371
0,4,84,True,late,0,1,,,0.1794491054493941,0.24414148429894142,0.07402007913886403,,0,0.3961572704647461
0,4,85,True,late,0,3,,,0.19026373531993182,0.2968303481693353,0.044369104243447845,,0,0.5638073653945941
0,4,86,True,late,1,7,,,0.0,0.2968303481693353,0.045811274972510516,,0,0.5264246702453932
0,4,87,True,late,0,0,,,0.401729439419517,0.44121945332272644,0.06741499463759747,,0,0.7408162937837162
0,4,88,True,late,0,0,,,0.14654136668717957,0.431406826586372,0.04699159498545328,,0,0.6952979318304896
0,4,89,True,late,0,0,,,0.3454900959460752,0.3954412335550262,0.04856092458455732,,0,0.5604256706908904
0,4,90,True,late,0,1,,,0.9533151096671193,0.8310864640518858,0.026365067101098916,,0,0.9162341231874539
0,4,91,True,late,0,0,,,0.0959906218882445,0.7390147782577756,0.07041011577935452,,0,0.8235806834896888
0,4,92,True,late,0,0,,,0.5061609873701797,0.8925757981221749,0.11458491063740703,,0,0.9651141820739033
0,4,93,True,late,0,0,,,0.2659755712252724,1.1179357094827005,0.10929188542982599,,0,1.0114609381609687
0,4,94,True,late,0,0,,,0.2743520127381125,0.9208826493430312,0.1384201410499771,,0,0.8643794504996051
0,4,95,True,late,0,0,,,0.26312602386652684,1.1803228369815604,0.04361640276608473,,0,1.0978181853978473
0,4,96,True,late,0,0,,,0.26355166427948795,1.3036207637238673,0.14100793890225222,,0,1.2458401969688475
0,4,97,True,late,0,0,,,0.41839833926351516,0.9996177078752728,0.10221143166059925,,0,0.9940825909982273
0,4,98,True,late,0,0,,,0.2159721753957276,1.1005650795122575,0.08282605443304047,,0,1.1060337735379344
0,4,99,True,late,0,0,,,0.05384699974324065,1.1265327102308136,0.09879372903538745,,0,1.1488089624999647
0,4,100,True,late,0,1,,,0.16120824405009293,1.0507801753123283,0.12115282346878549,,0,1.094946389117556
0,4,101,True,late,0,0,,,0.38964757230092895,1.3037168381574085,0.13605743257433464,,0,1.2695437846688842
0,4,102,True,late,0,0,,,0.29261711785433386,1.1460248547605139,0.13761159902938674,,0,1.148334050851347
0,4,103,True,late,0,1,,,0.020235807852094053,1.161299479047176,0.1293524286666958,,0,1.214252087993419
0,4,104,True,late,1,7,,,0.0,1.161299479047176,0.12909645778207826,,0,1.1667527484943243
0,4,105,True,late,0,1,,,0.0070386295227893945,1.1664402358510353,0.10044589767302992,,0,1.22602532983977
0,4,106,True,late,0,1,,,0.0067452692840312065,1.171581688655966,0.16898324613106946,,0,1.2307431121061805
0,4,107,True,late,0,0,,,0.15619166181125477,1.107412417948906,0.13103787894211175,,0,1.0798198600432656
0,4,108,True,late,0,0,,,0.1561885066409132,1.1753680002192228,0.13524083083185756,,0,1.1231679296025812
0,4,109,True,late,0,1,,,0.042683378100892955,1.1442493798098108,0.14586959152066398,,0,1.1372627110218372
0,4,110,True,late,0,1,,,0.04315810449489201,1.1707424076073267,0.09283891968116721,,0,1.1619973373656993
0,4,111,True,late,0,5,,,0.0020108823548344867,1.170740629875935,0.16839354167520706,,0,1.4510694100165955
0,4,112,True,late,0,0,,,0.016376534486838963,1.1639602803240963,0.12609471987410562,,0,1.4123458127130772
0,4,113,True,late,0,0,,,0.01451274388311611,1.1660484878619124,0.09660955791609714,,0,1.2395858208291068
0,4,114,True,late,0,0,,,0.15256514782723327,1.1006606727329076,0.15282212149421504,,0,1.3832396614776135
0,5,1,True,early,0,0,,,0.15955990913362136,0.05433758725656724,0.015596931595227943,,0,0.37549335624478997
0,5,2,True,early,0,0,,,0.3199234132920832,0.3738735411044701,0.02261292157414709,,0,0.6042641809088493
0,5,3,True,early,1,7,,,0.0,0.3738735411044701,0.021616311060202894,,0,0.7131477204083932
0,5,4,True,early,0,0,,,0.1459232699654797,0.24632148218141767,0.037255536219462634,,0,0.5146110593648651
0,5,5,True,early,0,0,,,0.20274281669259378,0.40200699496916287,0.026934613807457763,,0,0.5882752760347237
0,5,6,True,early,0,0,,,0.17619511844359628,0.28381473649971845,0.012473436796565398,,0,0.5399203727940307
0,5,7,True,early,0,0,,,0.2310099195437657,0.46928406597143085,0.03878971512902391,,0,0.679063813051302
0,5,8,True,early,1,7,,,0.0,0.46928406597143085,0.017256207852129755,,0,0.679063813051302
0,5,9,True,early,1,7,,,0.0,0.46928406597143085,0.01995001123308688,,0,0.6712639541183603
0,5,10,True,early,0,0,,,0.10096785559340568,0.43723614706342606,0.03381836077184139,,0,0.6415923853587854
0,5,11,True,early,0,0,,,0.41459724263167447,0.7663675661978426,0.025337355150852628,,0,0.8549816944280236
0,5,12,True,early,0,0,,,0.38487065520754166,0.45202009602351323,0.044856976346078485,,0,0.5776164426520702
0,5,13,True,early,1,7,,,0.0,0.45202009602351323,0.03008448822686148,,0,0.696618863710519
0,5,14,True,early,0,0,,,0.03934478276079737,0.449120294573406,0.030469873427993246,,0,0.6341897418050031
0,5,15,True,early,0,0,,,0.010865579142379622,0.4462998707413673,0.03730710685789862,,0,0.7821613016120291
0,5,16,True,early,1,7,,,0.0,0.4462998707413673,0.03688818734171955,,0,0.7787649146043972
0,5,17,True,early,0,0,,,0.023978043351106156,0.4319404797331626,0.03963453080410564,,0,0.7635052273131749
0,5,18,True,early,1,7,,,0.0,0.4319404797331626,0.046562774636155047,,0,0.7678492472519018
0,5,19,True,early,1,7,,,0.0,0.4319404797331626,0.03975932563552254,,0,0.7678492472519018
0,5,20,True,early,0,0,,,0.00894828140866312,0.43654716276038535,0.017242587687445143,,0,0.7724983410800375
0,5,21,True,early,1,7,,,0.0,0.43654716276038535,0.0477792837520139,,0,0.7724983410800375
0,5,22,True,early,0,5,,,0.0020108823548344867,0.43563395823642337,0.01836983428026854,,0,0.7789141251247339
0,5,23,True,early,1,7,,,0.0,0.43563395823642337,0.013223035574128263,,0,0.7789141251247339
0,5,24,True,early,1,7,,,0.0,0.43563395823642337,0.023793146459410126,,0,0.5587703223792285
0,5,25,True,early,0,2,,,0.034484983167239254,0.43759102045011394,0.045920791014599296,,0,0.6113845865490628
0,5,26,True,early,1,7,,,0.0,0.43759102045011394,0.04023557631903054,,0,0.5013535483089221
0,5,27,True,early,0,0,,,0.04308373782917337,0.43611379686627727,0.03352482328330501,,0,0.6214152767546463
0,5,28,True,early,0,0,,,0.029935531742017178,0.44737315593262433,0.035474095926736615,,0,0.6305066979928317
0,5,29,True,early,1,7,,,0.0,0.44737315593262433,0.0883367140821758,,0,0.6362221960101793
0,5,30,True,early,0,0,,,0.03010323944382499,0.4583583224878674,0.07790441069765834,,0,0.6299911485578562
0,5,31,True,early,0,0,,,0.39122227656062525,0.4276246711868719,0.10306930451623507,,0,0.44468883612037374
0,5,32,True,early,0,0,,,0.09008479052623637,0.39325406986683015,0.04503050111343003,,0,0.5077398804247003
0,5,33,True,early,0,2,,,0.11555861966369342,0.38348147724455867,0.11005408787379667,,0,0.49481191562879084
0,5,34,True,early,0,2,,,0.04522492954809138,0.38797296284480287,0.05691176089479003,,0,0.5230227206080081
0,5,35,True,early,0,0,,,0.38902214202287216,0.45691062829995344,0.08049268972001278,,0,0.5769924432064656
0,5,36,True,early,0,0,,,0.31892367628134966,0.3582667807115596,0.09828613214245376,,0,0.5485751605235601
0,5,37,True,early,0,2,,,0.1569806124153891,0.38962696248325696,0.05981606586390628,,0,0.5096152555945958
0,5,38,True,early,0,0,,,0.13942824124029035,0.35329969363771757,0.07372173193850333,,0,0.5411102703323778
0,5,39,True,early,0,0,,,0.057637378025606895,0.3451797093845533,0.062083226723424575,,0,0.5354709087301426
0,5,40,True,early,0,0,,,0.21401694694125195,0.4372949574952276,0.07134045578667049,,0,0.5703563733592593
0,5,41,True,early,0,0,,,0.16122880884850777,0.3547745936187309,0.08741451362011146,,0,0.5222881558460285
0,5,42,True,early,0,0,,,0.04478898606672641,0.3614429496692273,0.06654347402220803,,0,0.5133235690561936
0,5,43,True,early,0,0,,,0.07370150813496178,0.4008458531676682,0.08007488728055871,,0,0.4863077278331613
0,5,44,True,early,0,0,,,0.10485276768298099,0.35920712747292577,0.08161132653525885,,0,0.8579819766837894
0,5,45,True,early,0,3,,,0.020105904815464898,0.35393451002266074,0.09219233558286054,,0,1.077040155370207
0,5,46,True,early,0,0,,,0.03292581688149358,0.37100612193173643,0.09164579609245639,,0,0.8559865411726236
0,5,47,True,early,1,7,,,0.0,0.37100612193173643,0.05268027690584665,,0,0.8908227241239308
0,5,48,True,early,0,0,,,0.03727069861962229,0.381395117246266,0.09346345766992181,,0,1.0127397960563214
0,5,49,True,early,0,4,,,0.05600714696269032,0.4007318120970899,0.11531488382264937,,0,1.0202036116782687
0,5,50,True,early,0,0,,,0.054472263826122566,0.4122353494664463,0.056476820651104716,,0,1.0098672730887037
0,5,51,True,early,0,2,,,0.04712906510513917,0.3854794950137633,0.08703891880526665,,0,1.032468117383891
0,5,52,True,early,0,0,,,0.29740756099422294,0.5625070176996807,0.04628144424178203,,0,0.8488936054129568
0,5,53,True,middle,0,0,,,0.22570960936802834,0.4506519509948651,0.08752806907552951,,0,0.9855208556164348
0,5,54,True,middle,0,0,,,0.08202019701939499,0.4150856160080304,0.07095598843395391,,0,1.005207622275726
0,5,55,True,middle,0,0,,,0.11071683044990493,0.37773592668828126,0.0818282157725197,,0,1.0067764040815088
0,5,56,True,middle,0,0,,,0.07432843233345302,0.42922060147568325,0.05490185623273489,,0,1.0008078002617953
0,5,57,True,middle,0,0,,,0.32375873845711545,0.5986551553261374,0.07148110468573504,,0,1.3790929537243406
0,5,58,True,middle,0,0,,,0.252409242103981,0.43595615313986924,0.06895067885320683,,0,1.208229853122692
0,5,59,True,middle,0,0,,,0.08567994443487219,0.42016512822251584,0.09980879743988742,,0,1.23251408126764
0,5,60,True,middle,0,0,,,0.30103294313773554,0.5583036430536775,0.07816657888979218,,0,1.4100639499354772
0,5,61,True,middle,0,0,,,0.33062093248822605,0.3955226210747215,0.0672142383672441,,0,1.293616970355923
0,5,62,True,middle,0,0,,,0.2662944047099854,0.5215353191601441,0.08213885102254304,,0,1.5569113891835153
0,5,63,True,middle,0,0,,,0.2635904678249263,0.3661382394250677,0.11532739332406461,,0,1.4216809356610027
0,5,64,True,middle,0,0,,,0.3571907704413495,0.560118759899153,0.06278600092024302,,0,1.5757521964903725
0,5,65,True,middle,0,0,,,0.23722519663381517,0.47368565676588664,0.1027663217069718,,0,1.5112440131511597
0,5,66,True,middle,0,2,,,0.05147518095090117,0.4852337262912597,0.059396386960021925,,0,1.5174858981137864
0,5,67,True,middle,0,2,,,0.6343766112834076,0.7818484178711032,0.062347276304455405,,0,1.336288373197452
0,5,68,True,middle,0,1,,,0.6605504778994437,0.5792798534746603,0.0773713149765747,,0,1.708892729849685
0,5,69,True,middle,0,5,,,0.004021764709669001,0.5800469924130404,0.10258059934241126,,0,1.7248635525799936
0,5,70,True,middle,0,0,,,0.018666929186102844,0.5761814721352351,0.11504099129313301,,0,1.72116865998507
0,5,71,True,middle,0,0,,,0.29885940404015515,0.4782942224471105,0.06109205731014952,,0,1.4583427651427359
0,5,72,True,middle,0,0,,,0.08839819917381528,0.5078279572073057,0.15285636176741144,,0,1.519218334923111
0,5,73,True,middle,0,0,,,0.19345384496503584,0.38602650454310056,0.07492624555389175,,0,1.4282793338288018
0,5,74,True,middle,0,0,,,0.13395234367914227,0.418182137519624,0.060794097061102566,,0,1.4585397104134312
0,5,75,True,middle,0,0,,,0.18471831243656642,0.2396990265336725,0.08079500443858,,0,1.293863320059616
0,5,76,True,middle,0,0,,,0.3520189716829178,0.5226677321396049,0.043281811488445475,,0,1.3672300487063933
0,5,77,True,middle,0,0,,,0.2334973640792513,0.4908379550020263,0.07504751818383361,,0,1.5689858722138754
0,5,78,True,middle,0,1,,,0.17359103548334512,0.3252503024415956,0.08521386660971726,,0,1.4189092781075372
0,5,79,True,middle,0,4,,,0.07222610533785694,0.3511128925998974,0.05802945500418834,,0,0.4593248445685248
0,5,80,True,middle,0,0,,,0.23016911847008456,0.44600977226172306,0.08663729525153264,,0,0.45232893479572095
0,5,81,True,middle,0,0,,,0.1264743212359876,0.5665415142878464,0.1049680625939275,,0,0.7131477204083932
0,5,82,True,middle,0,0,,,0.2314394462382911,0.40986944490361654,0.10692299691433077,,0,0.6170358265231832
0,5,83,True,middle,0,0,,,0.16053806133162313,0.41284143444748717,0.035406430903220626,,0,0.515721212481065
0,5,84,True,middle,0,5,,,0.02211970590317952,0.4132199396947229,0.016751407376128773,,0,0.5911791353882785
0,5,85,True,middle,1,7,,,0.0,0.4132199396947229,0.014485864303361207,,0,0.5399203727940307
0,5,86,True,middle,1,7,,,0.0,0.4132199396947229,0.007919298116273074,,0,0.679063813051302
0,5,87,True,middle,0,0,,,0.22349535793948885,0.45823844672357267,0.034028546331068416,,0,0.6712639541183603
0,5,88,True,middle,1,7,,,0.0,0.45823844672357267,0.008867396415458051,,0,0.6712639541183603
0,5,89,True,middle,1,7,,,0.0,0.45823844672357267,0.017878573469316216,,0,0.6415923853587854
0,5,90,True,middle,0,0,,,0.21910230765713012,0.3180171402150698,0.03309953134809052,,0,0.8492438899976377
0,5,91,True,middle,0,1,,,0.28119863993825206,0.5234701208968925,0.010131327451472638,,0,0.696618863710519
0,5,92,True,middle,0,1,,,0.20427659100787282,0.45003478394764007,0.011263945704076734,,0,0.6537168870558483
0,5,93,True,middle,0,0,,,0.24897292841832397,0.5750128039811421,0.030129653093502778,,0,0.7859985081849582
0,5,94,True,middle,0,4,,,0.10375376979057016,0.5627657661688859,0.01880767796064864,,0,0.7787649146043972
0,5,95,True,middle,0,4,,,0.10375376979057016,0.5750128039811421,0.011356029344235286,,0,0.7821613016120291
0,5,96,True,middle,0,2,,,0.1045381402121526,0.572387550093584,0.01462589078274833,,0,0.7678492472519018
0,5,97,True,middle,1,7,,,0.0,0.572387550093584,0.0072118058536936105,,0,0.7678492472519018
0,5,98,True,middle,1,7,,,0.0,0.572387550093584,0.009994849018945626,,0,0.7678492472519018
0,5,99,True,middle,1,7,,,0.0,0.572387550093584,0.005875182572059494,,0,0.7724983410800375
0,5,100,True,middle,0,1,,,0.11898762589314982,0.5842599322690684,0.003332266749390822,,0,0.7793267314330892
0,5,101,True,middle,1,7,,,0.0,0.5842599322690684,0.02148610535177753,,0,0.7789141251247339
0,5,102,True,middle,0,0,,,0.373542744251981,0.3387309456241536,0.02070803546121719,,0,0.5587703223792285
0,5,103,True,middle,0,0,,,0.20135305129637296,0.4645716108854225,0.015411390460843302,,0,0.614590655711167
0,5,104,True,middle,0,0,,,0.13719895642167976,0.33925388264247036,0.01912838167451718,,0,0.5013535483089221
0,5,105,True,late,0,0,,,0.14782163341032878,0.4747023831569971,0.020028762246768996,,0,0.6180688519488369
0,5,106,True,late,0,1,,,0.07390884039573914,0.4889943746224388,0.007869854238295117,,0,0.6254574582435153
0,5,107,True,late,0,4,,,0.02347058875888003,0.4930237944979951,0.01362881491990929,,0,0.6362221960101793
0,5,108,True,late,0,1,,,0.22260920531926492,0.47684620207874506,0.013182636863835162,,0,0.625876869060876
0,5,109,True,late,0,0,,,0.08236073813495481,0.40908129600409693,0.02824327667908234,,0,0.5868037074909873
0,5,110,True,late,0,0,,,0.16573392322244565,0.4498429633834296,0.030737809005639362,,0,0.48516529680631976
0,5,111,True,late,0,2,,,0.06104555586640973,0.4514239726553543,0.03060137014028421,,0,0.4795682400735646
0,5,112,True,late,0,5,,,0.07842441183854551,0.43957045805090317,0.025683556799315575,,0,0.5294542866839165
0,5,113,True,late,0,2,,,0.029096747611402348,0.43613598960929806,0.01991186696115549,,0,0.5389307811906847
0,5,114,True,late,0,2,,,0.12402052537914761,0.4299753062336193,0.016887796228126688,,0,0.5756749981416653
0,5,115,True,late,0,1,,,0.13084785902227036,0.31827801351624035,0.03508821114627302,,0,0.5069196752283222
0,5,116,True,late,0,1,,,0.09874764430798086,0.310792632613329,0.047849157220732276,,0,0.556405998356294
0,5,117,True,late,1,7,,,0.0,0.310792632613329,0.0415039963610636,,0,0.5411102703323778
0,5,118,True,late,0,1,,,0.1931255074443205,0.4010958155908864,0.03713114388610849,,0,0.5406005079647327
0,5,119,True,late,0,0,,,0.21668004370434565,0.36746349354855534,0.07075909277356951,,0,0.5613961733298892
0,5,120,True,late,0,1,,,0.026134453567803972,0.3468527452000971,0.08214248177084915,,0,0.5080356384904111
0,5,121,True,late,0,0,,,0.17692717897870186,0.3680858351408232,0.061970166879972005,,0,0.4767209165533466
0,5,122,True,late,0,0,,,0.4956137368482822,0.8226046241712999,0.08815702850592129,,0,0.8201759587955725
0,5,123,True,late,0,0,,,0.3861178316838006,1.0763322968672162,0.11357607191528084,,0,1.0780164088158706
0,5,124,True,late,0,0,,,0.3889725387950908,0.8320223168432547,0.1194256702069994,,0,0.868449391109746
0,5,125,True,late,0,0,,,0.14191064585860952,0.8534480967088642,0.06234308587508217,,0,0.8908227241239308
0,5,126,True,late,0,0,,,0.15334401356757518,1.0027332994844051,0.0831620817836764,,0,1.02622481703997
0,5,127,True,late,1,7,,,0.0,1.0027332994844051,0.03130840823895713,,0,1.0127397960563214
0,5,128,True,late,1,7,,,0.0,1.0027332994844051,0.009116486853432108,,0,1.0202036116782687
0,5,129,True,late,1,7,,,0.0,1.0027332994844051,0.005733142806626492,,0,1.0098672730887037
0,5,130,True,late,0,0,,,0.23371111105305506,1.0550831088696648,0.022168899925062734,,0,1.0687658953767316
0,5,131,True,late,1,7,,,0.0,1.0550831088696648,0.017542470239163555,,0,0.8488936054129568
0,5,132,True,late,1,7,,,0.0,1.0550831088696648,0.034297292130618835,,0,0.9855208556164348
0,5,133,True,late,0,0,,,0.23371111105305506,1.0027332994844051,0.045525882423030746,,0,0.9811755344317891
0,5,134,True,late,1,7,,,0.0,1.0027332994844051,0.028832211332004944,,0,1.0067764040815088
0,5,135,True,late,0,0,,,1.1438459767471076,1.1424810850001441,0.02019683896508344,,0,1.14369740024601
0,5,136,True,late,0,0,,,0.10265512461301753,1.1103715847395987,0.03706397516765825,,0,1.3653085665927516
0,5,137,True,late,0,1,,,0.11716625492984101,1.1382287443680483,0.09655403267687035,,0,1.2384710202565785
0,5,138,True,late,0,0,,,0.06644495959054685,1.1443642075748657,0.08992882076069858,,0,1.2523459125603813
0,5,139,True,late,1,7,,,0.0,1.1443642075748657,0.06407242908125722,,0,1.4100639499354772
0,5,140,True,late,0,0,,,0.1245941566340423,1.1896414952159755,0.09734929854212347,,0,1.3396924908770305
0,5,141,True,late,0,0,,,0.028487395305259455,1.1982843100748122,0.12072166700737395,,0,1.5704052730794704
0,5,142,True,late,0,0,,,0.13610743492623983,1.1963813954320297,0.07884690680386933,,0,1.4136397336737678
0,5,143,True,late,0,0,,,0.04836522478624203,1.1776924011569685,0.13279872874371842,,0,1.5701146305504852
0,5,144,True,late,1,7,,,0.0,1.1776924011569685,0.14588202719605312,,0,1.5112440131511597
0,5,145,True,late,0,0,,,0.09093114819649412,1.238103307748207,0.1254271321478929,,0,1.5626608129211719
0,5,146,True,late,0,0,,,0.08384998197821766,1.238949918276336,0.0627404829628743,,0,1.373465704308428
0,5,147,True,late,0,0,,,0.03131247354232525,1.2598096829902807,0.1265007332135834,,0,1.7246619284919402
0,5,148,True,late,1,7,,,0.0,1.2598096829902807,0.12390674681075997,,0,1.7248635525799936
0,5,149,True,late,0,0,,,0.1539048638340242,1.14670369835239,0.18044912296809298,,0,1.6198338092896905
0,5,150,True,late,0,0,,,0.0240663360161788,1.1405236770808582,0.15510182637427197,,0,1.4562680561955765
0,5,151,True,late,0,0,,,0.06018382442589075,1.1796779333700007,0.07474118441097947,,0,1.5561691834732383
0,5,152,True,late,0,1,,,0.06523211095603365,1.129602558405436,0.12590279836863477,,0,1.383815746690122
0,5,153,True,late,0,0,,,0.05680319015666746,1.1016224468524427,0.11892888436016197,,0,1.438053448773207
0,5,154,True,late,1,7,,,0.0,1.1016224468524427,0.1465175867136958,,0,1.293863320059616
0,5,155,True,late,0,0,,,0.2488450189489952,1.23500449027203,0.14076962033661525,,0,1.434425603404589
0,5,156,True,late,0,1,,,0.03325658778627899,1.212377894518575,0.12586354509358721,,0,1.544487720939766
