task_id,episode_index,control_step,episode_success,phase,lag,token_exact,token_common_prefix,continuous_l2,continuous_cosine,action_norm,gripper_switch
0,0,1,False,early,1,1,7,0.0,1.0000000000000002,0.0508374936221709,0
0,0,2,False,early,1,0,0,0.2548410868579623,0.9698814414563521,0.3034601746539035,0
0,0,2,False,early,2,0,0,0.2548410868579623,0.9698814414563521,0.3034601746539035,0
0,0,3,False,early,1,0,0,0.10154246292500446,0.9952855303707148,0.26276325161524267,0
0,0,3,False,early,2,0,0,0.21304500270120696,0.9785942996697838,0.26276325161524267,0
0,0,3,False,early,3,0,0,0.21304500270120696,0.9785942996697838,0.26276325161524267,0
0,0,4,False,early,1,0,0,0.21983750471125885,0.9802049830675758,0.4427450693246603,0
0,0,4,False,early,2,0,0,0.148970304227029,0.9913243514034271,0.4427450693246603,0
0,0,4,False,early,3,0,0,0.3948595688439651,0.9327020729701903,0.4427450693246603,0
0,0,4,False,early,4,0,0,0.3948595688439651,0.9327020729701903,0.4427450693246603,0
0,0,5,False,early,1,0,0,0.20152512094899896,0.9829104601892402,0.41848244725271827,0
0,0,5,False,early,2,0,0,0.26020572716878737,0.9709152042529176,0.41848244725271827,0
0,0,5,False,early,3,0,0,0.21966518932602108,0.9793742816165246,0.41848244725271827,0
0,0,5,False,early,4,0,0,0.3780644718717847,0.9373123074145493,0.41848244725271827,0
0,0,6,False,early,1,0,0,0.35471450202423815,0.9596855227060833,0.7022424179231795,0
0,0,6,False,early,2,0,0,0.2727294860321071,0.9783302599761349,0.7022424179231795,0
0,0,6,False,early,3,0,0,0.4635193630324847,0.928959898484458,0.7022424179231795,0
0,0,6,False,early,4,0,0,0.4053815548468941,0.9479093508733754,0.7022424179231795,0
0,0,7,False,early,1,0,0,0.031434006249628214,0.9996709162219466,0.7056251856396778,0
0,0,7,False,early,2,0,0,0.3579107080697671,0.9590951116062345,0.7056251856396778,0
0,0,7,False,early,3,0,0,0.28233522751108053,0.9765610822823441,0.7056251856396778,0
0,0,7,False,early,4,0,0,0.4631790799489507,0.9294882965329131,0.7056251856396778,0
0,0,8,False,early,1,0,0,0.15910538063749355,0.9915869312439388,0.7132626408321924,0
0,0,8,False,early,2,0,1,0.16812894345180784,0.9905968536624588,0.7132626408321924,0
0,0,8,False,early,3,0,0,0.3870361668041297,0.9515664014164611,0.7132626408321924,0
0,0,8,False,early,4,0,0,0.327090078977768,0.9669291732146028,0.7132626408321924,0
0,0,9,False,early,1,1,7,0.0,0.9999999999999999,0.7132626408321924,0
0,0,9,False,early,2,0,0,0.15910538063749355,0.9915869312439388,0.7132626408321924,0
0,0,9,False,early,3,0,1,0.16812894345180784,0.9905968536624588,0.7132626408321924,0
0,0,9,False,early,4,0,0,0.3870361668041297,0.9515664014164611,0.7132626408321924,0
0,0,10,False,early,1,0,2,0.053846398334877296,0.9990435688636409,0.704580194907065,0
0,0,10,False,early,2,0,2,0.053846398334877296,0.9990435688636409,0.704580194907065,0
0,0,10,False,early,3,0,0,0.10987357811616169,0.9959684466744438,0.704580194907065,0
0,0,10,False,early,4,0,1,0.12340008791556956,0.9949070458801345,0.704580194907065,0
0,0,11,False,early,1,0,2,0.08287843707889837,0.9977029143274558,0.6973080607945473,0
0,0,11,False,early,2,0,2,0.1365561297996793,0.9938017843524364,0.6973080607945473,0
0,0,11,False,early,3,0,2,0.1365561297996793,0.9938017843524364,0.6973080607945473,0
0,0,11,False,early,4,0,0,0.05170693632380667,0.9991117004429151,0.6973080607945473,0
0,0,12,False,early,1,1,7,0.0,1.0,0.6973080607945473,0
0,0,12,False,early,2,0,2,0.08287843707889837,0.9977029143274558,0.6973080607945473,0
0,0,12,False,early,3,0,2,0.1365561297996793,0.9938017843524364,0.6973080607945473,0
0,0,12,False,early,4,0,2,0.1365561297996793,0.9938017843524364,0.6973080607945473,0
0,0,13,False,early,1,0,0,0.10637650972219682,0.9964853154468557,0.6358734832075051,0
0,0,13,False,early,2,0,0,0.10637650972219682,0.9964853154468557,0.6358734832075051,0
0,0,13,False,early,3,0,0,0.15550665023242777,0.9921636724955776,0.6358734832075051,0
0,0,13,False,early,4,0,0,0.19979392081338787,0.9869312139738848,0.6358734832075051,0
0,0,14,False,early,1,0,0,0.07114368381392672,0.9985760548634116,0.6918347397549977,0
0,0,14,False,early,2,0,0,0.07775910065181552,0.9979639104694072,0.6918347397549977,0
0,0,14,False,early,3,0,0,0.07775910065181552,0.9979639104694072,0.6918347397549977,0
0,0,14,False,early,4,0,0,0.13970077140592252,0.9934578259053866,0.6918347397549977,0
0,0,15,False,early,1,0,4,0.011906333693337386,0.9999520679802614,0.6915083566891167,0
0,0,15,False,early,2,0,0,0.07213310286292335,0.9985226660557512,0.6915083566891167,0
0,0,15,False,early,3,0,0,0.0680317980880525,0.9984423947817072,0.6915083566891167,0
0,0,15,False,early,4,0,0,0.0680317980880525,0.9984423947817072,0.6915083566891167,0
0,0,16,False,early,1,0,0,0.010032603083597484,0.9999711621013208,0.6983234757592414,0
0,0,16,False,early,2,0,0,0.014806780386344816,0.9999307126720385,0.6983234757592414,0
0,0,16,False,early,3,0,0,0.07923307185791162,0.9982436070043386,0.6983234757592414,0
0,0,16,False,early,4,0,2,0.06992657953041558,0.9983558966519117,0.6983234757592414,0
0,0,17,False,early,1,0,1,0.01455237249330485,0.9999289631974083,0.6993069007006295,0
0,0,17,False,early,2,0,0,0.021564326317937504,0.9998499605094024,0.6993069007006295,0
0,0,17,False,early,3,0,0,0.019873508067522288,0.999873047145967,0.6993069007006295,0
0,0,17,False,early,4,0,0,0.0791598643149806,0.9982620342577001,0.6993069007006295,0
0,0,18,False,early,1,0,0,0.2169413207692966,0.9863374137155568,0.5088449482771981,0
0,0,18,False,early,2,0,0,0.21749074545378902,0.9862035747076258,0.5088449482771981,0
0,0,18,False,early,3,0,0,0.21072587056569367,0.9869482846920957,0.5088449482771981,0
0,0,18,False,early,4,0,0,0.21081275688087991,0.9869496306776606,0.5088449482771981,0
0,0,19,False,early,1,0,0,0.20933333514652325,0.9872496726649269,0.6934270043362283,0
0,0,19,False,early,2,0,0,0.008464046248265968,0.9999796792798828,0.6934270043362283,0
0,0,19,False,early,3,0,0,0.017956096819012852,0.9998940203821071,0.6934270043362283,0
0,0,19,False,early,4,0,1,0.021516833528164164,0.999843941414509,0.6934270043362283,0
0,0,20,False,early,1,0,0,0.007529846054151236,0.9999850685548736,0.6871772997443687,0
0,0,20,False,early,2,0,0,0.20193951271986715,0.9880863749346119,0.6871772997443687,0
0,0,20,False,early,3,0,0,0.015805793854799115,0.9999317614238136,0.6871772997443687,0
0,0,20,False,early,4,0,0,0.02279464850490766,0.9998380619061692,0.6871772997443687,0
0,0,21,False,early,1,1,7,0.0,1.0000000000000002,0.6871772997443687,0
0,0,21,False,early,2,0,0,0.007529846054151236,0.9999850685548736,0.6871772997443687,0
0,0,21,False,early,3,0,0,0.20193951271986715,0.9880863749346119,0.6871772997443687,0
0,0,21,False,early,4,0,0,0.015805793854799115,0.9999317614238136,0.6871772997443687,0
0,0,22,False,early,1,0,0,0.0379306577532522,0.9996060180789511,0.6563689634781712,0
0,0,22,False,early,2,0,0,0.0379306577532522,0.9996060180789511,0.6563689634781712,0
0,0,22,False,early,3,0,0,0.04541000673522473,0.9994392848372732,0.6563689634781712,0
0,0,22,False,early,4,0,0,0.16506505896081147,0.9918978979181465,0.6563689634781712,0
0,0,23,False,early,1,0,0,0.03608941752129087,0.999603938909662,0.6314601854667821,0
0,0,23,False,early,2,0,0,0.07105983184561798,0.9985682124826023,0.6314601854667821,0
0,0,23,False,early,3,0,0,0.07105983184561798,0.9985682124826023,0.6314601854667821,0
0,0,23,False,early,4,0,0,0.07813883992200193,0.9982854826155616,0.6314601854667821,0
0,0,24,False,early,1,0,0,0.03522397942179005,0.9995677738170227,0.6198570445491909,0
0,0,24,False,early,2,0,0,0.06833247479647554,0.9984780966451287,0.6198570445491909,0
0,0,24,False,early,3,0,0,0.09794632371258705,0.9971146388009928,0.6198570445491909,0
0,0,24,False,early,4,0,0,0.09794632371258705,0.9971146388009928,0.6198570445491909,0
0,0,25,False,early,1,0,0,0.3584885147055271,0.9529710287877196,0.41858421693370823,0
0,0,25,False,early,2,0,0,0.3843560159574652,0.9461806413375126,0.41858421693370823,0
0,0,25,False,early,3,0,0,0.4181961530932764,0.9374110644903334,0.41858421693370823,0
0,0,25,False,early,4,0,0,0.4513849050007041,0.9289028546855168,0.41858421693370823,0
0,0,26,False,early,1,0,0,0.3230468043466867,0.9616682346360395,0.605384217955953,0
0,0,26,False,early,2,0,0,0.04881874871898626,0.9991543427329683,0.605384217955953,0
0,0,26,False,early,3,0,0,0.08365051816112047,0.997537355637017,0.605384217955953,0
0,0,26,False,early,4,0,0,0.11606498493319135,0.9954475391112214,0.605384217955953,0
0,0,27,False,early,1,0,0,0.030284145567756104,0.9996700643606448,0.5969771068483357,0
0,0,27,False,early,2,0,0,0.3025245327003557,0.9663260305472555,0.5969771068483357,0
0,0,27,False,early,3,0,0,0.07853556969827513,0.9978009493839796,0.5969771068483357,0
0,0,27,False,early,4,0,0,0.11321922754606392,0.9954650295650863,0.5969771068483357,0
0,0,28,False,early,1,0,0,0.041355235165939024,0.9994243665786882,0.5714363980385304,0
0,0,28,False,early,2,0,0,0.06777999923106251,0.9984039326484994,0.5714363980385304,0
0,0,28,False,early,3,0,0,0.2643959929398665,0.9738406841533972,0.5714363980385304,0
0,0,28,False,early,4,0,0,0.11337564606085315,0.9954835545971815,0.5714363980385304,0
0,0,29,False,early,1,0,0,0.33570307576710556,0.956580384408763,0.4655816513598359,0
0,0,29,False,early,2,0,0,0.37296710863109134,0.9473354697458841,0.4655816513598359,0
0,0,29,False,early,3,0,0,0.39875661933614814,0.9400273667784351,0.4655816513598359,0
0,0,29,False,early,4,0,0,0.15431195741732603,0.9901944132133748,0.4655816513598359,0
0,0,30,False,early,1,0,0,0.22356597371668493,0.9804036246630669,0.5347408735770197,0
0,0,30,False,early,2,0,0,0.17204881477436584,0.9887888597202203,0.5347408735770197,0
0,0,30,False,early,3,0,0,0.1938458133155486,0.986129544233399,0.5347408735770197,0
0,0,30,False,early,4,0,0,0.2161991560503791,0.9828309094828335,0.5347408735770197,0
0,0,31,False,early,1,0,0,0.22155405330433572,0.9809235059491532,0.4341966116006022,0
0,0,31,False,early,2,0,0,0.07697223605327977,0.9976055550489146,0.4341966116006022,0
0,0,31,False,early,3,0,0,0.3019673911341795,0.9651990715945636,0.4341966116006022,0
0,0,31,False,early,4,0,0,0.3412999569137512,0.9563103640368317,0.4341966116006022,0
0,0,32,False,early,1,0,0,0.10649929791061617,0.9958793618125054,0.5160265986507593,0
0,0,32,False,early,2,0,0,0.1594035614797847,0.9900735908597138,0.5160265986507593,0
0,0,32,False,early,3,0,0,0.1105497676230345,0.9952760523553553,0.5160265986507593,0
0,0,32,False,early,4,0,0,0.25800374899625417,0.9745900626167529,0.5160265986507593,0
0,0,33,False,early,1,0,0,0.1368539550659709,0.9927087526104462,0.455613797190652,0
0,0,33,False,early,2,0,0,0.12463249236012867,0.9935487282013531,0.455613797190652,0
0,0,33,False,early,3,0,0,0.1772434400098676,0.9878892721902055,0.455613797190652,0
0,0,33,False,early,4,0,0,0.18058247162928223,0.986556037400858,0.455613797190652,0
0,0,34,False,early,1,0,0,0.15917288836783497,0.9894601659570939,0.4170647208073426,0
0,0,34,False,early,2,0,0,0.15552467011678514,0.9907974705344086,0.4170647208073426,0
0,0,34,False,early,3,0,0,0.0644623113957037,0.998260102854035,0.4170647208073426,0
0,0,34,False,early,4,0,0,0.26342297513650786,0.9727996828592573,0.4170647208073426,0
0,0,35,False,early,1,0,0,0.0966140941208304,0.9961688388112814,0.4539528377095621,0
0,0,35,False,early,2,0,0,0.12709203278834602,0.9933081152729778,0.4539528377095621,0
0,0,35,False,early,3,0,0,0.10398138628155269,0.9959221708571274,0.4539528377095621,0
0,0,35,False,early,4,0,0,0.050489439354408784,0.9989622636942905,0.4539528377095621,0
0,0,36,False,early,1,0,0,0.04576412328145988,0.9991848609726808,0.47870177213431586,0
0,0,36,False,early,2,0,0,0.1327454644659042,0.9929293392279062,0.47870177213431586,0
0,0,36,False,early,3,0,0,0.12093163289671394,0.9940372999405441,0.47870177213431586,0
0,0,36,False,early,4,0,0,0.07768178261643933,0.9976922379842309,0.47870177213431586,0
0,0,37,False,early,1,0,0,0.01733067930062146,0.9998819059444648,0.4710030977596173,0
0,0,37,False,early,2,0,0,0.035482469432010576,0.9995025322327532,0.4710030977596173,0
0,0,37,False,early,3,0,0,0.12704998371258125,0.9934610542116022,0.4710030977596173,0
0,0,37,False,early,4,0,0,0.12168471741491228,0.9939222012244019,0.4710030977596173,0
0,0,38,False,early,1,0,0,0.03375445207268672,0.999554415472203,0.4528422352970403,0
0,0,38,False,early,2,0,0,0.05074494489078676,0.9989910647946797,0.4528422352970403,0
0,0,38,False,early,3,0,0,0.03643895447567313,0.9994493942283257,0.4528422352970403,0
0,0,38,False,early,4,0,0,0.11864551542083644,0.9941680109988992,0.4528422352970403,0
0,0,39,False,early,1,0,0,0.038074779871257264,0.9994194304681542,0.43367249785846196,0
0,0,39,False,early,2,0,0,0.07092188337204294,0.9980108287988034,0.43367249785846196,0
0,0,39,False,early,3,0,0,0.08764309982328224,0.996966269511889,0.43367249785846196,0
0,0,39,False,early,4,0,0,0.05898014701006727,0.9985752416785826,0.43367249785846196,0
0,0,40,False,early,1,0,0,0.02134335327925157,0.9998134328290262,0.4242714044407711,0
0,0,40,False,early,2,0,0,0.05685906022441337,0.9986996332382766,0.4242714044407711,0
0,0,40,False,early,3,0,0,0.09003198778973756,0.9967764343303976,0.4242714044407711,0
0,0,40,False,early,4,0,0,0.10690047159168678,0.9954637378793155,0.4242714044407711,0
0,0,41,False,early,1,1,7,0.0,0.9999999999999998,0.4242714044407711,0
0,0,41,False,early,2,0,0,0.02134335327925157,0.9998134328290262,0.4242714044407711,0
0,0,41,False,early,3,0,0,0.05685906022441337,0.9986996332382766,0.4242714044407711,0
0,0,41,False,early,4,0,0,0.09003198778973756,0.9967764343303976,0.4242714044407711,0
0,0,42,False,early,1,0,0,0.11326480080650955,0.9946086753603622,0.37672766382461714,0
0,0,42,False,early,2,0,0,0.11326480080650955,0.9946086753603622,0.37672766382461714,0
0,0,42,False,early,3,0,0,0.12867687177231574,0.9930884655300624,0.37672766382461714,0
0,0,42,False,early,4,0,0,0.16113467440880905,0.9892952468128385,0.37672766382461714,0
0,0,43,False,early,1,0,1,0.04704047276275026,0.9990373684165781,0.3848504629683777,0
0,0,43,False,early,2,0,0,0.08863160017714827,0.9967193348928425,0.3848504629683777,0
0,0,43,False,early,3,0,0,0.08863160017714827,0.9967193348928425,0.3848504629683777,0
0,0,43,False,early,4,0,0,0.10649771784706695,0.9952907941815082,0.3848504629683777,0
0,0,44,False,early,1,0,0,0.20661620639422437,0.9812578006151216,0.3485086838485059,0
0,0,44,False,early,2,0,0,0.19194814332632032,0.9837618811962713,0.3485086838485059,0
0,0,44,False,early,3,0,0,0.2792679358456569,0.9664253985043423,0.3485086838485059,0
0,0,44,False,early,4,0,0,0.2792679358456569,0.9664253985043423,0.3485086838485059,0
0,0,45,False,early,1,0,0,0.12307608830497498,0.9932309161751477,0.33899786170604007,0
0,0,45,False,early,2,0,0,0.10269514339208681,0.9954468123942115,0.33899786170604007,0
0,0,45,False,early,3,0,0,0.10155530789790328,0.9955013966400629,0.33899786170604007,0
0,0,45,False,early,4,0,0,0.182227176097697,0.9859269592439815,0.33899786170604007,0
0,0,46,False,early,1,1,7,0.0,1.0000000000000002,0.33899786170604007,0
0,0,46,False,early,2,0,0,0.12307608830497498,0.9932309161751477,0.33899786170604007,0
0,0,46,False,early,3,0,0,0.10269514339208681,0.9954468123942115,0.33899786170604007,0
0,0,46,False,early,4,0,0,0.10155530789790328,0.9955013966400629,0.33899786170604007,0
0,0,47,False,early,1,0,0,0.1009560182141037,0.9955387893798517,0.3736080889534416,0
0,0,47,False,early,2,0,0,0.1009560182141037,0.9955387893798517,0.3736080889534416,0
0,0,47,False,early,3,0,0,0.13484930314887458,0.9919894118294084,0.3736080889534416,0
0,0,47,False,early,4,0,0,0.18510901094291737,0.985028719103067,0.3736080889534416,0
0,0,48,False,early,1,0,0,0.16634932887308895,0.9878899018803227,0.3807186672866534,0
0,0,48,False,early,2,0,0,0.15036773714817137,0.990082183561774,0.3807186672866534,0
0,0,48,False,early,3,0,0,0.15036773714817137,0.990082183561774,0.3807186672866534,0
0,0,48,False,early,4,0,0,0.22056242913536087,0.978587818907226,0.3807186672866534,0
0,0,49,False,early,1,0,4,0.029131475534968802,0.9996361675281,0.3683267203854416,0
0,0,49,False,early,2,0,0,0.1617664532552874,0.988500130578592,0.3683267203854416,0
0,0,49,False,early,3,0,0,0.1447422116461567,0.9907332581978173,0.3683267203854416,0
0,0,49,False,early,4,0,0,0.1447422116461567,0.9907332581978173,0.3683267203854416,0
0,0,50,False,early,1,0,3,0.07872776243411143,0.9972737119395327,0.34854573669339356,0
0,0,50,False,early,2,0,3,0.10776702395990959,0.9949290756587488,0.34854573669339356,0
0,0,50,False,early,3,0,0,0.17280067185080975,0.9868254294396523,0.34854573669339356,0
0,0,50,False,early,4,0,0,0.15834440567129732,0.9887929784877348,0.34854573669339356,0
0,0,51,False,early,1,0,3,0.04710110933240599,0.9990106225962346,0.3432429185090816,0
0,0,51,False,early,2,0,3,0.03873333971797039,0.9993655907949822,0.3432429185090816,0
0,0,51,False,early,3,0,3,0.06635273099018685,0.9981260380558941,0.3432429185090816,0
0,0,51,False,early,4,0,0,0.16681380558171735,0.9877189683465359,0.3432429185090816,0
0,0,52,False,early,1,0,1,0.11367941334504175,0.9943019007690953,0.36952755990527086,0
0,0,52,False,early,2,0,1,0.0840764199962972,0.996891661940131,0.36952755990527086,0
0,0,52,False,early,3,0,1,0.14296597452971577,0.9910047698134336,0.36952755990527086,0
0,0,52,False,early,4,0,1,0.16870322968600823,0.9875320812839109,0.36952755990527086,0
0,0,53,False,early,1,1,7,0.0,0.9999999999999998,0.36952755990527086,0
0,0,53,False,early,2,0,1,0.11367941334504175,0.9943019007690953,0.36952755990527086,0
0,0,53,False,early,3,0,1,0.0840764199962972,0.996891661940131,0.36952755990527086,0
0,0,53,False,early,4,0,1,0.14296597452971577,0.9910047698134336,0.36952755990527086,0
0,0,54,False,early,1,0,1,0.029681883511988177,0.9996201181863322,0.38034709066159395,0
0,0,54,False,early,2,0,1,0.029681883511988177,0.9996201181863322,0.38034709066159395,0
0,0,54,False,early,3,0,1,0.1355314021769978,0.991950982685245,0.38034709066159395,0
0,0,54,False,early,4,0,1,0.10995160762550572,0.9947172782485219,0.38034709066159395,0
0,0,55,False,early,1,0,1,0.06668023481017686,0.9981112676614886,0.4055650478786349,0
0,0,55,False,early,2,0,1,0.09611535345367127,0.9960586031670672,0.4055650478786349,0
0,0,55,False,early,3,0,1,0.09611535345367127,0.9960586031670672,0.4055650478786349,0
0,0,55,False,early,4,0,1,0.18965665634810777,0.9844455485213064,0.4055650478786349,0
0,0,56,False,early,1,0,1,0.0252699450371474,0.9997263342569729,0.40780667329209075,0
0,0,56,False,early,2,0,1,0.08600821173043915,0.9968427160161377,0.40780667329209075,0
0,0,56,False,early,3,0,1,0.11498134172265069,0.9943420065476393,0.40780667329209075,0
0,0,56,False,early,4,0,1,0.11498134172265069,0.9943420065476393,0.40780667329209075,0
0,0,57,False,early,1,1,7,0.0,1.0,0.40780667329209075,0
0,0,57,False,early,2,0,1,0.0252699450371474,0.9997263342569729,0.40780667329209075,0
0,0,57,False,early,3,0,1,0.08600821173043915,0.9968427160161377,0.40780667329209075,0
0,0,57,False,early,4,0,1,0.11498134172265069,0.9943420065476393,0.40780667329209075,0
0,0,58,False,early,1,0,1,0.11783163385376186,0.994079150298084,0.419032873987255,0
0,0,58,False,early,2,0,1,0.11783163385376186,0.994079150298084,0.419032873987255,0
0,0,58,False,early,3,0,1,0.1065299200493077,0.9951615159898605,0.419032873987255,0
0,0,58,False,early,4,0,1,0.13368252524045196,0.9923859605743198,0.419032873987255,0
0,0,59,False,early,1,0,1,0.1422642579204252,0.9914179718948545,0.42636242673639896,0
0,0,59,False,early,2,0,1,0.04510200006620381,0.9991553925599583,0.42636242673639896,0
0,0,59,False,early,3,0,1,0.04510200006620381,0.9991553925599583,0.42636242673639896,0
0,0,59,False,early,4,0,1,0.06968553212902472,0.997957433306204,0.42636242673639896,0
0,0,60,False,early,1,0,1,0.028258669436944783,0.9996689363780119,0.43561922795304947,0
0,0,60,False,early,2,0,1,0.15499160524909056,0.9898618285259059,0.43561922795304947,0
0,0,60,False,early,3,0,1,0.07133589553678721,0.9978895891451406,0.43561922795304947,0
0,0,60,False,early,4,0,1,0.07133589553678721,0.9978895891451406,0.43561922795304947,0
0,0,61,False,early,1,1,7,0.0,0.9999999999999998,0.43561922795304947,0
0,0,61,False,early,2,0,1,0.028258669436944783,0.9996689363780119,0.43561922795304947,0
0,0,61,False,early,3,0,1,0.15499160524909056,0.9898618285259059,0.43561922795304947,0
0,0,61,False,early,4,0,1,0.07133589553678721,0.9978895891451406,0.43561922795304947,0
0,0,62,False,early,1,1,7,0.0,0.9999999999999998,0.43561922795304947,0
0,0,62,False,early,2,1,7,0.0,0.9999999999999998,0.43561922795304947,0
0,0,62,False,early,3,0,1,0.028258669436944783,0.9996689363780119,0.43561922795304947,0
0,0,62,False,early,4,0,1,0.15499160524909056,0.9898618285259059,0.43561922795304947,0
0,0,63,False,early,1,0,0,0.26233508415602114,0.9760858575211029,0.6205764048039738,0
0,0,63,False,early,2,0,0,0.26233508415602114,0.9760858575211029,0.6205764048039738,0
0,0,63,False,early,3,0,0,0.26233508415602114,0.9760858575211029,0.6205764048039738,0
0,0,63,False,early,4,0,0,0.2853812079529815,0.9713241940197365,0.6205764048039738,0
0,0,64,False,early,1,0,0,0.19414132180140406,0.9868886460552528,0.5074480556543972,0
0,0,64,False,early,2,0,0,0.19239735262773935,0.9852517600408626,0.5074480556543972,0
0,0,64,False,early,3,0,0,0.19239735262773935,0.9852517600408626,0.5074480556543972,0
0,0,64,False,early,4,0,0,0.19239735262773935,0.9852517600408626,0.5074480556543972,0
0,0,65,False,early,1,0,0,0.15302623228111326,0.992764663541742,0.6376032272283916,0
0,0,65,False,early,2,0,0,0.16751967625228095,0.9899767388135474,0.6376032272283916,0
0,0,65,False,early,3,0,0,0.32207896875575875,0.9634090442369053,0.6376032272283916,0
0,0,65,False,early,4,0,0,0.32207896875575875,0.9634090442369053,0.6376032272283916,0
0,0,66,False,early,1,0,0,0.014243697652629894,0.9999290417797008,0.6340714646805341,0
0,0,66,False,early,2,0,0,0.14967502514466322,0.9930442427579012,0.6340714646805341,0
0,0,66,False,early,3,0,0,0.15427994215859311,0.9914783163877159,0.6340714646805341,0
0,0,66,False,early,4,0,0,0.31507370219163533,0.9649401076674383,0.6340714646805341,0
0,0,67,False,early,1,0,0,0.014243697652629894,0.9999290417797008,0.6376032272283916,0
0,0,67,False,early,2,1,7,0.0,1.0000000000000002,0.6376032272283916,0
0,0,67,False,early,3,0,0,0.15302623228111326,0.992764663541742,0.6376032272283916,0
0,0,67,False,early,4,0,0,0.16751967625228095,0.9899767388135474,0.6376032272283916,0
0,0,68,False,early,1,1,7,0.0,1.0000000000000002,0.6376032272283916,0
0,0,68,False,early,2,0,0,0.014243697652629894,0.9999290417797008,0.6376032272283916,0
0,0,68,False,early,3,1,7,0.0,1.0000000000000002,0.6376032272283916,0
0,0,68,False,early,4,0,0,0.15302623228111326,0.992764663541742,0.6376032272283916,0
0,0,69,False,early,1,0,0,0.08207863018114246,0.9976310675340527,0.6153785953944949,0
0,0,69,False,early,2,0,0,0.08207863018114246,0.9976310675340527,0.6153785953944949,0
0,0,69,False,early,3,0,0,0.06861539407609217,0.9983421128629802,0.6153785953944949,0
0,0,69,False,early,4,0,0,0.08207863018114246,0.9976310675340527,0.6153785953944949,0
0,0,70,False,early,1,0,0,0.2618610869561771,0.9767359302527272,0.39438821149923675,0
0,0,70,False,early,2,0,0,0.30837334141519057,0.9675380704725746,0.39438821149923675,0
0,0,70,False,early,3,0,0,0.30837334141519057,0.9675380704725746,0.39438821149923675,0
0,0,70,False,early,4,0,0,0.3010493205332641,0.9690755836177393,0.39438821149923675,0
0,0,71,False,early,1,0,1,0.16460769421923538,0.9885209709855887,0.4322836461972111,0
0,0,71,False,early,2,0,0,0.3029928338155024,0.9669229792217896,0.4322836461972111,0
0,0,71,False,early,3,0,0,0.33974334948622215,0.9589388735171817,0.4322836461972111,0
0,0,71,False,early,4,0,0,0.33974334948622215,0.9589388735171817,0.4322836461972111,0
0,0,72,False,early,1,0,0,0.23791479777175215,0.977747690763012,0.5289959466968219,0
0,0,72,False,early,2,0,0,0.17044770049970184,0.9893600527491871,0.5289959466968219,0
0,0,72,False,early,3,0,0,0.15598808694962885,0.9915331591924239,0.5289959466968219,0
0,0,72,False,early,4,0,0,0.2316847651811007,0.9811103229466436,0.5289959466968219,0
0,0,73,False,early,1,0,0,0.18909876905485085,0.9867857503264903,0.5933834867248884,0
0,0,73,False,early,2,0,0,0.1776159980310256,0.9896727409742215,0.5933834867248884,0
0,0,73,False,early,3,0,0,0.23647020380277511,0.9807184502039903,0.5933834867248884,0
0,0,73,False,early,4,0,0,0.21907325609575198,0.9824717941170136,0.5933834867248884,0
0,0,74,False,early,1,0,0,0.20867014816113588,0.9854110299070522,0.4070177541700583,0
0,0,74,False,early,2,0,0,0.212914082131645,0.9825343215444504,0.4070177541700583,0
0,0,74,False,early,3,0,0,0.1145852921252237,0.9944592721789763,0.4070177541700583,0
0,0,74,False,early,4,0,0,0.12894185372033914,0.9928467804262856,0.4070177541700583,0
0,0,75,False,early,1,0,0,0.08249048171275145,0.9973798452541166,0.46628345429113965,0
0,0,75,False,early,2,0,0,0.1746701416226506,0.9894865406826056,0.46628345429113965,0
0,0,75,False,early,3,0,0,0.227880043169375,0.9795114566878529,0.46628345429113965,0
0,0,75,False,early,4,0,0,0.11853858911028135,0.9942359672410159,0.46628345429113965,0
0,0,76,False,early,1,0,0,0.11858429681851283,0.9946115070532889,0.36971940157401567,0
0,0,76,False,early,2,0,0,0.08237566130198398,0.9971316375880874,0.36971940157401567,0
0,0,76,False,early,3,0,0,0.2578032947317154,0.9769615606688536,0.36971940157401567,0
0,0,76,False,early,4,0,0,0.22436074378270893,0.9808918133709235,0.36971940157401567,0
0,0,77,False,early,1,0,0,0.207343912108252,0.9845939028092215,0.5483813376453788,0
0,0,77,False,early,2,0,0,0.10384812827210974,0.9962625752929783,0.5483813376453788,0
0,0,77,False,early,3,0,0,0.1601026246946856,0.991094197192039,0.5483813376453788,0
0,0,77,False,early,4,0,0,0.08601617524304092,0.9973980842925564,0.5483813376453788,0
0,0,78,False,early,1,0,0,0.1948968167954395,0.9862311961282967,0.3963175098931706,0
0,0,78,False,early,2,0,0,0.1423502817359134,0.9912048766397703,0.3963175098931706,0
0,0,78,False,early,3,0,0,0.12398690232398307,0.9938469460356504,0.3963175098931706,0
0,0,78,False,early,4,0,0,0.12066013795635198,0.9937388089195914,0.3963175098931706,0
0,0,79,False,early,1,0,1,0.1651066632487159,0.9902632391249496,0.5363392040818453,0
0,0,79,False,early,2,0,0,0.07330573746680748,0.9979366107817524,0.5363392040818453,0
0,0,79,False,early,3,0,0,0.20416508081450688,0.984717458776396,0.5363392040818453,0
0,0,79,False,early,4,0,0,0.09194467760346639,0.9970173201000151,0.5363392040818453,0
0,0,80,False,early,1,0,0,0.43689517377700904,0.9256272722683415,0.5278637376416028,0
0,0,80,False,early,2,0,0,0.40596603964872924,0.9335000591284397,0.5278637376416028,0
0,0,80,False,early,3,0,0,0.4607464364824684,0.9177313950368147,0.5278637376416028,0
0,0,80,False,early,4,0,0,0.4780607530385045,0.906946207153583,0.5278637376416028,0
0,0,81,False,early,1,0,0,0.28394066556006375,0.9679997617093775,0.4201600033865184,0
0,0,81,False,early,2,0,0,0.326733429810316,0.9576518887752131,0.4201600033865184,0
0,0,81,False,early,3,0,0,0.2810312998882604,0.9661895475516163,0.4201600033865184,0
0,0,81,False,early,4,0,0,0.3094977188850132,0.9625429517842663,0.4201600033865184,0
0,0,82,False,early,1,0,2,0.1482947415228752,0.9907000547532084,0.4313735297306785,0
0,0,82,False,early,2,0,0,0.365856826961535,0.9463607226615302,0.4313735297306785,0
0,0,82,False,early,3,0,0,0.3782117251996496,0.9429703266124753,0.4313735297306785,0
0,0,82,False,early,4,0,0,0.3291351676719287,0.9538405304821516,0.4313735297306785,0
0,0,83,False,early,1,0,0,0.37398551513122874,0.9419376042650023,0.468096275874253,0
0,0,83,False,early,2,0,0,0.3055339630222167,0.9611849322998964,0.468096275874253,0
0,0,83,False,early,3,0,0,0.38006475696913683,0.9424360307150215,0.468096275874253,0
0,0,83,False,early,4,0,0,0.10273664348988741,0.9961619676776763,0.468096275874253,0
0,0,84,False,early,1,0,2,0.11154272035377033,0.9949211225769339,0.47714516839589516,0
0,0,84,False,early,2,0,0,0.4221247780019306,0.9263148871308594,0.47714516839589516,0
0,0,84,False,early,3,0,0,0.3313528605037803,0.9545480695147316,0.47714516839589516,0
0,0,84,False,early,4,0,0,0.41512964264791624,0.9314330872350922,0.47714516839589516,0
0,0,85,False,early,1,0,2,0.22062489465505244,0.9799787854810221,0.4154723368507108,0
0,0,85,False,early,2,0,2,0.2720812429894156,0.9692314517182371,0.4154723368507108,0
0,0,85,False,early,3,0,0,0.44339784345839167,0.9166632551194546,0.4154723368507108,0
0,0,85,False,early,4,0,0,0.3892260722136123,0.9355112398341059,0.4154723368507108,0
0,0,86,False,early,1,0,2,0.2394978776824265,0.9759814866124907,0.45386469707642396,0
0,0,86,False,early,2,0,4,0.09275244641481879,0.9965045105697035,0.45386469707642396,0
0,0,86,False,early,3,0,2,0.03768610132403894,0.9994289873296118,0.45386469707642396,0
0,0,86,False,early,4,0,0,0.37989953768523094,0.9396984971348191,0.45386469707642396,0
0,0,87,False,early,1,0,4,0.015088235630708588,0.9999058548021872,0.4517541096431119,0
0,0,87,False,early,2,0,2,0.24570172260255477,0.97468492064066,0.4517541096431119,0
0,0,87,False,early,3,0,4,0.10776418417735129,0.9952711911302727,0.4517541096431119,0
0,0,87,False,early,4,0,2,0.03453385843716201,0.999527078172036,0.4517541096431119,0
0,0,88,False,early,1,0,0,0.40733228521671844,0.9289190914265725,0.313859291358824,0
0,0,88,False,early,2,0,0,0.41205548546947696,0.9273317831280593,0.313859291358824,0
0,0,88,False,early,3,0,0,0.399506692706663,0.9302193694464197,0.313859291358824,0
0,0,88,False,early,4,0,0,0.44964568560004126,0.9144950288976366,0.313859291358824,0
0,0,89,False,early,1,0,0,0.399506692706663,0.9302193694464197,0.4154723368507108,0
0,0,89,False,early,2,0,2,0.24570172260255477,0.97468492064066,0.4154723368507108,0
0,0,89,False,early,3,0,2,0.2394978776824265,0.9759814866124907,0.4154723368507108,0
0,0,89,False,early,4,1,7,0.0,0.9999999999999998,0.4154723368507108,0
0,0,90,False,early,1,0,2,0.1571365199756127,0.9896100110102775,0.4408739187337821,0
0,0,90,False,early,2,0,0,0.4444738887884596,0.9146385434428528,0.4408739187337821,0
0,0,90,False,early,3,0,2,0.24769280236334215,0.9744282668677812,0.4408739187337821,0
0,0,90,False,early,4,0,2,0.24154010281344468,0.9757061063980504,0.4408739187337821,0
0,0,91,False,early,1,0,5,0.15081617661258756,0.9904338672633194,0.41935808961419674,0
0,0,91,False,early,2,0,2,0.044117647058823595,0.9991721754165221,0.41935808961419674,0
0,0,91,False,early,3,0,0,0.40031785676478593,0.9300770519223122,0.41935808961419674,0
0,0,91,False,early,4,0,2,0.20700733187933335,0.9820635553090759,0.41935808961419674,0
0,0,92,False,early,1,0,5,0.004021764709669029,0.9999931228003864,0.4192426475642667,0
0,0,92,False,early,2,0,5,0.14679441190291853,0.9909388109100156,0.4192426475642667,0
0,0,92,False,early,3,0,2,0.044300579831271565,0.9991651977264169,0.4192426475642667,0
0,0,92,False,early,4,0,0,0.40082259321207203,0.9298948470728057,0.4192426475642667,0
0,0,93,False,early,1,0,0,0.16071590414523673,0.9895776511198201,0.48427239931505345,0
0,0,93,False,early,2,0,0,0.16101754374446456,0.9895368151704503,0.48427239931505345,0
0,0,93,False,early,3,0,0,0.21077556377413814,0.9818433496768413,0.48427239931505345,0
0,0,93,False,early,4,0,0,0.193919700096566,0.9847034273443531,0.48427239931505345,0
0,0,94,False,early,1,0,0,0.16071590414523673,0.9895776511198201,0.4192426475642667,0
0,0,94,False,early,2,1,7,0.0,0.9999999999999998,0.4192426475642667,0
0,0,94,False,early,3,0,5,0.004021764709669029,0.9999931228003864,0.4192426475642667,0
0,0,94,False,early,4,0,5,0.14679441190291853,0.9909388109100156,0.4192426475642667,0
0,0,95,False,early,1,0,0,0.12642944650731033,0.9931802953766192,0.3955738322230812,0
0,0,95,False,early,2,0,0,0.09218797894895091,0.9969767765283001,0.3955738322230812,0
0,0,95,False,early,3,0,0,0.12642944650731033,0.9931802953766192,0.3955738322230812,0
0,0,95,False,early,4,0,0,0.12681266692418577,0.9931393078447704,0.3955738322230812,0
0,0,96,False,early,1,0,1,0.07195036341399133,0.9977601453849846,0.3850905473586587,0
0,0,96,False,early,2,0,0,0.15889819626345741,0.9892050758079335,0.3850905473586587,0
0,0,96,False,early,3,0,0,0.11335883255036372,0.9952589535325975,0.3850905473586587,0
0,0,96,False,early,4,0,0,0.15889819626345741,0.9892050758079335,0.3850905473586587,0
0,0,97,False,early,1,0,3,0.05799861270103568,0.9985349070288249,0.3842262790446627,0
0,0,97,False,early,2,0,1,0.08818289657471558,0.9966324117594485,0.3842262790446627,0
0,0,97,False,early,3,0,0,0.18226691341117496,0.9857737011457957,0.3842262790446627,0
0,0,97,False,early,4,0,0,0.12770913366012251,0.9938147348883577,0.3842262790446627,0
0,0,98,False,early,1,0,1,0.09678199971614863,0.9959605336060536,0.4015722857640876,0
0,0,98,False,early,2,0,1,0.12147641705200687,0.9936263229128686,0.4015722857640876,0
0,0,98,False,early,3,0,2,0.09895186317813857,0.9957775401764525,0.4015722857640876,0
0,0,98,False,early,4,0,0,0.21711727218243343,0.9798479628138139,0.4015722857640876,0
0,0,99,False,early,1,0,1,0.15199843608863467,0.9900417476043648,0.39828312993175824,0
0,0,99,False,early,2,0,3,0.07193819434913419,0.9977674101438289,0.39828312993175824,0
0,0,99,False,early,3,0,3,0.10046420461210433,0.9956348768136579,0.39828312993175824,0
0,0,99,False,early,4,0,1,0.1237533032443418,0.9933852386653566,0.39828312993175824,0
0,0,100,False,middle,1,0,1,0.11493639694660394,0.9943086878503712,0.4025816953597292,0
0,0,100,False,middle,2,0,4,0.07376470752790862,0.9976580661499356,0.4025816953597292,0
0,0,100,False,middle,3,0,1,0.06265399741739307,0.9983199361931774,0.4025816953597292,0
0,0,100,False,middle,4,0,1,0.07148915582259832,0.9978056685310499,0.4025816953597292,0
0,0,101,False,middle,1,0,0,0.33256755800578375,0.9515744772571582,0.33206311151191104,0
0,0,101,False,middle,2,0,0,0.36555065583550833,0.9413185726168055,0.33206311151191104,0
0,0,101,False,middle,3,0,0,0.36382153447073734,0.9419655109011512,0.33206311151191104,0
0,0,101,False,middle,4,0,0,0.3440297352413119,0.947710848486569,0.33206311151191104,0
0,0,102,False,middle,1,0,0,0.3664695652951938,0.9438126393279178,0.478711386931492,0
0,0,102,False,middle,2,0,0,0.08973159729713635,0.9970253284841233,0.478711386931492,0
0,0,102,False,middle,3,0,0,0.15711829561452928,0.9900935951337554,0.478711386931492,0
0,0,102,False,middle,4,0,0,0.1253752376149139,0.9938252647948986,0.478711386931492,0
0,0,103,False,middle,1,0,4,0.01005882375380572,0.9999589937003194,0.480022902686816,0
0,0,103,False,middle,2,0,0,0.3639762402301365,0.9446472699548536,0.480022902686816,0
0,0,103,False,middle,3,0,0,0.09195911751825347,0.9968722988408332,0.480022902686816,0
0,0,103,False,middle,4,0,0,0.15647299749859192,0.9901988614054664,0.480022902686816,0
0,0,104,False,middle,1,0,0,0.09195911751825347,0.9968722988408332,0.4025816953597292,0
0,0,104,False,middle,2,0,0,0.08973159729713635,0.9970253284841233,0.4025816953597292,0
0,0,104,False,middle,3,0,0,0.33256755800578375,0.9515744772571582,0.4025816953597292,0
0,0,104,False,middle,4,1,7,0.0,1.0,0.4025816953597292,0
0,0,105,False,middle,1,1,7,0.0,1.0,0.4025816953597292,0
0,0,105,False,middle,2,0,0,0.09195911751825347,0.9968722988408332,0.4025816953597292,0
0,0,105,False,middle,3,0,0,0.08973159729713635,0.9970253284841233,0.4025816953597292,0
0,0,105,False,middle,4,0,0,0.33256755800578375,0.9515744772571582,0.4025816953597292,0
0,0,106,False,middle,1,0,0,0.32287080627823495,0.9555056676144367,0.4236034907542456,0
0,0,106,False,middle,2,0,0,0.32287080627823495,0.9555056676144367,0.4236034907542456,0
0,0,106,False,middle,3,0,0,0.329571841259034,0.9551416395486768,0.4236034907542456,0
0,0,106,False,middle,4,0,0,0.3326277157079254,0.9542675666074532,0.4236034907542456,0
0,0,107,False,middle,1,0,0,0.3390612578901742,0.9510289974315639,0.40931335051246187,0
0,0,107,False,middle,2,0,2,0.035402980483908296,0.9994647328602493,0.40931335051246187,0
0,0,107,False,middle,3,0,2,0.035402980483908296,0.9994647328602493,0.40931335051246187,0
0,0,107,False,middle,4,0,0,0.09685954436702483,0.9964302879153325,0.40931335051246187,0
0,0,108,False,middle,1,0,2,0.10916205668682007,0.9948922266682567,0.3822277251878573,0
0,0,108,False,middle,2,0,0,0.3164443286849432,0.9570386482530686,0.3822277251878573,0
0,0,108,False,middle,3,0,2,0.09044138375060222,0.996480084834816,0.3822277251878573,0
0,0,108,False,middle,4,0,2,0.09044138375060222,0.996480084834816,0.3822277251878573,0
0,0,109,False,middle,1,1,7,0.0,1.0000000000000002,0.3822277251878573,0
0,0,109,False,middle,2,0,2,0.10916205668682007,0.9948922266682567,0.3822277251878573,0
0,0,109,False,middle,3,0,0,0.3164443286849432,0.9570386482530686,0.3822277251878573,0
0,0,109,False,middle,4,0,2,0.09044138375060222,0.996480084834816,0.3822277251878573,0
0,0,110,False,middle,1,0,0,0.3164443286849432,0.9570386482530686,0.4236034907542456,0
0,0,110,False,middle,2,0,0,0.3164443286849432,0.9570386482530686,0.4236034907542456,0
0,0,110,False,middle,3,0,0,0.3390612578901742,0.9510289974315639,0.4236034907542456,0
0,0,110,False,middle,4,1,7,0.0,1.0,0.4236034907542456,0
0,0,111,False,middle,1,1,7,0.0,1.0,0.4236034907542456,0
0,0,111,False,middle,2,0,0,0.3164443286849432,0.9570386482530686,0.4236034907542456,0
0,0,111,False,middle,3,0,0,0.3164443286849432,0.9570386482530686,0.4236034907542456,0
0,0,111,False,middle,4,0,0,0.3390612578901742,0.9510289974315639,0.4236034907542456,0
0,0,112,False,middle,1,1,7,0.0,1.0,0.4236034907542456,0
0,0,112,False,middle,2,1,7,0.0,1.0,0.4236034907542456,0
0,0,112,False,middle,3,0,0,0.3164443286849432,0.9570386482530686,0.4236034907542456,0
0,0,112,False,middle,4,0,0,0.3164443286849432,0.9570386482530686,0.4236034907542456,0
0,0,113,False,middle,1,0,0,0.3201317223046355,0.9560452828981922,0.38383475219056334,0
0,0,113,False,middle,2,0,0,0.3201317223046355,0.9560452828981922,0.38383475219056334,0
0,0,113,False,middle,3,0,0,0.3201317223046355,0.9560452828981922,0.38383475219056334,0
0,0,113,False,middle,4,0,4,0.016382996928816732,0.9998831128288335,0.38383475219056334,0
0,0,114,False,middle,1,1,7,0.0,0.9999999999999998,0.38383475219056334,0
0,0,114,False,middle,2,0,0,0.3201317223046355,0.9560452828981922,0.38383475219056334,0
0,0,114,False,middle,3,0,0,0.3201317223046355,0.9560452828981922,0.38383475219056334,0
0,0,114,False,middle,4,0,0,0.3201317223046355,0.9560452828981922,0.38383475219056334,0
0,0,115,False,middle,1,0,0,0.18086344550795602,0.9860560905592561,0.4256703182128795,0
0,0,115,False,middle,2,0,0,0.18086344550795602,0.9860560905592561,0.4256703182128795,0
0,0,115,False,middle,3,0,0,0.4352088803994594,0.9197647419717191,0.4256703182128795,0
0,0,115,False,middle,4,0,0,0.4352088803994594,0.9197647419717191,0.4256703182128795,0
0,0,116,False,middle,1,0,0,0.26639075006210894,0.9703559574569308,0.4558726353252505,0
0,0,116,False,middle,2,0,0,0.13227707042605213,0.9928982085598641,0.4558726353252505,0
0,0,116,False,middle,3,0,0,0.13227707042605213,0.9928982085598641,0.4558726353252505,0
0,0,116,False,middle,4,0,0,0.37253455225941856,0.9419321297361128,0.4558726353252505,0
0,0,117,False,middle,1,0,0,0.08258461163303076,0.9972533134003819,0.4133182597815139,0
0,0,117,False,middle,2,0,0,0.25979103500043405,0.9713144448732342,0.4133182597815139,0
0,0,117,False,middle,3,0,2,0.1033295953825439,0.9954453545054619,0.4133182597815139,0
0,0,117,False,middle,4,0,2,0.1033295953825439,0.9954453545054619,0.4133182597815139,0
0,0,118,False,middle,1,1,7,0.0,1.0,0.4133182597815139,0
0,0,118,False,middle,2,0,0,0.08258461163303076,0.9972533134003819,0.4133182597815139,0
0,0,118,False,middle,3,0,0,0.25979103500043405,0.9713144448732342,0.4133182597815139,0
0,0,118,False,middle,4,0,2,0.1033295953825439,0.9954453545054619,0.4133182597815139,0
0,0,119,False,middle,1,0,2,0.1033295953825439,0.9954453545054619,0.38383475219056334,0
0,0,119,False,middle,2,0,2,0.1033295953825439,0.9954453545054619,0.38383475219056334,0
0,0,119,False,middle,3,0,0,0.13227707042605213,0.9928982085598641,0.38383475219056334,0
0,0,119,False,middle,4,0,0,0.18086344550795602,0.9860560905592561,0.38383475219056334,0
0,0,120,False,middle,1,1,7,0.0,0.9999999999999998,0.38383475219056334,0
0,0,120,False,middle,2,0,2,0.1033295953825439,0.9954453545054619,0.38383475219056334,0
0,0,120,False,middle,3,0,2,0.1033295953825439,0.9954453545054619,0.38383475219056334,0
0,0,120,False,middle,4,0,0,0.13227707042605213,0.9928982085598641,0.38383475219056334,0
0,0,121,False,middle,1,0,2,0.1033295953825439,0.9954453545054619,0.4133182597815139,0
0,0,121,False,middle,2,0,2,0.1033295953825439,0.9954453545054619,0.4133182597815139,0
0,0,121,False,middle,3,1,7,0.0,1.0,0.4133182597815139,0
0,0,121,False,middle,4,1,7,0.0,1.0,0.4133182597815139,0
0,0,122,False,middle,1,1,7,0.0,1.0,0.4133182597815139,0
0,0,122,False,middle,2,0,2,0.1033295953825439,0.9954453545054619,0.4133182597815139,0
0,0,122,False,middle,3,0,2,0.1033295953825439,0.9954453545054619,0.4133182597815139,0
0,0,122,False,middle,4,1,7,0.0,1.0,0.4133182597815139,0
0,0,123,False,middle,1,1,7,0.0,1.0,0.4133182597815139,0
0,0,123,False,middle,2,1,7,0.0,1.0,0.4133182597815139,0
0,0,123,False,middle,3,0,2,0.1033295953825439,0.9954453545054619,0.4133182597815139,0
0,0,123,False,middle,4,0,2,0.1033295953825439,0.9954453545054619,0.4133182597815139,0
0,0,124,False,middle,1,0,2,0.10488192868249953,0.99530845268009,0.3824857389319429,0
0,0,124,False,middle,2,0,2,0.10488192868249953,0.99530845268009,0.3824857389319429,0
0,0,124,False,middle,3,0,2,0.10488192868249953,0.99530845268009,0.3824857389319429,0
0,0,124,False,middle,4,0,4,0.00838235312817144,0.9999694671547914,0.3824857389319429,0
0,0,125,False,middle,1,0,5,0.014076176483841518,0.9999135705694101,0.3822277251878573,0
0,0,125,False,middle,2,0,2,0.10393305643420993,0.9953944818754445,0.3822277251878573,0
0,0,125,False,middle,3,0,2,0.10393305643420993,0.9953944818754445,0.3822277251878573,0
0,0,125,False,middle,4,0,2,0.10393305643420993,0.9953944818754445,0.3822277251878573,0
0,0,126,False,middle,1,1,7,0.0,1.0000000000000002,0.3822277251878573,0
0,0,126,False,middle,2,0,5,0.014076176483841518,0.9999135705694101,0.3822277251878573,0
0,0,126,False,middle,3,0,2,0.10393305643420993,0.9953944818754445,0.3822277251878573,0
0,0,126,False,middle,4,0,2,0.10393305643420993,0.9953944818754445,0.3822277251878573,0
0,0,127,False,middle,1,0,2,0.10393305643420993,0.9953944818754445,0.4133182597815139,0
0,0,127,False,middle,2,0,2,0.10393305643420993,0.9953944818754445,0.4133182597815139,0
0,0,127,False,middle,3,0,2,0.10488192868249953,0.99530845268009,0.4133182597815139,0
0,0,127,False,middle,4,1,7,0.0,1.0,0.4133182597815139,0
0,0,128,False,middle,1,0,2,0.10393305643420993,0.9953944818754445,0.3822277251878573,0
0,0,128,False,middle,2,1,7,0.0,1.0000000000000002,0.3822277251878573,0
0,0,128,False,middle,3,1,7,0.0,1.0000000000000002,0.3822277251878573,0
0,0,128,False,middle,4,0,5,0.014076176483841518,0.9999135705694101,0.3822277251878573,0
0,0,129,False,middle,1,1,7,0.0,1.0000000000000002,0.3822277251878573,0
0,0,129,False,middle,2,0,2,0.10393305643420993,0.9953944818754445,0.3822277251878573,0
0,0,129,False,middle,3,1,7,0.0,1.0000000000000002,0.3822277251878573,0
0,0,129,False,middle,4,1,7,0.0,1.0000000000000002,0.3822277251878573,0
0,0,130,False,middle,1,0,2,0.007352941176470562,0.999976502903125,0.3834281569594791,0
0,0,130,False,middle,2,0,2,0.007352941176470562,0.999976502903125,0.3834281569594791,0
0,0,130,False,middle,3,0,2,0.09721335618700114,0.9959753279723208,0.3834281569594791,0
0,0,130,False,middle,4,0,2,0.007352941176470562,0.999976502903125,0.3834281569594791,0
0,0,131,False,middle,1,0,2,0.09721335618700114,0.9959753279723208,0.4133182597815139,0
0,0,131,False,middle,2,0,2,0.10393305643420993,0.9953944818754445,0.4133182597815139,0
0,0,131,False,middle,3,0,2,0.10393305643420993,0.9953944818754445,0.4133182597815139,0
0,0,131,False,middle,4,1,7,0.0,1.0,0.4133182597815139,0
0,0,132,False,middle,1,1,7,0.0,1.0,0.4133182597815139,0
0,0,132,False,middle,2,0,2,0.09721335618700114,0.9959753279723208,0.4133182597815139,0
0,0,132,False,middle,3,0,2,0.10393305643420993,0.9953944818754445,0.4133182597815139,0
0,0,132,False,middle,4,0,2,0.10393305643420993,0.9953944818754445,0.4133182597815139,0
0,0,133,False,middle,1,1,7,0.0,1.0,0.4133182597815139,0
0,0,133,False,middle,2,1,7,0.0,1.0,0.4133182597815139,0
0,0,133,False,middle,3,0,2,0.09721335618700114,0.9959753279723208,0.4133182597815139,0
0,0,133,False,middle,4,0,2,0.10393305643420993,0.9953944818754445,0.4133182597815139,0
0,0,134,False,middle,1,0,2,0.10393305643420993,0.9953944818754445,0.3822277251878573,0
0,0,134,False,middle,2,0,2,0.10393305643420993,0.9953944818754445,0.3822277251878573,0
0,0,134,False,middle,3,0,2,0.10393305643420993,0.9953944818754445,0.3822277251878573,0
0,0,134,False,middle,4,0,2,0.007352941176470562,0.999976502903125,0.3822277251878573,0
0,0,135,False,middle,1,1,7,0.0,1.0000000000000002,0.3822277251878573,0
0,0,135,False,middle,2,0,2,0.10393305643420993,0.9953944818754445,0.3822277251878573,0
0,0,135,False,middle,3,0,2,0.10393305643420993,0.9953944818754445,0.3822277251878573,0
0,0,135,False,middle,4,0,2,0.10393305643420993,0.9953944818754445,0.3822277251878573,0
0,0,136,False,middle,1,1,7,0.0,1.0000000000000002,0.3822277251878573,0
0,0,136,False,middle,2,1,7,0.0,1.0000000000000002,0.3822277251878573,0
0,0,136,False,middle,3,0,2,0.10393305643420993,0.9953944818754445,0.3822277251878573,0
0,0,136,False,middle,4,0,2,0.10393305643420993,0.9953944818754445,0.3822277251878573,0
0,0,137,False,middle,1,1,7,0.0,1.0000000000000002,0.3822277251878573,0
0,0,137,False,middle,2,1,7,0.0,1.0000000000000002,0.3822277251878573,0
0,0,137,False,middle,3,1,7,0.0,1.0000000000000002,0.3822277251878573,0
0,0,137,False,middle,4,0,2,0.10393305643420993,0.9953944818754445,0.3822277251878573,0
0,0,138,False,middle,1,1,7,0.0,1.0000000000000002,0.3822277251878573,0
0,0,138,False,middle,2,1,7,0.0,1.0000000000000002,0.3822277251878573,0
0,0,138,False,middle,3,1,7,0.0,1.0000000000000002,0.3822277251878573,0
0,0,138,False,middle,4,1,7,0.0,1.0000000000000002,0.3822277251878573,0
0,0,139,False,middle,1,0,2,0.10393305643420993,0.9953944818754445,0.4133182597815139,0
0,0,139,False,middle,2,0,2,0.10393305643420993,0.9953944818754445,0.4133182597815139,0
0,0,139,False,middle,3,0,2,0.10393305643420993,0.9953944818754445,0.4133182597815139,0
0,0,139,False,middle,4,0,2,0.10393305643420993,0.9953944818754445,0.4133182597815139,0
0,0,140,False,middle,1,0,2,0.09721335618700114,0.9959753279723208,0.3834281569594791,0
0,0,140,False,middle,2,0,2,0.007352941176470562,0.999976502903125,0.3834281569594791,0
0,0,140,False,middle,3,0,2,0.007352941176470562,0.999976502903125,0.3834281569594791,0
0,0,140,False,middle,4,0,2,0.007352941176470562,0.999976502903125,0.3834281569594791,0
0,0,141,False,middle,1,0,2,0.007352941176470562,0.999976502903125,0.3822277251878573,0
0,0,141,False,middle,2,0,2,0.10393305643420993,0.9953944818754445,0.3822277251878573,0
0,0,141,False,middle,3,1,7,0.0,1.0000000000000002,0.3822277251878573,0
0,0,141,False,middle,4,1,7,0.0,1.0000000000000002,0.3822277251878573,0
0,0,142,False,middle,1,1,7,0.0,1.0000000000000002,0.3822277251878573,0
0,0,142,False,middle,2,0,2,0.007352941176470562,0.999976502903125,0.3822277251878573,0
0,0,142,False,middle,3,0,2,0.10393305643420993,0.9953944818754445,0.3822277251878573,0
0,0,142,False,middle,4,1,7,0.0,1.0000000000000002,0.3822277251878573,0
0,0,143,False,middle,1,0,2,0.10393305643420993,0.9953944818754445,0.4133182597815139,0
0,0,143,False,middle,2,0,2,0.10393305643420993,0.9953944818754445,0.4133182597815139,0
0,0,143,False,middle,3,0,2,0.09721335618700114,0.9959753279723208,0.4133182597815139,0
0,0,143,False,middle,4,1,7,0.0,1.0,0.4133182597815139,0
0,0,144,False,middle,1,0,4,0.0033529412512685736,0.9999952281606488,0.41398794929067734,0
0,0,144,False,middle,2,0,2,0.1047411735912556,0.9953253679610164,0.41398794929067734,0
0,0,144,False,middle,3,0,2,0.1047411735912556,0.9953253679610164,0.41398794929067734,0
0,0,144,False,middle,4,0,2,0.09807685683512511,0.9959060100306781,0.41398794929067734,0
0,0,145,False,middle,1,0,2,0.1047411735912556,0.9953253679610164,0.3822277251878573,0
0,0,145,False,middle,2,0,2,0.10393305643420993,0.9953944818754445,0.3822277251878573,0
0,0,145,False,middle,3,1,7,0.0,1.0000000000000002,0.3822277251878573,0
0,0,145,False,middle,4,1,7,0.0,1.0000000000000002,0.3822277251878573,0
0,0,146,False,middle,1,0,2,0.007352941176470562,0.999976502903125,0.3834281569594791,0
0,0,146,False,middle,2,0,2,0.09807685683512511,0.9959060100306781,0.3834281569594791,0
0,0,146,False,middle,3,0,2,0.09721335618700114,0.9959753279723208,0.3834281569594791,0
0,0,146,False,middle,4,0,2,0.007352941176470562,0.999976502903125,0.3834281569594791,0
0,0,147,False,middle,1,0,2,0.007352941176470562,0.999976502903125,0.3822277251878573,0
0,0,147,False,middle,2,1,7,0.0,1.0000000000000002,0.3822277251878573,0
0,0,147,False,middle,3,0,2,0.1047411735912556,0.9953253679610164,0.3822277251878573,0
0,0,147,False,middle,4,0,2,0.10393305643420993,0.9953944818754445,0.3822277251878573,0
0,0,148,False,middle,1,1,7,0.0,1.0000000000000002,0.3822277251878573,0
0,0,148,False,middle,2,0,2,0.007352941176470562,0.999976502903125,0.3822277251878573,0
0,0,148,False,middle,3,1,7,0.0,1.0000000000000002,0.3822277251878573,0
0,0,148,False,middle,4,0,2,0.1047411735912556,0.9953253679610164,0.3822277251878573,0
0,0,149,False,middle,1,0,2,0.10393305643420993,0.9953944818754445,0.4133182597815139,0
0,0,149,False,middle,2,0,2,0.10393305643420993,0.9953944818754445,0.4133182597815139,0
0,0,149,False,middle,3,0,2,0.09721335618700114,0.9959753279723208,0.4133182597815139,0
0,0,149,False,middle,4,0,2,0.10393305643420993,0.9953944818754445,0.4133182597815139,0
0,0,150,False,middle,1,1,7,0.0,1.0,0.4133182597815139,0
0,0,150,False,middle,2,0,2,0.10393305643420993,0.9953944818754445,0.4133182597815139,0
0,0,150,False,middle,3,0,2,0.10393305643420993,0.9953944818754445,0.4133182597815139,0
0,0,150,False,middle,4,0,2,0.09721335618700114,0.9959753279723208,0.4133182597815139,0
0,0,151,False,middle,1,1,7,0.0,1.0,0.4133182597815139,0
0,0,151,False,middle,2,1,7,0.0,1.0,0.4133182597815139,0
0,0,151,False,middle,3,0,2,0.10393305643420993,0.9953944818754445,0.4133182597815139,0
0,0,151,False,middle,4,0,2,0.10393305643420993,0.9953944818754445,0.4133182597815139,0
0,0,152,False,middle,1,0,4,0.0033529412512685736,0.9999952281606488,0.41398794929067734,0
0,0,152,False,middle,2,0,4,0.0033529412512685736,0.9999952281606488,0.41398794929067734,0
0,0,152,False,middle,3,0,4,0.0033529412512685736,0.9999952281606488,0.41398794929067734,0
0,0,152,False,middle,4,0,2,0.1047411735912556,0.9953253679610164,0.41398794929067734,0
0,0,153,False,middle,1,0,0,0.18965517198941734,0.9848273964724285,0.439218425618958,0
0,0,153,False,middle,2,0,0,0.19107252702570687,0.9845976761067702,0.439218425618958,0
0,0,153,False,middle,3,0,0,0.19107252702570687,0.9845976761067702,0.439218425618958,0
0,0,153,False,middle,4,0,0,0.19107252702570687,0.9845976761067702,0.439218425618958,0
0,0,154,False,middle,1,0,0,0.20227619453978563,0.9827230800156366,0.4093693685257589,0
0,0,154,False,middle,2,0,4,0.02682353001014859,0.9996937063604002,0.4093693685257589,0
0,0,154,False,middle,3,0,4,0.023470588758880015,0.9997653913740403,0.4093693685257589,0
0,0,154,False,middle,4,0,4,0.023470588758880015,0.9997653913740403,0.4093693685257589,0
0,0,155,False,middle,1,0,0,0.30768988141750775,0.9596747393920485,0.4236034907542456,0
0,0,155,False,middle,2,0,0,0.2913617478268547,0.9642318035429752,0.4236034907542456,0
0,0,155,False,middle,3,0,0,0.29954380065619496,0.9618375749564632,0.4236034907542456,0
0,0,155,False,middle,4,0,0,0.30044319734887037,0.961599780578921,0.4236034907542456,0
0,0,156,False,middle,1,1,7,0.0,1.0,0.4236034907542456,0
0,0,156,False,middle,2,0,0,0.30768988141750775,0.9596747393920485,0.4236034907542456,0
0,0,156,False,middle,3,0,0,0.2913617478268547,0.9642318035429752,0.4236034907542456,0
0,0,156,False,middle,4,0,0,0.29954380065619496,0.9618375749564632,0.4236034907542456,0
0,0,157,False,middle,1,1,7,0.0,1.0,0.4236034907542456,0
0,0,157,False,middle,2,1,7,0.0,1.0,0.4236034907542456,0
0,0,157,False,middle,3,0,0,0.30768988141750775,0.9596747393920485,0.4236034907542456,0
0,0,157,False,middle,4,0,0,0.2913617478268547,0.9642318035429752,0.4236034907542456,0
0,0,158,False,middle,1,0,0,0.43749332603735475,0.9189573855947154,0.4269267146760606,0
0,0,158,False,middle,2,0,0,0.43749332603735475,0.9189573855947154,0.4269267146760606,0
0,0,158,False,middle,3,0,0,0.43749332603735475,0.9189573855947154,0.4269267146760606,0
0,0,158,False,middle,4,0,0,0.2626253166656232,0.9706672609655111,0.4269267146760606,0
0,0,159,False,middle,1,0,0,0.018145136257714627,0.9998611296430933,0.4289612476425056,0
0,0,159,False,middle,2,0,0,0.4439778380118687,0.9165996873082134,0.4289612476425056,0
0,0,159,False,middle,3,0,0,0.4439778380118687,0.9165996873082134,0.4289612476425056,0
0,0,159,False,middle,4,0,0,0.4439778380118687,0.9165996873082134,0.4289612476425056,0
0,0,160,False,middle,1,0,0,0.3335512543484339,0.951874112383159,0.29194202415156073,0
0,0,160,False,middle,2,0,0,0.33076765042148903,0.9526224661167173,0.29194202415156073,0
0,0,160,False,middle,3,0,0,0.2520213181292425,0.9727961812635588,0.29194202415156073,0
0,0,160,False,middle,4,0,0,0.2520213181292425,0.9727961812635588,0.29194202415156073,0
0,0,161,False,middle,1,0,0,0.193669034121564,0.9826017898167693,0.2559093273952673,0
0,0,161,False,middle,2,0,0,0.36540715690916403,0.9419517304032844,0.2559093273952673,0
0,0,161,False,middle,3,0,0,0.36118447487753913,0.94323625496416,0.2559093273952673,0
0,0,161,False,middle,4,0,0,0.19175617814266668,0.9848902645706019,0.2559093273952673,0
0,0,162,False,middle,1,1,7,0.0,1.0000000000000002,0.2559093273952673,0
0,0,162,False,middle,2,0,0,0.193669034121564,0.9826017898167693,0.2559093273952673,0
0,0,162,False,middle,3,0,0,0.36540715690916403,0.9419517304032844,0.2559093273952673,0
0,0,162,False,middle,4,0,0,0.36118447487753913,0.94323625496416,0.2559093273952673,0
0,0,163,False,middle,1,0,0,0.28573641140634026,0.9675738694975641,0.49466204384637,0
0,0,163,False,middle,2,0,0,0.28573641140634026,0.9675738694975641,0.49466204384637,0
0,0,163,False,middle,3,0,1,0.3119210585685967,0.9604933258293701,0.49466204384637,0
0,0,163,False,middle,4,0,0,0.45711114722634616,0.9142514333448782,0.49466204384637,0
0,0,164,False,middle,1,1,7,0.0,1.0000000000000002,0.49466204384637,0
0,0,164,False,middle,2,0,0,0.28573641140634026,0.9675738694975641,0.49466204384637,0
0,0,164,False,middle,3,0,0,0.28573641140634026,0.9675738694975641,0.49466204384637,0
0,0,164,False,middle,4,0,1,0.3119210585685967,0.9604933258293701,0.49466204384637,0
0,0,165,False,middle,1,0,0,0.45711114722634616,0.9142514333448782,0.4289612476425056,0
0,0,165,False,middle,2,0,0,0.45711114722634616,0.9142514333448782,0.4289612476425056,0
0,0,165,False,middle,3,0,0,0.36540715690916403,0.9419517304032844,0.4289612476425056,0
0,0,165,False,middle,4,0,0,0.36540715690916403,0.9419517304032844,0.4289612476425056,0
0,0,166,False,middle,1,0,0,0.18379006643422388,0.9856861392565673,0.4177952809726019,0
0,0,166,False,middle,2,0,0,0.32312625039569626,0.9572440136318182,0.4177952809726019,0
0,0,166,False,middle,3,0,0,0.32312625039569626,0.9572440136318182,0.4177952809726019,0
0,0,166,False,middle,4,0,0,0.31504814882491333,0.9568251851702236,0.4177952809726019,0
0,0,167,False,middle,1,0,0,0.11830212367150293,0.9944986993185247,0.48427239931505345,0
0,0,167,False,middle,2,0,0,0.27788372651170723,0.9682829502613118,0.48427239931505345,0
0,0,167,False,middle,3,0,0,0.29034067732894325,0.9660062900818523,0.48427239931505345,0
0,0,167,False,middle,4,0,0,0.29034067732894325,0.9660062900818523,0.48427239931505345,0
0,0,168,False,middle,1,1,7,0.0,1.0,0.48427239931505345,0
0,0,168,False,middle,2,0,0,0.11830212367150293,0.9944986993185247,0.48427239931505345,0
0,0,168,False,middle,3,0,0,0.27788372651170723,0.9682829502613118,0.48427239931505345,0
0,0,168,False,middle,4,0,0,0.29034067732894325,0.9660062900818523,0.48427239931505345,0
0,0,169,False,middle,1,0,0,0.11830212367150293,0.9944986993185247,0.4177952809726019,0
0,0,169,False,middle,2,0,0,0.11830212367150293,0.9944986993185247,0.4177952809726019,0
0,0,169,False,middle,3,1,7,0.0,1.0,0.4177952809726019,0
0,0,169,False,middle,4,0,0,0.18379006643422388,0.9856861392565673,0.4177952809726019,0
0,0,170,False,middle,1,0,0,0.18427541525185706,0.9867334059671022,0.5135474103625619,0
0,0,170,False,middle,2,0,1,0.07234820937459804,0.9979730514796356,0.5135474103625619,0
0,0,170,False,middle,3,0,1,0.07234820937459804,0.9979730514796356,0.5135474103625619,0
0,0,170,False,middle,4,0,0,0.18427541525185706,0.9867334059671022,0.5135474103625619,0
0,0,171,False,middle,1,1,7,0.0,1.0,0.5135474103625619,0
0,0,171,False,middle,2,0,0,0.18427541525185706,0.9867334059671022,0.5135474103625619,0
0,0,171,False,middle,3,0,1,0.07234820937459804,0.9979730514796356,0.5135474103625619,0
0,0,171,False,middle,4,0,1,0.07234820937459804,0.9979730514796356,0.5135474103625619,0
0,0,172,False,middle,1,0,0,0.3397867474029193,0.9533377523886157,0.4289612476425056,0
0,0,172,False,middle,2,0,0,0.3397867474029193,0.9533377523886157,0.4289612476425056,0
0,0,172,False,middle,3,0,0,0.18379006643422388,0.9856861392565673,0.4289612476425056,0
0,0,172,False,middle,4,0,0,0.27788372651170723,0.9682829502613118,0.4289612476425056,0
0,0,173,False,middle,1,0,0,0.27812913799219063,0.9670758170651279,0.4033006538515871,0
0,0,173,False,middle,2,0,0,0.2674674763332007,0.9713594807642467,0.4033006538515871,0
0,0,173,False,middle,3,0,0,0.2674674763332007,0.9713594807642467,0.4033006538515871,0
0,0,173,False,middle,4,0,0,0.18035557472937463,0.9860952454963927,0.4033006538515871,0
0,0,174,False,middle,1,0,1,0.5203629823108348,0.8835409792271514,0.40303585004817255,0
0,0,174,False,middle,2,0,0,0.6257905683231559,0.8331385874627466,0.40303585004817255,0
0,0,174,False,middle,3,0,0,0.5207651093243243,0.88899548477053,0.40303585004817255,0
0,0,174,False,middle,4,0,0,0.5207651093243243,0.88899548477053,0.40303585004817255,0
0,0,175,False,middle,1,0,0,0.5376544428860272,0.8750628122001364,0.38872724774339923,0
0,0,175,False,middle,2,0,0,0.1942923756661075,0.9836970122918224,0.38872724774339923,0
0,0,175,False,middle,3,0,0,0.18256963656989805,0.9858237512394139,0.38872724774339923,0
0,0,175,False,middle,4,0,0,0.19421042813752454,0.9854531638129452,0.38872724774339923,0
0,0,176,False,middle,1,0,2,0.18168699193847376,0.9859410447083787,0.42693691167764664,0
0,0,176,False,middle,2,0,0,0.6261887418321587,0.8327972546417785,0.42693691167764664,0
0,0,176,False,middle,3,0,0,0.27257180482324594,0.9683504478789903,0.42693691167764664,0
0,0,176,False,middle,4,0,0,0.01562501314046508,0.9998970931257827,0.42693691167764664,0
0,0,177,False,middle,1,0,3,0.013907562868267859,0.9999182162868613,0.4272595992631759,0
0,0,177,False,middle,2,0,2,0.18243067578277447,0.9858282109560438,0.4272595992631759,0
0,0,177,False,middle,3,0,0,0.6235576919687944,0.8342199918618175,0.4272595992631759,0
0,0,177,False,middle,4,0,0,0.2730680816417591,0.9682396539828468,0.4272595992631759,0
0,0,178,False,middle,1,0,0,0.2468130944043652,0.9743223820655813,0.43524235065159617,0
0,0,178,False,middle,2,0,0,0.24821969435808966,0.9740261412276748,0.43524235065159617,0
0,0,178,False,middle,3,0,0,0.09592076357807836,0.9962025268084952,0.43524235065159617,0
0,0,178,False,middle,4,0,0,0.505789394907979,0.8912846454517546,0.43524235065159617,0
0,0,179,False,middle,1,1,7,0.0,1.0,0.43524235065159617,0
0,0,179,False,middle,2,0,0,0.2468130944043652,0.9743223820655813,0.43524235065159617,0
0,0,179,False,middle,3,0,0,0.24821969435808966,0.9740261412276748,0.43524235065159617,0
0,0,179,False,middle,4,0,0,0.09592076357807836,0.9962025268084952,0.43524235065159617,0
0,0,180,False,middle,1,1,7,0.0,1.0,0.43524235065159617,0
0,0,180,False,middle,2,1,7,0.0,1.0,0.43524235065159617,0
0,0,180,False,middle,3,0,0,0.2468130944043652,0.9743223820655813,0.43524235065159617,0
0,0,180,False,middle,4,0,0,0.24821969435808966,0.9740261412276748,0.43524235065159617,0
0,0,181,False,middle,1,0,1,0.0903283695214866,0.9967259919354353,0.4739411165967071,0
0,0,181,False,middle,2,0,1,0.0903283695214866,0.9967259919354353,0.4739411165967071,0
0,0,181,False,middle,3,0,1,0.0903283695214866,0.9967259919354353,0.4739411165967071,0
0,0,181,False,middle,4,0,0,0.2515167135738531,0.9738686532085301,0.4739411165967071,0
0,0,182,False,middle,1,0,1,0.09192582327751615,0.996604030352232,0.4355761367721517,0
0,0,182,False,middle,2,0,5,0.008043529419338002,0.9999728137060868,0.4355761367721517,0
0,0,182,False,middle,3,0,5,0.008043529419338002,0.9999728137060868,0.4355761367721517,0
0,0,182,False,middle,4,0,5,0.008043529419338002,0.9999728137060868,0.4355761367721517,0
0,0,183,False,middle,1,1,7,0.0,1.0,0.4355761367721517,0
0,0,183,False,middle,2,0,1,0.09192582327751615,0.996604030352232,0.4355761367721517,0
0,0,183,False,middle,3,0,5,0.008043529419338002,0.9999728137060868,0.4355761367721517,0
0,0,183,False,middle,4,0,5,0.008043529419338002,0.9999728137060868,0.4355761367721517,0
0,0,184,False,middle,1,1,7,0.0,1.0,0.4355761367721517,0
0,0,184,False,middle,2,1,7,0.0,1.0,0.4355761367721517,0
0,0,184,False,middle,3,0,1,0.09192582327751615,0.996604030352232,0.4355761367721517,0
0,0,184,False,middle,4,0,5,0.008043529419338002,0.9999728137060868,0.4355761367721517,0
0,0,185,False,middle,1,1,7,0.0,1.0,0.4355761367721517,0
0,0,185,False,middle,2,1,7,0.0,1.0,0.4355761367721517,0
0,0,185,False,middle,3,1,7,0.0,1.0,0.4355761367721517,0
0,0,185,False,middle,4,0,1,0.09192582327751615,0.996604030352232,0.4355761367721517,0
0,0,186,False,middle,1,0,0,0.09039331017447758,0.9967038651533108,0.47157315145258966,0
0,0,186,False,middle,2,0,0,0.09039331017447758,0.9967038651533108,0.47157315145258966,0
0,0,186,False,middle,3,0,0,0.09039331017447758,0.9967038651533108,0.47157315145258966,0
0,0,186,False,middle,4,0,0,0.09039331017447758,0.9967038651533108,0.47157315145258966,0
0,0,187,False,middle,1,0,3,0.0796702175692028,0.9974006977471521,0.4625079889057983,0
0,0,187,False,middle,2,0,0,0.03001415632148754,0.9996758281269766,0.4625079889057983,0
0,0,187,False,middle,3,0,0,0.03001415632148754,0.9996758281269766,0.4625079889057983,0
0,0,187,False,middle,4,0,0,0.03001415632148754,0.9996758281269766,0.4625079889057983,0
0,0,188,False,middle,1,0,3,0.0796702175692028,0.9974006977471521,0.47157315145258966,0
0,0,188,False,middle,2,1,7,0.0,1.0000000000000002,0.47157315145258966,0
0,0,188,False,middle,3,0,0,0.09039331017447758,0.9967038651533108,0.47157315145258966,0
0,0,188,False,middle,4,0,0,0.09039331017447758,0.9967038651533108,0.47157315145258966,0
0,0,189,False,middle,1,0,0,0.09039331017447758,0.9967038651533108,0.4355761367721517,0
0,0,189,False,middle,2,0,0,0.03001415632148754,0.9996758281269766,0.4355761367721517,0
0,0,189,False,middle,3,0,0,0.09039331017447758,0.9967038651533108,0.4355761367721517,0
0,0,189,False,middle,4,1,7,0.0,1.0,0.4355761367721517,0
0,0,190,False,middle,1,1,7,0.0,1.0,0.4355761367721517,0
0,0,190,False,middle,2,0,0,0.09039331017447758,0.9967038651533108,0.4355761367721517,0
0,0,190,False,middle,3,0,0,0.03001415632148754,0.9996758281269766,0.4355761367721517,0
0,0,190,False,middle,4,0,0,0.09039331017447758,0.9967038651533108,0.4355761367721517,0
0,0,191,False,middle,1,1,7,0.0,1.0,0.4355761367721517,0
0,0,191,False,middle,2,1,7,0.0,1.0,0.4355761367721517,0
0,0,191,False,middle,3,0,0,0.09039331017447758,0.9967038651533108,0.4355761367721517,0
0,0,191,False,middle,4,0,0,0.03001415632148754,0.9996758281269766,0.4355761367721517,0
0,0,192,False,middle,1,0,0,0.15636213661930704,0.9905389517948935,0.5167646960645915,0
0,0,192,False,middle,2,0,0,0.15636213661930704,0.9905389517948935,0.5167646960645915,0
0,0,192,False,middle,3,0,0,0.15636213661930704,0.9905389517948935,0.5167646960645915,0
0,0,192,False,middle,4,0,0,0.16355113628455736,0.9894142284256747,0.5167646960645915,0
0,0,193,False,middle,1,0,0,0.1451885441744852,0.9917291655760606,0.4628525398109305,0
0,0,193,False,middle,2,0,0,0.04442723649535428,0.9992308663193227,0.4628525398109305,0
0,0,193,False,middle,3,0,0,0.04442723649535428,0.9992308663193227,0.4628525398109305,0
0,0,193,False,middle,4,0,0,0.04442723649535428,0.9992308663193227,0.4628525398109305,0
0,0,194,False,middle,1,0,1,0.020530273773656148,0.999830383714007,0.45496808229941144,0
0,0,194,False,middle,2,0,0,0.15388094926160303,0.9907207546561726,0.45496808229941144,0
0,0,194,False,middle,3,0,0,0.027522035065221953,0.9997099108936476,0.45496808229941144,0
0,0,194,False,middle,4,0,0,0.027522035065221953,0.9997099108936476,0.45496808229941144,0
0,0,195,False,middle,1,1,7,0.0,1.0000000000000002,0.45496808229941144,0
0,0,195,False,middle,2,0,1,0.020530273773656148,0.999830383714007,0.45496808229941144,0
0,0,195,False,middle,3,0,0,0.15388094926160303,0.9907207546561726,0.45496808229941144,0
0,0,195,False,middle,4,0,0,0.027522035065221953,0.9997099108936476,0.45496808229941144,0
0,0,196,False,middle,1,0,0,0.026320411254605252,0.9997377585808594,0.43524235065159617,0
0,0,196,False,middle,2,0,0,0.026320411254605252,0.9997377585808594,0.43524235065159617,0
0,0,196,False,middle,3,0,0,0.04101995487290591,0.9993531496889041,0.43524235065159617,0
0,0,196,False,middle,4,0,0,0.15542836009980912,0.9906601690235772,0.43524235065159617,0
0,0,197,False,middle,1,0,5,0.008043529419338002,0.9999728137060868,0.4355761367721517,0
0,0,197,False,middle,2,0,0,0.027522035065221953,0.9997099108936476,0.4355761367721517,0
0,0,197,False,middle,3,0,0,0.027522035065221953,0.9997099108936476,0.4355761367721517,0
0,0,197,False,middle,4,0,0,0.04442723649535428,0.9992308663193227,0.4355761367721517,0
0,0,198,False,middle,1,0,1,0.12432704224995407,0.9938611038812087,0.3334711050871918,0
0,0,198,False,middle,2,0,1,0.12315060206829263,0.9939827401444415,0.3334711050871918,0
0,0,198,False,middle,3,0,0,0.13546897142821582,0.9929316653024566,0.3334711050871918,0
0,0,198,False,middle,4,0,0,0.13546897142821582,0.9929316653024566,0.3334711050871918,0
0,0,199,False,middle,1,0,0,0.13546897142821582,0.9929316653024566,0.45496808229941144,0
0,0,199,False,middle,2,0,0,0.027522035065221953,0.9997099108936476,0.45496808229941144,0
0,0,199,False,middle,3,0,0,0.026320411254605252,0.9997377585808594,0.45496808229941144,0
0,0,199,False,middle,4,1,7,0.0,1.0000000000000002,0.45496808229941144,0
0,0,200,False,late,1,0,0,0.15973751745572573,0.9893937996945754,0.407953770324575,0
0,0,200,False,late,2,0,0,0.13599500219971153,0.9921715472530902,0.407953770324575,0
0,0,200,False,late,3,0,0,0.155666843181724,0.9897637656087774,0.407953770324575,0
0,0,200,False,late,4,0,0,0.1558745150166736,0.9897338441833464,0.407953770324575,0
0,0,201,False,late,1,0,0,0.17408984951818848,0.9879431788215972,0.49423554202157194,0
0,0,201,False,late,2,0,0,0.07391774390531422,0.9978863813913244,0.49423554202157194,0
0,0,201,False,late,3,0,0,0.18286510481145504,0.9873802250252324,0.49423554202157194,0
0,0,201,False,late,4,0,0,0.08085486011195324,0.997564574000686,0.49423554202157194,0
0,0,202,False,late,1,0,1,0.9093202780670537,0.7517244178678815,0.9408865048387286,0
0,0,202,False,late,2,0,0,0.9225038548067441,0.7420135533246266,0.9408865048387286,0
0,0,202,False,late,3,0,0,0.89915598850067,0.7569814531179955,0.9408865048387286,0
0,0,202,False,late,4,0,0,0.9303034885114398,0.736158718056323,0.9408865048387286,0
0,0,203,False,late,1,0,0,0.8935437249776926,0.760361770004175,0.4579581700033546,0
0,0,203,False,late,2,0,0,0.08474979147970256,0.9971719235924714,0.4579581700033546,0
0,0,203,False,late,3,0,0,0.1135174762540763,0.9947420249899697,0.4579581700033546,0
0,0,203,False,late,4,0,0,0.05847811329628413,0.998585625163705,0.4579581700033546,0
0,0,204,False,late,1,0,1,0.05230757403087831,0.9989895701569623,0.41228983434647404,0
0,0,204,False,late,2,0,0,0.8710644411031475,0.7731426993921744,0.41228983434647404,0
0,0,204,False,late,3,0,0,0.11944611171136625,0.9945612785527437,0.41228983434647404,0
0,0,204,False,late,4,0,0,0.09023049707657438,0.9965165155927023,0.41228983434647404,0
0,0,205,False,late,1,0,0,0.10191136367129694,0.995709397232621,0.3450117166175912,0
0,0,205,False,late,2,0,0,0.12878501635251477,0.9936317289965508,0.3450117166175912,0
0,0,205,False,late,3,0,0,0.9259441747708347,0.7390596926601389,0.3450117166175912,0
0,0,205,False,late,4,0,0,0.17203042942964075,0.9888669024687401,0.3450117166175912,0
0,0,206,False,late,1,0,0,0.06254630523943248,0.9982514006852524,0.3436531678880557,0
0,0,206,False,late,2,0,1,0.1000794729643127,0.995878657428349,0.3436531678880557,0
0,0,206,False,late,3,0,1,0.13514652896116822,0.9929232986343112,0.3436531678880557,0
0,0,206,False,late,4,0,0,0.9262265941816117,0.7388664928847115,0.3436531678880557,0
0,0,207,False,late,1,0,2,0.10483496483686174,0.9951608616675891,0.3700117543092431,0
0,0,207,False,late,2,0,0,0.11966638373632359,0.9936834946631316,0.3700117543092431,0
0,0,207,False,late,3,0,1,0.07335489201196878,0.9977700026814535,0.3700117543092431,0
0,0,207,False,late,4,0,1,0.11587683621533533,0.9947570341281244,0.3700117543092431,0
0,0,208,False,late,1,0,0,0.12239494895543478,0.9933902252583255,0.34650665376915035,0
0,0,208,False,late,2,0,0,0.06507882897951484,0.9981080972990173,0.34650665376915035,0
0,0,208,False,late,3,0,4,0.00838235312817144,0.9999687261803902,0.34650665376915035,0
0,0,208,False,late,4,0,0,0.10266696889490382,0.9956338026616717,0.34650665376915035,0
0,0,209,False,late,1,0,1,0.12586663435421067,0.993885801337643,0.45496808229941144,0
0,0,209,False,late,2,0,0,0.14028666898329883,0.992047211227107,0.45496808229941144,0
0,0,209,False,late,3,0,0,0.1563650834527937,0.9902083174641668,0.45496808229941144,0
0,0,209,False,late,4,0,1,0.12536321120854757,0.9939544334981796,0.45496808229941144,0
0,0,210,False,late,1,0,1,0.01072869647033245,0.9999548536406737,0.4488380931987005,0
0,0,210,False,late,2,0,1,0.1231085490158283,0.9940827442483154,0.4488380931987005,0
0,0,210,False,late,3,0,0,0.13214179283605337,0.9929109674110659,0.4488380931987005,0
0,0,210,False,late,4,0,0,0.15254877705464787,0.9906072892353776,0.4488380931987005,0
0,0,211,False,late,1,0,1,0.0972003738420289,0.9963955368913523,0.36296161766088036,0
0,0,211,False,late,2,0,1,0.10318068080678305,0.9959636035994441,0.36296161766088036,0
0,0,211,False,late,3,0,2,0.08376840888980225,0.9968971697525778,0.36296161766088036,0
0,0,211,False,late,4,0,0,0.08340608975005441,0.9969361915825556,0.36296161766088036,0
0,0,212,False,late,1,0,3,0.038608515426395665,0.9993431459737014,0.36699154538958373,0
0,0,212,False,late,2,0,1,0.09247594726170939,0.9967465791607648,0.36699154538958373,0
0,0,212,False,late,3,0,1,0.10042790512990592,0.9961680356771841,0.36699154538958373,0
0,0,212,False,late,4,0,2,0.08923642479999026,0.9964892186694861,0.36699154538958373,0
0,0,213,False,late,1,0,1,0.09247594726170939,0.9967465791607648,0.4488380931987005,0
0,0,213,False,late,2,0,1,0.0972003738420289,0.9963955368913523,0.4488380931987005,0
0,0,213,False,late,3,1,7,0.0,1.0000000000000002,0.4488380931987005,0
0,0,213,False,late,4,0,1,0.01072869647033245,0.9999548536406737,0.4488380931987005,0
0,0,214,False,late,1,1,7,0.0,1.0000000000000002,0.4488380931987005,0
0,0,214,False,late,2,0,1,0.09247594726170939,0.9967465791607648,0.4488380931987005,0
0,0,214,False,late,3,0,1,0.0972003738420289,0.9963955368913523,0.4488380931987005,0
0,0,214,False,late,4,1,7,0.0,1.0000000000000002,0.4488380931987005,0
0,0,215,False,late,1,0,0,0.08171851856466118,0.9972877178711284,0.40824364894585696,0
0,0,215,False,late,2,0,0,0.08171851856466118,0.9972877178711284,0.40824364894585696,0
0,0,215,False,late,3,0,0,0.05316305240076654,0.9988683363607532,0.40824364894585696,0
0,0,215,False,late,4,0,0,0.06900528144240267,0.9980434537384175,0.40824364894585696,0
0,0,216,False,late,1,0,4,0.01019322078065775,0.9999554776177897,0.40775299136083376,0
0,0,216,False,late,2,0,0,0.08047532694601656,0.9973749410211851,0.40775299136083376,0
0,0,216,False,late,3,0,0,0.08047532694601656,0.9973749410211851,0.40775299136083376,0
0,0,216,False,late,4,0,0,0.05223054181415932,0.9989084723699742,0.40775299136083376,0
0,0,217,False,late,1,1,7,0.0,0.9999999999999998,0.40775299136083376,0
0,0,217,False,late,2,0,4,0.01019322078065775,0.9999554776177897,0.40775299136083376,0
0,0,217,False,late,3,0,0,0.08047532694601656,0.9973749410211851,0.40775299136083376,0
0,0,217,False,late,4,0,0,0.08047532694601656,0.9973749410211851,0.40775299136083376,0
0,0,218,False,late,1,1,7,0.0,0.9999999999999998,0.40775299136083376,0
0,0,218,False,late,2,1,7,0.0,0.9999999999999998,0.40775299136083376,0
0,0,218,False,late,3,0,4,0.01019322078065775,0.9999554776177897,0.40775299136083376,0
0,0,218,False,late,4,0,0,0.08047532694601656,0.9973749410211851,0.40775299136083376,0
0,0,219,False,late,1,0,0,0.1319751470847867,0.9926250035594201,0.430327212280822,0
0,0,219,False,late,2,0,0,0.1319751470847867,0.9926250035594201,0.430327212280822,0
0,0,219,False,late,3,0,0,0.1319751470847867,0.9926250035594201,0.430327212280822,0
0,0,219,False,late,4,0,0,0.1342054817100273,0.9923724725448324,0.430327212280822,0
0,0,220,False,late,1,0,0,1.5878949117163708,0.38472890673951887,1.310344000523092,0
0,0,220,False,late,2,0,1,1.4802185959756176,0.475316534401915,1.310344000523092,0
0,0,220,False,late,3,0,1,1.4802185959756176,0.475316534401915,1.310344000523092,0
0,0,220,False,late,4,0,1,1.4802185959756176,0.475316534401915,1.310344000523092,0
0,0,221,False,late,1,0,0,0.5522077146097295,0.9501442000480028,0.9279786870787329,0
0,0,221,False,late,2,0,0,1.2780842313796001,0.47563785210284354,0.9279786870787329,0
0,0,221,False,late,3,0,0,1.1910748775928959,0.5459711760361947,0.9279786870787329,0
0,0,221,False,late,4,0,0,1.1910748775928959,0.5459711760361947,0.9279786870787329,0
0,0,222,False,late,1,0,0,1.2591908944465704,0.4938759433715935,0.4488380931987005,0
0,0,222,False,late,2,0,0,1.5441913363738364,0.42449911383364936,0.4488380931987005,0
0,0,222,False,late,3,0,2,0.08782616669563502,0.9967912476536974,0.4488380931987005,0
0,0,222,False,late,4,0,0,0.08047532694601656,0.9973749410211851,0.4488380931987005,0
0,0,223,False,late,1,0,1,0.15808062990904723,0.9897986723548587,0.4805122723834192,0
0,0,223,False,late,2,0,0,1.2787131470761077,0.48129175535248103,0.4805122723834192,0
0,0,223,False,late,3,0,0,1.5651413693326766,0.4096306101655601,0.4805122723834192,0
0,0,223,False,late,4,0,1,0.15940682252755822,0.9896598507326239,0.4805122723834192,0
0,0,224,False,late,1,0,2,0.22219506985341672,0.9798410564280743,0.4647189970707519,0
0,0,224,False,late,2,0,1,0.18380887697511467,0.9860418197649997,0.4647189970707519,0
0,0,224,False,late,3,0,0,1.3106704681406474,0.45177203937685834,0.4647189970707519,0
0,0,224,False,late,4,0,0,1.6418238361590063,0.3403828926116137,0.4647189970707519,0
0,0,225,False,late,1,0,1,1.6355363091687007,0.34327168863673907,1.305327317564907,0
0,0,225,False,late,2,0,1,1.5585499027499043,0.4126700798824473,1.305327317564907,0
0,0,225,False,late,3,0,1,1.5414062162765192,0.4242717410582383,1.305327317564907,0
0,0,225,False,late,4,0,0,0.5467288834097186,0.9508641964419366,1.305327317564907,0
0,0,226,False,late,1,0,2,0.05882352941176472,0.999548641516544,1.2639137715438304,0
0,0,226,False,late,2,0,1,1.6026782691875905,0.3502319036136729,1.2639137715438304,0
0,0,226,False,late,3,0,1,1.529415705894856,0.41644142618547797,1.2639137715438304,0
0,0,226,False,late,4,0,1,1.5119417070945624,0.4282223622284356,1.2639137715438304,0
0,0,227,False,late,1,0,0,1.5119151873362402,0.4273127794535011,0.43882351294237154,0
0,0,227,False,late,2,0,0,1.5416607874383288,0.4231563296504307,0.43882351294237154,0
0,0,227,False,late,3,0,0,0.15864637517357683,0.9895968887747617,0.43882351294237154,0
0,0,227,False,late,4,0,0,0.14824521080624867,0.9910556408280754,0.43882351294237154,0
0,0,228,False,late,1,0,0,1.248309956497058,0.5241925237240539,0.9871414060185628,0
0,0,228,False,late,2,0,0,0.2870731617415669,0.9912213329780343,0.9871414060185628,0
0,0,228,False,late,3,0,0,0.3318021414818684,0.9885574318198326,0.9871414060185628,0
0,0,228,False,late,4,0,0,1.3321801389026515,0.45683619277004756,0.9871414060185628,0
0,0,229,False,late,1,0,0,0.23883114107070572,0.9918703073080165,1.1869593943739731,0
0,0,229,False,late,2,0,0,1.4613415662398799,0.4324461016381589,1.1869593943739731,0
0,0,229,False,late,3,0,0,0.1461618201332252,0.9964401255234341,1.1869593943739731,0
0,0,229,False,late,4,0,0,0.19442032770218973,0.9942633521459944,1.1869593943739731,0
0,0,230,False,late,1,0,0,0.3645310037044952,0.9749668299835726,0.973749479921864,0
0,0,230,False,late,2,0,0,0.2807772103563798,0.9799242901425053,0.973749479921864,0
0,0,230,False,late,3,0,0,1.1874687839132794,0.5677120492279729,0.973749479921864,0
0,0,230,False,late,4,0,0,0.3881475519359159,0.9768733267390625,0.973749479921864,0
0,0,231,False,late,1,0,0,0.2423560636238241,0.9850559751937241,0.9878395332153949,0
0,0,231,False,late,2,0,0,0.2156403996193534,0.9942556848730334,0.9878395332153949,0
0,0,231,False,late,3,0,0,0.05911653695635696,0.9991153718554127,0.9878395332153949,0
0,0,231,False,late,4,0,1,1.2528531275555181,0.5207573929505064,0.9878395332153949,0
0,0,232,False,late,1,0,0,0.2154351449596916,0.9943325301897582,1.1880017724668976,0
0,0,232,False,late,2,0,0,0.36440962171382846,0.9750577309826642,1.1880017724668976,0
0,0,232,False,late,3,0,3,0.047126234458080694,0.9995393890381933,1.1880017724668976,0
0,0,232,False,late,4,0,0,0.23732313338360964,0.9920928461612064,1.1880017724668976,0
0,0,233,False,late,1,0,0,0.07430393316140894,0.9988550761185753,1.1835606476516325,0
0,0,233,False,late,2,0,0,0.20667497012348676,0.9949421837091885,1.1835606476516325,0
0,0,233,False,late,3,0,0,0.36556848689286686,0.974563586846655,1.1835606476516325,0
0,0,233,False,late,4,0,0,0.05744730201721518,0.9993152468934413,1.1835606476516325,0
0,0,234,False,late,1,0,0,0.4581282750771617,0.9663328780425745,0.7854388545610645,0
0,0,234,False,late,2,0,0,0.4787322599227089,0.9619992725298189,0.7854388545610645,0
0,0,234,False,late,3,0,0,0.29099906291503874,0.9813392358239936,0.7854388545610645,0
0,0,234,False,late,4,0,0,0.30091885427264775,0.9788353757298662,0.7854388545610645,0
0,0,235,False,late,1,0,0,0.3591329119284999,0.97288535744037,1.0406038607041017,0
0,0,235,False,late,2,0,0,0.3682538733794816,0.9722021481036794,1.0406038607041017,0
0,0,235,False,late,3,0,1,0.36228312007977903,0.973399600774752,1.0406038607041017,0
0,0,235,False,late,4,0,0,0.27980167397930833,0.9810519175877915,1.0406038607041017,0
0,0,236,False,late,1,0,0,0.6200780328173097,0.9169926188972913,0.44133608993413653,0
0,0,236,False,late,2,0,1,0.3632917115314938,0.9639864510607369,0.44133608993413653,0
0,0,236,False,late,3,0,0,0.7462485653722117,0.8970895598872676,0.44133608993413653,0
0,0,236,False,late,4,0,0,0.7522632458577477,0.8955757987618173,0.44133608993413653,0
0,0,237,False,late,1,0,0,0.8591334943496629,0.7057337836837146,0.5544766025735255,0
0,0,237,False,late,2,0,0,1.4443700062856266,0.39512844822897547,0.5544766025735255,0
0,0,237,False,late,3,0,0,1.1672445966835945,0.5371155680742192,0.5544766025735255,0
0,0,237,False,late,4,0,0,1.492208057437925,0.41812168453474674,0.5544766025735255,0
0,0,238,False,late,1,0,0,0.9228843014519559,0.6600815475736935,0.43945977975829265,0
0,0,238,False,late,2,0,0,0.20571832059659514,0.982277556685885,0.43945977975829265,0
0,0,238,False,late,3,0,0,0.6770310322891555,0.8936723234465108,0.43945977975829265,0
0,0,238,False,late,4,0,0,0.4632860229527151,0.934305113664139,0.43945977975829265,0
0,0,239,False,late,1,0,0,0.7065515832936873,0.8865628812558113,1.0668335840659062,0
0,0,239,False,late,2,0,0,1.4588988445561644,0.3939037902533679,1.0668335840659062,0
0,0,239,False,late,3,0,0,0.641706820873513,0.9138164926669375,1.0668335840659062,0
0,0,239,False,late,4,0,1,0.04882694249885155,0.9995209003471766,1.0668335840659062,0
0,0,240,False,late,1,0,0,0.5769926293716612,0.9270086591708011,0.6190664868841325,0
0,0,240,False,late,2,0,0,0.32936605985270234,0.9605122135192831,0.6190664868841325,0
0,0,240,False,late,3,0,0,0.9586262259796215,0.6587263425631404,0.6190664868841325,0
0,0,240,False,late,4,0,0,0.23702645917111634,0.9808319401756002,0.6190664868841325,0
0,0,241,False,late,1,0,0,0.45405429062920327,0.922763906191011,0.48763014540575245,0
0,0,241,False,late,2,0,0,0.7385354055845113,0.8699428959700686,0.48763014540575245,0
0,0,241,False,late,3,0,1,0.41598113138271986,0.9289733744216333,0.48763014540575245,0
0,0,241,False,late,4,0,0,0.8247789604188233,0.733005616714889,0.48763014540575245,0
0,0,242,False,late,1,0,0,0.11939758751746735,0.9943768596119454,0.4259812327219565,0
0,0,242,False,late,2,0,0,0.5175516042834186,0.8983439276045118,0.4259812327219565,0
0,0,242,False,late,3,0,0,0.8394886797408714,0.8226029544001128,0.4259812327219565,0
0,0,242,False,late,4,0,0,0.4696037964346013,0.907140934841402,0.4259812327219565,0
0,0,243,False,late,1,0,0,0.17778333621016856,0.988376871357938,0.5471609928794354,0
0,0,243,False,late,2,0,0,0.12484803745390505,0.9941495976944148,0.5471609928794354,0
0,0,243,False,late,3,0,0,0.4316122279322061,0.9310122328226905,0.5471609928794354,0
0,0,243,False,late,4,0,0,0.6812321842097749,0.8919551997208536,0.5471609928794354,0
0,0,244,False,late,1,0,0,0.2776235044781779,0.9737254349613131,0.6783931185080997,0
0,0,244,False,late,2,0,0,0.40817195447734517,0.94219273451461,0.6783931185080997,0
0,0,244,False,late,3,0,0,0.30603820380302843,0.9685829822987153,0.6783931185080997,0
0,0,244,False,late,4,0,0,0.39384220670332815,0.9457962884898153,0.6783931185080997,0
0,0,245,False,late,1,0,0,1.2320786846713354,0.46840090418185654,0.6282428188643375,0
0,0,245,False,late,2,0,0,1.0119172514612553,0.6203034976946074,0.6282428188643375,0
0,0,245,False,late,3,0,0,0.8674320711791733,0.7103587460014675,0.6282428188643375,0
0,0,245,False,late,4,0,0,0.9743092784164421,0.6405353521323571,0.6282428188643375,0
0,0,246,False,late,1,1,7,0.0,1.0,0.6282428188643375,0
0,0,246,False,late,2,0,0,1.2320786846713354,0.46840090418185654,0.6282428188643375,0
0,0,246,False,late,3,0,0,1.0119172514612553,0.6203034976946074,0.6282428188643375,0
0,0,246,False,late,4,0,0,0.8674320711791733,0.7103587460014675,0.6282428188643375,0
0,0,247,False,late,1,0,1,1.094496561079917,0.5437729990206918,0.473734147564558,0
0,0,247,False,late,2,0,1,1.094496561079917,0.5437729990206918,0.473734147564558,0
0,0,247,False,late,3,0,0,0.48715032984508017,0.9151391586896184,0.473734147564558,0
0,0,247,False,late,4,0,0,0.5753439602795276,0.8692243407801564,0.473734147564558,0
0,0,248,False,late,1,0,3,0.41146707358607026,0.9357615354006924,0.5996710431660051,0
0,0,248,False,late,2,0,1,1.154772098809504,0.5158893242951863,0.5996710431660051,0
0,0,248,False,late,3,0,1,1.154772098809504,0.5158893242951863,0.5996710431660051,0
0,0,248,False,late,4,0,0,0.40195664926235863,0.9433030112260684,0.5996710431660051,0
0,0,249,False,late,1,0,3,0.014306030895020529,0.9999248984990948,0.5981901644471059,0
0,0,249,False,late,2,0,3,0.4100899317982349,0.9361234398483086,0.5981901644471059,0
0,0,249,False,late,3,0,1,1.1542726447527596,0.516000700755723,0.5981901644471059,0
0,0,249,False,late,4,0,1,1.1542726447527596,0.516000700755723,0.5981901644471059,0
0,0,250,False,late,1,0,3,0.384776250423084,0.9439146595860505,0.46726553278239147,0
0,0,250,False,late,2,0,3,0.3866518454995234,0.9434257287833342,0.46726553278239147,0
0,0,250,False,late,3,0,3,0.15551437943284935,0.9901025060571123,0.46726553278239147,0
0,0,250,False,late,4,0,1,1.0912370944164351,0.545527589016719,0.46726553278239147,0
0,0,251,False,late,1,0,0,0.39036533458852646,0.9356102472318586,0.1380441737252826,0
0,0,251,False,late,2,0,0,0.5374189703835914,0.8875498352699326,0.1380441737252826,0
0,0,251,False,late,3,0,0,0.537340228850356,0.8877601108330206,0.1380441737252826,0
0,0,251,False,late,4,0,0,0.4024475948815221,0.9317186793532444,0.1380441737252826,0
0,0,252,False,late,1,0,1,0.3831416945329541,0.9317574243047146,0.3273177677164225,0
0,0,252,False,late,2,0,0,0.7367998007708223,0.7674313239702251,0.3273177677164225,0
0,0,252,False,late,3,0,0,0.8511969745673686,0.7097468728704954,0.3273177677164225,0
0,0,252,False,late,4,0,0,0.8519011541773567,0.7095178843591935,0.3273177677164225,0
0,0,253,False,late,1,0,0,1.2398284753270343,0.5544476175510653,1.0652881851862956,0
0,0,253,False,late,2,0,0,0.9523086950327295,0.7617142578692432,1.0652881851862956,0
0,0,253,False,late,3,0,1,0.7613103376142727,0.8598937981613018,1.0652881851862956,0
0,0,253,False,late,4,0,1,0.7795234580938715,0.847251552513974,1.0652881851862956,0
0,0,254,False,late,1,0,1,1.455142290207603,0.38369871663605504,0.471335054857342,0
0,0,254,False,late,2,0,0,0.28745680303962,0.965703201595743,0.471335054857342,0
0,0,254,False,late,3,0,0,0.5588443633988803,0.8642084889904149,0.471335054857342,0
0,0,254,False,late,4,0,2,0.9303431316645794,0.6453437376659444,0.471335054857342,0
0,0,255,False,late,1,1,7,0.0,1.0,0.471335054857342,0
0,0,255,False,late,2,0,1,1.455142290207603,0.38369871663605504,0.471335054857342,0
0,0,255,False,late,3,0,0,0.28745680303962,0.965703201595743,0.471335054857342,0
0,0,255,False,late,4,0,0,0.5588443633988803,0.8642084889904149,0.471335054857342,0
0,0,256,False,late,1,1,7,0.0,1.0,0.471335054857342,0
0,0,256,False,late,2,1,7,0.0,1.0,0.471335054857342,0
0,0,256,False,late,3,0,1,1.455142290207603,0.38369871663605504,0.471335054857342,0
0,0,256,False,late,4,0,0,0.28745680303962,0.965703201595743,0.471335054857342,0
0,0,257,False,late,1,1,7,0.0,1.0,0.471335054857342,0
0,0,257,False,late,2,1,7,0.0,1.0,0.471335054857342,0
0,0,257,False,late,3,1,7,0.0,1.0,0.471335054857342,0
0,0,257,False,late,4,0,1,1.455142290207603,0.38369871663605504,0.471335054857342,0
0,0,258,False,late,1,1,7,0.0,1.0,0.471335054857342,0
0,0,258,False,late,2,1,7,0.0,1.0,0.471335054857342,0
0,0,258,False,late,3,1,7,0.0,1.0,0.471335054857342,0
0,0,258,False,late,4,1,7,0.0,1.0,0.471335054857342,0
0,0,259,False,late,1,0,3,0.1318435044549869,0.9929013481463276,0.47552806153990773,0
0,0,259,False,late,2,0,3,0.1318435044549869,0.9929013481463276,0.47552806153990773,0
0,0,259,False,late,3,0,3,0.1318435044549869,0.9929013481463276,0.47552806153990773,0
0,0,259,False,late,4,0,3,0.1318435044549869,0.9929013481463276,0.47552806153990773,0
0,0,260,False,late,1,0,4,0.11764849915743372,0.9943416269424998,0.4658844657993929,0
0,0,260,False,late,2,0,3,0.10632659204237754,0.9953673350949371,0.4658844657993929,0
0,0,260,False,late,3,0,3,0.10632659204237754,0.9953673350949371,0.4658844657993929,0
0,0,260,False,late,4,0,3,0.10632659204237754,0.9953673350949371,0.4658844657993929,0
0,0,261,False,late,1,0,1,0.5670133562701177,0.8616201453862047,0.2851700729652918,0
0,0,261,False,late,2,0,1,0.5525039145345612,0.8694201474807861,0.2851700729652918,0
0,0,261,False,late,3,0,1,0.5200795880202806,0.8842306132884525,0.2851700729652918,0
0,0,261,False,late,4,0,1,0.5200795880202806,0.8842306132884525,0.2851700729652918,0
0,0,262,False,late,1,0,2,0.30102664702785187,0.9575321464698265,0.21389518177104885,0
0,0,262,False,late,2,0,1,0.3238981535791411,0.9563813788979487,0.21389518177104885,0
0,0,262,False,late,3,0,1,0.32897284019025785,0.9553799356233712,0.21389518177104885,0
0,0,262,False,late,4,0,1,0.3012919444645772,0.9628906016007407,0.21389518177104885,0
0,0,263,False,late,1,0,1,0.5614015964887702,0.8946385288094935,0.7350558400328984,0
0,0,263,False,late,2,0,1,0.772798684263346,0.7843096821889995,0.7350558400328984,0
0,0,263,False,late,3,0,2,0.2853268861257441,0.9772134892946317,0.7350558400328984,0
0,0,263,False,late,4,0,2,0.2996964107168294,0.9738335090643601,0.7350558400328984,0
0,0,264,False,late,1,0,1,0.9513310741983853,0.6925716969260237,0.6289047138811087,0
0,0,264,False,late,2,0,1,0.674809685665221,0.8219509627467615,0.6289047138811087,0
0,0,264,False,late,3,0,1,0.6817904391888888,0.8189423238325451,0.6289047138811087,0
0,0,264,False,late,4,0,1,0.7855625135258455,0.7655809670979674,0.6289047138811087,0
0,0,265,False,late,1,0,1,0.6408737537903211,0.8403049052684982,0.18526226026930423,0
0,0,265,False,late,2,0,2,0.903846821156563,0.6962749247472687,0.18526226026930423,0
0,0,265,False,late,3,0,1,0.3598654491510338,0.9377552224330268,0.18526226026930423,0
0,0,265,False,late,4,0,1,0.3218263768633509,0.951279361399495,0.18526226026930423,0
0,0,266,False,late,1,0,1,0.19440305442037284,0.9815690743444774,0.06903414512274819,0
0,0,266,False,late,2,0,1,0.6792178525260402,0.8187211177347601,0.06903414512274819,0
0,0,266,False,late,3,0,1,0.7334011146794065,0.8067215188286142,0.06903414512274819,0
0,0,266,False,late,4,0,1,0.1913954380660079,0.982331379047999,0.06903414512274819,0
0,0,267,False,late,1,0,1,0.633073904948908,0.8453170636153526,0.6356804819164333,0
0,0,267,False,late,2,0,2,0.8034544940696787,0.7438649948082402,0.6356804819164333,0
0,0,267,False,late,3,0,1,0.8739982749363492,0.7271537008352751,0.6356804819164333,0
0,0,267,False,late,4,0,2,0.1044527156066319,0.9973624254293936,0.6356804819164333,0
0,0,268,False,late,1,0,1,0.8755999272203537,0.7265109770454633,0.6318320045263317,0
0,0,268,False,late,2,0,1,0.6819301589404568,0.8176401292242498,0.6318320045263317,0
0,0,268,False,late,3,0,1,0.643194633652249,0.8394912333120695,0.6318320045263317,0
0,0,268,False,late,4,0,5,0.02211970590317952,0.9998257990662556,0.6318320045263317,0
0,0,269,False,late,1,0,1,0.7693703614800986,0.7759621835656128,0.471335054857342,0
0,0,269,False,late,2,0,2,0.16564641427776977,0.9919351258476641,0.471335054857342,0
0,0,269,False,late,3,0,1,0.4703043643277335,0.9049987358524739,0.471335054857342,0
0,0,269,False,late,4,0,2,0.63972065055868,0.8214877839982577,0.471335054857342,0
0,0,270,False,late,1,1,7,0.0,1.0,0.471335054857342,0
0,0,270,False,late,2,0,1,0.7693703614800986,0.7759621835656128,0.471335054857342,0
0,0,270,False,late,3,0,2,0.16564641427776977,0.9919351258476641,0.471335054857342,0
0,0,270,False,late,4,0,1,0.4703043643277335,0.9049987358524739,0.471335054857342,0
0,0,271,False,late,1,1,7,0.0,1.0,0.471335054857342,0
0,0,271,False,late,2,1,7,0.0,1.0,0.471335054857342,0
0,0,271,False,late,3,0,1,0.7693703614800986,0.7759621835656128,0.471335054857342,0
0,0,271,False,late,4,0,2,0.16564641427776977,0.9919351258476641,0.471335054857342,0
0,0,272,False,late,1,0,1,0.6924425638038991,0.7941561350047691,0.3054964216620317,0
0,0,272,False,late,2,0,1,0.6924425638038991,0.7941561350047691,0.3054964216620317,0
0,0,272,False,late,3,0,1,0.6924425638038991,0.7941561350047691,0.3054964216620317,0
0,0,272,False,late,4,0,1,0.8848373672297,0.6911116431833639,0.3054964216620317,0
0,0,273,False,late,1,0,1,0.6997416126784483,0.7932426968211642,0.503769872660199,0
0,0,273,False,late,2,0,1,0.10058433478099993,0.99599505478249,0.503769872660199,0
0,0,273,False,late,3,0,1,0.10058433478099993,0.99599505478249,0.503769872660199,0
0,0,273,False,late,4,0,1,0.10058433478099993,0.99599505478249,0.503769872660199,0
0,0,274,False,late,1,0,1,0.08990859525399976,0.9972032018484523,0.5667960418355127,0
0,0,274,False,late,2,0,1,0.780472876492333,0.7510795613055363,0.5667960418355127,0
0,0,274,False,late,3,0,2,0.11973452078512199,0.9951190123825557,0.5667960418355127,0
0,0,274,False,late,4,0,2,0.11973452078512199,0.9951190123825557,0.5667960418355127,0
0,0,275,False,late,1,0,1,0.09747680016373945,0.9970288504217117,0.47078110613900104,0
0,0,275,False,late,2,0,1,0.06012069846325095,0.9986240674472711,0.47078110613900104,0
0,0,275,False,late,3,0,1,0.6861866733659879,0.7978312669219831,0.47078110613900104,0
0,0,275,False,late,4,0,1,0.07724917682141863,0.9975581470328134,0.47078110613900104,0
0,0,276,False,late,1,0,2,0.09670913761631815,0.9970840895677759,0.5666095390660623,0
0,0,276,False,late,2,0,1,0.009541655002628614,0.9999655472190331,0.5666095390660623,0
0,0,276,False,late,3,0,1,0.0854956294618073,0.9975015823406986,0.5666095390660623,0
0,0,276,False,late,4,0,1,0.7784831614068674,0.7523422131090138,0.5666095390660623,0
0,0,277,False,late,1,0,1,0.10943026896812955,0.9960144296500073,0.632185561182683,0
0,0,277,False,late,2,0,1,0.17983189753975867,0.9899484105089199,0.632185561182683,0
0,0,277,False,late,3,0,2,0.10821211721340013,0.9961099513894609,0.632185561182683,0
0,0,277,False,late,4,0,1,0.1653985662755717,0.991189091087157,0.632185561182683,0
0,0,278,False,late,1,0,2,0.11925783713364799,0.9951480120640341,0.5706937151149934,0
0,0,278,False,late,2,0,1,0.05835936575462653,0.9987147404323298,0.5706937151149934,0
0,0,278,False,late,3,0,1,0.11325371566888792,0.9957959293950864,0.5706937151149934,0
0,0,278,False,late,4,0,3,0.051359530019473555,0.999004857327607,0.5706937151149934,0
0,0,279,False,late,1,0,2,0.20873759164945227,0.9841326091519935,0.43441969169470274,0
0,0,279,False,late,2,0,2,0.26177971367570296,0.97677343979706,0.43441969169470274,0
0,0,279,False,late,3,0,1,0.21342709608863933,0.9832180107398542,0.43441969169470274,0
0,0,279,False,late,4,0,1,0.16611759509248628,0.9886436380079652,0.43441969169470274,0
0,0,280,False,late,1,0,3,0.16567056308862185,0.9885610223742222,0.4533916504264239,0
0,0,280,False,late,2,0,2,0.23701706533957878,0.9789096121657841,0.4533916504264239,0
0,0,280,False,late,3,0,2,0.2517671737901907,0.9783884515987762,0.4533916504264239,0
0,0,280,False,late,4,0,1,0.2539585688970341,0.9754931974775918,0.4533916504264239,0
0,0,281,False,late,1,0,3,0.1407622924081104,0.9917648503326004,0.4148409765662709,0
0,0,281,False,late,2,0,3,0.1537425881335799,0.9900124202234051,0.4148409765662709,0
0,0,281,False,late,3,0,2,0.19965509018921013,0.9859068576854918,0.4148409765662709,0
0,0,281,False,late,4,0,2,0.22187698494091035,0.9847203354647075,0.4148409765662709,0
0,0,282,False,late,1,0,3,0.10918658532464484,0.9950330259915501,0.4455813417005878,0
0,0,282,False,late,2,0,3,0.044271311994719335,0.9991890108454042,0.4455813417005878,0
0,0,282,False,late,3,0,4,0.16687615637233355,0.988343270890984,0.4455813417005878,0
0,0,282,False,late,4,0,2,0.23551000137748002,0.9792701306574715,0.4455813417005878,0
0,0,283,False,late,1,0,2,0.4017684374914926,0.9312917640038612,0.3758761794226449,0
0,0,283,False,late,2,0,2,0.43998675365341977,0.9163990964361549,0.3758761794226449,0
0,0,283,False,late,3,0,2,0.40097474250158954,0.931840354748023,0.3758761794226449,0
0,0,283,False,late,4,0,2,0.3942269427644953,0.9334919196754258,0.3758761794226449,0
0,0,284,False,late,1,0,3,0.21056266305940222,0.9807891967787791,0.18873088424146722,0
0,0,284,False,late,2,0,2,0.3255639817683046,0.9551014788268686,0.18873088424146722,0
0,0,284,False,late,3,0,2,0.3348827766110328,0.9510212226683497,0.18873088424146722,0
0,0,284,False,late,4,0,2,0.32750929207756124,0.9548895280541626,0.18873088424146722,0
0,0,285,False,late,1,0,1,0.299677807114446,0.9582837319940983,0.31133678595338116,0
0,0,285,False,late,2,0,1,0.33120723318333684,0.9511752544243831,0.31133678595338116,0
0,0,285,False,late,3,0,1,0.5347789290523681,0.8762709187599026,0.31133678595338116,0
0,0,285,False,late,4,0,1,0.5174576890304587,0.8824765135946635,0.31133678595338116,0
0,0,286,False,late,1,1,7,0.0,1.0,0.31133678595338116,0
0,0,286,False,late,2,0,1,0.299677807114446,0.9582837319940983,0.31133678595338116,0
0,0,286,False,late,3,0,1,0.33120723318333684,0.9511752544243831,0.31133678595338116,0
0,0,286,False,late,4,0,1,0.5347789290523681,0.8762709187599026,0.31133678595338116,0
0,0,287,False,late,1,0,1,0.3842712344926366,0.932812606016025,0.31752248200876904,0
0,0,287,False,late,2,0,1,0.3842712344926366,0.932812606016025,0.31752248200876904,0
0,0,287,False,late,3,0,1,0.28084612563596034,0.9635301306837035,0.31752248200876904,0
0,0,287,False,late,4,0,1,0.4253552934328297,0.9194544733848642,0.31752248200876904,0
0,0,288,False,late,1,0,1,0.4947655611275975,0.8933737323149104,0.4274158074693055,0
0,0,288,False,late,2,0,1,0.26874954979032734,0.9690022903864148,0.4274158074693055,0
0,0,288,False,late,3,0,1,0.26874954979032734,0.9690022903864148,0.4274158074693055,0
0,0,288,False,late,4,0,1,0.4115851815690585,0.9256707590603435,0.4274158074693055,0
0,0,289,False,late,1,0,1,0.24832553163083457,0.9745560978379123,0.4753858572097647,0
0,0,289,False,late,2,0,1,0.6133108954019403,0.8395566345086275,0.4753858572097647,0
0,0,289,False,late,3,0,1,0.2677368577960897,0.9706403038260651,0.4753858572097647,0
0,0,289,False,late,4,0,1,0.2677368577960897,0.9706403038260651,0.4753858572097647,0
0,0,290,False,late,1,0,1,0.32050924758206384,0.9573221869591046,0.2938247058134311,0
0,0,290,False,late,2,0,1,0.21900856399171034,0.9797447296931063,0.2938247058134311,0
0,0,290,False,late,3,0,1,0.40643233480664387,0.9244941500240677,0.2938247058134311,0
0,0,290,False,late,4,0,1,0.2922856805716827,0.9608814041936751,0.2938247058134311,0
0,0,291,False,late,1,0,1,0.23915528959447546,0.97629514250438,0.4509046563218068,0
0,0,291,False,late,2,0,2,0.38654274936719624,0.9385355667622449,0.4509046563218068,0
0,0,291,False,late,3,0,1,0.22751819391623385,0.9783414578352022,0.4509046563218068,0
0,0,291,False,late,4,0,1,0.5801155314163414,0.8547895893953816,0.4509046563218068,0
0,0,292,False,late,1,0,1,0.23915528959447546,0.97629514250438,0.2938247058134311,0
0,0,292,False,late,2,1,7,0.0,1.0000000000000002,0.2938247058134311,0
0,0,292,False,late,3,0,1,0.32050924758206384,0.9573221869591046,0.2938247058134311,0
0,0,292,False,late,4,0,1,0.21900856399171034,0.9797447296931063,0.2938247058134311,0
0,0,293,False,late,1,0,1,0.24618420410213399,0.9725543664530263,0.33941588195568806,0
0,0,293,False,late,2,0,1,0.40061088233378245,0.9314523361867013,0.33941588195568806,0
0,0,293,False,late,3,0,1,0.24618420410213399,0.9725543664530263,0.33941588195568806,0
0,0,293,False,late,4,0,1,0.24470938973471465,0.9755150232931689,0.33941588195568806,0
0,0,294,False,late,1,0,1,0.3687396684870573,0.9418061577738503,0.4444637919297414,0
0,0,294,False,late,2,0,1,0.192829653455143,0.9848876683050484,0.4444637919297414,0
0,0,294,False,late,3,0,1,0.26785829499485253,0.9701185178717839,0.4444637919297414,0
0,0,294,False,late,4,0,1,0.192829653455143,0.9848876683050484,0.4444637919297414,0
0,0,295,False,late,1,0,1,0.3153501827393563,0.9576013052339853,0.2888717895004764,0
0,0,295,False,late,2,0,3,0.09993659847580624,0.9955613700430396,0.2888717895004764,0
0,0,295,False,late,3,0,1,0.1694093392742875,0.9867739439128936,0.2888717895004764,0
0,0,295,False,late,4,0,1,0.35825945425386807,0.945172077841581,0.2888717895004764,0
0,0,296,False,late,1,0,1,0.37352519986116767,0.938360242345286,0.4001287034271111,0
0,0,296,False,late,2,0,1,0.16672797795220284,0.9883340196322653,0.4001287034271111,0
0,0,296,False,late,3,0,1,0.44304192013065546,0.9139099460916683,0.4001287034271111,0
0,0,296,False,late,4,0,1,0.23775270064601808,0.9753633688085198,0.4001287034271111,0
0,0,297,False,late,1,0,1,0.3981979604398208,0.9291507373978725,0.041511924962433486,0
0,0,297,False,late,2,0,1,0.2882340514534674,0.9608955593704868,0.041511924962433486,0
0,0,297,False,late,3,0,1,0.4464852447122492,0.9129831470278026,0.041511924962433486,0
0,0,297,False,late,4,0,1,0.33957466431643735,0.9468905394746426,0.041511924962433486,0
0,0,298,False,late,1,0,2,0.9139780890662598,0.737553321599884,0.9120555320254478,0
0,0,298,False,late,2,0,1,1.1930044117791316,0.5380394470821895,0.9120555320254478,0
0,0,298,False,late,3,0,1,0.9565185974281419,0.7099551304660402,0.9120555320254478,0
0,0,298,False,late,4,0,1,1.2183501409621236,0.5215695087887813,0.9120555320254478,0
0,0,299,False,late,1,0,2,0.9121727729626428,0.7387698542957007,0.014142306150707232,0
0,0,299,False,late,2,0,4,0.0385588243895886,0.9992576119647316,0.014142306150707232,0
0,0,299,False,late,3,0,1,0.4018339692442629,0.9278007034694791,0.014142306150707232,0
0,0,299,False,late,4,0,1,0.2856432836230759,0.9616094612017827,0.014142306150707232,0
0,1,1,True,early,1,0,0,0.2550418440343438,0.9734470293008963,0.4899917879361319,0
0,1,2,True,early,1,0,0,0.4024716457926072,0.9349520817145134,0.49985009246323386,0
0,1,2,True,early,2,0,0,0.21938666826988773,0.9805636100003212,0.49985009246323386,0
0,1,3,True,early,1,0,0,0.42043539658771883,0.9369520359361347,0.6684306647276339,0
0,1,3,True,early,2,0,0,0.2091685835124691,0.986640742805878,0.6684306647276339,0
0,1,3,True,early,3,0,0,0.3093161043947496,0.9682522426966665,0.6684306647276339,0
0,1,4,True,early,1,0,1,0.22607712343835182,0.9822259386334027,0.6068878821614339,0
0,1,4,True,early,2,0,0,0.2835205219757031,0.9702913231877817,0.6068878821614339,0
0,1,4,True,early,3,0,0,0.2632704025201205,0.9746059331693726,0.6068878821614339,0
0,1,4,True,early,4,0,0,0.2696249867254536,0.973908179716763,0.6068878821614339,0
0,1,5,True,early,1,0,5,0.008043529419337947,0.999976653589882,0.6050999766895486,0
0,1,5,True,early,2,0,1,0.22348667781951606,0.9826481305125708,0.6050999766895486,0
0,1,5,True,early,3,0,0,0.28499993883004954,0.9699095485198328,0.6050999766895486,0
0,1,5,True,early,4,0,0,0.25955799713650435,0.9752917604747413,0.6050999766895486,0
0,1,6,True,early,1,0,0,0.10114775354221513,0.9966434682990444,0.6591369223684844,0
0,1,6,True,early,2,0,0,0.10367475570646277,0.9964426199843562,0.6591369223684844,0
0,1,6,True,early,3,0,0,0.22261189212589258,0.9828095785175405,0.6591369223684844,0
0,1,6,True,early,4,0,0,0.29437341946846685,0.9700144655470615,0.6591369223684844,0
0,1,7,True,early,1,0,1,0.25169308162905285,0.9780985319206771,0.674396891095897,0
0,1,7,True,early,2,0,0,0.2344750480324683,0.9809953586056793,0.674396891095897,0
0,1,7,True,early,3,0,0,0.23762704087873227,0.9804588535081867,0.674396891095897,0
0,1,7,True,early,4,0,0,0.3939853913433347,0.946507634971307,0.674396891095897,0
0,1,8,True,early,1,0,0,0.1991725271345902,0.9863078340654079,0.62542287801821,0
0,1,8,True,early,2,0,0,0.0999280804124606,0.9965830977750348,0.62542287801821,0
0,1,8,True,early,3,0,0,0.11104209434900479,0.9955690560471031,0.62542287801821,0
0,1,8,True,early,4,0,0,0.11147822328012282,0.9955305548328364,0.62542287801821,0
0,1,9,True,early,1,0,1,0.21741437915536577,0.9829437194152052,0.6152628272837144,0
0,1,9,True,early,2,0,0,0.38940223389119,0.9468256139951965,0.6152628272837144,0
0,1,9,True,early,3,0,0,0.23464112067688006,0.9806216504610603,0.6152628272837144,0
0,1,9,True,early,4,0,0,0.2850801209134307,0.970399806383019,0.6152628272837144,0
0,1,10,True,early,1,0,3,0.011148796203533417,0.9999549215204321,0.6149464463302483,0
0,1,10,True,early,2,0,1,0.22023975031006207,0.9824954438569262,0.6149464463302483,0
0,1,10,True,early,3,0,0,0.3911712947208578,0.9463342551563564,0.6149464463302483,0
0,1,10,True,early,4,0,0,0.2357221447679808,0.9804408839992421,0.6149464463302483,0
0,1,11,True,early,1,0,0,0.18982530610329054,0.9868712495632728,0.6029532287848739,0
0,1,11,True,early,2,0,0,0.1873745354591474,0.9872109970891385,0.6029532287848739,0
0,1,11,True,early,3,0,0,0.06593806227291982,0.9984717939692658,0.6029532287848739,0
0,1,11,True,early,4,0,0,0.2560365367498031,0.977252594718104,0.6029532287848739,0
0,1,12,True,early,1,0,0,0.089392572880678,0.9973168418822318,0.544087688655062,0
0,1,12,True,early,2,0,0,0.23098395807350594,0.9805112044776889,0.544087688655062,0
0,1,12,True,early,3,0,0,0.2280273824969514,0.9810260197069811,0.544087688655062,0
0,1,12,True,early,4,0,0,0.13385014532465603,0.993955787731699,0.544087688655062,0
0,1,13,True,early,1,0,0,0.06834176707920861,0.998216255190894,0.5246040524395496,0
0,1,13,True,early,2,0,0,0.09180268238484603,0.9973652821639707,0.5246040524395496,0
0,1,13,True,early,3,0,0,0.20277423830488495,0.9852455804778314,0.5246040524395496,0
0,1,13,True,early,4,0,0,0.19958426253931713,0.9857372881604669,0.5246040524395496,0
0,1,14,True,early,1,0,0,0.016707885730967983,0.9999033097676474,0.5119651926019814,0
0,1,14,True,early,2,0,0,0.07231801847653761,0.9980433429923726,0.5119651926019814,0
0,1,14,True,early,3,0,0,0.10706047090577395,0.9963785774774548,0.5119651926019814,0
0,1,14,True,early,4,0,0,0.20770303473558968,0.984612117904149,0.5119651926019814,0
0,1,15,True,early,1,0,0,0.11683115017829826,0.9945869560808551,0.5090930092753978,0
0,1,15,True,early,2,0,0,0.12169769888521277,0.9941761390904493,0.5090930092753978,0
0,1,15,True,early,3,0,0,0.08754516397967578,0.9971043003203562,0.5090930092753978,0
0,1,15,True,early,4,0,0,0.16476986464702603,0.9904331624639678,0.5090930092753978,0
0,1,16,True,early,1,0,2,0.007622951645499333,0.9999773308719804,0.506805428396073,0
0,1,16,True,early,2,0,0,0.10967699693009844,0.9952267663863019,0.506805428396073,0
0,1,16,True,early,3,0,0,0.11477665845543998,0.9948233961284311,0.506805428396073,0
0,1,16,True,early,4,0,0,0.08251478322557687,0.9974504165187116,0.506805428396073,0
0,1,17,True,early,1,0,0,0.05637475320086081,0.9988011291874468,0.47447348044869564,0
0,1,17,True,early,2,0,0,0.056100462900567256,0.9988269654898985,0.47447348044869564,0
0,1,17,True,early,3,0,0,0.1314064651356937,0.9931672814562552,0.47447348044869564,0
0,1,17,True,early,4,0,0,0.14194724239586534,0.992140535065056,0.47447348044869564,0
0,1,18,True,early,1,0,2,0.014516755523940031,0.9999139905271844,0.4743050180443246,0
0,1,18,True,early,2,0,0,0.0582138212918531,0.9987169626698801,0.4743050180443246,0
0,1,18,True,early,3,0,0,0.05700760160461492,0.9987864713738842,0.4743050180443246,0
0,1,18,True,early,4,0,0,0.1364157758365175,0.9926283094797635,0.4743050180443246,0
0,1,19,True,early,1,0,0,0.06279340920408776,0.9984667510995986,0.4370048543778804,0
0,1,19,True,early,2,0,0,0.0578731703361689,0.9987135324374508,0.4370048543778804,0
0,1,19,True,early,3,0,0,0.10376309348660781,0.9959622511337604,0.4370048543778804,0
0,1,19,True,early,4,0,0,0.10349718267682731,0.9960141100351637,0.4370048543778804,0
0,1,20,True,early,1,0,0,0.1253084662217605,0.9933865116526763,0.42162989507476406,0
0,1,20,True,early,2,0,0,0.17496619470061348,0.987449535607351,0.42162989507476406,0
0,1,20,True,early,3,0,0,0.17426889286255104,0.9875530155843526,0.42162989507476406,0
0,1,20,True,early,4,0,0,0.21637764380904634,0.9812871801077104,0.42162989507476406,0
0,1,21,True,early,1,1,7,0.0,0.9999999999999998,0.42162989507476406,0
0,1,21,True,early,2,0,0,0.1253084662217605,0.9933865116526763,0.42162989507476406,0
0,1,21,True,early,3,0,0,0.17496619470061348,0.987449535607351,0.42162989507476406,0
0,1,21,True,early,4,0,0,0.17426889286255104,0.9875530155843526,0.42162989507476406,0
0,1,22,True,early,1,1,7,0.0,0.9999999999999998,0.42162989507476406,0
0,1,22,True,early,2,1,7,0.0,0.9999999999999998,0.42162989507476406,0
0,1,22,True,early,3,0,0,0.1253084662217605,0.9933865116526763,0.42162989507476406,0
0,1,22,True,early,4,0,0,0.17496619470061348,0.987449535607351,0.42162989507476406,0
0,1,23,True,early,1,0,0,0.06416496786011883,0.9982506580792627,0.41752491310802065,0
0,1,23,True,early,2,0,0,0.06416496786011883,0.9982506580792627,0.41752491310802065,0
0,1,23,True,early,3,0,0,0.06416496786011883,0.9982506580792627,0.41752491310802065,0
0,1,23,True,early,4,0,0,0.1874010379518405,0.9851767483820965,0.41752491310802065,0
0,1,24,True,early,1,0,0,0.05704702609707371,0.9986137881096194,0.41113928287298074,0
0,1,24,True,early,2,0,0,0.11839569208610551,0.9940338620339285,0.41113928287298074,0
0,1,24,True,early,3,0,0,0.11839569208610551,0.9940338620339285,0.41113928287298074,0
0,1,24,True,early,4,0,0,0.11839569208610551,0.9940338620339285,0.41113928287298074,0
0,1,25,True,early,1,0,0,0.013507978206954496,0.9999230050136623,0.41502322557008936,0
0,1,25,True,early,2,0,0,0.06872085887964544,0.9979878583167288,0.41502322557008936,0
0,1,25,True,early,3,0,0,0.1306635577696407,0.9927377040974564,0.41502322557008936,0
0,1,25,True,early,4,0,0,0.1306635577696407,0.9927377040974564,0.41502322557008936,0
0,1,26,True,early,1,0,0,0.07932725790921907,0.9973366746835698,0.4270472849512147,0
0,1,26,True,early,2,0,0,0.09118082939302215,0.9964802867810179,0.4270472849512147,0
0,1,26,True,early,3,0,0,0.1471861533398768,0.9908133406500784,0.4270472849512147,0
0,1,26,True,early,4,0,0,0.2095574438935293,0.9813952112869666,0.4270472849512147,0
0,1,27,True,early,1,0,2,0.007352941176470562,0.9999783413224491,0.4312676528891248,0
0,1,27,True,early,2,0,0,0.08167786759586844,0.9971880188641089,0.4312676528891248,0
0,1,27,True,early,3,0,0,0.09381116854778612,0.9962889100265536,0.4312676528891248,0
0,1,27,True,early,4,0,0,0.14919278440454395,0.9905818086264762,0.4312676528891248,0
0,1,28,True,early,1,1,7,0.0,0.9999999999999998,0.4312676528891248,0
0,1,28,True,early,2,0,2,0.007352941176470562,0.9999783413224491,0.4312676528891248,0
0,1,28,True,early,3,0,0,0.08167786759586844,0.9971880188641089,0.4312676528891248,0
0,1,28,True,early,4,0,0,0.09381116854778612,0.9962889100265536,0.4312676528891248,0
0,1,29,True,early,1,0,0,0.011881889801474364,0.999944116884979,0.4384811017656024,0
0,1,29,True,early,2,0,0,0.011881889801474364,0.999944116884979,0.4384811017656024,0
0,1,29,True,early,3,0,0,0.0174177075727057,0.9998809259139404,0.4384811017656024,0
0,1,29,True,early,4,0,0,0.09191895946618665,0.996462426295422,0.4384811017656024,0
0,1,30,True,early,1,0,0,0.4152333159011855,0.933300614861974,0.5794264321913438,0
0,1,30,True,early,2,0,0,0.40696675991784176,0.935973650055862,0.5794264321913438,0
0,1,30,True,early,3,0,0,0.40696675991784176,0.935973650055862,0.5794264321913438,0
0,1,30,True,early,4,0,0,0.40729875079325917,0.9358575431844746,0.5794264321913438,0
0,1,31,True,early,1,0,0,0.40042096928732296,0.938109230473196,0.4458584130980154,0
0,1,31,True,early,2,0,0,0.02134335327925157,0.9998132038806118,0.4458584130980154,0
0,1,31,True,early,3,0,0,0.023180000565285016,0.9997890878721711,0.4458584130980154,0
0,1,31,True,early,4,0,0,0.023180000565285016,0.9997890878721711,0.4458584130980154,0
0,1,32,True,early,1,0,0,0.014384942497782738,0.9999139871388536,0.4476972278009878,0
0,1,32,True,early,2,0,0,0.3870834824380774,0.9422631040737927,0.4476972278009878,0
0,1,32,True,early,3,0,0,0.03305288236412102,0.9995492283628591,0.4476972278009878,0
0,1,32,True,early,4,0,0,0.03077534597190841,0.9996214234270668,0.4476972278009878,0
0,1,33,True,early,1,1,7,0.0,0.9999999999999998,0.4476972278009878,0
0,1,33,True,early,2,0,0,0.014384942497782738,0.9999139871388536,0.4476972278009878,0
0,1,33,True,early,3,0,0,0.3870834824380774,0.9422631040737927,0.4476972278009878,0
0,1,33,True,early,4,0,0,0.03305288236412102,0.9995492283628591,0.4476972278009878,0
0,1,34,True,early,1,1,7,0.0,0.9999999999999998,0.4476972278009878,0
0,1,34,True,early,2,1,7,0.0,0.9999999999999998,0.4476972278009878,0
0,1,34,True,early,3,0,0,0.014384942497782738,0.9999139871388536,0.4476972278009878,0
0,1,34,True,early,4,0,0,0.3870834824380774,0.9422631040737927,0.4476972278009878,0
0,1,35,True,early,1,1,7,0.0,0.9999999999999998,0.4476972278009878,0
0,1,35,True,early,2,1,7,0.0,0.9999999999999998,0.4476972278009878,0
0,1,35,True,early,3,1,7,0.0,0.9999999999999998,0.4476972278009878,0
0,1,35,True,early,4,0,0,0.014384942497782738,0.9999139871388536,0.4476972278009878,0
0,1,36,True,early,1,1,7,0.0,0.9999999999999998,0.4476972278009878,0
0,1,36,True,early,2,1,7,0.0,0.9999999999999998,0.4476972278009878,0
0,1,36,True,early,3,1,7,0.0,0.9999999999999998,0.4476972278009878,0
0,1,36,True,early,4,1,7,0.0,0.9999999999999998,0.4476972278009878,0
0,1,37,True,early,1,0,2,0.007352941176470673,0.9999787992887263,0.44326742320266554,0
0,1,37,True,early,2,0,2,0.007352941176470673,0.9999787992887263,0.44326742320266554,0
0,1,37,True,early,3,0,2,0.007352941176470673,0.9999787992887263,0.44326742320266554,0
0,1,37,True,early,4,0,2,0.007352941176470673,0.9999787992887263,0.44326742320266554,0
0,1,38,True,early,1,0,0,0.014243697652629783,0.9999158354076919,0.4400202481765414,0
0,1,38,True,early,2,0,0,0.016029618422288446,0.999896723255507,0.4400202481765414,0
0,1,38,True,early,3,0,0,0.016029618422288446,0.999896723255507,0.4400202481765414,0
0,1,38,True,early,4,0,0,0.016029618422288446,0.999896723255507,0.4400202481765414,0
0,1,39,True,early,1,0,0,0.023235553618562565,0.9997795261334943,0.430164153177274,0
0,1,39,True,early,2,0,0,0.03676170076641203,0.9994440803209811,0.430164153177274,0
0,1,39,True,early,3,0,0,0.03890526796043347,0.9993862876790504,0.430164153177274,0
0,1,39,True,early,4,0,0,0.03890526796043347,0.9993862876790504,0.430164153177274,0
0,1,40,True,early,1,0,2,0.023779027729395677,0.9997647217170399,0.42235261588469386,0
0,1,40,True,early,2,0,0,0.038170010215450384,0.9994063889372,0.42235261588469386,0
0,1,40,True,early,3,0,0,0.047628577252797615,0.9990738274468808,0.42235261588469386,0
0,1,40,True,early,4,0,0,0.05038660626445183,0.9989756627543074,0.42235261588469386,0
0,1,41,True,early,1,0,0,0.048090885764765584,0.9990253069991438,0.40893818818846744,0
0,1,41,True,early,2,0,0,0.06775679651384456,0.9980768874574947,0.40893818818846744,0
0,1,41,True,early,3,0,0,0.08570056080900422,0.9969512804376568,0.40893818818846744,0
0,1,41,True,early,4,0,0,0.09469767423508395,0.9962824354353119,0.40893818818846744,0
0,1,42,True,early,1,0,5,0.01809794119351049,0.9998690243647423,0.39605498981449716,0
0,1,42,True,early,2,0,0,0.051383545703692905,0.9989118050987692,0.39605498981449716,0
0,1,42,True,early,3,0,0,0.07167200243394542,0.9978787891488261,0.39605498981449716,0
0,1,42,True,early,4,0,0,0.0892371236832547,0.9967339566983134,0.39605498981449716,0
0,1,43,True,early,1,0,0,0.0596842353756173,0.99846949723323,0.3779872550215488,0
0,1,43,True,early,2,0,0,0.06954104560288323,0.9979620757167886,0.3779872550215488,0
0,1,43,True,early,3,0,0,0.09071419589313051,0.9965715074342895,0.3779872550215488,0
0,1,43,True,early,4,0,0,0.11325616738350926,0.9946531245654094,0.3779872550215488,0
0,1,44,True,early,1,0,0,0.044990333198822924,0.9991142440005345,0.373472086893458,0
0,1,44,True,early,2,0,0,0.1036169086177332,0.9953530369627205,0.373472086893458,0
0,1,44,True,early,3,0,0,0.11221630056432833,0.9946129010334095,0.373472086893458,0
0,1,44,True,early,4,0,0,0.12519415542569276,0.9933778288747449,0.373472086893458,0
0,1,45,True,early,1,1,7,0.0,1.0000000000000002,0.373472086893458,0
0,1,45,True,early,2,0,0,0.044990333198822924,0.9991142440005345,0.373472086893458,0
0,1,45,True,early,3,0,0,0.1036169086177332,0.9953530369627205,0.373472086893458,0
0,1,45,True,early,4,0,0,0.11221630056432833,0.9946129010334095,0.373472086893458,0
0,1,46,True,early,1,0,0,0.06855755549927187,0.9979506515156698,0.38388913515279,0
0,1,46,True,early,2,0,0,0.06855755549927187,0.9979506515156698,0.38388913515279,0
0,1,46,True,early,3,0,0,0.11052498191275106,0.9946680901564814,0.38388913515279,0
0,1,46,True,early,4,0,0,0.1657662235010313,0.9880831637385756,0.38388913515279,0
0,1,47,True,early,1,0,0,0.06553858553781433,0.9982277662880867,0.4196653192019976,0
0,1,47,True,early,2,0,0,0.12963147376291234,0.9928672808222446,0.4196653192019976,0
0,1,47,True,early,3,0,0,0.12963147376291234,0.9928672808222446,0.4196653192019976,0
0,1,47,True,early,4,0,0,0.16957423516891595,0.9877015404807286,0.4196653192019976,0
0,1,48,True,early,1,0,0,0.25095694251674494,0.9780072405808014,0.6061008051008615,0
0,1,48,True,early,2,0,0,0.28913115745806073,0.9704776272717952,0.6061008051008615,0
0,1,48,True,early,3,0,0,0.34031678221501965,0.9577654917585633,0.6061008051008615,0
0,1,48,True,early,4,0,0,0.34031678221501965,0.9577654917585633,0.6061008051008615,0
0,1,49,True,early,1,1,7,0.0,1.0,0.6061008051008615,0
0,1,49,True,early,2,0,0,0.25095694251674494,0.9780072405808014,0.6061008051008615,0
0,1,49,True,early,3,0,0,0.28913115745806073,0.9704776272717952,0.6061008051008615,0
0,1,49,True,early,4,0,0,0.34031678221501965,0.9577654917585633,0.6061008051008615,0
0,1,50,True,early,1,0,0,0.09425216425097613,0.9967564392912419,0.5884514505031871,0
0,1,50,True,early,2,0,0,0.09425216425097613,0.9967564392912419,0.5884514505031871,0
0,1,50,True,early,3,0,0,0.26704981018332663,0.9739455671218714,0.5884514505031871,0
0,1,50,True,early,4,0,0,0.31001295957998404,0.9645320774159264,0.5884514505031871,0
0,1,51,True,early,1,0,0,0.2416948242325839,0.9780746846875618,0.547763322801646,0
0,1,51,True,early,2,0,0,0.30339517991252024,0.9657988651347911,0.547763322801646,0
0,1,51,True,early,3,0,0,0.30339517991252024,0.9657988651347911,0.547763322801646,0
0,1,51,True,early,4,0,0,0.2905613471914082,0.9671165075022947,0.547763322801646,0
0,1,52,True,early,1,0,2,0.19185246611157938,0.986687916805188,0.6155422126608688,0
0,1,52,True,early,2,0,0,0.08689309147276238,0.9973008135591201,0.6155422126608688,0
0,1,52,True,early,3,0,0,0.16516225762031933,0.9900757080993645,0.6155422126608688,0
0,1,52,True,early,4,0,0,0.16516225762031933,0.9900757080993645,0.6155422126608688,0
0,1,53,True,early,1,0,0,0.2584627925346625,0.9759045733953355,0.6262915077139826,0
0,1,53,True,early,2,0,0,0.1439441766942859,0.9928863125218254,0.6262915077139826,0
0,1,53,True,early,3,0,0,0.32995753862470756,0.9603794681567672,0.6262915077139826,0
0,1,53,True,early,4,0,0,0.4025314225363327,0.9413226595141938,0.6262915077139826,0
0,1,54,True,early,1,0,0,0.9884017494229941,0.7499795087987369,1.1064449291506973,0
0,1,54,True,early,2,0,0,0.7787153404616326,0.8555814900985254,1.1064449291506973,0
0,1,54,True,early,3,0,0,0.9272664693838994,0.783444472747923,1.1064449291506973,0
0,1,54,True,early,4,0,0,0.7599282071704018,0.8648117347193174,1.1064449291506973,0
0,1,55,True,early,1,0,0,0.9980268078363181,0.7456210381067757,0.6698605815513705,0
0,1,55,True,early,2,0,0,0.2628548692769641,0.9758725797949097,0.6698605815513705,0
0,1,55,True,early,3,0,0,0.3619347692207538,0.9539630583005242,0.6698605815513705,0
0,1,55,True,early,4,0,0,0.25300831008219404,0.9781436644106364,0.6698605815513705,0
0,1,56,True,early,1,0,0,0.24118102324547547,0.9797978102550841,0.5963230186811619,0
0,1,56,True,early,2,0,0,0.9957359462839218,0.7453066949176317,0.5963230186811619,0
0,1,56,True,early,3,0,0,0.058544140725549025,0.9988414876668212,0.5963230186811619,0
0,1,56,True,early,4,0,0,0.248724339249168,0.977411960224902,0.5963230186811619,0
0,1,57,True,early,1,0,0,0.2466345942616711,0.9777481628179435,0.6123824097058208,0
0,1,57,True,early,2,0,0,0.36531536384421476,0.9530625453303113,0.6123824097058208,0
0,1,57,True,early,3,0,0,0.7745500273825447,0.8575282342638165,0.6123824097058208,0
0,1,57,True,early,4,0,0,0.25544129335787086,0.9764394950402749,0.6123824097058208,0
0,1,58,True,early,1,0,0,0.2806820068418101,0.9709655606153396,0.5645754131780436,0
0,1,58,True,early,2,0,1,0.13011245667957877,0.9937641347818744,0.5645754131780436,0
0,1,58,True,early,3,0,0,0.17760412520984212,0.9896940899295874,0.5645754131780436,0
0,1,58,True,early,4,0,0,0.9797841906426433,0.7540899054937452,0.5645754131780436,0
0,1,59,True,early,1,0,0,0.15180342984398668,0.9913537150294566,0.5044750116305259,0
0,1,59,True,early,2,0,0,0.265287243503019,0.9742593638844389,0.5044750116305259,0
0,1,59,True,early,3,0,0,0.13285933802369587,0.9939832083824679,0.5044750116305259,0
0,1,59,True,early,4,0,0,0.24201723199314143,0.9808671962393346,0.5044750116305259,0
0,1,60,True,early,1,0,0,0.17101791107630887,0.9887905465467071,0.5541342132845338,0
0,1,60,True,early,2,0,0,0.17615625031746995,0.9881920818617845,0.5541342132845338,0
0,1,60,True,early,3,0,0,0.408355030814831,0.9381277009570116,0.5541342132845338,0
0,1,60,True,early,4,0,0,0.2057613045227069,0.9842630398264022,0.5541342132845338,0
0,1,61,True,early,1,0,4,0.0319163524655444,0.9996199437310531,0.5635595435339352,0
0,1,61,True,early,2,0,0,0.16273460476563487,0.9900018956090203,0.5635595435339352,0
0,1,61,True,early,3,0,0,0.1731006851432612,0.9886344148042961,0.5635595435339352,0
0,1,61,True,early,4,0,0,0.4009097336264789,0.9405213630730112,0.5635595435339352,0
0,1,62,True,early,1,0,1,0.08831868906968558,0.9970857033596006,0.5327289540693144,0
0,1,62,True,early,2,0,1,0.06129512789365363,0.9985901286846277,0.5327289540693144,0
0,1,62,True,early,3,0,0,0.1901048488481863,0.9858278582786528,0.5327289540693144,0
0,1,62,True,early,4,0,0,0.1806518222496284,0.9875493511442665,0.5327289540693144,0
0,1,63,True,middle,1,0,0,0.34729362129598257,0.9518912297978743,0.4242934648743545,0
0,1,63,True,middle,2,0,0,0.3646504110359452,0.9482009716054507,0.4242934648743545,0
0,1,63,True,middle,3,0,0,0.35729068181618245,0.9499123186294095,0.4242934648743545,0
0,1,63,True,middle,4,0,0,0.3250436265432392,0.9570498359949131,0.4242934648743545,0
0,1,64,True,middle,1,0,1,0.07785515843541936,0.9974952731582989,0.38350628911683743,0
0,1,64,True,middle,2,0,0,0.34571611802403257,0.9523402359269165,0.38350628911683743,0
0,1,64,True,middle,3,0,0,0.3773289331759684,0.944496189132481,0.38350628911683743,0
0,1,64,True,middle,4,0,0,0.36507159925500354,0.9477088755704725,0.38350628911683743,0
0,1,65,True,middle,1,0,0,0.1560082562138037,0.9893495124624102,0.3678525929551418,0
0,1,65,True,middle,2,0,0,0.12579936186608479,0.9933501621233599,0.3678525929551418,0
0,1,65,True,middle,3,0,0,0.3378628888797201,0.9546127182622444,0.3678525929551418,0
0,1,65,True,middle,4,0,0,0.3511882773237122,0.9523530356274371,0.3678525929551418,0
0,1,66,True,middle,1,0,0,0.14467388009952242,0.9907764166439722,0.30859167432059903,0
0,1,66,True,middle,2,0,0,0.14207469063854108,0.9912630391830196,0.30859167432059903,0
0,1,66,True,middle,3,0,0,0.16039122140136236,0.9893807657004314,0.30859167432059903,0
0,1,66,True,middle,4,0,0,0.4303807510097755,0.9250520426098662,0.30859167432059903,0
0,1,67,True,middle,1,0,0,0.19355395388052804,0.9829718786887729,0.3222829834566956,0
0,1,67,True,middle,2,0,0,0.2651411838781494,0.9687002205634122,0.3222829834566956,0
0,1,67,True,middle,3,0,0,0.19700907738901505,0.9829383258183816,0.3222829834566956,0
0,1,67,True,middle,4,0,0,0.23859581844951155,0.9756167072839904,0.3222829834566956,0
0,1,68,True,middle,1,0,0,1.1348608608174238,0.5987183998948045,0.9661004587842313,0
0,1,68,True,middle,2,0,0,1.2073590913133623,0.5397598975959005,0.9661004587842313,0
0,1,68,True,middle,3,0,0,1.218116180358155,0.5348684522793848,0.9661004587842313,0
0,1,68,True,middle,4,0,0,1.229618430082809,0.5266153019456689,0.9661004587842313,0
0,1,69,True,middle,1,0,1,1.2973875768987402,0.48192678555185736,0.49558734207842653,0
0,1,69,True,middle,2,0,0,0.3448846836794982,0.9511059400549409,0.49558734207842653,0
0,1,69,True,middle,3,0,0,0.26977714501255873,0.9709141806675194,0.49558734207842653,0
0,1,69,True,middle,4,0,0,0.3628000950156665,0.9457324883789939,0.49558734207842653,0
0,1,70,True,middle,1,0,0,0.06896274216686768,0.9983182425569694,0.5433060119223447,0
0,1,70,True,middle,2,0,0,1.3602144769151283,0.4355202566951048,0.5433060119223447,0
0,1,70,True,middle,3,0,0,0.38395908466031486,0.9415473547164803,0.5433060119223447,0
0,1,70,True,middle,4,0,0,0.30418788381363976,0.964671859024202,0.5433060119223447,0
0,1,71,True,middle,1,0,0,0.31644901099086764,0.9611658523273828,0.33666794704800795,0
0,1,71,True,middle,2,0,1,0.29184296184200653,0.9654126395331103,0.33666794704800795,0
0,1,71,True,middle,3,0,1,1.2238071198564937,0.5278965887556198,0.33666794704800795,0
0,1,71,True,middle,4,0,0,0.22231577359706325,0.97771773710459,0.33666794704800795,0
0,1,72,True,middle,1,0,0,0.2758555905611407,0.9684425921717409,0.4704605403273728,0
0,1,72,True,middle,2,0,1,0.14143653371310566,0.9924782254140573,0.4704605403273728,0
0,1,72,True,middle,3,0,0,0.13599069439671216,0.992551527633057,0.4704605403273728,0
0,1,72,True,middle,4,0,0,1.3132795132468347,0.4652942544051105,0.4704605403273728,0
0,1,73,True,middle,1,0,0,0.2821970346157351,0.9668521806202283,0.3682923396001788,0
0,1,73,True,middle,2,0,0,0.2739281957856196,0.9666828140359404,0.3682923396001788,0
0,1,73,True,middle,3,0,0,0.3457148185442842,0.9528865287058121,0.3682923396001788,0
0,1,73,True,middle,4,0,0,0.3422423334357322,0.9518270462084494,0.3682923396001788,0
0,1,74,True,middle,1,0,3,0.00725986723950425,0.9999768062887812,0.36869525147576443,0
0,1,74,True,middle,2,0,0,0.28103806124329944,0.9671289543013876,0.36869525147576443,0
0,1,74,True,middle,3,0,0,0.27662891141230794,0.9660273917521727,0.36869525147576443,0
0,1,74,True,middle,4,0,0,0.3450953572322796,0.9530607807271355,0.36869525147576443,0
0,1,75,True,middle,1,0,1,0.3852210262956628,0.9479025491151437,0.6492276349838378,0
0,1,75,True,middle,2,0,1,0.3848423930856774,0.9480243542908948,0.6492276349838378,0
0,1,75,True,middle,3,0,0,0.28487605487280654,0.9720847119646757,0.6492276349838378,0
0,1,75,True,middle,4,0,0,0.4628779603301684,0.9223161151332439,0.6492276349838378,0
0,1,76,True,middle,1,0,0,1.5641576131295392,0.40823094359323364,1.2619148349688005,0
0,1,76,True,middle,2,0,0,1.502473640542311,0.42858209469242675,1.2619148349688005,0
0,1,76,True,middle,3,0,0,1.502376606893256,0.42863655805273454,1.2619148349688005,0
0,1,76,True,middle,4,0,0,1.5456384247394852,0.40035240325490906,1.2619148349688005,0
0,1,77,True,middle,1,0,0,1.464228698408322,0.4603558124836958,0.3483469848455163,0
0,1,77,True,middle,2,0,1,0.37978216513286317,0.9499189955892428,0.3483469848455163,0
0,1,77,True,middle,3,0,1,0.0506991941302735,0.9988821486937508,0.3483469848455163,0
0,1,77,True,middle,4,0,1,0.04702534859923686,0.9990402393843836,0.3483469848455163,0
0,1,78,True,middle,1,0,1,0.17215438805638358,0.9880402681234235,0.4602223976020233,0
0,1,78,True,middle,2,0,0,1.4731909489254917,0.46093207257074104,0.4602223976020233,0
0,1,78,True,middle,3,0,1,0.228065480614635,0.9833704242181776,0.4602223976020233,0
0,1,78,True,middle,4,0,1,0.18703625073490968,0.9856142495151962,0.4602223976020233,0
0,1,79,True,middle,1,0,1,0.22124629306108798,0.9799491269031725,0.31929169776314625,0
0,1,79,True,middle,2,0,1,0.056195971709350395,0.9986176017635519,0.31929169776314625,0
0,1,79,True,middle,3,0,0,1.4508310715594657,0.4702050224295478,0.31929169776314625,0
0,1,79,True,middle,4,0,1,0.4286101424165385,0.934724802009165,0.31929169776314625,0
0,1,80,True,middle,1,0,0,1.4238852461353666,0.4944049359449703,1.2644508403852575,0
0,1,80,True,middle,2,0,0,1.440108852270569,0.4893232372717656,1.2644508403852575,0
0,1,80,True,middle,3,0,0,1.4361912174603055,0.4854828415417998,1.2644508403852575,0
0,1,80,True,middle,4,0,0,0.171093097072968,0.9943618912335981,1.2644508403852575,0
0,1,81,True,middle,1,0,0,1.5582510281870843,0.3925336191314838,0.4866272618138982,0
0,1,81,True,middle,2,0,0,0.3152969134028448,0.9590893402552715,0.4866272618138982,0
0,1,81,True,middle,3,0,0,0.3253337550810928,0.9568245292114168,0.4866272618138982,0
0,1,81,True,middle,4,0,0,0.28523057854293066,0.9666592779597917,0.4866272618138982,0
0,1,82,True,middle,1,0,0,0.2081966176384233,0.982510527672598,0.3839445739737129,0
0,1,82,True,middle,2,0,0,1.4400132228530573,0.48430129410335104,0.3839445739737129,0
0,1,82,True,middle,3,0,1,0.28406388733345866,0.9643235790773544,0.3839445739737129,0
0,1,82,True,middle,4,0,1,0.39825201749839706,0.9331199785180825,0.3839445739737129,0
0,1,83,True,middle,1,0,2,0.13237552224243201,0.9925488652935196,0.4217054001963281,0
0,1,83,True,middle,2,0,0,0.27307119702001764,0.9694075874527943,0.4217054001963281,0
0,1,83,True,middle,3,0,0,1.5302013704637216,0.41014470939987147,0.4217054001963281,0
0,1,83,True,middle,4,0,1,0.3332907883677027,0.9518023224709139,0.4217054001963281,0
0,1,84,True,middle,1,0,0,1.1157128697002776,0.5852386462914285,0.8631589320925566,0
0,1,84,True,middle,2,0,0,1.0587779511177136,0.625943097529683,0.8631589320925566,0
0,1,84,True,middle,3,0,0,1.220841272496631,0.5075853367560026,0.8631589320925566,0
0,1,84,True,middle,4,0,0,0.5563237553534095,0.9472281704370502,0.8631589320925566,0
0,1,85,True,middle,1,0,2,0.1356736646466056,0.995203233840144,0.9157846342728126,0
0,1,85,True,middle,2,0,0,1.1758326578032174,0.5551446147282024,0.9157846342728126,0
0,1,85,True,middle,3,0,0,1.1089446713435316,0.6045914011132741,0.9157846342728126,0
0,1,85,True,middle,4,0,0,1.2600180822877036,0.4933092829075342,0.9157846342728126,0
0,1,86,True,middle,1,0,0,1.2439226194922555,0.5128198077353003,0.5343232822203207,0
0,1,86,True,middle,2,0,0,1.2320018406363962,0.5049961586136433,0.5343232822203207,0
0,1,86,True,middle,3,0,0,0.5893224854158244,0.8598336519132608,0.5343232822203207,0
0,1,86,True,middle,4,0,0,0.5008398950589104,0.8983452635817464,0.5343232822203207,0
0,1,87,True,middle,1,0,1,1.4673030999501444,0.4444246240128814,1.2010295660114614,0
0,1,87,True,middle,2,0,0,0.3738401064621149,0.9771226751626096,1.2010295660114614,0
0,1,87,True,middle,3,0,0,0.462095244990885,0.9624499170624611,1.2010295660114614,0
0,1,87,True,middle,4,0,0,1.4725756656377125,0.4279846326280714,1.2010295660114614,0
0,1,88,True,middle,1,0,0,0.4184021490424738,0.9748702732911534,0.8173288076344776,0
0,1,88,True,middle,2,0,0,1.0515647517289866,0.6309180849568046,0.8173288076344776,0
0,1,88,True,middle,3,0,0,0.3222310099942673,0.9715409408291168,0.8173288076344776,0
0,1,88,True,middle,4,0,0,0.3841562213115806,0.9570051849577463,0.8173288076344776,0
0,1,89,True,middle,1,0,0,0.4167727287476364,0.9748544913454608,1.1979651838462884,0
0,1,89,True,middle,2,0,0,0.07961515981516926,0.9987016051990831,1.1979651838462884,0
0,1,89,True,middle,3,0,0,1.466216261836198,0.4439184427054489,1.1979651838462884,0
0,1,89,True,middle,4,0,0,0.3767937590715741,0.9763354689919965,1.1979651838462884,0
0,1,90,True,middle,1,0,0,0.5056952858908182,0.9487056321337587,0.9356285624844184,0
0,1,90,True,middle,2,0,0,0.25839307634658254,0.9828420842304477,0.9356285624844184,0
0,1,90,True,middle,3,0,0,0.5205256496182032,0.9454387667866831,0.9356285624844184,0
0,1,90,True,middle,4,0,0,1.0558136470792494,0.6589101750891163,0.9356285624844184,0
0,1,91,True,middle,1,0,0,1.1976771669157145,0.5467625654393634,0.44541683798117016,0
0,1,91,True,middle,2,0,0,1.5558342870305186,0.355004024024617,0.44541683798117016,0
0,1,91,True,middle,3,0,0,1.1460384000898793,0.5492182738243389,0.44541683798117016,0
0,1,91,True,middle,4,0,0,1.5560760041935333,0.3563979981741283,0.44541683798117016,0
0,1,92,True,middle,1,0,0,0.8745331576406138,0.6815710692490459,0.4510103579626134,0
0,1,92,True,middle,2,0,2,0.8622869876936687,0.7772372620775155,0.4510103579626134,0
0,1,92,True,middle,3,0,0,0.9416181426909157,0.8037729173205577,0.4510103579626134,0
0,1,92,True,middle,4,0,0,0.6645466829180283,0.8575012934105565,0.4510103579626134,0
0,1,93,True,middle,1,0,0,0.6231601116718112,0.8288159990578464,0.18429625836961877,0
0,1,93,True,middle,2,0,0,0.27136345874045936,0.9696473287454608,0.18429625836961877,0
0,1,93,True,middle,3,0,0,1.0296952920751992,0.6639400857292778,0.18429625836961877,0
0,1,93,True,middle,4,0,0,1.3431732389454987,0.5246426454969745,0.18429625836961877,0
0,1,94,True,middle,1,0,0,1.2120610401259277,0.5958220516760767,1.120053577898822,0
0,1,94,True,middle,2,0,0,1.0473247643096668,0.7167037087926076,1.120053577898822,0
0,1,94,True,middle,3,0,0,1.3423432593213245,0.5022245224117913,1.120053577898822,0
0,1,94,True,middle,4,0,0,0.45495903858957837,0.953908698137595,1.120053577898822,0
0,1,95,True,middle,1,0,0,1.0684996453933393,0.7079513489949318,0.652149867710085,0
0,1,95,True,middle,2,0,0,0.8302974065448201,0.7289631284683061,0.652149867710085,0
0,1,95,True,middle,3,0,1,0.23243291450935505,0.9829561256754754,0.652149867710085,0
0,1,95,True,middle,4,0,0,1.0841035508193186,0.5541276040518587,0.652149867710085,0
0,1,96,True,middle,1,0,0,1.0830665094224754,0.7027913004055135,1.1329206382864447,0
0,1,96,True,middle,2,0,4,0.10298180679138325,0.9976833833438181,1.1329206382864447,0
0,1,96,True,middle,3,0,0,1.2239809559067174,0.5920122867281665,1.1329206382864447,0
0,1,96,True,middle,4,0,0,1.0539377777907901,0.7166924120839615,1.1329206382864447,0
0,1,97,True,middle,1,0,0,0.7593521913247334,0.878519528289786,0.4385774877261975,0
0,1,97,True,middle,2,0,0,0.486065962486746,0.9133673250296092,0.4385774877261975,0
0,1,97,True,middle,3,0,0,0.7393698097844593,0.8844420132406191,0.4385774877261975,0
0,1,97,True,middle,4,0,0,0.5811209911044879,0.8504686024600834,0.4385774877261975,0
0,1,98,True,middle,1,0,0,0.3516661165820767,0.947113711805791,0.09425400365250892,0
0,1,98,True,middle,2,0,0,1.0575009509577986,0.7161838305158468,0.09425400365250892,0
0,1,98,True,middle,3,0,1,0.5925511911879832,0.8685592935863063,0.09425400365250892,0
0,1,98,True,middle,4,0,0,1.0425173990864753,0.7215946140624855,0.09425400365250892,0
0,1,99,True,middle,1,0,0,0.9244961704651476,0.7536132242678809,0.9856330601368302,0
0,1,99,True,middle,2,0,0,0.7199895271854895,0.8627208242573753,0.9856330601368302,0
0,1,99,True,middle,3,0,0,0.42742652391531427,0.9596475797150282,0.9856330601368302,0
0,1,99,True,middle,4,0,0,1.1553964261596572,0.6149993573857568,0.9856330601368302,0
0,1,100,True,middle,1,0,0,0.22175371816444717,0.9885289790110253,1.0539008842579967,0
0,1,100,True,middle,2,0,0,0.9876190085762382,0.7346841172897061,1.0539008842579967,0
0,1,100,True,middle,3,0,0,0.7418288715630297,0.8676017836619276,1.0539008842579967,0
0,1,100,True,middle,4,0,0,0.23889905694021973,0.987775912822065,1.0539008842579967,0
0,1,101,True,middle,1,0,0,0.24487075282979465,0.9894849447567098,0.8490512017211819,0
0,1,101,True,middle,2,0,0,0.18377373841953965,0.9931430589676329,0.8490512017211819,0
0,1,101,True,middle,3,0,0,0.788389597539275,0.7999958639893192,0.8490512017211819,0
0,1,101,True,middle,4,0,0,0.5854848572280344,0.8972226220269115,0.8490512017211819,0
0,1,102,True,middle,1,0,0,0.8641770430071967,0.8041158294703206,1.0182962259161967,0
0,1,102,True,middle,2,0,0,0.8587595062943979,0.8223256496960222,1.0182962259161967,0
0,1,102,True,middle,3,0,0,0.9480142278362754,0.7758915380931467,1.0182962259161967,0
0,1,102,True,middle,4,0,0,0.9339199713742338,0.7581274092443449,1.0182962259161967,0
0,1,103,True,middle,1,0,0,0.3513207152797718,0.9698041227146891,0.8866527487128629,0
0,1,103,True,middle,2,0,0,0.5379183303863074,0.9176517174013946,0.8866527487128629,0
0,1,103,True,middle,3,0,0,0.5345575988974292,0.9299020386524612,0.8866527487128629,0
0,1,103,True,middle,4,0,0,0.6371106267138577,0.8930637664030647,0.8866527487128629,0
0,1,104,True,middle,1,0,0,0.4167120701947856,0.9504903300893173,0.7267540978587343,0
0,1,104,True,middle,2,0,0,0.38627502369371236,0.9680551911832462,0.7267540978587343,0
0,1,104,True,middle,3,0,0,0.8188908785331109,0.7950069984911322,0.7267540978587343,0
0,1,104,True,middle,4,0,0,0.8820082605954827,0.7964870588332941,0.7267540978587343,0
0,1,105,True,middle,1,0,1,0.9022741377728598,0.7852019721844539,1.047607575292923,0
0,1,105,True,middle,2,0,0,0.5568524969357929,0.923126985612456,1.047607575292923,0
0,1,105,True,middle,3,0,0,0.8884555215608384,0.8091639218317399,1.047607575292923,0
0,1,105,True,middle,4,0,0,0.2376731936414778,0.9900330250841683,1.047607575292923,0
0,1,106,True,middle,1,0,0,0.4992368780401876,0.9486249512226285,0.6183365133048097,0
0,1,106,True,middle,2,0,0,0.6528802381055868,0.8546206328211133,0.6183365133048097,0
0,1,106,True,middle,3,0,0,0.526916508914779,0.9198755965178286,0.6183365133048097,0
0,1,106,True,middle,4,0,0,0.8149105143528037,0.8209676796673031,0.6183365133048097,0
0,1,107,True,middle,1,0,1,0.03443509765006297,0.9996246492156967,0.5939958071168705,0
0,1,107,True,middle,2,0,0,0.5234021135725406,0.9428210205674644,0.5939958071168705,0
0,1,107,True,middle,3,0,0,0.6625062051859942,0.8492264234787853,0.5939958071168705,0
0,1,107,True,middle,4,0,0,0.5537549764569103,0.9110331983410305,0.5939958071168705,0
0,1,108,True,middle,1,0,0,0.31298214396729135,0.9761214313757328,0.8617185709435353,0
0,1,108,True,middle,2,0,0,0.28840102170055476,0.9799154422739803,0.8617185709435353,0
0,1,108,True,middle,3,0,0,0.21542179844180986,0.9921620576828626,0.8617185709435353,0
0,1,108,True,middle,4,0,0,0.7654435516898931,0.822633630715898,0.8617185709435353,0
0,1,109,True,middle,1,0,0,0.31298214396729135,0.9761214313757328,0.5939958071168705,0
0,1,109,True,middle,2,1,7,0.0,1.0,0.5939958071168705,0
0,1,109,True,middle,3,0,1,0.03443509765006297,0.9996246492156967,0.5939958071168705,0
0,1,109,True,middle,4,0,0,0.5234021135725406,0.9428210205674644,0.5939958071168705,0
0,1,110,True,middle,1,0,0,0.32642650957381225,0.9720611677485458,0.8455304307952921,0
0,1,110,True,middle,2,0,0,0.10941592483585946,0.9965692465191429,0.8455304307952921,0
0,1,110,True,middle,3,0,0,0.32642650957381225,0.9720611677485458,0.8455304307952921,0
0,1,110,True,middle,4,0,0,0.30210656302567734,0.9761766839779994,0.8455304307952921,0
0,1,111,True,middle,1,0,1,0.3033636973035437,0.9759951854963546,0.6164653116326414,0
0,1,111,True,middle,2,0,0,0.03905649692239769,0.9994913275819309,0.6164653116326414,0
0,1,111,True,middle,3,0,0,0.2963661920826563,0.9784886457691014,0.6164653116326414,0
0,1,111,True,middle,4,0,0,0.03905649692239769,0.9994913275819309,0.6164653116326414,0
0,1,112,True,middle,1,0,0,0.15390218051480908,0.9936200272731723,0.7425845914388759,0
0,1,112,True,middle,2,0,0,0.1748943089622642,0.9918786658420395,0.7425845914388759,0
0,1,112,True,middle,3,0,0,0.1746374290706149,0.9918204831778278,0.7425845914388759,0
0,1,112,True,middle,4,0,0,0.14642475813384448,0.9951677228288545,0.7425845914388759,0
0,1,113,True,middle,1,0,1,0.009836353384263806,0.9999710505854136,0.7469311997146801,0
0,1,113,True,middle,2,0,0,0.15913791514765865,0.9932020925332415,0.7469311997146801,0
0,1,113,True,middle,3,0,0,0.1688850005107102,0.9924279358515635,0.7469311997146801,0
0,1,113,True,middle,4,0,0,0.1794588876112284,0.9913992725837125,0.7469311997146801,0
0,1,114,True,middle,1,0,0,0.15792619511007053,0.9932972477842676,0.6180137328611569,0
0,1,114,True,middle,2,0,0,0.1523689995494575,0.9937456778224414,0.6180137328611569,0
0,1,114,True,middle,3,0,1,0.006533613391951021,0.9999847838109807,0.6180137328611569,0
0,1,114,True,middle,4,0,1,0.30258876994721035,0.9760933023658495,0.6180137328611569,0
0,1,115,True,middle,1,1,7,0.0,0.9999999999999999,0.6180137328611569,0
0,1,115,True,middle,2,0,0,0.15792619511007053,0.9932972477842676,0.6180137328611569,0
0,1,115,True,middle,3,0,0,0.1523689995494575,0.9937456778224414,0.6180137328611569,0
0,1,115,True,middle,4,0,1,0.006533613391951021,0.9999847838109807,0.6180137328611569,0
0,1,116,True,middle,1,1,7,0.0,0.9999999999999999,0.6180137328611569,0
0,1,116,True,middle,2,1,7,0.0,0.9999999999999999,0.6180137328611569,0
0,1,116,True,middle,3,0,0,0.15792619511007053,0.9932972477842676,0.6180137328611569,0
0,1,116,True,middle,4,0,0,0.1523689995494575,0.9937456778224414,0.6180137328611569,0
0,1,117,True,middle,1,0,0,0.15855070340529911,0.9914903348654764,0.5134188802673708,0
0,1,117,True,middle,2,0,0,0.15855070340529911,0.9914903348654764,0.5134188802673708,0
0,1,117,True,middle,3,0,0,0.15855070340529911,0.9914903348654764,0.5134188802673708,0
0,1,117,True,middle,4,0,0,0.31076151832258153,0.9710698294624076,0.5134188802673708,0
0,1,118,True,middle,1,0,1,0.027549051596051637,0.9996998938503933,0.514426137674922,0
0,1,118,True,middle,2,0,0,0.16822766067370976,0.9902799664859865,0.514426137674922,0
0,1,118,True,middle,3,0,0,0.16822766067370976,0.9902799664859865,0.514426137674922,0
0,1,118,True,middle,4,0,0,0.16822766067370976,0.9902799664859865,0.514426137674922,0
0,1,119,True,middle,1,0,1,0.026348659896134382,0.999727870615427,0.5191204314579468,0
0,1,119,True,middle,2,0,5,0.008043529419337947,0.9999771592683332,0.5191204314579468,0
0,1,119,True,middle,3,0,0,0.15916161800784256,0.9913377820659042,0.5191204314579468,0
0,1,119,True,middle,4,0,0,0.15916161800784256,0.9913377820659042,0.5191204314579468,0
0,1,120,True,middle,1,0,0,0.021431218586505003,0.9998203417474611,0.5225491914468529,0
0,1,120,True,middle,2,0,0,0.03379802943057863,0.9995553703800946,0.5225491914468529,0
0,1,120,True,middle,3,0,0,0.022890947896981297,0.9998003813029829,0.5225491914468529,0
0,1,120,True,middle,4,0,0,0.1481483139706311,0.9925683980413657,0.5225491914468529,0
0,1,121,True,middle,1,0,0,0.04252211395215279,0.9993395441277374,0.496065592002786,0
0,1,121,True,middle,2,0,2,0.03680290956398065,0.9995048331844781,0.496065592002786,0
0,1,121,True,middle,3,0,1,0.04513827439836663,0.9992157747464843,0.496065592002786,0
0,1,121,True,middle,4,0,2,0.037671640764563114,0.9994588766749042,0.496065592002786,0
0,1,122,True,middle,1,0,0,0.21299662451031776,0.9825927630301078,0.5586488334325914,0
0,1,122,True,middle,2,0,0,0.21176572136150562,0.9827649451834509,0.5586488334325914,0
0,1,122,True,middle,3,0,0,0.2086756451018958,0.9832660809750982,0.5586488334325914,0
0,1,122,True,middle,4,0,0,0.23310678430899892,0.9790777229071118,0.5586488334325914,0
0,1,123,True,middle,1,0,0,1.3116173326307343,0.4718265444013765,0.947119497648259,0
0,1,123,True,middle,2,0,0,1.2653748082728415,0.5014498041801237,0.947119497648259,0
0,1,123,True,middle,3,0,0,1.3016991335104815,0.4747863243605891,0.947119497648259,0
0,1,123,True,middle,4,0,0,1.301271577889581,0.47466156242008545,0.947119497648259,0
0,1,124,True,middle,1,0,0,0.0356092441315744,0.999667208477329,0.9498902292790056,0
0,1,124,True,middle,2,0,0,1.3122938896573562,0.4722758939236771,0.9498902292790056,0
0,1,124,True,middle,3,0,0,1.2654750132124517,0.502381158940125,0.9498902292790056,0
0,1,124,True,middle,4,0,2,1.3012119796229653,0.4762261290562065,0.9498902292790056,0
0,1,125,True,middle,1,0,0,0.1206864542609608,0.9961649769492902,0.9398703482523103,0
0,1,125,True,middle,2,0,0,0.10126182959125295,0.9972941224878048,0.9398703482523103,0
0,1,125,True,middle,3,0,0,1.32803953759243,0.4553980215728277,0.9398703482523103,0
0,1,125,True,middle,4,0,0,1.2689533312073868,0.49584287249768605,0.9398703482523103,0
0,1,126,True,late,1,0,0,0.2332631458386855,0.9855507550562654,0.9393330098005838,0
0,1,126,True,late,2,0,0,0.32982320378527913,0.9712700918743722,0.9393330098005838,0
0,1,126,True,late,3,0,0,0.3216483623946702,0.9726331157584427,0.9393330098005838,0
0,1,126,True,late,4,0,0,1.3936882439177813,0.3983516331790718,0.9393330098005838,0
0,1,127,True,late,1,0,1,0.21335833194379325,0.9878514257198657,0.9029275901442338,0
0,1,127,True,late,2,0,0,0.073218712167285,0.9987197443307138,0.9029275901442338,0
0,1,127,True,late,3,0,0,0.15999419243952126,0.9933864253339514,0.9029275901442338,0
0,1,127,True,late,4,0,0,0.14238140640674216,0.9947804038025297,0.9029275901442338,0
0,1,128,True,late,1,0,1,0.25738075729533616,0.9822671638667686,0.7894788832910388,0
0,1,128,True,late,2,0,2,0.2240422901052668,0.9883842575864373,0.7894788832910388,0
0,1,128,True,late,3,0,0,0.31744106820658347,0.973945833821858,0.7894788832910388,0
0,1,128,True,late,4,0,0,0.39429021564030275,0.9589112650090719,0.7894788832910388,0
0,1,129,True,late,1,1,7,0.0,0.9999999999999999,0.7894788832910388,0
0,1,129,True,late,2,0,1,0.25738075729533616,0.9822671638667686,0.7894788832910388,0
0,1,129,True,late,3,0,2,0.2240422901052668,0.9883842575864373,0.7894788832910388,0
0,1,129,True,late,4,0,0,0.31744106820658347,0.973945833821858,0.7894788832910388,0
0,1,130,True,late,1,1,7,0.0,0.9999999999999999,0.7894788832910388,0
0,1,130,True,late,2,1,7,0.0,0.9999999999999999,0.7894788832910388,0
0,1,130,True,late,3,0,1,0.25738075729533616,0.9822671638667686,0.7894788832910388,0
0,1,130,True,late,4,0,2,0.2240422901052668,0.9883842575864373,0.7894788832910388,0
0,1,131,True,late,1,0,1,0.5729016049220271,0.8967153664033247,0.7391988764457054,0
0,1,131,True,late,2,0,1,0.5729016049220271,0.8967153664033247,0.7391988764457054,0
0,1,131,True,late,3,0,1,0.5729016049220271,0.8967153664033247,0.7391988764457054,0
0,1,131,True,late,4,0,1,0.8238542389112646,0.8006618915722674,0.7391988764457054,0
0,1,132,True,late,1,1,7,0.0,1.0,0.7391988764457054,0
0,1,132,True,late,2,0,1,0.5729016049220271,0.8967153664033247,0.7391988764457054,0
0,1,132,True,late,3,0,1,0.5729016049220271,0.8967153664033247,0.7391988764457054,0
0,1,132,True,late,4,0,1,0.5729016049220271,0.8967153664033247,0.7391988764457054,0
0,1,133,True,late,1,1,7,0.0,1.0,0.7391988764457054,0
0,1,133,True,late,2,1,7,0.0,1.0,0.7391988764457054,0
0,1,133,True,late,3,0,1,0.5729016049220271,0.8967153664033247,0.7391988764457054,0
0,1,133,True,late,4,0,1,0.5729016049220271,0.8967153664033247,0.7391988764457054,0
0,1,134,True,late,1,1,7,0.0,1.0,0.7391988764457054,0
0,1,134,True,late,2,1,7,0.0,1.0,0.7391988764457054,0
0,1,134,True,late,3,1,7,0.0,1.0,0.7391988764457054,0
0,1,134,True,late,4,0,1,0.5729016049220271,0.8967153664033247,0.7391988764457054,0
0,1,135,True,late,1,0,2,0.09558823529411775,0.9971889834518696,0.6966108113840964,0
0,1,135,True,late,2,0,2,0.09558823529411775,0.9971889834518696,0.6966108113840964,0
0,1,135,True,late,3,0,2,0.09558823529411775,0.9971889834518696,0.6966108113840964,0
0,1,135,True,late,4,0,2,0.09558823529411775,0.9971889834518696,0.6966108113840964,0
0,1,136,True,late,1,0,1,0.04249823970684698,0.9993918128745104,0.6951408119429682,0
0,1,136,True,late,2,0,1,0.0625672789245421,0.9989252085022791,0.6951408119429682,0
0,1,136,True,late,3,0,1,0.0625672789245421,0.9989252085022791,0.6951408119429682,0
0,1,136,True,late,4,0,1,0.0625672789245421,0.9989252085022791,0.6951408119429682,0
0,1,137,True,late,1,0,1,0.2785444573003667,0.9739806872915596,0.5652238075597471,0
0,1,137,True,late,2,0,1,0.24806278481518965,0.979773501683675,0.5652238075597471,0
0,1,137,True,late,3,0,1,0.3380077596095804,0.963159266584361,0.5652238075597471,0
0,1,137,True,late,4,0,1,0.3380077596095804,0.963159266584361,0.5652238075597471,0
0,1,138,True,late,1,1,7,0.0,1.0000000000000002,0.5652238075597471,0
0,1,138,True,late,2,0,1,0.2785444573003667,0.9739806872915596,0.5652238075597471,0
0,1,138,True,late,3,0,1,0.24806278481518965,0.979773501683675,0.5652238075597471,0
0,1,138,True,late,4,0,1,0.3380077596095804,0.963159266584361,0.5652238075597471,0
0,1,139,True,late,1,1,7,0.0,1.0000000000000002,0.5652238075597471,0
0,1,139,True,late,2,1,7,0.0,1.0000000000000002,0.5652238075597471,0
0,1,139,True,late,3,0,1,0.2785444573003667,0.9739806872915596,0.5652238075597471,0
0,1,139,True,late,4,0,1,0.24806278481518965,0.979773501683675,0.5652238075597471,0
0,1,140,True,late,1,0,1,0.27695070005109607,0.9742953048336906,0.6950959710469815,0
0,1,140,True,late,2,0,1,0.27695070005109607,0.9742953048336906,0.6950959710469815,0
0,1,140,True,late,3,0,1,0.27695070005109607,0.9742953048336906,0.6950959710469815,0
0,1,140,True,late,4,0,4,0.008382353128171455,0.9999763134834725,0.6950959710469815,0
0,1,141,True,late,1,0,0,0.5340088234367348,0.8988940177304554,0.49335401023093217,0
0,1,141,True,late,2,0,0,0.297262748227576,0.9659468017597257,0.49335401023093217,0
0,1,141,True,late,3,0,0,0.297262748227576,0.9659468017597257,0.49335401023093217,0
0,1,141,True,late,4,0,0,0.297262748227576,0.9659468017597257,0.49335401023093217,0
0,1,142,True,late,1,0,0,0.6870745953398499,0.819858447550429,0.603639928020002,0
0,1,142,True,late,2,0,0,1.0854999807997396,0.5867112200081805,0.603639928020002,0
0,1,142,True,late,3,0,0,0.8749360310000587,0.7148715798836704,0.603639928020002,0
0,1,142,True,late,4,0,0,0.8749360310000587,0.7148715798836704,0.603639928020002,0
0,1,143,True,late,1,0,0,0.7749674039564785,0.7703819390622387,0.4913411589903928,0
0,1,143,True,late,2,0,0,0.1531948496478146,0.9905554798236899,0.4913411589903928,0
0,1,143,True,late,3,0,0,0.4107276364080421,0.9417975406929736,0.4913411589903928,0
0,1,143,True,late,4,0,0,0.1699705871606667,0.9891784466672734,0.4913411589903928,0
0,1,144,True,late,1,1,7,0.0,1.0000000000000002,0.4913411589903928,0
0,1,144,True,late,2,0,0,0.7749674039564785,0.7703819390622387,0.4913411589903928,0
0,1,144,True,late,3,0,0,0.1531948496478146,0.9905554798236899,0.4913411589903928,0
0,1,144,True,late,4,0,0,0.4107276364080421,0.9417975406929736,0.4913411589903928,0
0,1,145,True,late,1,0,0,0.31048349984092727,0.9604333076600794,0.3509878114185761,0
0,1,145,True,late,2,0,0,0.31048349984092727,0.9604333076600794,0.3509878114185761,0
0,1,145,True,late,3,0,0,0.6788380644884339,0.8186076057663956,0.3509878114185761,0
0,1,145,True,late,4,0,0,0.3028327700263631,0.9624913992718397,0.3509878114185761,0
0,1,146,True,late,1,0,0,0.5984428005137153,0.8627759953963252,0.6280816510215913,0
0,1,146,True,late,2,0,0,0.7935539714369328,0.7623824908324992,0.6280816510215913,0
0,1,146,True,late,3,0,0,0.7935539714369328,0.7623824908324992,0.6280816510215913,0
0,1,146,True,late,4,0,0,0.42849613321564134,0.9335033012899925,0.6280816510215913,0
0,1,147,True,late,1,0,1,0.7497816965810079,0.792298866538624,0.5538178025998608,0
0,1,147,True,late,2,0,0,0.3134013820050135,0.9623271026421278,0.5538178025998608,0
0,1,147,True,late,3,0,0,0.17804483143144442,0.98788393810579,0.5538178025998608,0
0,1,147,True,late,4,0,0,0.17804483143144442,0.98788393810579,0.5538178025998608,0
0,1,148,True,late,1,0,2,0.2609004147731154,0.9739509624796294,0.5535305915284405,0
0,1,148,True,late,2,0,1,0.6520893519557053,0.8430108890060263,0.5535305915284405,0
0,1,148,True,late,3,0,0,0.2768010395546797,0.9712293998074357,0.5535305915284405,0
0,1,148,True,late,4,0,0,0.3043878846727094,0.9639482477783584,0.5535305915284405,0
0,1,149,True,late,1,0,1,0.5895748687310299,0.8816601983073944,0.7430245682045991,0
0,1,149,True,late,2,0,1,0.7042471541534245,0.8295744960898886,0.7430245682045991,0
0,1,149,True,late,3,0,1,0.23453679116995615,0.9827383620249937,0.7430245682045991,0
0,1,149,True,late,4,0,0,0.6090384779034298,0.872636863041517,0.7430245682045991,0
0,1,150,True,late,1,0,0,0.4190551710359419,0.9442833140432798,0.7712275685558454,0
0,1,150,True,late,2,0,0,0.7129554366323043,0.8288996208651925,0.7712275685558454,0
0,1,150,True,late,3,0,0,0.8420911106004783,0.759355666872358,0.7712275685558454,0
0,1,150,True,late,4,0,0,0.40141695311273534,0.9482266923583386,0.7712275685558454,0
0,1,151,True,late,1,0,0,0.41642247945546845,0.9444176846622403,0.7076607137783896,0
0,1,151,True,late,2,0,0,0.23354520585801045,0.9822724389637486,0.7076607137783896,0
0,1,151,True,late,3,0,0,0.6399221750515895,0.8561791117597647,0.7076607137783896,0
0,1,151,True,late,4,0,0,0.6804392567588685,0.8370876633757186,0.7076607137783896,0
0,1,152,True,late,1,0,0,0.09533578671435547,0.997171857042481,0.6576281303459415,0
0,1,152,True,late,2,0,0,0.4297222204481819,0.9403533875931261,0.6576281303459415,0
0,1,152,True,late,3,0,0,0.20461309687573895,0.9867650520342888,0.6576281303459415,0
0,1,152,True,late,4,0,0,0.5940385534123881,0.8720824067175097,0.6576281303459415,0
0,1,153,True,late,1,0,0,0.11877736275147009,0.9957871610473584,0.5605400481746848,0
0,1,153,True,late,2,0,0,0.16626762166657674,0.9923615505274039,0.5605400481746848,0
0,1,153,True,late,3,0,0,0.4514707579695381,0.9342888562582073,0.5605400481746848,0
0,1,153,True,late,4,0,1,0.28809612695157444,0.9744044507347451,0.5605400481746848,0
0,1,154,True,late,1,0,0,0.3330554615025897,0.9628141844479182,0.7097067102486596,0
0,1,154,True,late,2,0,1,0.2914565669436013,0.9713543892470747,0.7097067102486596,0
0,1,154,True,late,3,0,0,0.30825320687696456,0.9683741992186028,0.7097067102486596,0
0,1,154,True,late,4,0,0,0.4395639376498903,0.9380470564863571,0.7097067102486596,0
0,1,155,True,late,1,0,0,0.21884946193404353,0.9839452266807391,0.6746450865748449,0
0,1,155,True,late,2,0,0,0.25146175575662194,0.9784347952827651,0.6746450865748449,0
0,1,155,True,late,3,0,0,0.209924643749917,0.9847692214396664,0.6746450865748449,0
0,1,155,True,late,4,0,0,0.1901705275029923,0.9878830780987861,0.6746450865748449,0
0,1,156,True,late,1,0,0,0.5112939826057322,0.9176129564022365,0.806145751661709,0
0,1,156,True,late,2,0,0,0.7051891124506885,0.8432140548222518,0.806145751661709,0
0,1,156,True,late,3,0,0,0.5123299602274156,0.917346769368647,0.806145751661709,0
0,1,156,True,late,4,0,0,0.4934129378756422,0.9233152278512713,0.806145751661709,0
0,1,157,True,late,1,0,1,0.4807464952849032,0.9273837500042948,0.673083595179689,0
0,1,157,True,late,2,0,0,0.19492343059912062,0.9869353705482293,0.673083595179689,0
0,1,157,True,late,3,0,0,0.2771732167901067,0.9741597641466553,0.673083595179689,0
0,1,157,True,late,4,0,0,0.3218850858401421,0.9637721972868718,0.673083595179689,0
0,1,158,True,late,1,0,2,0.35646662618692293,0.9564289131332357,0.4492563854624978,0
0,1,158,True,late,2,0,1,0.5212375703076352,0.9161050242256707,0.4492563854624978,0
0,1,158,True,late,3,0,0,0.3436190532115571,0.9599334268252608,0.4492563854624978,0
0,1,158,True,late,4,0,0,0.4091557305455163,0.9440170914135791,0.4492563854624978,0
0,1,159,True,late,1,1,7,0.0,1.0000000000000002,0.4492563854624978,0
0,1,159,True,late,2,0,2,0.35646662618692293,0.9564289131332357,0.4492563854624978,0
0,1,159,True,late,3,0,1,0.5212375703076352,0.9161050242256707,0.4492563854624978,0
0,1,159,True,late,4,0,0,0.3436190532115571,0.9599334268252608,0.4492563854624978,0
0,1,160,True,late,1,0,0,0.6363823189891303,0.8381721875215185,0.5405847669917428,0
0,1,160,True,late,2,0,0,0.6363823189891303,0.8381721875215185,0.5405847669917428,0
0,1,160,True,late,3,0,0,0.7741551696640844,0.7830361599517077,0.5405847669917428,0
0,1,160,True,late,4,0,0,0.5803759633666834,0.8921275654503443,0.5405847669917428,0
0,1,161,True,late,1,0,0,0.48104553141595985,0.9135647892321382,0.6101361434793658,0
0,1,161,True,late,2,0,1,0.3214388635078773,0.961971454291032,0.6101361434793658,0
0,1,161,True,late,3,0,1,0.3214388635078773,0.961971454291032,0.6101361434793658,0
0,1,161,True,late,4,0,1,0.4325516758565861,0.9341586479267165,0.6101361434793658,0
0,1,162,True,late,1,0,0,0.7875916325520161,0.777706303408275,0.6457068958357811,0
0,1,162,True,late,2,0,0,1.0477915185836042,0.5953898836240131,0.6457068958357811,0
0,1,162,True,late,3,0,0,0.48819149787906185,0.9120733120556126,0.6457068958357811,0
0,1,162,True,late,4,0,0,0.48819149787906185,0.9120733120556126,0.6457068958357811,0
0,1,163,True,late,1,0,0,1.3289526832555512,0.5153637426979079,1.0709425630290423,0
0,1,163,True,late,2,0,0,0.5949958364405609,0.9220178566475643,1.0709425630290423,0
0,1,163,True,late,3,0,0,0.6484702301752475,0.9061557080894967,1.0709425630290423,0
0,1,163,True,late,4,0,0,0.8986048955345064,0.7910234712643445,1.0709425630290423,0
0,1,164,True,late,1,0,0,0.5087892072462514,0.9478186129418088,0.6397854010656191,0
0,1,164,True,late,2,0,0,0.9781312672121478,0.6614844131129685,0.6397854010656191,0
0,1,164,True,late,3,0,0,0.2413787460443135,0.9791407301994447,0.6397854010656191,0
0,1,164,True,late,4,0,1,0.3047643258886831,0.9665276417648361,0.6397854010656191,0
0,1,165,True,late,1,0,0,0.4422460055031737,0.9310257820311071,0.6523934285835143,0
0,1,165,True,late,2,0,0,0.7166202686030299,0.8742566665861937,0.6523934285835143,0
0,1,165,True,late,3,0,0,0.6558848072877375,0.8486665350954008,0.6523934285835143,0
0,1,165,True,late,4,0,0,0.20253975130449045,0.9855172611755006,0.6523934285835143,0
0,1,166,True,late,1,0,1,0.7627610963735784,0.7823918892443263,0.46790356710933717,0
0,1,166,True,late,2,0,0,0.9527450374487242,0.6563539220359476,0.46790356710933717,0
0,1,166,True,late,3,0,0,1.3902771329036363,0.4429071844342947,0.46790356710933717,0
0,1,166,True,late,4,0,0,0.39071607067469605,0.9447533434968758,0.46790356710933717,0
0,1,167,True,late,1,0,0,0.8914772208064775,0.7135667183506257,0.717962239285163,0
0,1,167,True,late,2,0,0,0.1505132268009625,0.9927607326803121,0.717962239285163,0
0,1,167,True,late,3,0,0,0.35932943794666516,0.956484201425688,0.717962239285163,0
0,1,167,True,late,4,0,0,0.5730045412301388,0.9241898809600957,0.717962239285163,0
0,1,168,True,late,1,0,0,0.2536233986744502,0.9805001366555086,0.8040914086696991,0
0,1,168,True,late,2,0,0,1.064072394849447,0.611717852858787,0.8040914086696991,0
0,1,168,True,late,3,0,0,0.3851873486784253,0.9541763472053174,0.8040914086696991,0
0,1,168,True,late,4,0,0,0.373384110822316,0.9572670385072192,0.8040914086696991,0
0,1,169,True,late,1,0,0,0.5342375542554496,0.9097406958146844,0.5208394463642713,0
0,1,169,True,late,2,0,0,0.3357847530170012,0.9632454119783125,0.5208394463642713,0
0,1,169,True,late,3,0,0,0.5724399326067415,0.8686014506435715,0.5208394463642713,0
0,1,169,True,late,4,0,0,0.2080897221067652,0.9855593004770342,0.5208394463642713,0
0,1,170,True,late,1,0,0,0.17556272523724914,0.9900008464721642,0.6461110211531984,0
0,1,170,True,late,2,0,0,0.4143351245024451,0.9466210979103065,0.6461110211531984,0
0,1,170,True,late,3,0,1,0.18758161436198512,0.9885549449741158,0.6461110211531984,0
0,1,170,True,late,4,0,0,0.7351452702830124,0.7972719950321521,0.6461110211531984,0
0,1,171,True,late,1,0,0,0.28363328944311655,0.9747348114802875,0.7651052175241081,0
0,1,171,True,late,2,0,1,0.4188449903432938,0.9443148131724998,0.7651052175241081,0
0,1,171,True,late,3,0,0,0.1806594530058007,0.9900788884022927,0.7651052175241081,0
0,1,171,True,late,4,0,0,0.10259339970827065,0.9968590711810773,0.7651052175241081,0
0,1,172,True,late,1,0,2,0.02122030972322698,0.999887732531853,0.7807572768159007,0
0,1,172,True,late,2,0,0,0.2840825325348169,0.9753057362473443,0.7807572768159007,0
0,1,172,True,late,3,0,1,0.42376750926747586,0.944197847219157,0.7807572768159007,0
0,1,172,True,late,4,0,0,0.19388579044242615,0.988518907423208,0.7807572768159007,0
0,1,173,True,late,1,0,1,0.3616365929756084,0.9659243380367699,0.946597318258587,0
0,1,173,True,late,2,0,1,0.3541110527113203,0.967842868960509,0.946597318258587,0
0,1,173,True,late,3,0,0,0.6248693939689813,0.8915086696956106,0.946597318258587,0
0,1,173,True,late,4,0,1,0.7412953228306178,0.8430681509845326,0.946597318258587,0
0,1,174,True,late,1,0,0,0.32587112637792365,0.9727785954497006,0.7883415155108365,0
0,1,174,True,late,2,0,0,0.06537260674161903,0.998684120542957,0.7883415155108365,0
0,1,174,True,late,3,0,0,0.06518282625278918,0.9987383637512501,0.7883415155108365,0
0,1,174,True,late,4,0,1,0.32455964656388203,0.9675198554003058,0.7883415155108365,0
0,1,175,True,late,1,0,0,0.20864168107773642,0.9873040461323128,0.674154400631566,0
0,1,175,True,late,2,0,0,0.5177190289014337,0.9280978583217043,0.674154400631566,0
0,1,175,True,late,3,0,0,0.17659205517613324,0.9910929365786354,0.674154400631566,0
0,1,175,True,late,4,0,0,0.1758684495304883,0.9907443160128955,0.674154400631566,0
0,1,176,True,late,1,0,4,0.0016764706256342798,0.9999990338311101,0.6741511406657641,0
0,1,176,True,late,2,0,0,0.20854062620162206,0.9873178328482547,0.6741511406657641,0
0,1,176,True,late,3,0,0,0.5178194505575398,0.9280666271076895,0.6741511406657641,0
0,1,176,True,late,4,0,0,0.17658409723860152,0.991093916205452,0.6741511406657641,0
0,1,177,True,late,1,1,7,0.0,1.0000000000000002,0.6741511406657641,0
0,1,177,True,late,2,0,4,0.0016764706256342798,0.9999990338311101,0.6741511406657641,0
0,1,177,True,late,3,0,0,0.20854062620162206,0.9873178328482547,0.6741511406657641,0
0,1,177,True,late,4,0,0,0.5178194505575398,0.9280666271076895,0.6741511406657641,0
0,1,178,True,late,1,0,0,0.5605463467791904,0.9127040731205499,0.9332999548898151,0
0,1,178,True,late,2,0,0,0.5605463467791904,0.9127040731205499,0.9332999548898151,0
0,1,178,True,late,3,0,0,0.5605338117533172,0.91270828551212,0.9332999548898151,0
0,1,178,True,late,4,0,0,0.4474736045897126,0.945084284323004,0.9332999548898151,0
0,1,179,True,late,1,0,0,0.3753630146755836,0.9616800901673462,0.8786814249961238,0
0,1,179,True,late,2,0,1,0.42646159115830573,0.9482386253063664,0.8786814249961238,0
0,1,179,True,late,3,0,1,0.42646159115830573,0.9482386253063664,0.8786814249961238,0
0,1,179,True,late,4,0,1,0.42646488634708546,0.9482376861166965,0.8786814249961238,0
0,1,180,True,late,1,0,1,0.2211932856028569,0.9863593418440658,0.8035508222400353,0
0,1,180,True,late,2,0,0,0.43790948827245885,0.94741812913239,0.8035508222400353,0
0,1,180,True,late,3,0,1,0.28116543398399246,0.9763590603545382,0.8035508222400353,0
0,1,180,True,late,4,0,1,0.28116543398399246,0.9763590603545382,0.8035508222400353,0
0,1,181,True,late,1,0,0,0.15979684597306731,0.9937750352470838,0.6694128137824537,0
0,1,181,True,late,2,0,0,0.30062571323861376,0.9768909753533073,0.6694128137824537,0
0,1,181,True,late,3,0,0,0.4765770243211854,0.9392274511788852,0.6694128137824537,0
0,1,181,True,late,4,0,0,0.2979248640138628,0.9694230475633779,0.6694128137824537,0
0,1,182,True,late,1,0,1,0.5889373364980124,0.8723443589694957,0.21483221346712097,0
0,1,182,True,late,2,0,0,0.6958679752555617,0.8412423825366654,0.21483221346712097,0
0,1,182,True,late,3,0,0,0.7490007032651101,0.8289089151673625,0.21483221346712097,0
0,1,182,True,late,4,0,0,0.8139610374813019,0.8057729513521168,0.21483221346712097,0
0,1,183,True,late,1,0,0,0.6228686833762911,0.8564847062210893,0.6750721274360275,0
0,1,183,True,late,2,0,0,0.14966272801602762,0.9922898396616794,0.6750721274360275,0
0,1,183,True,late,3,0,1,0.27241631811522976,0.9779082677673234,0.6750721274360275,0
0,1,183,True,late,4,0,1,0.3382142230634741,0.9692278562790897,0.6750721274360275,0
0,1,184,True,late,1,0,2,0.09270049435952307,0.9974386446064472,0.7286210554233233,0
0,1,184,True,late,2,0,0,0.6570632613294635,0.8475992438449822,0.7286210554233233,0
0,1,184,True,late,3,0,0,0.10237061486416923,0.9968670309551616,0.7286210554233233,0
0,1,184,True,late,4,0,1,0.18435427972369983,0.9899476601070426,0.7286210554233233,0
0,1,185,True,late,1,1,7,0.0,1.0,0.7286210554233233,0
0,1,185,True,late,2,0,2,0.09270049435952307,0.9974386446064472,0.7286210554233233,0
0,1,185,True,late,3,0,0,0.6570632613294635,0.8475992438449822,0.7286210554233233,0
0,1,185,True,late,4,0,0,0.10237061486416923,0.9968670309551616,0.7286210554233233,0
0,1,186,True,late,1,0,1,0.19186537757128547,0.9886798077719199,0.7857097780938862,0
0,1,186,True,late,2,0,1,0.19186537757128547,0.9886798077719199,0.7857097780938862,0
0,1,186,True,late,3,0,1,0.15645946064779337,0.9934089248695639,0.7857097780938862,0
0,1,186,True,late,4,0,0,0.7503758329289527,0.8073832888428333,0.7857097780938862,0
0,1,187,True,late,1,0,0,0.1576227036000804,0.9923706403169933,0.7960882827501776,0
0,1,187,True,late,2,0,0,0.08210329464408044,0.9983975106946055,0.7960882827501776,0
0,1,187,True,late,3,0,0,0.08210329464408044,0.9983975106946055,0.7960882827501776,0
0,1,187,True,late,4,0,0,0.13028427398913958,0.9961612492579232,0.7960882827501776,0
0,2,1,False,early,1,0,0,0.40085636819410814,0.9489026744510806,0.7657568689958039,0
0,2,2,False,early,1,0,0,0.2791740287899496,0.9755123663895027,0.7718903272276643,0
0,2,2,False,early,2,0,0,0.2665676782584619,0.9803933131828236,0.7718903272276643,0
0,2,3,False,early,1,0,3,0.10108063018329481,0.9967945602504744,0.7681460881647649,0
0,2,3,False,early,2,0,0,0.24031235865760223,0.9818198676739662,0.7681460881647649,0
0,2,3,False,early,3,0,0,0.2842908905511229,0.9767826906146432,0.7681460881647649,0
0,2,4,False,early,1,0,0,0.0819634679535056,0.9979561816590031,0.7389312738772809,0
0,2,4,False,early,2,0,0,0.06753457647245405,0.9986737642828754,0.7389312738772809,0
0,2,4,False,early,3,0,0,0.29600279651809547,0.972109325688255,0.7389312738772809,0
0,2,4,False,early,4,0,0,0.22871644327492874,0.9851346955775159,0.7389312738772809,0
0,2,5,False,early,1,0,0,0.11008728347182911,0.9969171227530321,0.6423827787839392,0
0,2,5,False,early,2,0,0,0.15811488140651805,0.993409165628298,0.6423827787839392,0
0,2,5,False,early,3,0,0,0.1310171931305463,0.996142094338516,0.6423827787839392,0
0,2,5,False,early,4,0,0,0.2854879650857683,0.9744598447766584,0.6423827787839392,0
0,2,6,False,early,1,0,0,0.09165894778584928,0.9970383499054342,0.6230909559129807,0
0,2,6,False,early,2,0,0,0.14694009819733075,0.9940797487773168,0.6230909559129807,0
0,2,6,False,early,3,0,0,0.21347060575903262,0.9869677102933041,0.6230909559129807,0
0,2,6,False,early,4,0,0,0.18004344235557385,0.9915388233877614,0.6230909559129807,0
0,2,7,False,early,1,0,0,0.13213082196553866,0.993709727400697,0.5954411600172456,0
0,2,7,False,early,2,0,0,0.09149178084842624,0.9971948799961972,0.5954411600172456,0
0,2,7,False,early,3,0,0,0.19090765813233268,0.989593374638282,0.5954411600172456,0
0,2,7,False,early,4,0,0,0.22398794093763752,0.9861206004092739,0.5954411600172456,0
0,2,8,False,early,1,0,0,0.04511974689953063,0.9992488593704063,0.5962354967792797,0
0,2,8,False,early,2,0,0,0.11716941548204349,0.9950672331263564,0.5962354967792797,0
0,2,8,False,early,3,0,0,0.09277386087264579,0.997103300172637,0.5962354967792797,0
0,2,8,False,early,4,0,0,0.1945538397559028,0.9890892893966742,0.5962354967792797,0
0,2,9,False,early,1,1,7,0.0,1.0,0.5962354967792797,0
0,2,9,False,early,2,0,0,0.04511974689953063,0.9992488593704063,0.5962354967792797,0
0,2,9,False,early,3,0,0,0.11716941548204349,0.9950672331263564,0.5962354967792797,0
0,2,9,False,early,4,0,0,0.09277386087264579,0.997103300172637,0.5962354967792797,0
0,2,10,False,early,1,0,0,0.14812174908274114,0.9924816026906745,0.4933539228950826,0
0,2,10,False,early,2,0,0,0.14812174908274114,0.9924816026906745,0.4933539228950826,0
0,2,10,False,early,3,0,0,0.16430160314659037,0.9905160959356077,0.4933539228950826,0
0,2,10,False,early,4,0,0,0.19035330055750588,0.9877284798624245,0.4933539228950826,0
0,2,11,False,early,1,0,0,0.07875056407065256,0.9975040302477197,0.4905799854917218,0
0,2,11,False,early,2,0,0,0.1279012197745654,0.9946722963603318,0.4905799854917218,0
0,2,11,False,early,3,0,0,0.1279012197745654,0.9946722963603318,0.4905799854917218,0
0,2,11,False,early,4,0,0,0.12634971214919946,0.9948068359418057,0.4905799854917218,0
0,2,12,False,early,1,1,7,0.0,1.0,0.4905799854917218,0
0,2,12,False,early,2,0,0,0.07875056407065256,0.9975040302477197,0.4905799854917218,0
0,2,12,False,early,3,0,0,0.1279012197745654,0.9946722963603318,0.4905799854917218,0
0,2,12,False,early,4,0,0,0.1279012197745654,0.9946722963603318,0.4905799854917218,0
0,2,13,False,early,1,0,0,0.11892068135250482,0.9943452769397909,0.4468230883797791,0
0,2,13,False,early,2,0,0,0.11892068135250482,0.9943452769397909,0.4468230883797791,0
0,2,13,False,early,3,0,0,0.12466423169879869,0.9937979621885725,0.4468230883797791,0
0,2,13,False,early,4,0,0,0.21048222160331037,0.9844942999048344,0.4468230883797791,0
0,2,14,False,early,1,0,0,0.13083275721327767,0.9930688705103312,0.4841561877392986,0
0,2,14,False,early,2,0,0,0.12959619488956006,0.9932174577224028,0.4841561877392986,0
0,2,14,False,early,3,0,0,0.12959619488956006,0.9932174577224028,0.4841561877392986,0
0,2,14,False,early,4,0,0,0.08311653516877976,0.997218469215711,0.4841561877392986,0
0,2,15,False,early,1,0,0,0.04262528098789624,0.9992824816407762,0.46647741339902743,0
0,2,15,False,early,2,0,0,0.11890040853513921,0.9941789084425156,0.46647741339902743,0
0,2,15,False,early,3,0,0,0.1223383139087222,0.9939554700680345,0.46647741339902743,0
0,2,15,False,early,4,0,0,0.1223383139087222,0.9939554700680345,0.46647741339902743,0
0,2,16,False,early,1,0,0,0.23113842325318598,0.9822582672527566,0.6392209145737913,0
0,2,16,False,early,2,0,0,0.23519232092475462,0.9812044975582253,0.6392209145737913,0
0,2,16,False,early,3,0,0,0.3193585958079375,0.9639956605644141,0.6392209145737913,0
0,2,16,False,early,4,0,0,0.2880754256619583,0.9706274088975252,0.6392209145737913,0
0,2,17,False,early,1,0,1,0.1936956271248019,0.986594586560792,0.6135889537371423,0
0,2,17,False,early,2,0,0,0.23465151948740992,0.9806155330902406,0.6135889537371423,0
0,2,17,False,early,3,0,0,0.25392464561503425,0.9767517900251812,0.6135889537371423,0
0,2,17,False,early,4,0,0,0.27250905430052813,0.9734697941902971,0.6135889537371423,0
0,2,18,False,early,1,0,0,0.33630976200786633,0.9585237527695538,0.4303720067427873,0
0,2,18,False,early,2,0,0,0.32363112473283984,0.9631991819445869,0.4303720067427873,0
0,2,18,False,early,3,0,0,0.1798629145551358,0.9866259765196511,0.4303720067427873,0
0,2,18,False,early,4,0,0,0.193694566270669,0.9846979587837459,0.4303720067427873,0
0,2,19,False,early,1,0,0,0.11703899192191992,0.9942060592153832,0.40908710324395003,0
0,2,19,False,early,2,0,0,0.3482651734051029,0.9555555515521467,0.40908710324395003,0
0,2,19,False,early,3,0,0,0.3673333088247601,0.9518014218773736,0.40908710324395003,0
0,2,19,False,early,4,0,0,0.19655458471928836,0.9840194970216842,0.40908710324395003,0
0,2,20,False,early,1,0,0,0.08823701509434784,0.9966779832541133,0.41680888413524797,0
0,2,20,False,early,2,0,0,0.14934818501426816,0.9905563227837113,0.41680888413524797,0
0,2,20,False,early,3,0,0,0.42509704980696544,0.9320912084424253,0.41680888413524797,0
0,2,20,False,early,4,0,0,0.43718574416514056,0.9298391034339573,0.41680888413524797,0
0,2,21,False,early,1,0,0,0.020492140362288937,0.9998211425523288,0.41714650263137437,0
0,2,21,False,early,2,0,0,0.10305881166704321,0.9954677295720611,0.41714650263137437,0
0,2,21,False,early,3,0,0,0.16247471966706514,0.9888219076428237,0.41714650263137437,0
0,2,21,False,early,4,0,0,0.44097898299399346,0.9266800594731399,0.41714650263137437,0
0,2,22,False,early,1,0,0,0.448648815721914,0.9250332627759248,0.6278944566491154,0
0,2,22,False,early,2,0,0,0.43240976797108766,0.9306263328883158,0.6278944566491154,0
0,2,22,False,early,3,0,0,0.35796379177352367,0.9537261817064271,0.6278944566491154,0
0,2,22,False,early,4,0,0,0.3416880445274048,0.9578888805943567,0.6278944566491154,0
0,2,23,False,early,1,0,4,0.001676470625634252,0.9999990022555415,0.6275755925618861,0
0,2,23,False,early,2,0,0,0.4482006812368697,0.9251667108941899,0.6275755925618861,0
0,2,23,False,early,3,0,0,0.4319447861119844,0.930760584208685,0.6275755925618861,0
0,2,23,False,early,4,0,0,0.3574019684240655,0.9538637517020461,0.6275755925618861,0
0,2,24,False,early,1,0,0,0.13150540844024225,0.9937878555408647,0.6031550516342167,0
0,2,24,False,early,2,0,0,0.1310236525589837,0.9938361907344024,0.6031550516342167,0
0,2,24,False,early,3,0,0,0.4804835726368159,0.9115825290266664,0.6031550516342167,0
0,2,24,False,early,4,0,0,0.46730206668536933,0.9165178535689943,0.6031550516342167,0
0,2,25,False,early,1,0,0,0.13263323438549957,0.9935364554163971,0.5798478661996689,0
0,2,25,False,early,2,0,0,0.05867615811161846,0.9989614782992212,0.5798478661996689,0
0,2,25,False,early,3,0,0,0.05846021336697393,0.9989739672397517,0.5798478661996689,0
0,2,25,False,early,4,0,0,0.3984678300679919,0.938710282533223,0.5798478661996689,0
0,2,26,False,early,1,1,7,0.0,1.0,0.5798478661996689,0
0,2,26,False,early,2,0,0,0.13263323438549957,0.9935364554163971,0.5798478661996689,0
0,2,26,False,early,3,0,0,0.05867615811161846,0.9989614782992212,0.5798478661996689,0
0,2,26,False,early,4,0,0,0.05846021336697393,0.9989739672397517,0.5798478661996689,0
0,2,27,False,early,1,0,0,0.4663795948861475,0.9152774188612186,0.4188662893565087,0
0,2,27,False,early,2,0,0,0.4663795948861475,0.9152774188612186,0.4188662893565087,0
0,2,27,False,early,3,0,0,0.5499946941893333,0.8833056562032394,0.4188662893565087,0
0,2,27,False,early,4,0,0,0.5173789261169071,0.8990697387237501,0.4188662893565087,0
0,2,28,False,early,1,0,2,0.044117647058823484,0.9992229459439252,0.4444184873390195,0
0,2,28,False,early,2,0,0,0.4739689913136292,0.9127064930604561,0.4444184873390195,0
0,2,28,False,early,3,0,0,0.4739689913136292,0.9127064930604561,0.4444184873390195,0
0,2,28,False,early,4,0,0,0.5656955582948133,0.8769092054234325,0.4444184873390195,0
0,2,29,False,early,1,0,0,0.05153692556646013,0.9989165225547315,0.4215339985886406,0
0,2,29,False,early,2,0,0,0.036857520835937574,0.9994231496952517,0.4215339985886406,0
0,2,29,False,early,3,0,0,0.5011396550064835,0.9018947671542412,0.4215339985886406,0
0,2,29,False,early,4,0,0,0.5011396550064835,0.9018947671542412,0.4215339985886406,0
0,2,30,False,early,1,0,0,0.04834144446333385,0.9990693195767648,0.44925421585098,0
0,2,30,False,early,2,0,0,0.07872837361071536,0.9974183390630721,0.44925421585098,0
0,2,30,False,early,3,0,0,0.08274627326184554,0.9971812371515673,0.44925421585098,0
0,2,30,False,early,4,0,0,0.5446104123074349,0.8843792838264992,0.44925421585098,0
0,2,31,False,early,1,0,0,0.08500851726475132,0.9969891150282253,0.4400202481765414,0
0,2,31,False,early,2,0,0,0.05249472901167999,0.9988604308187686,0.4400202481765414,0
0,2,31,False,early,3,0,0,0.010432167679562317,0.9999558090622712,0.4400202481765414,0
0,2,31,False,early,4,0,0,0.037502106303056816,0.9994357373182821,0.4400202481765414,0
0,2,32,False,early,1,0,0,0.09854412371252827,0.9959260987391315,0.4347078299737573,0
0,2,32,False,early,2,0,0,0.023539501016019905,0.9997826932503827,0.4347078299737573,0
0,2,32,False,early,3,0,0,0.05355780852992659,0.998799325857024,0.4347078299737573,0
0,2,32,False,early,4,0,0,0.09342581205333904,0.9963489433039876,0.4347078299737573,0
0,2,33,False,early,1,0,0,0.09854412371252827,0.9959260987391315,0.4400202481765414,0
0,2,33,False,early,2,1,7,0.0,1.0,0.4400202481765414,0
0,2,33,False,early,3,0,0,0.08500851726475132,0.9969891150282253,0.4400202481765414,0
0,2,33,False,early,4,0,0,0.05249472901167999,0.9988604308187686,0.4400202481765414,0
0,2,34,False,early,1,1,7,0.0,1.0,0.4400202481765414,0
0,2,34,False,early,2,0,0,0.09854412371252827,0.9959260987391315,0.4400202481765414,0
0,2,34,False,early,3,1,7,0.0,1.0,0.4400202481765414,0
0,2,34,False,early,4,0,0,0.08500851726475132,0.9969891150282253,0.4400202481765414,0
0,2,35,False,early,1,1,7,0.0,1.0,0.4400202481765414,0
0,2,35,False,early,2,1,7,0.0,1.0,0.4400202481765414,0
0,2,35,False,early,3,0,0,0.09854412371252827,0.9959260987391315,0.4400202481765414,0
0,2,35,False,early,4,1,7,0.0,1.0,0.4400202481765414,0
0,2,36,False,early,1,0,0,0.023235553618562565,0.9997795261334943,0.430164153177274,0
0,2,36,False,early,2,0,0,0.023235553618562565,0.9997795261334943,0.430164153177274,0
0,2,36,False,early,3,0,0,0.023235553618562565,0.9997795261334943,0.430164153177274,0
0,2,36,False,early,4,0,0,0.07734956203562958,0.9974811794200273,0.430164153177274,0
0,2,37,False,early,1,0,0,0.08478199863955153,0.9969737044928771,0.4347771579860636,0
0,2,37,False,early,2,0,0,0.10603782474530608,0.9952827183383673,0.4347771579860636,0
0,2,37,False,early,3,0,0,0.10603782474530608,0.9952827183383673,0.4347771579860636,0
0,2,37,False,early,4,0,0,0.10603782474530608,0.9952827183383673,0.4347771579860636,0
0,2,38,False,early,1,0,0,0.09987993797101692,0.9958117676466022,0.4385611544172224,0
0,2,38,False,early,2,0,0,0.016920026549526578,0.9998842854397005,0.4385611544172224,0
0,2,38,False,early,3,0,0,0.007121848826314836,0.9999788862803732,0.4385611544172224,0
0,2,38,False,early,4,0,0,0.007121848826314836,0.9999788862803732,0.4385611544172224,0
0,2,39,False,early,1,0,0,0.16119492723063952,0.989057468064734,0.4227037422896073,0
0,2,39,False,early,2,0,2,0.10093221788962761,0.9957069160491583,0.4227037422896073,0
0,2,39,False,early,3,0,0,0.1481129451836991,0.9907226898885568,0.4227037422896073,0
0,2,39,False,early,4,0,0,0.16508126130034637,0.9885320723440161,0.4227037422896073,0
0,2,40,False,early,1,0,0,0.12216039189287857,0.9936641707032202,0.42015230225640254,0
0,2,40,False,early,2,0,0,0.04256753216692007,0.9992573281240719,0.42015230225640254,0
0,2,40,False,early,3,0,0,0.0692663455546315,0.9979857405174744,0.42015230225640254,0
0,2,40,False,early,4,0,0,0.02771867750407481,0.9996811504784777,0.42015230225640254,0
0,2,41,False,early,1,0,2,0.062546815265939,0.9983721423708263,0.3909515758937223,0
0,2,41,False,early,2,0,0,0.0903632298719051,0.9965589585611752,0.3909515758937223,0
0,2,41,False,early,3,0,0,0.09807081146641053,0.9960401108678839,0.3909515758937223,0
0,2,41,False,early,4,0,0,0.09616792428218911,0.9961698523879979,0.3909515758937223,0
0,2,42,False,early,1,0,0,0.0970528693859003,0.9959505008987558,0.4063878532326625,0
0,2,42,False,early,2,0,0,0.11931254080537729,0.9939325531731192,0.4063878532326625,0
0,2,42,False,early,3,0,2,0.04447860798311198,0.9991725754611624,0.4063878532326625,0
0,2,42,False,early,4,0,0,0.15592246764744971,0.989753207726795,0.4063878532326625,0
0,2,43,False,early,1,0,1,0.05642391081763748,0.9986528384257554,0.3838778877119653,0
0,2,43,False,early,2,0,0,0.10819389232493769,0.9949137490974288,0.3838778877119653,0
0,2,43,False,early,3,0,0,0.14596448072764126,0.9909099553558716,0.3838778877119653,0
0,2,43,False,early,4,0,1,0.06531123129981309,0.9982566492304312,0.3838778877119653,0
0,2,44,False,early,1,0,0,0.4437625202756871,0.9194195614470891,0.5139775257908059,0
0,2,44,False,early,2,0,0,0.46660863163049054,0.9111340944477221,0.5139775257908059,0
0,2,44,False,early,3,0,0,0.4142112102652135,0.9300024660786869,0.5139775257908059,0
0,2,44,False,early,4,0,0,0.45586179116053527,0.9154468638378194,0.5139775257908059,0
0,2,45,False,early,1,0,0,0.3356878241830557,0.9544265747576326,0.3628958909016019,0
0,2,45,False,early,2,0,0,0.14293935739383545,0.9910584551790468,0.3628958909016019,0
0,2,45,False,early,3,0,0,0.1519503237339675,0.9900526019230543,0.3628958909016019,0
0,2,45,False,early,4,0,0,0.0862411942125663,0.9967871135792236,0.3628958909016019,0
0,2,46,False,early,1,0,0,0.5340093832740148,0.8948445520361072,0.6564706210615217,0
0,2,46,False,early,2,0,0,0.2157988919075255,0.9846080241685796,0.6564706210615217,0
0,2,46,False,early,3,0,0,0.6475563141402678,0.8424747911742851,0.6564706210615217,0
0,2,46,False,early,4,0,0,0.6703996216131037,0.8312491260673485,0.6564706210615217,0
0,2,47,False,early,1,0,0,0.13828216962719933,0.9941409635166482,0.547763322801646,0
0,2,47,False,early,2,0,0,0.40655371175140564,0.9342713461881627,0.547763322801646,0
0,2,47,False,early,3,0,0,0.12795950482983443,0.9937118093005202,0.547763322801646,0
0,2,47,False,early,4,0,0,0.5205256601935923,0.8910278306635959,0.547763322801646,0
0,2,48,False,early,1,1,7,0.0,0.9999999999999998,0.547763322801646,0
0,2,48,False,early,2,0,0,0.13828216962719933,0.9941409635166482,0.547763322801646,0
0,2,48,False,early,3,0,0,0.40655371175140564,0.9342713461881627,0.547763322801646,0
0,2,48,False,early,4,0,0,0.12795950482983443,0.9937118093005202,0.547763322801646,0
0,2,49,False,early,1,0,0,0.14435830717864095,0.9929795300923916,0.6332934565118469,0
0,2,49,False,early,2,0,0,0.14435830717864095,0.9929795300923916,0.6332934565118469,0
0,2,49,False,early,3,0,0,0.06514775256480039,0.9985569683990068,0.6332934565118469,0
0,2,49,False,early,4,0,0,0.5373457899464334,0.8910511160780725,0.6332934565118469,0
0,2,50,False,early,1,0,0,0.14435830717864095,0.9929795300923916,0.547763322801646,0
0,2,50,False,early,2,1,7,0.0,0.9999999999999998,0.547763322801646,0
0,2,50,False,early,3,1,7,0.0,0.9999999999999998,0.547763322801646,0
0,2,50,False,early,4,0,0,0.13828216962719933,0.9941409635166482,0.547763322801646,0
0,2,51,False,early,1,0,0,0.09026386681254424,0.9970259645360983,0.582832161891147,0
0,2,51,False,early,2,0,0,0.07549500433782098,0.9981707077999376,0.582832161891147,0
0,2,51,False,early,3,0,0,0.09026386681254424,0.9970259645360983,0.582832161891147,0
0,2,51,False,early,4,0,0,0.09026386681254424,0.9970259645360983,0.582832161891147,0
0,2,52,False,early,1,0,0,0.09026386681254424,0.9970259645360983,0.547763322801646,0
0,2,52,False,early,2,1,7,0.0,0.9999999999999998,0.547763322801646,0
0,2,52,False,early,3,0,0,0.14435830717864095,0.9929795300923916,0.547763322801646,0
0,2,52,False,early,4,1,7,0.0,0.9999999999999998,0.547763322801646,0
0,2,53,False,early,1,0,2,0.19185246611157938,0.986687916805188,0.6155422126608688,0
0,2,53,False,early,2,0,0,0.20746606607670404,0.9842697618662696,0.6155422126608688,0
0,2,53,False,early,3,0,2,0.19185246611157938,0.986687916805188,0.6155422126608688,0
0,2,53,False,early,4,0,0,0.25362818112891256,0.9768913682531268,0.6155422126608688,0
0,2,54,False,early,1,0,1,0.30406551707707635,0.96589331698635,0.5331000130574446,0
0,2,54,False,early,2,0,1,0.15086831223045896,0.9912109281097473,0.5331000130574446,0
0,2,54,False,early,3,0,0,0.1910243166622542,0.9863136954529337,0.5331000130574446,0
0,2,54,False,early,4,0,1,0.15086831223045896,0.9912109281097473,0.5331000130574446,0
0,2,55,False,early,1,0,0,0.2006970295377746,0.9844935687973848,0.5540873113988323,0
0,2,55,False,early,2,0,0,0.2460870276432215,0.9778033113541083,0.5540873113988323,0
0,2,55,False,early,3,0,0,0.1197424403748562,0.9945037684749841,0.5540873113988323,0
0,2,55,False,early,4,0,0,0.05400197214355938,0.9989743295567682,0.5540873113988323,0
0,2,56,False,early,1,0,0,0.1132012213464381,0.9951017980807713,0.5558787563865232,0
0,2,56,False,early,2,0,0,0.13353786389973382,0.9931688453920777,0.5558787563865232,0
0,2,56,False,early,3,0,0,0.268542246913073,0.9734996150649987,0.5558787563865232,0
0,2,56,False,early,4,0,0,0.0849747271889079,0.9972383109585883,0.5558787563865232,0
0,2,57,False,early,1,0,2,0.0448196451066162,0.9992635614096413,0.5725376321406653,0
0,2,57,False,early,2,0,0,0.09227492434639575,0.9967994196083872,0.5725376321406653,0
0,2,57,False,early,3,0,0,0.15236442136509348,0.9912503186013774,0.5725376321406653,0
0,2,57,False,early,4,0,0,0.25133868404767634,0.9768351753033432,0.5725376321406653,0
0,2,58,False,early,1,0,1,0.08710997777037287,0.9971636056529805,0.5823101751170122,0
0,2,58,False,early,2,0,1,0.1090321194802113,0.9955749677743168,0.5823101751170122,0
0,2,58,False,early,3,0,0,0.03793113079574593,0.999529690090761,0.5823101751170122,0
0,2,58,False,early,4,0,0,0.21003250251009795,0.9833990817828095,0.5823101751170122,0
0,2,59,False,early,1,0,0,0.20397815699257946,0.9843903676808095,0.5214853781398577,0
0,2,59,False,early,2,0,0,0.21263101312703694,0.9828359338554009,0.5214853781398577,0
0,2,59,False,early,3,0,0,0.21537151162288215,0.9821291887602502,0.5214853781398577,0
0,2,59,False,early,4,0,0,0.17510491685045282,0.9882021650226086,0.5214853781398577,0
0,2,60,False,early,1,0,2,0.21671136150570489,0.9813775689835044,0.48729433636591624,0
0,2,60,False,early,2,0,0,0.29770435321768024,0.9663540270457975,0.48729433636591624,0
0,2,60,False,early,3,0,0,0.25261284180575944,0.9757293104399611,0.48729433636591624,0
0,2,60,False,early,4,0,0,0.23207914373283114,0.9792353324608303,0.48729433636591624,0
0,2,61,False,early,1,0,0,0.26719941773168465,0.9709542954879095,0.34106428478883677,0
0,2,61,False,early,2,0,0,0.3199702723336117,0.9591702375000897,0.34106428478883677,0
0,2,61,False,early,3,0,0,0.46563251217253837,0.9154748225153699,0.34106428478883677,0
0,2,61,False,early,4,0,0,0.4330523320152099,0.9267468481674125,0.34106428478883677,0
0,2,62,False,early,1,0,0,0.4106221298963306,0.9259675437795296,0.3958654663955073,0
0,2,62,False,early,2,0,0,0.5034915499617756,0.8946249672643403,0.3958654663955073,0
0,2,62,False,early,3,0,0,0.47305664478077125,0.9088811657004175,0.3958654663955073,0
0,2,62,False,early,4,0,0,0.4903728914994603,0.9060740135208095,0.3958654663955073,0
0,2,63,False,early,1,0,1,0.4369915850212926,0.9155518469450526,0.3091687763607253,0
0,2,63,False,early,2,0,0,0.07816279561668839,0.9972817816134323,0.3091687763607253,0
0,2,63,False,early,3,0,0,0.33048307520529996,0.954953197447176,0.3091687763607253,0
0,2,63,False,early,4,0,0,0.3846012368613821,0.940134284468232,0.3091687763607253,0
0,2,64,False,early,1,0,1,0.4067814662227717,0.9259040235710077,0.36547305809551484,0
0,2,64,False,early,2,0,3,0.09366331887242058,0.9962203884471675,0.36547305809551484,0
0,2,64,False,early,3,0,0,0.3836818060255314,0.9345969795573417,0.36547305809551484,0
0,2,64,False,early,4,0,0,0.4897514813525539,0.8997025249643575,0.36547305809551484,0
0,2,65,False,early,1,0,0,0.38152195463856964,0.9398000453443502,0.49413981881430796,0
0,2,65,False,early,2,0,0,0.3531363540283515,0.9486164903482471,0.49413981881430796,0
0,2,65,False,early,3,0,0,0.42474610155815434,0.9254714731346557,0.49413981881430796,0
0,2,65,False,early,4,0,0,0.3677469655144724,0.9440937248128727,0.49413981881430796,0
0,2,66,False,early,1,0,0,1.0650196790319428,0.6160865327163536,0.8135630844703552,0
0,2,66,False,early,2,0,0,0.7802001603593836,0.7966050081355217,0.8135630844703552,0
0,2,66,False,early,3,0,0,1.0565503271105239,0.6081356047971752,0.8135630844703552,0
0,2,66,False,early,4,0,0,0.7938035159553153,0.789219948353431,0.8135630844703552,0
0,2,67,False,early,1,0,0,1.1529672647644063,0.5516127873546476,0.5201411686710521,0
0,2,67,False,early,2,0,1,0.11797299600441098,0.9945202300662047,0.5201411686710521,0
0,2,67,False,early,3,0,0,0.455094645609557,0.915338395310171,0.5201411686710521,0
0,2,67,False,early,4,0,0,0.31919267267430546,0.9595676375352722,0.5201411686710521,0
0,2,68,False,early,1,0,0,0.3325252240476746,0.955660824197597,0.3429872921254932,0
0,2,68,False,early,2,0,0,0.9753120378708763,0.6707550884912298,0.3429872921254932,0
0,2,68,False,early,3,0,0,0.3398460177967297,0.9524668021984453,0.3429872921254932,0
0,2,68,False,early,4,0,0,0.43683680666042385,0.9152568011989833,0.3429872921254932,0
0,2,69,False,early,1,0,0,0.24439622764046823,0.9753603691234576,0.4681409661093295,0
0,2,69,False,early,2,0,0,0.3029539337784483,0.963340971387896,0.4681409661093295,0
0,2,69,False,early,3,0,0,1.2022039004041325,0.5043333744925733,0.4681409661093295,0
0,2,69,False,early,4,0,0,0.38134877503099057,0.941011830962574,0.4681409661093295,0
0,2,70,False,early,1,0,0,0.15161782654484468,0.991289193224355,0.3254662326166453,0
0,2,70,False,early,2,0,0,0.1509178510121724,0.9897706467359314,0.3254662326166453,0
0,2,70,False,early,3,0,0,0.2848415857779867,0.9681848471662927,0.3254662326166453,0
0,2,70,False,early,4,0,0,1.0601898891648571,0.6062584723994641,0.3254662326166453,0
0,2,71,False,early,1,0,0,0.3004146610983143,0.9633860312067865,0.49721929998602654,0
0,2,71,False,early,2,0,0,0.3480112570091507,0.9509565547304475,0.49721929998602654,0
0,2,71,False,early,3,0,0,0.3283305221352547,0.9558517859348986,0.49721929998602654,0
0,2,71,False,early,4,0,0,0.07642837607898575,0.9977227718846406,0.49721929998602654,0
0,2,72,False,early,1,0,0,0.08159273321519304,0.997524286876222,0.5392975428538276,0
0,2,72,False,early,2,0,0,0.3435166891553845,0.9536078418144882,0.5392975428538276,0
0,2,72,False,early,3,0,0,0.38580385244953236,0.941083195939505,0.5392975428538276,0
0,2,72,False,early,4,0,0,0.33812210463997144,0.9550043020580647,0.5392975428538276,0
0,2,73,False,early,1,0,0,0.24483983058756728,0.9766803691937681,0.5278066810471663,0
0,2,73,False,early,2,0,0,0.1918100305318943,0.9855098550560698,0.5278066810471663,0
0,2,73,False,early,3,0,0,0.25025320151269964,0.9762985406604334,0.5278066810471663,0
0,2,73,False,early,4,0,0,0.22478999434250768,0.9800468624376341,0.5278066810471663,0
0,2,74,False,early,1,0,2,0.02941176470588247,0.9996628199485368,0.5232801420758264,0
0,2,74,False,early,2,0,0,0.26762799430214734,0.9720938701394383,0.5232801420758264,0
0,2,74,False,early,3,0,0,0.20907296103886736,0.9827160666637699,0.5232801420758264,0
0,2,74,False,early,4,0,0,0.2511158912114344,0.9759336216133498,0.5232801420758264,0
0,2,75,False,early,1,0,0,0.38871327676414624,0.9390756814205363,0.2673598965782252,0
0,2,75,False,early,2,0,0,0.40076624417105766,0.9352943888424634,0.2673598965782252,0
0,2,75,False,early,3,0,0,0.4866298565911466,0.9036604312669239,0.2673598965782252,0
0,2,75,False,early,4,0,0,0.42544246034551225,0.9245983995423805,0.2673598965782252,0
0,2,76,False,early,1,0,0,0.36515637438302195,0.9442962266582423,0.4793793642965459,0
0,2,76,False,early,2,0,2,0.1932846959904005,0.9852303411325789,0.4793793642965459,0
0,2,76,False,early,3,0,5,0.19103382370927757,0.9856375794608416,0.4793793642965459,0
0,2,76,False,early,4,0,0,0.35661209747430067,0.9498262998396458,0.4793793642965459,0
0,2,77,False,early,1,0,0,0.10884404268568704,0.9953422369343538,0.5137081699055336,0
0,2,77,False,early,2,0,0,0.40324497531937914,0.9335464957934964,0.5137081699055336,0
0,2,77,False,early,3,0,0,0.2153412066848788,0.9817344661605973,0.5137081699055336,0
0,2,77,False,early,4,0,0,0.21634315623115233,0.9816074020711842,0.5137081699055336,0
0,2,78,False,early,1,0,0,1.3699181564562606,0.4896948990859605,1.1281269128897065,0
0,2,78,False,early,2,0,0,1.3660651995759159,0.4893926965873791,1.1281269128897065,0
0,2,78,False,early,3,0,0,1.3140206410634003,0.5182677053746426,1.1281269128897065,0
0,2,78,False,early,4,0,0,1.3849475967254257,0.4785329471325144,1.1281269128897065,0
0,2,79,False,early,1,0,0,0.9466402983532969,0.7972555718412352,1.0674271235098738,0
0,2,79,False,early,2,0,0,0.928315632738911,0.7727926031200757,1.0674271235098738,0
0,2,79,False,early,3,0,0,0.9438371951043921,0.7639645153761834,1.0674271235098738,0
0,2,79,False,early,4,0,0,1.1419834514559775,0.6296898757910779,1.0674271235098738,0
0,2,80,False,early,1,0,0,1.031925587505002,0.7087119306928743,0.2506992260120381,0
0,2,80,False,early,2,0,0,1.0942655336284055,0.6878511583169915,0.2506992260120381,0
0,2,80,False,early,3,0,0,0.4956720600990648,0.8977635147231392,0.2506992260120381,0
0,2,80,False,early,4,0,0,0.500278614177122,0.8932060132373412,0.2506992260120381,0
0,2,81,False,early,1,0,0,0.980090909004969,0.7259307322492486,1.0152285402718635,0
0,2,81,False,early,2,0,0,0.4554788482206837,0.9505733006023067,1.0152285402718635,0
0,2,81,False,early,3,0,0,0.5324759873535699,0.9355944062030468,1.0152285402718635,0
0,2,81,False,early,4,0,0,1.0686141095838535,0.671839952303714,1.0152285402718635,0
0,2,82,False,early,1,0,0,0.8191183443038699,0.8575742836639176,1.2332251304741502,0
0,2,82,False,early,2,0,0,1.2604166766131555,0.6094155004818728,1.2332251304741502,0
0,2,82,False,early,3,0,0,1.2128800235295465,0.6866385611457405,1.2332251304741502,0
0,2,82,False,early,4,0,0,0.41365191484576685,0.9655992675499817,1.2332251304741502,0
0,2,83,False,early,1,0,1,0.28314892089057714,0.9848617587882571,1.1141844069857265,0
0,2,83,False,early,2,0,0,0.60102488951769,0.9165597180590971,1.1141844069857265,0
0,2,83,False,early,3,0,0,1.1475405182766376,0.643814306818541,1.1141844069857265,0
0,2,83,False,early,4,0,0,0.9715832441119188,0.7847333135558543,1.1141844069857265,0
0,2,84,False,early,1,0,1,0.2903779614966618,0.9816654862230666,1.0025160002620297,0
0,2,84,False,early,2,0,1,0.5221665622230776,0.9459190692789708,1.0025160002620297,0
0,2,84,False,early,3,0,0,0.4323203070084201,0.953707698908896,1.0025160002620297,0
0,2,84,False,early,4,0,0,1.0299175930288982,0.6874707991725392,1.0025160002620297,0
0,2,85,False,early,1,0,0,0.448541714073727,0.9510971970790022,1.0446760637693924,0
0,2,85,False,early,2,0,0,0.6874905716408116,0.8914487129406957,1.0446760637693924,0
0,2,85,False,early,3,0,0,0.8552890914033081,0.8450664762581531,1.0446760637693924,0
0,2,85,False,early,4,0,0,0.3538592294906873,0.9697277058804032,1.0446760637693924,0
0,2,86,False,early,1,0,0,0.38591405562393055,0.9641322650463597,1.0281173964825894,0
0,2,86,False,early,2,0,0,0.1462904764096135,0.9948129948218357,1.0281173964825894,0
0,2,86,False,early,3,0,0,0.3053466594001811,0.9792104472853985,1.0281173964825894,0
0,2,86,False,early,4,0,0,0.5052789667015773,0.9491142265363465,1.0281173964825894,0
0,2,87,False,early,1,0,0,0.35862446102281326,0.9690627569801965,1.0463141946863097,0
0,2,87,False,early,2,0,0,0.04160019461057199,0.9995869266120255,1.0463141946863097,0
0,2,87,False,early,3,0,0,0.42563844355226527,0.9560396641747916,1.0463141946863097,0
0,2,87,False,early,4,0,0,0.6609289697061852,0.8997745422988389,1.0463141946863097,0
0,2,88,False,early,1,0,0,0.07957823806990287,0.9985219531459728,1.0599653412992063,0
0,2,88,False,early,2,0,0,0.40915374807062577,0.9600772932124043,1.0599653412992063,0
0,2,88,False,early,3,0,0,0.05761750450317799,0.9992414874972226,1.0599653412992063,0
0,2,88,False,early,4,0,0,0.48320452245261003,0.9438348427852686,1.0599653412992063,0
0,2,89,False,early,1,0,0,0.07607218355547125,0.9986539879769796,1.0453755496270924,0
0,2,89,False,early,2,0,0,0.05027504362435215,0.999396520673923,1.0453755496270924,0
0,2,89,False,early,3,0,0,0.3606416265183603,0.9686944399848882,1.0453755496270924,0
0,2,89,False,early,4,0,1,0.05088443468672148,0.9993812445966862,1.0453755496270924,0
0,2,90,False,early,1,0,0,0.07005058754913471,0.999033423133216,1.0023471546442628,0
0,2,90,False,early,2,0,0,0.0731264555414024,0.9991186335809036,1.0023471546442628,0
0,2,90,False,early,3,0,0,0.08621078393494136,0.9984280449140526,1.0023471546442628,0
0,2,90,False,early,4,0,0,0.3836953947887311,0.9638337700372805,1.0023471546442628,0
0,2,91,False,early,1,0,0,0.025873531075334712,0.9998935939013714,0.9799963779622236,0
0,2,91,False,early,2,0,0,0.08602452243621957,0.9987073383050038,0.9799963779622236,0
0,2,91,False,early,3,0,0,0.09758214520238624,0.9984652583352102,0.9799963779622236,0
0,2,91,False,early,4,0,0,0.10366975189889405,0.9978977604404573,0.9799963779622236,0
0,2,92,False,early,1,0,0,0.09402205512184085,0.9984345523587992,1.0499708661696234,0
0,2,92,False,early,2,0,0,0.07941889802869997,0.9987471351903654,1.0499708661696234,0
0,2,92,False,early,3,0,0,0.06552340960797194,0.9989792551515889,1.0499708661696234,0
0,2,92,False,early,4,0,0,0.0678345353402723,0.9989235675273019,1.0499708661696234,0
0,2,93,False,early,1,0,0,0.13871504056636555,0.996841071108778,0.9336013135974701,0
0,2,93,False,early,2,0,0,0.05420612245321229,0.9995015102231699,0.9336013135974701,0
0,2,93,False,early,3,0,0,0.07871443619240734,0.9989905656053178,0.9336013135974701,0
0,2,93,False,early,4,0,2,0.1255657627779846,0.9975769675600598,0.9336013135974701,0
0,2,94,False,early,1,0,2,0.007352941176470562,0.9999906644898003,0.93997869239823,0
0,2,94,False,early,2,0,0,0.1321275630939867,0.9971247061988839,0.93997869239823,0
0,2,94,False,early,3,0,0,0.04841054149688521,0.9995900184406971,0.93997869239823,0
0,2,94,False,early,4,0,0,0.07264189437252959,0.9991278981427579,0.93997869239823,0
0,2,95,False,early,1,0,2,0.061777497591186524,0.9992783047494725,0.8893945451511298,0
0,2,95,False,early,2,0,2,0.05482219486174837,0.9994213771990753,0.8893945451511298,0
0,2,95,False,early,3,0,0,0.18497833075038358,0.9943976154591072,0.8893945451511298,0
0,2,95,False,early,4,0,0,0.10448982979720221,0.9981073757383279,0.8893945451511298,0
0,2,96,False,early,1,1,7,0.0,1.0000000000000002,0.8893945451511298,0
0,2,96,False,early,2,0,2,0.061777497591186524,0.9992783047494725,0.8893945451511298,0
0,2,96,False,early,3,0,2,0.05482219486174837,0.9994213771990753,0.8893945451511298,0
0,2,96,False,early,4,0,0,0.18497833075038358,0.9943976154591072,0.8893945451511298,0
0,2,97,False,early,1,0,2,0.030108495118847396,0.9998174680668732,0.9127792227375263,0
0,2,97,False,early,2,0,2,0.030108495118847396,0.9998174680668732,0.9127792227375263,0
0,2,97,False,early,3,0,2,0.03762871828540871,0.9997109379777103,0.9127792227375263,0
0,2,97,False,early,4,0,2,0.0322096294947675,0.9997738001290933,0.9127792227375263,0
0,2,98,False,early,1,0,1,0.5786153573186532,0.9091840676643597,0.4601250073218209,0
0,2,98,False,early,2,0,1,0.5596045752867281,0.9128591002280352,0.4601250073218209,0
0,2,98,False,early,3,0,1,0.5596045752867281,0.9128591002280352,0.4601250073218209,0
0,2,98,False,early,4,0,1,0.6012442072826484,0.9047813828373911,0.4601250073218209,0
0,2,99,False,early,1,0,0,0.5265364560963866,0.9186150126708829,0.8429729244551095,0
0,2,99,False,early,2,0,0,0.07804303828821252,0.9988788708432864,0.8429729244551095,0
0,2,99,False,early,3,0,0,0.05313894702542866,0.9994572060919207,0.8429729244551095,0
0,2,99,False,early,4,0,0,0.05313894702542866,0.9994572060919207,0.8429729244551095,0
0,2,100,False,middle,1,0,1,0.5604997322859033,0.9297846084256145,1.1221510729095037,0
0,2,100,False,middle,2,0,0,0.7754538348597471,0.8671874651712811,1.1221510729095037,0
0,2,100,False,middle,3,0,0,0.5482848734341063,0.9316050909484538,1.1221510729095037,0
0,2,100,False,middle,4,0,0,0.554632962468801,0.9302861802093082,1.1221510729095037,0
0,2,101,False,middle,1,0,0,0.4484664600735323,0.965188064205414,0.7246541982395336,0
0,2,101,False,middle,2,0,0,0.5441300869960811,0.9099936500898601,0.7246541982395336,0
0,2,101,False,middle,3,0,0,0.4308314995154533,0.938351678212209,0.7246541982395336,0
0,2,101,False,middle,4,0,0,0.5855923590962716,0.9016902331644373,0.7246541982395336,0
0,2,102,False,middle,1,0,1,0.58253648628771,0.8910924785362889,0.7654712023940258,0
0,2,102,False,middle,2,0,0,0.6661821498017463,0.8984629571807142,0.7654712023940258,0
0,2,102,False,middle,3,0,0,0.11869565747623916,0.9964389156351534,0.7654712023940258,0
0,2,102,False,middle,4,0,0,0.483220560859345,0.9248482994307528,0.7654712023940258,0
0,2,103,False,middle,1,0,0,0.3853160975942068,0.9546192837659252,0.4907366516050021,0
0,2,103,False,middle,2,0,0,0.5963425966191702,0.8760676656849504,0.4907366516050021,0
0,2,103,False,middle,3,0,0,0.8575860592378798,0.8255941722131813,0.4907366516050021,0
0,2,103,False,middle,4,0,0,0.46493826442707575,0.9387260160292903,0.4907366516050021,0
0,2,104,False,middle,1,0,2,0.06072777343937889,0.9986421927832528,0.5268861021853563,0
0,2,104,False,middle,2,0,0,0.3298752033724992,0.9676248794965732,0.5268861021853563,0
0,2,104,False,middle,3,0,0,0.5827331945639393,0.882287611501679,0.5268861021853563,0
0,2,104,False,middle,4,0,0,0.8194668620671279,0.8432619292312705,0.5268861021853563,0
0,2,105,False,middle,1,0,0,0.6199424251510111,0.849776947927499,0.5298739421623389,0
0,2,105,False,middle,2,0,0,0.6252604985868011,0.8450646230303671,0.5298739421623389,0
0,2,105,False,middle,3,0,0,0.6745187455081324,0.846098201391827,0.5298739421623389,0
0,2,105,False,middle,4,0,0,0.9310056851639964,0.6937242238874609,0.5298739421623389,0
0,2,106,False,middle,1,0,0,0.38602139564083904,0.9405652686108817,0.45922197446084856,0
0,2,106,False,middle,2,0,1,0.44224973939067636,0.9217357278862791,0.45922197446084856,0
0,2,106,False,middle,3,0,1,0.4538509721333234,0.9160530863987831,0.45922197446084856,0
0,2,106,False,middle,4,0,0,0.49905106039785635,0.9192552608892164,0.45922197446084856,0
0,2,107,False,middle,1,0,1,0.4373968696682374,0.9233489113840406,0.5244679405620889,0
0,2,107,False,middle,2,0,0,0.6096662461800674,0.8545728542399951,0.5244679405620889,0
0,2,107,False,middle,3,0,1,0.01306722678390193,0.9999336043822312,0.5244679405620889,0
0,2,107,False,middle,4,0,1,0.06211775014218123,0.9985588042417477,0.5244679405620889,0
0,2,108,False,middle,1,0,1,0.020009186064887045,0.9998431427573395,0.5254339518032705,0
0,2,108,False,middle,2,0,1,0.44166194287419897,0.9218817787983227,0.5254339518032705,0
0,2,108,False,middle,3,0,0,0.6227735649171582,0.8483119107660969,0.5254339518032705,0
0,2,108,False,middle,4,0,1,0.007672202769441153,0.9999771289800313,0.5254339518032705,0
0,2,109,False,middle,1,0,0,0.09000161756775416,0.9968314893234982,0.5288083171154113,0
0,2,109,False,middle,2,0,0,0.08774920875901392,0.9969875794033537,0.5288083171154113,0
0,2,109,False,middle,3,0,0,0.44616973584373665,0.9204208195757517,0.5288083171154113,0
0,2,109,False,middle,4,0,0,0.6141106244883352,0.8527062314160162,0.5288083171154113,0
0,2,110,False,middle,1,0,1,0.6071640396942942,0.8492749279992745,0.38100963920933373,0
0,2,110,False,middle,2,0,0,0.5984334402541891,0.853340036326271,0.38100963920933373,0
0,2,110,False,middle,3,0,0,0.6077107290466232,0.848629602291664,0.38100963920933373,0
0,2,110,False,middle,4,0,0,0.6731848908943173,0.807968149834686,0.38100963920933373,0
0,2,111,False,middle,1,1,7,0.0,1.0,0.38100963920933373,0
0,2,111,False,middle,2,0,1,0.6071640396942942,0.8492749279992745,0.38100963920933373,0
0,2,111,False,middle,3,0,0,0.5984334402541891,0.853340036326271,0.38100963920933373,0
0,2,111,False,middle,4,0,0,0.6077107290466232,0.848629602291664,0.38100963920933373,0
0,2,112,False,middle,1,0,2,0.4580618817022963,0.9138214773710304,0.5102092351580204,0
0,2,112,False,middle,2,0,2,0.4580618817022963,0.9138214773710304,0.5102092351580204,0
0,2,112,False,middle,3,0,1,0.24476467508740196,0.976441299066017,0.5102092351580204,0
0,2,112,False,middle,4,0,0,0.23797897033707643,0.9776903478178849,0.5102092351580204,0
0,2,113,False,middle,1,0,2,0.41412392539751747,0.9296287447872894,0.3593704912026716,0
0,2,113,False,middle,2,0,3,0.10098027707716618,0.9955411474718863,0.3593704912026716,0
0,2,113,False,middle,3,0,3,0.10098027707716618,0.9955411474718863,0.3593704912026716,0
0,2,113,False,middle,4,0,1,0.5662402510036294,0.86858905565129,0.3593704912026716,0
0,2,114,False,middle,1,0,2,0.49092003077128843,0.9047056399741856,0.5703776632740708,0
0,2,114,False,middle,2,0,2,0.104907812875087,0.9960585069311566,0.5703776632740708,0
0,2,114,False,middle,3,0,2,0.5313604609309743,0.8880784069181822,0.5703776632740708,0
0,2,114,False,middle,4,0,2,0.5313604609309743,0.8880784069181822,0.5703776632740708,0
0,2,115,False,middle,1,0,0,0.2554745608357227,0.9751023173962212,0.5309979528591584,0
0,2,115,False,middle,2,0,0,0.5798985478814367,0.8622612797520566,0.5309979528591584,0
0,2,115,False,middle,3,0,0,0.2697903266752306,0.9714045943253569,0.5309979528591584,0
0,2,115,False,middle,4,0,0,0.6211428512723999,0.84237795219957,0.5309979528591584,0
0,2,116,False,middle,1,0,0,0.5644948413605133,0.8722178471351594,0.45085142050969157,0
0,2,116,False,middle,2,0,2,0.43973718195542555,0.9246051975588955,0.45085142050969157,0
0,2,116,False,middle,3,0,2,0.42758666241953663,0.9220789541047691,0.45085142050969157,0
0,2,116,False,middle,4,0,4,0.4384975584310317,0.9221982253953572,0.45085142050969157,0
0,2,117,False,middle,1,0,3,0.49554910436817823,0.9029489744423063,0.5541352684936174,0
0,2,117,False,middle,2,0,0,0.2580031086052027,0.9743351281376446,0.5541352684936174,0
0,2,117,False,middle,3,0,2,0.12878275226245392,0.993723578872237,0.5541352684936174,0
0,2,117,False,middle,4,0,2,0.46462633465992,0.9138282455032122,0.5541352684936174,0
0,2,118,False,middle,1,0,0,0.4237126930657438,0.942854628282854,0.7722096827271342,0
0,2,118,False,middle,2,0,0,0.5699894299697642,0.8927933230697658,0.7722096827271342,0
0,2,118,False,middle,3,0,0,0.4944197541516026,0.9205768205346306,0.7722096827271342,0
0,2,118,False,middle,4,0,0,0.3794947647596863,0.9548227007251703,0.7722096827271342,0
0,2,119,False,middle,1,0,2,1.380866796172212,0.4909307671460263,1.0556039207655614,0
0,2,119,False,middle,2,0,0,1.2936574220378667,0.5256948321671231,1.0556039207655614,0
0,2,119,False,middle,3,0,0,1.24001708654409,0.5579653847522584,1.0556039207655614,0
0,2,119,False,middle,4,0,0,1.4068438948230455,0.43036255793267286,1.0556039207655614,0
0,2,120,False,middle,1,0,0,1.3582725315000699,0.4715138312270033,0.5338350004895817,0
0,2,120,False,middle,2,0,0,0.3853823140866137,0.9540394008135288,0.5338350004895817,0
0,2,120,False,middle,3,0,2,0.22127680547243508,0.9811457404747389,0.5338350004895817,0
0,2,120,False,middle,4,0,2,0.35197688466535215,0.9507236208162729,0.5338350004895817,0
0,2,121,False,middle,1,0,0,0.14696093963488863,0.9917404207628157,0.4649303114331748,0
0,2,121,False,middle,2,0,0,1.239246351449073,0.5596159167953257,0.4649303114331748,0
0,2,121,False,middle,3,0,0,0.38999069583318824,0.9546830086640947,0.4649303114331748,0
0,2,121,False,middle,4,0,0,0.2857360884438325,0.9682711748614681,0.4649303114331748,0
0,2,122,False,middle,1,0,4,0.20700034471279227,0.9824586077676402,0.4749412195419742,0
0,2,122,False,middle,2,0,0,0.3194437550712314,0.95962251908148,0.4749412195419742,0
0,2,122,False,middle,3,0,0,1.2386966412387144,0.5608092653066822,0.4749412195419742,0
0,2,122,False,middle,4,0,0,0.5075811255450667,0.916644986054642,0.4749412195419742,0
0,2,123,False,middle,1,0,4,0.41153759214432145,0.9332427549764589,0.5451687561187288,0
0,2,123,False,middle,2,0,4,0.20964301521567102,0.983024678235424,0.5451687561187288,0
0,2,123,False,middle,3,0,0,0.1612540956615688,0.9899410080987072,0.5451687561187288,0
0,2,123,False,middle,4,0,0,1.2777112743024888,0.5370918476793815,0.5451687561187288,0
0,2,124,False,middle,1,0,1,0.04522860051886124,0.9992119687730449,0.5462098980831195,0
0,2,124,False,middle,2,0,1,0.43045531207785304,0.9269709932207882,0.5462098980831195,0
0,2,124,False,middle,3,0,1,0.23324576704751357,0.978887097242652,0.5462098980831195,0
0,2,124,False,middle,4,0,0,0.16692158515668928,0.9892275991165229,0.5462098980831195,0
0,2,125,False,middle,1,0,1,0.03830645719799625,0.9994485745412217,0.5573115672424168,0
0,2,125,False,middle,2,0,5,0.022119705903179465,0.9998255523711769,0.5573115672424168,0
0,2,125,False,middle,3,0,4,0.43194559683372846,0.9269545106670743,0.5573115672424168,0
0,2,125,False,middle,4,0,4,0.2311373200708127,0.9795408776654199,0.5573115672424168,0
0,2,126,False,middle,1,0,0,0.2598766554766408,0.9738960713924176,0.4983063549699701,0
0,2,126,False,middle,2,0,0,0.23176809659880573,0.9790960523920405,0.4983063549699701,0
0,2,126,False,middle,3,0,0,0.2642051523016936,0.9727570477925701,0.4983063549699701,0
0,2,126,False,middle,4,0,0,0.552122019234581,0.8768140404374589,0.4983063549699701,0
0,2,127,False,middle,1,0,0,0.2977224753789425,0.9678832437155098,0.6266084317486751,0
0,2,127,False,middle,2,0,1,0.07616011838592067,0.9983141646010149,0.6266084317486751,0
0,2,127,False,middle,3,0,1,0.09285927371000012,0.9974081612689165,0.6266084317486751,0
0,2,127,False,middle,4,0,1,0.09464910247588472,0.9972973555544602,0.6266084317486751,0
0,2,128,False,middle,1,0,1,0.17491386413327198,0.9902809138839913,0.47752673246223615,0
0,2,128,False,middle,2,0,0,0.2757975602030943,0.9693160919531664,0.47752673246223615,0
0,2,128,False,middle,3,0,1,0.12813148281724238,0.9940587317115573,0.47752673246223615,0
0,2,128,False,middle,4,0,1,0.14037977676371963,0.992584211983189,0.47752673246223615,0
0,2,129,False,middle,1,0,1,0.6663305830286639,0.8826475196811263,0.970732081334568,0
0,2,129,False,middle,2,0,1,0.5594540712557483,0.9187144371278633,0.970732081334568,0
0,2,129,False,middle,3,0,0,0.7701766127155251,0.8340593745035024,0.970732081334568,0
0,2,129,False,middle,4,0,1,0.5697206864421119,0.9176897471830099,0.970732081334568,0
0,2,130,False,middle,1,0,1,0.5851521628769843,0.9113248358534648,0.5782991526874153,0
0,2,130,False,middle,2,0,1,0.13881471614237154,0.993336729908077,0.5782991526874153,0
0,2,130,False,middle,3,0,1,0.053220747492289625,0.9991889952700026,0.5782991526874153,0
0,2,130,False,middle,4,0,0,0.26563934626993935,0.9732197146182279,0.5782991526874153,0
0,2,131,False,middle,1,0,1,0.06544791012324228,0.9985711705330077,0.5300257413420616,0
0,2,131,False,middle,2,0,1,0.5858153538846037,0.9129565211114054,0.5300257413420616,0
0,2,131,False,middle,3,0,1,0.1253109800558883,0.9939622139716857,0.5300257413420616,0
0,2,131,False,middle,4,0,1,0.10441727465879995,0.9967924466810165,0.5300257413420616,0
0,2,132,False,middle,1,0,0,0.583962488725215,0.8752696008536867,0.6525566232827341,0
0,2,132,False,middle,2,0,0,0.5860701234066213,0.8760435125644936,0.6525566232827341,0
0,2,132,False,middle,3,0,0,0.8869756178316354,0.7755953046950548,0.6525566232827341,0
0,2,132,False,middle,4,0,0,0.4912761588394122,0.9115917084919783,0.6525566232827341,0
0,2,133,False,middle,1,0,0,0.579284243058963,0.8772345745075311,0.5283582885063047,0
0,2,133,False,middle,2,0,2,0.008988197888374714,0.9999686810070693,0.5283582885063047,0
0,2,133,False,middle,3,0,1,0.0632556561758026,0.9986923630060311,0.5283582885063047,0
0,2,133,False,middle,4,0,1,0.5919821438261451,0.9107223057257762,0.5283582885063047,0
0,2,134,False,middle,1,0,0,0.596277948625709,0.8701701236122676,0.6564340243492557,0
0,2,134,False,middle,2,0,3,0.1192363432722676,0.9950248044017425,0.6564340243492557,0
0,2,134,False,middle,3,0,0,0.60081718321651,0.868215409230834,0.6564340243492557,0
0,2,134,False,middle,4,0,0,0.6106712231479098,0.8656719754131521,0.6564340243492557,0
0,2,135,False,middle,1,0,4,0.07894230645220926,0.9978381422413265,0.6384392286509493,0
0,2,135,False,middle,2,0,0,0.5998508275413094,0.8670679394515616,0.6384392286509493,0
0,2,135,False,middle,3,0,3,0.08569257992328883,0.997429002974496,0.6384392286509493,0
0,2,135,False,middle,4,0,0,0.6039490126224326,0.8652905616971924,0.6384392286509493,0
0,2,136,False,middle,1,0,0,0.8281278802826849,0.8199952407051877,1.0456308401399268,0
0,2,136,False,middle,2,0,0,0.835139241356187,0.8166539468020941,1.0456308401399268,0
0,2,136,False,middle,3,0,0,1.252804152995484,0.5509088129250772,1.0456308401399268,0
0,2,136,False,middle,4,0,0,0.8306328689553152,0.8188097545936391,1.0456308401399268,0
0,2,137,False,middle,1,0,0,1.541069268253198,0.42714287782153915,1.0257705376326804,0
0,2,137,False,middle,2,0,0,0.8582704720183814,0.8011168700371875,1.0257705376326804,0
0,2,137,False,middle,3,0,0,0.8717793496859738,0.794546932811209,1.0257705376326804,0
0,2,137,False,middle,4,0,0,0.6919308019873258,0.8803138800810125,1.0257705376326804,0
0,2,138,False,middle,1,0,0,0.7545622178697617,0.8568345660179356,0.3893742816440708,0
0,2,138,False,middle,2,0,0,0.9570133233162369,0.750034577453412,0.3893742816440708,0
0,2,138,False,middle,3,0,0,0.4450884862335394,0.9272424750879582,0.3893742816440708,0
0,2,138,False,middle,4,0,0,0.4840302635266448,0.9146448214160046,0.3893742816440708,0
0,2,139,False,middle,1,0,0,0.4184560719378743,0.92164282431106,0.24802869101566868,0
0,2,139,False,middle,2,0,1,0.9570794750103869,0.7445068539572804,0.24802869101566868,0
0,2,139,False,middle,3,0,0,1.2148511256749261,0.5631659421552374,0.24802869101566868,0
0,2,139,False,middle,4,0,0,0.7385071091877844,0.7868828434194187,0.24802869101566868,0
0,2,140,False,middle,1,0,0,0.6159459131455006,0.8495919124884852,0.5982738835834217,0
0,2,140,False,middle,2,0,0,0.5578615372620365,0.8789651745770044,0.5982738835834217,0
0,2,140,False,middle,3,0,0,0.6676462596166963,0.8878821219355982,0.5982738835834217,0
0,2,140,False,middle,4,0,0,1.3567744912223285,0.4775896452009558,0.5982738835834217,0
0,2,141,False,middle,1,0,0,1.3979874017742808,0.40030822819518974,0.9345598093404317,0
0,2,141,False,middle,2,0,0,1.1175039226845598,0.5978269134012225,0.9345598093404317,0
0,2,141,False,middle,3,0,1,1.0110996506189187,0.68173484238697,0.9345598093404317,0
0,2,141,False,middle,4,0,0,1.7089245042838985,0.2563243137651219,0.9345598093404317,0
0,2,142,False,middle,1,0,0,0.3089167955350116,0.9755739240210307,0.9886286831694878,0
0,2,142,False,middle,2,0,2,1.3490323351790832,0.4624035398953719,0.9886286831694878,0
0,2,142,False,middle,3,0,0,1.1684241195622407,0.5776110469785886,0.9886286831694878,0
0,2,142,False,middle,4,0,0,0.9559758875266449,0.733949488611284,0.9886286831694878,0
0,2,143,False,middle,1,0,0,1.0121061180619613,0.6963160914778188,0.33552662063046146,0
0,2,143,False,middle,2,0,1,0.9841539176276596,0.6986921085063834,0.33552662063046146,0
0,2,143,False,middle,3,0,0,0.5260455453276826,0.8924009478874124,0.33552662063046146,0
0,2,143,False,middle,4,0,0,0.5381737217038189,0.8670201385588013,0.33552662063046146,0
0,2,144,False,middle,1,0,0,0.9676056383969155,0.7145132376258868,0.9502860472915534,0
0,2,144,False,middle,2,0,0,0.25258812640075573,0.9837388836596183,0.9502860472915534,0
0,2,144,False,middle,3,0,0,0.48841067664346494,0.9368623229933576,0.9502860472915534,0
0,2,144,False,middle,4,0,0,1.2502997923774775,0.528048961032959,0.9502860472915534,0
0,2,145,False,middle,1,0,1,0.8854743344516511,0.7668078916785873,0.34406783520246365,0
0,2,145,False,middle,2,0,0,0.5763733787698235,0.8510956146487034,0.34406783520246365,0
0,2,145,False,middle,3,0,0,0.9919856397178657,0.7100160510051475,0.34406783520246365,0
0,2,145,False,middle,4,0,0,0.998732940791881,0.6888957971890878,0.34406783520246365,0
0,2,146,False,middle,1,0,2,0.16330349923930346,0.9880054801006878,0.3025680473567197,0
0,2,146,False,middle,2,0,1,0.9020659354085406,0.7565780245522914,0.3025680473567197,0
0,2,146,False,middle,3,0,0,0.4634614802047109,0.9025890407784303,0.3025680473567197,0
0,2,146,False,middle,4,0,0,1.012943280319075,0.6952576189177182,0.3025680473567197,0
0,2,147,False,middle,1,0,0,0.45349945883197923,0.907037429354514,0.34508845822522655,0
0,2,147,False,middle,2,0,0,0.44417592771172804,0.91182350293576,0.34508845822522655,0
0,2,147,False,middle,3,0,0,0.6374018007100937,0.8962444848291745,0.34508845822522655,0
0,2,147,False,middle,4,0,0,0.4668088747899326,0.9023589807399822,0.34508845822522655,0
0,2,148,False,middle,1,0,0,0.41927672107341873,0.9207178600854707,0.31134715646033445,0
0,2,148,False,middle,2,0,1,0.060267934304642896,0.9983433292065245,0.31134715646033445,0
0,2,148,False,middle,3,0,1,0.13426101233676904,0.9919094957825548,0.31134715646033445,0
0,2,148,False,middle,4,0,1,0.8521090310609117,0.7869087857688383,0.31134715646033445,0
0,2,149,False,middle,1,0,0,0.22710285874879055,0.9783398964774872,0.4393781179091688,0
0,2,149,False,middle,2,0,0,0.6280226095550788,0.829841412870687,0.4393781179091688,0
0,2,149,False,middle,3,0,0,0.19706444561813122,0.9839733603504578,0.4393781179091688,0
0,2,149,False,middle,4,0,0,0.24710285462159828,0.9740920102843317,0.4393781179091688,0
0,2,150,False,middle,1,0,0,0.24483883142942872,0.9745693169553634,0.3823432211883172,0
0,2,150,False,middle,2,0,0,0.34569525252529865,0.946952015134889,0.3823432211883172,0
0,2,150,False,middle,3,0,0,0.6708430236242157,0.8013923398119044,0.3823432211883172,0
0,2,150,False,middle,4,0,0,0.2947679237457668,0.961458023607597,0.3823432211883172,0
0,2,151,False,middle,1,0,0,0.35763206115046053,0.9503677234065065,0.563118681201992,0
0,2,151,False,middle,2,0,0,0.30606544565644284,0.9638588860422889,0.563118681201992,0
0,2,151,False,middle,3,0,0,0.4749699503225512,0.9103421009965105,0.563118681201992,0
0,2,151,False,middle,4,0,0,0.7983595338535677,0.7408220949081393,0.563118681201992,0
0,2,152,False,middle,1,0,0,0.2992689632476171,0.9654019521538695,0.477929438798723,0
0,2,152,False,middle,2,0,0,0.30776384456383177,0.960688008404999,0.477929438798723,0
0,2,152,False,middle,3,0,1,0.07294043019308473,0.9979092834192163,0.477929438798723,0
0,2,152,False,middle,4,0,0,0.24120232623613097,0.9765430047326814,0.477929438798723,0
0,2,153,False,middle,1,0,1,0.42492785407202105,0.9235881924793983,0.22905771787134419,0
0,2,153,False,middle,2,0,0,0.6050174943109468,0.8508448806620141,0.22905771787134419,0
0,2,153,False,middle,3,0,0,0.3416848896617738,0.9477613824712567,0.22905771787134419,0
0,2,153,False,middle,4,0,1,0.37599258916602646,0.9388852224267615,0.22905771787134419,0
0,2,154,False,middle,1,0,4,0.05532353064593146,0.9985478022193809,0.21058498845112777,0
0,2,154,False,middle,2,0,1,0.4259089288011715,0.923218772750709,0.21058498845112777,0
0,2,154,False,middle,3,0,0,0.6003236824465659,0.8530964352100274,0.21058498845112777,0
0,2,154,False,middle,4,0,0,0.33717632001676395,0.9491266342126539,0.21058498845112777,0
0,2,155,False,middle,1,0,2,0.09572045607116146,0.9956439141489848,0.2323112296229302,0
0,2,155,False,middle,2,0,2,0.10801207853474895,0.994461698559116,0.2323112296229302,0
0,2,155,False,middle,3,0,1,0.3919926640421637,0.9354127544856048,0.2323112296229302,0
0,2,155,False,middle,4,0,0,0.5421058120276244,0.8815016101071456,0.2323112296229302,0
0,2,156,False,middle,1,0,2,0.26536542627431065,0.9679858718398131,0.3428147658811752,0
0,2,156,False,middle,2,0,3,0.24987364072645513,0.9716758272073951,0.3428147658811752,0
0,2,156,False,middle,3,0,3,0.22915665167789775,0.9762392452000097,0.3428147658811752,0
0,2,156,False,middle,4,0,1,0.4850787930689397,0.9007052711659744,0.3428147658811752,0
0,2,157,False,middle,1,0,0,0.2928901943400096,0.9608623838435997,0.2033247826764988,0
0,2,157,False,middle,2,0,0,0.11181094054033618,0.9940515412339802,0.2033247826764988,0
0,2,157,False,middle,3,0,0,0.11280042731777114,0.9939004343810017,0.2033247826764988,0
0,2,157,False,middle,4,0,0,0.14419790651758552,0.9900832539447139,0.2033247826764988,0
0,2,158,False,middle,1,0,1,0.16224706363267188,0.987534999872798,0.24951987989677007,0
0,2,158,False,middle,2,0,0,0.3518504427081384,0.9435091701869541,0.24951987989677007,0
0,2,158,False,middle,3,0,0,0.10184458980640035,0.9951063152593159,0.24951987989677007,0
0,2,158,False,middle,4,0,0,0.16759184197487131,0.9867028456161381,0.24951987989677007,0
0,2,159,False,middle,1,0,2,0.20325902986494176,0.9816926866671342,0.3648505877712786,0
0,2,159,False,middle,2,0,1,0.28114629494847804,0.9645086465448155,0.3648505877712786,0
0,2,159,False,middle,3,0,0,0.40820355408811987,0.9259853771510091,0.3648505877712786,0
0,2,159,False,middle,4,0,0,0.22671365179340008,0.9771388594894908,0.3648505877712786,0
0,2,160,False,middle,1,0,0,0.5059667362627857,0.9138353322667059,0.725941362571023,0
0,2,160,False,middle,2,0,0,0.6432148635618737,0.8540839266556641,0.725941362571023,0
0,2,160,False,middle,3,0,0,0.703514751198151,0.8221255701363437,0.725941362571023,0
0,2,160,False,middle,4,0,1,0.6129779665347245,0.8683891385654621,0.725941362571023,0
0,2,161,False,middle,1,0,0,0.39129221023961436,0.9486299810055583,0.580412758041404,0
0,2,161,False,middle,2,0,0,0.40892625798229576,0.935487833918182,0.580412758041404,0
0,2,161,False,middle,3,0,0,0.48846852166230137,0.9065052990998754,0.580412758041404,0
0,2,161,False,middle,4,0,0,0.5961505331520108,0.8572069469397128,0.580412758041404,0
0,2,162,False,middle,1,0,0,0.3380069958194721,0.9691664211096835,0.8345040465840083,0
0,2,162,False,middle,2,0,0,0.38260996883942944,0.9559059770156833,0.8345040465840083,0
0,2,162,False,middle,3,0,0,0.6884928014188839,0.8494747180481732,0.8345040465840083,0
0,2,162,False,middle,4,0,0,0.7839923425871288,0.7985796850172411,0.8345040465840083,0
0,2,163,False,middle,1,0,0,0.23254909122608147,0.9841808573563825,0.8473216229314623,0
0,2,163,False,middle,2,0,0,0.41297119285373507,0.951605139563681,0.8473216229314623,0
0,2,163,False,middle,3,0,0,0.3330313193607503,0.9674975224025426,0.8473216229314623,0
0,2,163,False,middle,4,0,0,0.7058110774695378,0.8432001059800476,0.8473216229314623,0
0,2,164,False,middle,1,0,0,0.2816648214923286,0.9775112841762198,0.7111055101798243,0
0,2,164,False,middle,2,0,0,0.14654955825096608,0.9950595449364549,0.7111055101798243,0
0,2,164,False,middle,3,0,0,0.20729289616849356,0.9866241469468459,0.7111055101798243,0
0,2,164,False,middle,4,0,0,0.3847623596374183,0.9512076210238322,0.7111055101798243,0
0,2,165,False,middle,1,0,0,0.9910993978088002,0.6402925453721827,0.4389483779080918,0
0,2,165,False,middle,2,0,0,1.1135784846687282,0.5835370183456826,0.4389483779080918,0
0,2,165,False,middle,3,0,0,1.1015473190819003,0.5890234436107246,0.4389483779080918,0
0,2,165,False,middle,4,0,0,0.8595800721196478,0.7090550775140616,0.4389483779080918,0
0,2,166,False,middle,1,0,0,1.0492747606961565,0.6203878843994362,0.8047693948785547,0
0,2,166,False,middle,2,0,1,0.17319219520383394,0.9914932209311521,0.8047693948785547,0
0,2,166,False,middle,3,0,0,0.3909932003898599,0.9547854033168333,0.8047693948785547,0
0,2,166,False,middle,4,0,0,0.21957916190257723,0.9856865716183812,0.8047693948785547,0
0,2,167,False,middle,1,0,0,0.3316096942727792,0.9665410812718274,0.6656100925213809,0
0,2,167,False,middle,2,0,0,0.9006988888485937,0.6953493207530415,0.6656100925213809,0
0,2,167,False,middle,3,0,0,0.3488322906014285,0.9589494809602253,0.6656100925213809,0
0,2,167,False,middle,4,0,0,0.4889144660683183,0.9278949822327455,0.6656100925213809,0
0,2,168,False,middle,1,1,7,0.0,1.0,0.6656100925213809,0
0,2,168,False,middle,2,0,0,0.3316096942727792,0.9665410812718274,0.6656100925213809,0
0,2,168,False,middle,3,0,0,0.9006988888485937,0.6953493207530415,0.6656100925213809,0
0,2,168,False,middle,4,0,0,0.3488322906014285,0.9589494809602253,0.6656100925213809,0
0,2,169,False,middle,1,0,0,0.8884518425113933,0.7027239368799139,0.4257893196560106,0
0,2,169,False,middle,2,0,0,0.8884518425113933,0.7027239368799139,0.4257893196560106,0
0,2,169,False,middle,3,0,0,0.9917169158572169,0.661392617312347,0.4257893196560106,0
0,2,169,False,middle,4,0,0,0.3844696446238441,0.937745129404266,0.4257893196560106,0
0,2,170,False,middle,1,0,0,0.550802512883277,0.8786743854513014,0.5468344940430604,0
0,2,170,False,middle,2,0,0,0.9405419698301599,0.6783255038380397,0.5468344940430604,0
0,2,170,False,middle,3,0,0,0.9405419698301599,0.6783255038380397,0.5468344940430604,0
0,2,170,False,middle,4,0,0,1.1554255461928544,0.550813851963391,0.5468344940430604,0
0,2,171,False,middle,1,0,0,1.2898655591355095,0.45781030069655265,0.8614803063144747,0
0,2,171,False,middle,2,0,0,1.0337179453300156,0.6464901865891212,0.8614803063144747,0
0,2,171,False,middle,3,0,0,0.5115067644272102,0.9219315169675527,0.8614803063144747,0
0,2,171,False,middle,4,0,0,0.5115067644272102,0.9219315169675527,0.8614803063144747,0
0,2,172,False,middle,1,0,0,0.22621441701748773,0.9863760850547665,0.929653696587918,0
0,2,172,False,middle,2,0,0,1.308948621588767,0.46586196256678214,0.929653696587918,0
0,2,172,False,middle,3,0,0,1.1058501723941225,0.6141020561586455,0.929653696587918,0
0,2,172,False,middle,4,0,0,0.4822309825978478,0.9373197816245407,0.929653696587918,0
0,2,173,False,middle,1,0,0,0.41152925601674906,0.9547316274981738,0.7286194850169123,0
0,2,173,False,middle,2,0,1,0.49174073495976744,0.9280561283912391,0.7286194850169123,0
0,2,173,False,middle,3,0,0,0.9924249397974043,0.654165008587292,0.7286194850169123,0
0,2,173,False,middle,4,0,0,0.8874777013810613,0.7155696664785736,0.7286194850169123,0
0,2,174,False,middle,1,0,0,1.2540518712871656,0.5182370265903572,0.8527062884423444,0
0,2,174,False,middle,2,0,0,1.5926480086353736,0.29392908294038733,0.8527062884423444,0
0,2,174,False,middle,3,0,0,1.594504043666443,0.2671529020133171,0.8527062884423444,0
0,2,174,False,middle,4,0,0,0.33982853582312283,0.9716086436104355,0.8527062884423444,0
0,2,175,False,middle,1,0,1,1.3010872633814876,0.4901370842424539,0.7683384425778662,0
0,2,175,False,middle,2,0,0,0.1521488167502566,0.9927634326775342,0.7683384425778662,0
0,2,175,False,middle,3,0,0,0.3374457035300286,0.9700924422636737,0.7683384425778662,0
0,2,175,False,middle,4,0,0,0.4646544403046673,0.9361843510740557,0.7683384425778662,0
0,2,176,False,middle,1,0,0,0.5197928292016257,0.9119453395682647,0.45978217744711847,0
0,2,176,False,middle,2,0,0,1.1176879943788913,0.583940348268993,0.45978217744711847,0
0,2,176,False,middle,3,0,0,0.4560268998359081,0.9305017512932166,0.45978217744711847,0
0,2,176,False,middle,4,0,0,0.6408762486584361,0.8866655775498024,0.45978217744711847,0
0,2,177,False,middle,1,0,0,0.4483103348157809,0.9375865149136801,0.7753349679104491,0
0,2,177,False,middle,2,0,0,0.15641335486035937,0.9923399365384701,0.7753349679104491,0
0,2,177,False,middle,3,0,0,1.3594730056664541,0.445022339357301,0.7753349679104491,0
0,2,177,False,middle,4,0,0,0.17962677397617408,0.9899472295012587,0.7753349679104491,0
0,2,178,False,middle,1,0,0,0.20197081759597627,0.9873495142493899,0.7870083363070266,0
0,2,178,False,middle,2,0,0,0.42287241730477154,0.9467137712133799,0.7870083363070266,0
0,2,178,False,middle,3,0,0,0.2772967524172268,0.9760835433570845,0.7870083363070266,0
0,2,178,False,middle,4,0,0,1.289082624838179,0.5037007850232883,0.7870083363070266,0
0,2,179,False,middle,1,0,1,0.34277463559128596,0.9633002268421673,0.6584693488577147,0
0,2,179,False,middle,2,0,0,0.20794852106636227,0.9872568172319741,0.6584693488577147,0
0,2,179,False,middle,3,0,0,0.426601527432373,0.9344975126965631,0.6584693488577147,0
0,2,179,False,middle,4,0,0,0.20591495928220208,0.9873057291956303,0.6584693488577147,0
0,2,180,False,middle,1,0,4,0.04068503159107637,0.9994235468821032,0.6603422818779536,0
0,2,180,False,middle,2,0,1,0.3528842962335837,0.9609753752581984,0.6603422818779536,0
0,2,180,False,middle,3,0,0,0.21586150954755176,0.9861160552723139,0.6603422818779536,0
0,2,180,False,middle,4,0,0,0.4433048459593113,0.929121568281405,0.6603422818779536,0
0,2,181,False,middle,1,0,0,0.3073770803081343,0.9696069718473113,0.7569966093828459,0
0,2,181,False,middle,2,0,0,0.30070495653258766,0.9709703772832354,0.7569966093828459,0
0,2,181,False,middle,3,0,0,0.07461777655268198,0.998361106945607,0.7569966093828459,0
0,2,181,False,middle,4,0,0,0.1960069596288956,0.9879352324012604,0.7569966093828459,0
0,2,182,False,middle,1,0,1,0.5154057366643623,0.9117226726805789,0.5812604751677874,0
0,2,182,False,middle,2,0,0,0.31421445106110846,0.9650121970007157,0.5812604751677874,0
0,2,182,False,middle,3,0,0,0.30961646452760133,0.9659870006473638,0.5812604751677874,0
0,2,182,False,middle,4,0,0,0.555079207589916,0.899897705652375,0.5812604751677874,0
0,2,183,False,middle,1,0,1,0.5125637158228377,0.9065084863117647,0.6710206986220246,0
0,2,183,False,middle,2,0,1,0.23072288726525317,0.9832035245479683,0.6710206986220246,0
0,2,183,False,middle,3,0,0,0.3436151339097684,0.9591044133054214,0.6710206986220246,0
0,2,183,False,middle,4,0,0,0.3159918325301376,0.965392025293636,0.6710206986220246,0
0,2,184,False,middle,1,0,1,0.24756450608330044,0.9811710854581129,0.7769934535354203,0
0,2,184,False,middle,2,0,1,0.5348355541351434,0.9064664462098182,0.7769934535354203,0
0,2,184,False,middle,3,0,1,0.14164421216106304,0.9937307534684797,0.7769934535354203,0
0,2,184,False,middle,4,0,0,0.26319701115140526,0.978701142994623,0.7769934535354203,0
0,2,185,False,middle,1,0,1,1.1367592608221337,0.5745884618750914,0.6533661544540552,0
0,2,185,False,middle,2,0,1,1.0140285949838708,0.6426356800929139,0.6533661544540552,0
0,2,185,False,middle,3,0,1,1.1843995172974586,0.4928673174387211,0.6533661544540552,0
0,2,185,False,middle,4,0,1,1.1215890564152309,0.5813600908147442,0.6533661544540552,0
0,2,186,False,middle,1,0,2,0.48583751813535053,0.9159054758252643,0.1778927566979949,0
0,2,186,False,middle,2,0,1,0.8403674729464006,0.7499044601079474,0.1778927566979949,0
0,2,186,False,middle,3,0,1,0.7259956049610657,0.7990846122057662,0.1778927566979949,0
0,2,186,False,middle,4,0,1,0.7311163961229311,0.7809616397931151,0.1778927566979949,0
0,2,187,False,middle,1,0,0,0.7373081109322142,0.7908277885288209,0.6627817432584682,0
0,2,187,False,middle,2,0,0,1.0624553538076253,0.6061656033985279,0.6627817432584682,0
0,2,187,False,middle,3,0,0,0.3317599362983962,0.9652405574343306,0.6627817432584682,0
0,2,187,False,middle,4,0,0,0.33595086120055545,0.9609479113632529,0.6627817432584682,0
0,2,188,False,middle,1,0,0,0.37961559423126096,0.9487496899590343,0.5823807296653518,0
0,2,188,False,middle,2,0,0,0.5974263957912749,0.8566907168348956,0.5823807296653518,0
0,2,188,False,middle,3,0,0,0.8729627686719225,0.7248588303150377,0.5823807296653518,0
0,2,188,False,middle,4,0,0,0.5083415677032243,0.9158995225422963,0.5823807296653518,0
0,2,189,False,middle,1,0,0,0.9827027316770353,0.7274083457442296,1.009111698713546,0
0,2,189,False,middle,2,0,0,1.1690168546969366,0.6134157400156784,1.009111698713546,0
0,2,189,False,middle,3,0,0,0.8572754910557484,0.8021728289992348,1.009111698713546,0
0,2,189,False,middle,4,0,0,0.49167850541497066,0.9438413931212332,1.009111698713546,0
0,2,190,False,middle,1,0,1,0.9423919617424984,0.748922081864399,0.4743019566922289,0
0,2,190,False,middle,2,0,0,0.3494968747304068,0.9533087971879904,0.4743019566922289,0
0,2,190,False,middle,3,0,0,0.2669725795927241,0.9764120682577566,0.4743019566922289,0
0,2,190,False,middle,4,0,0,0.5117548564783105,0.8872054600189213,0.4743019566922289,0
0,2,191,False,middle,1,0,0,0.705443696448513,0.8108291922293875,0.6202798927656568,0
0,2,191,False,middle,2,0,0,0.5107652480161342,0.9397692436857172,0.6202798927656568,0
0,2,191,False,middle,3,0,0,0.7666101416374569,0.7843574078572937,0.6202798927656568,0
0,2,191,False,middle,4,0,0,0.9480759448437038,0.6818412034732927,0.6202798927656568,0
0,2,192,False,middle,1,0,0,0.5640516313946925,0.8776758011201061,0.21518870955313002,0
0,2,192,False,middle,2,0,1,0.4922593384813058,0.8960875180601261,0.21518870955313002,0
0,2,192,False,middle,3,0,1,1.0108036850744526,0.7028970557380068,0.21518870955313002,0
0,2,192,False,middle,4,0,0,0.5915254532850712,0.8598238192775823,0.21518870955313002,0
0,2,193,False,middle,1,0,0,0.8119379129201028,0.7752996688591522,0.8067311378546491,0
0,2,193,False,middle,2,0,0,0.9808920285398969,0.6856798444452237,0.8067311378546491,0
0,2,193,False,middle,3,0,0,0.3746964501202898,0.9617829834741634,0.8067311378546491,0
0,2,193,False,middle,4,0,0,1.126274129275723,0.6575853435688284,0.8067311378546491,0
0,2,194,False,middle,1,0,1,0.6041069440419148,0.8826607907357725,0.4995616572578207,0
0,2,194,False,middle,2,0,0,0.4379286929867693,0.9200794231814147,0.4995616572578207,0
0,2,194,False,middle,3,0,0,0.39273078676638495,0.9426925877127383,0.4995616572578207,0
0,2,194,False,middle,4,0,0,0.36768382381408865,0.9454134281498845,0.4995616572578207,0
0,2,195,False,middle,1,0,1,0.32539997066624365,0.9568708114364778,0.43427088367596356,0
0,2,195,False,middle,2,0,1,0.5130320776196101,0.9195701161373169,0.43427088367596356,0
0,2,195,False,middle,3,0,0,0.34657395987996253,0.9481790233889901,0.43427088367596356,0
0,2,195,False,middle,4,0,0,0.6585708527902422,0.8338841561889808,0.43427088367596356,0
0,2,196,False,middle,1,0,0,0.2892053568678214,0.9654091060453917,0.47186943943182535,0
0,2,196,False,middle,2,0,0,0.48349698950215636,0.9054952393168108,0.47186943943182535,0
0,2,196,False,middle,3,0,0,0.4096652264835692,0.9522247375498479,0.47186943943182535,0
0,2,196,False,middle,4,0,0,0.4799588900352073,0.9011996334313571,0.47186943943182535,0
0,2,197,False,middle,1,0,0,0.8884808353323983,0.6920040420722879,0.5786407487482913,0
0,2,197,False,middle,2,0,0,0.751942119777154,0.7772381524241336,0.5786407487482913,0
0,2,197,False,middle,3,0,0,0.8534808211357133,0.7185333941265484,0.5786407487482913,0
0,2,197,False,middle,4,0,0,1.24359092025534,0.48473700122364055,0.5786407487482913,0
0,2,198,False,middle,1,0,0,0.9191796055984728,0.6822877009017739,0.569585419360761,0
0,2,198,False,middle,2,0,1,0.3194296241815013,0.960707533212379,0.569585419360761,0
0,2,198,False,middle,3,0,0,0.38954773544384175,0.9409911452082638,0.569585419360761,0
0,2,198,False,middle,4,0,0,0.6631461302087506,0.8295022206809854,0.569585419360761,0
0,2,199,False,middle,1,0,0,0.7911689475806706,0.7533153600350337,0.45199231494576503,0
0,2,199,False,middle,2,0,1,0.2048374951220276,0.9847773086253844,0.45199231494576503,0
0,2,199,False,middle,3,0,0,0.7590649001313999,0.7626136992045824,0.45199231494576503,0
0,2,199,False,middle,4,0,0,0.6436869204325681,0.8268660346839274,0.45199231494576503,0
0,2,200,False,late,1,0,2,0.12115330821554442,0.9939600889999339,0.4677332075187152,0
0,2,200,False,late,2,0,0,0.8191110979543244,0.7368178772738533,0.4677332075187152,0
0,2,200,False,late,3,0,1,0.26034614984649695,0.9744638456926223,0.4677332075187152,0
0,2,200,False,late,4,0,0,0.7937514878773569,0.7419390243189956,0.4677332075187152,0
0,2,201,False,late,1,0,2,0.10575638209348825,0.9954013641755832,0.4577574685999733,0
0,2,201,False,late,2,0,5,0.07239176477404202,0.9978313044097236,0.4577574685999733,0
0,2,201,False,late,3,0,0,0.7847026895879383,0.7577777532124216,0.4577574685999733,0
0,2,201,False,late,4,0,1,0.26714005041662275,0.973132642686795,0.4577574685999733,0
0,2,202,False,late,1,1,7,0.0,1.0,0.4577574685999733,0
0,2,202,False,late,2,0,2,0.10575638209348825,0.9954013641755832,0.4577574685999733,0
0,2,202,False,late,3,0,5,0.07239176477404202,0.9978313044097236,0.4577574685999733,0
0,2,202,False,late,4,0,0,0.7847026895879383,0.7577777532124216,0.4577574685999733,0
0,2,203,False,late,1,0,4,0.07842950353592305,0.9974553509286455,0.4465555823227482,0
0,2,203,False,late,2,0,4,0.07842950353592305,0.9974553509286455,0.4465555823227482,0
0,2,203,False,late,3,0,2,0.1401283016444818,0.9919116863210928,0.4465555823227482,0
0,2,203,False,late,4,0,4,0.030176471261417162,0.9996232251339382,0.4465555823227482,0
0,2,204,False,late,1,0,0,0.7853360646890148,0.7483528498777973,0.49990345090227534,0
0,2,204,False,late,2,0,0,0.8185837919874391,0.7276465521257883,0.49990345090227534,0
0,2,204,False,late,3,0,0,0.8185837919874391,0.7276465521257883,0.49990345090227534,0
0,2,204,False,late,4,0,0,0.8372676600970858,0.716092321726484,0.49990345090227534,0
0,2,205,False,late,1,0,1,0.4546675385451081,0.9142152582503092,0.3530560639451893,0
0,2,205,False,late,2,0,0,0.7324609345780662,0.7695527420616642,0.3530560639451893,0
0,2,205,False,late,3,0,0,0.7432185923482746,0.7638606319775251,0.3530560639451893,0
0,2,205,False,late,4,0,0,0.7432185923482746,0.7638606319775251,0.3530560639451893,0
0,2,206,False,late,1,0,2,0.4416060782378865,0.9180618364833253,0.47886113026594507,0
0,2,206,False,late,2,0,1,0.27918730417317017,0.9685937679062567,0.47886113026594507,0
0,2,206,False,late,3,0,0,0.7465891255057319,0.7705566870145556,0.47886113026594507,0
0,2,206,False,late,4,0,0,0.7602457905438215,0.7630389033978208,0.47886113026594507,0
0,2,207,False,late,1,0,1,0.33578185176957215,0.9530681223835448,0.3665206638587376,0
0,2,207,False,late,2,0,1,0.2180349280093586,0.9789645046517097,0.3665206638587376,0
0,2,207,False,late,3,0,2,0.3348780683711886,0.9540862014564601,0.3665206638587376,0
0,2,207,False,late,4,0,0,0.7282814964590056,0.7730294092147542,0.3665206638587376,0
0,2,208,False,late,1,0,1,0.3725144698868794,0.9426277937264801,0.49327445030328415,0
0,2,208,False,late,2,0,1,0.23686088358322743,0.9773260331197527,0.49327445030328415,0
0,2,208,False,late,3,0,1,0.4418855133443506,0.9186943283096343,0.49327445030328415,0
0,2,208,False,late,4,0,1,0.42507433038640996,0.9275315071686403,0.49327445030328415,0
0,2,209,False,late,1,0,1,0.47645627805418483,0.910805399865962,0.5442224479094153,0
0,2,209,False,late,2,0,2,0.4249180248612596,0.9277722291975183,0.5442224479094153,0
0,2,209,False,late,3,0,1,0.3555143076313322,0.9502871975698075,0.5442224479094153,0
0,2,209,False,late,4,0,1,0.5176742856528713,0.8915403447103707,0.5442224479094153,0
0,2,210,False,late,1,0,0,0.45900023267275425,0.9151299696588951,0.29957329278785827,0
0,2,210,False,late,2,0,0,0.35523606975430877,0.9479671924857153,0.29957329278785827,0
0,2,210,False,late,3,0,0,0.1457423217908637,0.9906487651030143,0.29957329278785827,0
0,2,210,False,late,4,0,0,0.3713706061224169,0.9422369416003405,0.29957329278785827,0
0,2,211,False,late,1,0,1,0.4060035568578732,0.9262189389781396,0.3713313946189146,0
0,2,211,False,late,2,0,0,0.7190687549487795,0.7892441873056135,0.3713313946189146,0
0,2,211,False,late,3,0,0,0.7297054280683826,0.7771486341508058,0.3713313946189146,0
0,2,211,False,late,4,0,0,0.4381527649844981,0.9155121707972362,0.3713313946189146,0
0,2,212,False,late,1,0,1,0.35459485006214453,0.9431394815869498,0.14108305266424773,0
0,2,212,False,late,2,0,1,0.17054960596609473,0.9867531729595802,0.14108305266424773,0
0,2,212,False,late,3,0,0,0.4889084252763825,0.9032440343282423,0.14108305266424773,0
0,2,212,False,late,4,0,0,0.4169324615705537,0.9277237417518234,0.14108305266424773,0
0,2,213,False,late,1,0,1,0.1680424503191463,0.9863827196046971,0.20926148288022317,0
0,2,213,False,late,2,0,1,0.3840386436224269,0.9332664841252528,0.20926148288022317,0
0,2,213,False,late,3,0,1,0.2514711100983319,0.9705852776179859,0.20926148288022317,0
0,2,213,False,late,4,0,0,0.382449183239459,0.9429930076507061,0.20926148288022317,0
0,2,214,False,late,1,0,1,0.3103839448444711,0.95502725346676,0.29737366484208605,0
0,2,214,False,late,2,0,1,0.26257074188627316,0.9678109559619315,0.29737366484208605,0
0,2,214,False,late,3,0,1,0.10850158647626373,0.9949576008062886,0.29737366484208605,0
0,2,214,False,late,4,0,1,0.32846870064047173,0.9504671119012639,0.29737366484208605,0
0,2,215,False,late,1,0,1,0.31330405687254986,0.9541843010082813,0.21149353514128483,0
0,2,215,False,late,2,0,4,0.030176471261417148,0.999564089208222,0.21149353514128483,0
0,2,215,False,late,3,0,1,0.1683432358147273,0.9863451679788658,0.21149353514128483,0
0,2,215,False,late,4,0,1,0.38522240227321225,0.9328599977695454,0.21149353514128483,0
0,2,216,False,late,1,0,1,0.41634915690334423,0.9220243042551538,0.3860365180405246,0
0,2,216,False,late,2,0,2,0.10533836189473227,0.9954057980100603,0.3860365180405246,0
0,2,216,False,late,3,0,1,0.41415622851593487,0.9228417338788192,0.3860365180405246,0
0,2,216,False,late,4,0,1,0.3596494228297279,0.9420340883225842,0.3860365180405246,0
0,2,217,False,late,1,0,1,0.16479532956858564,0.9884070398600172,0.26139799534617475,0
0,2,217,False,late,2,0,1,0.32304503791437283,0.9506720644418059,0.26139799534617475,0
0,2,217,False,late,3,0,1,0.1224806832390883,0.9930875565332408,0.26139799534617475,0
0,2,217,False,late,4,0,1,0.32163251872798476,0.9510861428074788,0.26139799534617475,0
0,2,218,False,late,1,0,1,0.3387215175032473,0.9459255124445982,0.22883365299973593,0
0,2,218,False,late,2,0,1,0.4370400394505308,0.9141163907510346,0.22883365299973593,0
0,2,218,False,late,3,0,3,0.05792950275189745,0.9984063904279441,0.22883365299973593,0
0,2,218,False,late,4,0,1,0.3359548074281121,0.9474131185865035,0.22883365299973593,0
0,2,219,False,late,1,0,1,0.07170228595297004,0.9975621879310236,0.19731646169290742,0
0,2,219,False,late,2,0,1,0.313653217397228,0.9534073937739528,0.19731646169290742,0
0,2,219,False,late,3,0,2,0.4077863596007551,0.9251696483448029,0.19731646169290742,0
0,2,219,False,late,4,0,1,0.018232630496559658,0.9998443272406069,0.19731646169290742,0
0,2,220,False,late,1,0,1,0.5707629142949404,0.8670128905585615,0.5559337173162765,0
0,2,220,False,late,2,0,1,0.581252215347365,0.8620363078425437,0.5559337173162765,0
0,2,220,False,late,3,0,2,0.2974261519577443,0.9677644338926765,0.5559337173162765,0
0,2,220,False,late,4,0,1,0.25336790730759423,0.9759547173663662,0.5559337173162765,0
0,2,221,False,late,1,0,2,0.1598467143154171,0.991723705090371,0.659153657673263,0
0,2,221,False,late,2,0,1,0.6850264156341285,0.8208425064178161,0.659153657673263,0
0,2,221,False,late,3,0,1,0.6873493636145621,0.8197559968657835,0.659153657673263,0
0,2,221,False,late,4,0,2,0.4106584677096456,0.942763148181263,0.659153657673263,0
0,2,222,False,late,1,0,1,0.6701775693514969,0.8288848307645615,0.12242960119032174,0
0,2,222,False,late,2,0,1,0.5652204192352623,0.869524773996229,0.12242960119032174,0
0,2,222,False,late,3,0,1,0.15457117116306213,0.9884346765116381,0.12242960119032174,0
0,2,222,False,late,4,0,3,0.2012082902702025,0.9805773689746454,0.12242960119032174,0
0,2,223,False,late,1,0,1,0.3686749050798238,0.9394180774075473,0.39593739014149704,0
0,2,223,False,late,2,0,1,0.3376538205129036,0.9615401921109566,0.39593739014149704,0
0,2,223,False,late,3,0,1,0.2565756766527984,0.9751643703915898,0.39593739014149704,0
0,2,223,False,late,4,0,2,0.40329950437356676,0.9272593727188262,0.39593739014149704,0
0,2,224,False,late,1,0,3,0.09770551224338694,0.9958745117372995,0.39650949501365934,0
0,2,224,False,late,2,0,1,0.36839994666916814,0.9395367009614464,0.39650949501365934,0
0,2,224,False,late,3,0,1,0.36791055750289575,0.9532431327057251,0.39650949501365934,0
0,2,224,False,late,4,0,1,0.271260218382809,0.9720087337004065,0.39650949501365934,0
0,2,225,False,late,1,0,2,0.3157060419682825,0.956000632873275,0.19921017283064726,0
0,2,225,False,late,2,0,2,0.2879013525649022,0.963633146738675,0.19921017283064726,0
0,2,225,False,late,3,0,1,0.1489164010597352,0.9892784590068312,0.19921017283064726,0
0,2,225,False,late,4,0,1,0.5816817775432345,0.874449903556774,0.19921017283064726,0
0,2,226,False,late,1,0,1,0.2565975461727081,0.9694915437651404,0.30884765831175437,0
0,2,226,False,late,2,0,1,0.10485321949312018,0.9954944547577783,0.30884765831175437,0
0,2,226,False,late,3,0,1,0.15177023209623444,0.990140153318028,0.30884765831175437,0
0,2,226,False,late,4,0,2,0.2764499666297507,0.9644864226778318,0.30884765831175437,0
0,2,227,False,late,1,1,7,0.0,1.0,0.30884765831175437,0
0,2,227,False,late,2,0,1,0.2565975461727081,0.9694915437651404,0.30884765831175437,0
0,2,227,False,late,3,0,1,0.10485321949312018,0.9954944547577783,0.30884765831175437,0
0,2,227,False,late,4,0,1,0.15177023209623444,0.990140153318028,0.30884765831175437,0
0,2,228,False,late,1,0,2,0.11477812462371091,0.9940478957977497,0.3315658819048196,0
0,2,228,False,late,2,0,2,0.11477812462371091,0.9940478957977497,0.3315658819048196,0
0,2,228,False,late,3,0,1,0.24256756410703026,0.9731479982057105,0.3315658819048196,0
0,2,228,False,late,4,0,1,0.11722415730062997,0.9941551190290743,0.3315658819048196,0
0,2,229,False,late,1,1,7,0.0,1.0000000000000002,0.3315658819048196,0
0,2,229,False,late,2,0,2,0.11477812462371091,0.9940478957977497,0.3315658819048196,0
0,2,229,False,late,3,0,2,0.11477812462371091,0.9940478957977497,0.3315658819048196,0
0,2,229,False,late,4,0,1,0.24256756410703026,0.9731479982057105,0.3315658819048196,0
0,2,230,False,late,1,0,1,0.14809413026578863,0.9900984352301754,0.26814192561192307,0
0,2,230,False,late,2,0,1,0.14809413026578863,0.9900984352301754,0.26814192561192307,0
0,2,230,False,late,3,0,1,0.13847843904506635,0.991210148584035,0.26814192561192307,0
0,2,230,False,late,4,0,1,0.13847843904506635,0.991210148584035,0.26814192561192307,0
0,2,231,False,late,1,0,2,0.31124982222416336,0.9641927424118598,0.5573655300987229,0
0,2,231,False,late,2,0,1,0.2687706282538117,0.9735097646682249,0.5573655300987229,0
0,2,231,False,late,3,0,1,0.2687706282538117,0.9735097646682249,0.5573655300987229,0
0,2,231,False,late,4,0,1,0.328208534316837,0.9590754320981649,0.5573655300987229,0
0,2,232,False,late,1,0,1,0.21257754635784656,0.9842469751870367,0.3570659271241494,0
0,2,232,False,late,2,0,1,0.14070492807467988,0.9913152550241243,0.3570659271241494,0
0,2,232,False,late,3,0,1,0.16908782703687927,0.9872520543738212,0.3570659271241494,0
0,2,232,False,late,4,0,1,0.16908782703687927,0.9872520543738212,0.3570659271241494,0
0,2,233,False,late,1,0,1,0.22378962591865004,0.9820179499158269,0.5519781292750844,0
0,2,233,False,late,2,0,3,0.07839609065039263,0.9976526404331669,0.5519781292750844,0
0,2,233,False,late,3,0,2,0.30179720458399384,0.9663218337567252,0.5519781292750844,0
0,2,233,False,late,4,0,1,0.271254561743452,0.972696384879242,0.5519781292750844,0
0,2,234,False,late,1,0,1,0.7825411755890848,0.7505617924683213,0.3631155796537068,0
0,2,234,False,late,2,0,1,0.5818072892762512,0.8501797861482134,0.3631155796537068,0
0,2,234,False,late,3,0,1,0.787682226055401,0.7479880976571142,0.3631155796537068,0
0,2,234,False,late,4,0,1,0.5205681833094139,0.8773566681465109,0.3631155796537068,0
0,2,235,False,late,1,0,5,0.26141470612848505,0.9700100038452394,0.38145117577004445,0
0,2,235,False,late,2,0,1,0.7945407248259055,0.7439194965330724,0.38145117577004445,0
0,2,235,False,late,3,0,1,0.5934368134612378,0.8450915999259544,0.38145117577004445,0
0,2,235,False,late,4,0,1,0.7963107552706041,0.7435111875697556,0.38145117577004445,0
0,2,236,False,late,1,0,1,0.7488560964207606,0.7646456800607044,0.48176616761539603,0
0,2,236,False,late,2,0,1,0.8186120515084828,0.7171682080586521,0.48176616761539603,0
0,2,236,False,late,3,0,1,0.7362264033925098,0.7866536854967665,0.48176616761539603,0
0,2,236,False,late,4,0,1,0.6299020213051785,0.832664047121093,0.48176616761539603,0
0,2,237,False,late,1,0,1,0.9915938998645056,0.6698107980575572,0.8224910386068852,0
0,2,237,False,late,2,0,1,0.9375465475540192,0.7010424191093534,0.8224910386068852,0
0,2,237,False,late,3,0,1,0.9883162114031075,0.664812462433386,0.8224910386068852,0
0,2,237,False,late,4,0,1,0.3826230091844661,0.9583746720323543,0.8224910386068852,0
0,2,238,False,late,1,0,1,1.127060201727661,0.5670177055558758,0.4547940433807708,0
0,2,238,False,late,2,0,1,0.8091131745867074,0.7316172516082147,0.4547940433807708,0
0,2,238,False,late,3,0,1,0.3126398014511252,0.9587743238981248,0.4547940433807708,0
0,2,238,False,late,4,0,1,0.2899588173092009,0.9645458301379594,0.4547940433807708,0
0,2,239,False,late,1,0,1,0.417453153255789,0.9267489866539436,0.4101627181629172,0
0,2,239,False,late,2,0,1,0.9479615967106525,0.6952936597945997,0.4101627181629172,0
0,2,239,False,late,3,0,1,0.6650021460196047,0.8160527895982997,0.4101627181629172,0
0,2,239,False,late,4,0,1,0.17063767547728967,0.9874631554252798,0.4101627181629172,0
0,2,240,False,late,1,1,7,0.0,0.9999999999999998,0.4101627181629172,0
0,2,240,False,late,2,0,1,0.417453153255789,0.9267489866539436,0.4101627181629172,0
0,2,240,False,late,3,0,1,0.9479615967106525,0.6952936597945997,0.4101627181629172,0
0,2,240,False,late,4,0,1,0.6650021460196047,0.8160527895982997,0.4101627181629172,0
0,2,241,False,late,1,0,1,1.092563440625651,0.6185913365340477,0.915801766139408,0
0,2,241,False,late,2,0,1,1.092563440625651,0.6185913365340477,0.915801766139408,0
0,2,241,False,late,3,0,2,1.2476984126116615,0.49971371689614824,0.915801766139408,0
0,2,241,False,late,4,0,1,0.31159026549819846,0.97341709908857,0.915801766139408,0
0,2,242,False,late,1,0,0,0.9028625628909701,0.7471847717949219,0.37438622111362807,0
0,2,242,False,late,2,0,0,0.4332467021963109,0.9187549645767792,0.37438622111362807,0
0,2,242,False,late,3,0,0,0.4332467021963109,0.9187549645767792,0.37438622111362807,0
0,2,242,False,late,4,0,0,0.4282473209492659,0.9222317728972576,0.37438622111362807,0
0,2,243,False,late,1,0,0,1.2574647252328222,0.4892260015680371,0.9325321612481015,0
0,2,243,False,late,2,0,1,1.688804425829705,0.23090806772409303,0.9325321612481015,0
0,2,243,False,late,3,0,1,1.1241605393303473,0.6002195977611005,0.9325321612481015,0
0,2,243,False,late,4,0,1,1.1241605393303473,0.6002195977611005,0.9325321612481015,0
0,2,244,False,late,1,0,2,0.21440332634569345,0.9879516751853269,0.8560817731710064,0
0,2,244,False,late,2,0,0,1.2035279238816665,0.5067381804764014,0.8560817731710064,0
0,2,244,False,late,3,0,1,1.529818544642583,0.3448806044583677,0.8560817731710064,0
0,2,244,False,late,4,0,1,1.0952093337475817,0.5979784689002395,0.8560817731710064,0
0,2,245,False,late,1,0,1,1.0816921391525716,0.6105935298632758,0.4394331945708684,0
0,2,245,False,late,2,0,1,1.07898636310591,0.6355754090907706,0.4394331945708684,0
0,2,245,False,late,3,0,0,0.4045324448977083,0.9301031874738408,0.4394331945708684,0
0,2,245,False,late,4,0,2,1.2398449450704676,0.5045399483496107,0.4394331945708684,0
0,2,246,False,late,1,0,1,0.28218677675589127,0.9661927615149091,0.27610940965754116,0
0,2,246,False,late,2,0,1,1.060816953805097,0.6164781891026911,0.27610940965754116,0
0,2,246,False,late,3,0,1,1.0994278519825913,0.6123045820002678,0.27610940965754116,0
0,2,246,False,late,4,0,0,0.22551326862599277,0.9774612736082352,0.27610940965754116,0
0,2,247,False,late,1,0,2,0.3723938972240881,0.9383393072813762,0.39088387993827955,0
0,2,247,False,late,2,0,1,0.402386548346551,0.9311168479504247,0.39088387993827955,0
0,2,247,False,late,3,0,1,1.0887512507963488,0.6014968206566887,0.39088387993827955,0
0,2,247,False,late,4,0,1,1.1169801336555607,0.6044476694342917,0.39088387993827955,0
0,2,248,False,late,1,0,2,0.31378487778650266,0.9564122021717624,0.28335352589807866,0
0,2,248,False,late,2,0,2,0.07992590478325906,0.9970395189523774,0.28335352589807866,0
0,2,248,False,late,3,0,1,0.2832162929660884,0.9659072289728324,0.28335352589807866,0
0,2,248,False,late,4,0,1,1.0572633551608797,0.6195523708102152,0.28335352589807866,0
0,2,249,False,late,1,0,1,1.0570971269119132,0.6209180913254815,0.8599487685772436,0
0,2,249,False,late,2,0,1,1.086758527419884,0.6042221683595116,0.8599487685772436,0
0,2,249,False,late,3,0,1,1.0622068022682778,0.6166478739996253,0.8599487685772436,0
0,2,249,False,late,4,0,1,1.083599321270391,0.6102976269115357,0.8599487685772436,0
0,2,250,False,late,1,0,1,0.15220327612946008,0.9937059328265827,0.9027097927914323,0
0,2,250,False,late,2,0,1,1.0748856201992119,0.6212602010540497,0.9027097927914323,0
0,2,250,False,late,3,0,1,1.087945819263982,0.6167044878297947,0.9027097927914323,0
0,2,250,False,late,4,0,1,1.0851743407732843,0.6130279704773677,0.9027097927914323,0
0,2,251,False,late,1,0,1,1.2466332203936374,0.4890661213728562,0.3949190991751838,0
0,2,251,False,late,2,0,1,1.1773791330715846,0.5321649537041933,0.3949190991751838,0
0,2,251,False,late,3,0,1,0.4986128119132021,0.8893344919830721,0.3949190991751838,0
0,2,251,False,late,4,0,1,0.5734603269044438,0.8575615836779338,0.3949190991751838,0
0,2,252,False,late,1,0,1,0.5081388726180445,0.8849747202679685,0.28011521480036494,0
0,2,252,False,late,2,0,1,1.0656502386786109,0.6281985436753855,0.28011521480036494,0
0,2,252,False,late,3,0,1,1.053751614115974,0.6233549831148084,0.28011521480036494,0
0,2,252,False,late,4,0,2,0.0896396298458018,0.996278179049065,0.28011521480036494,0
0,2,253,False,late,1,0,4,0.11292096123323397,0.9941414222668649,0.3023934332077523,0
0,2,253,False,late,2,0,1,0.5207505176685511,0.8796983721801741,0.3023934332077523,0
0,2,253,False,late,3,0,1,1.0657886935694312,0.6289581796845456,0.3023934332077523,0
0,2,253,False,late,4,0,1,1.059890773635919,0.6196385124802213,0.3023934332077523,0
0,2,254,False,late,1,0,1,0.49230854012623426,0.8877660160659046,0.2587360792425515,0
0,2,254,False,late,2,0,1,0.48177696317541696,0.8918241371696516,0.2587360792425515,0
0,2,254,False,late,3,0,1,0.21858734078330097,0.9792909372072337,0.2587360792425515,0
0,2,254,False,late,4,0,1,1.0349644667808469,0.6506025527181372,0.2587360792425515,0
0,2,255,False,late,1,0,1,0.5607781649330236,0.8601750112777704,0.4099113218625169,0
0,2,255,False,late,2,0,4,0.18827770392821064,0.9848770628793556,0.4099113218625169,0
0,2,255,False,late,3,0,4,0.29992149180586863,0.960722311316208,0.4099113218625169,0
0,2,255,False,late,4,0,1,0.589744236285097,0.8503556947512386,0.4099113218625169,0
0,2,256,False,late,1,0,2,0.38235055927738343,0.935690212504605,0.28340155213938667,0
0,2,256,False,late,2,0,1,0.47790064234498625,0.8936543645063822,0.28340155213938667,0
0,2,256,False,late,3,0,2,0.19681953443305847,0.9821757596007193,0.28340155213938667,0
0,2,256,False,late,4,0,2,0.08481456504486265,0.9966681572369046,0.28340155213938667,0
0,2,257,False,late,1,0,1,0.5579438812744525,0.8645942095652571,0.4460653722034756,0
0,2,257,False,late,2,0,1,0.6408689527429589,0.8265544945456939,0.4460653722034756,0
0,2,257,False,late,3,0,1,0.24747839798437535,0.9746268805151636,0.4460653722034756,0
0,2,257,False,late,4,0,1,0.5780102525132478,0.855076018611459,0.4460653722034756,0
0,2,258,False,late,1,0,1,0.2844591099064754,0.9656663517154211,0.34327980368910904,0
0,2,258,False,late,2,0,1,0.5270123693514914,0.8737751227983732,0.34327980368910904,0
0,2,258,False,late,3,0,1,0.611481588235534,0.8366271757800365,0.34327980368910904,0
0,2,258,False,late,4,0,1,0.17734538234441868,0.9858719130639793,0.34327980368910904,0
0,2,259,False,late,1,0,1,0.5008639241575378,0.923020291227079,0.7797948398323902,0
0,2,259,False,late,2,0,1,0.440172629231485,0.941024437079968,0.7797948398323902,0
0,2,259,False,late,3,0,1,0.9613923199325692,0.6692203153816056,0.7797948398323902,0
0,2,259,False,late,4,0,1,1.0224834217707148,0.6313862959093511,0.7797948398323902,0
0,2,260,False,late,1,0,1,1.3126145249635783,0.49563606766430035,0.895859927081053,0
0,2,260,False,late,2,0,1,1.0147641913383005,0.6659595853649608,0.895859927081053,0
0,2,260,False,late,3,0,1,1.2349430560039902,0.5021573263244767,0.895859927081053,0
0,2,260,False,late,4,0,1,1.094217659416674,0.6039425396318647,0.895859927081053,0
0,2,261,False,late,1,0,1,0.25798498005138387,0.9830211911664299,0.7386394185785434,0
0,2,261,False,late,2,0,1,1.2207589572171995,0.5275578556393419,0.7386394185785434,0
0,2,261,False,late,3,0,1,0.9059054373887969,0.7009756575696282,0.7386394185785434,0
0,2,261,False,late,4,0,1,1.0956478704797814,0.5671510299941205,0.7386394185785434,0
0,2,262,False,late,1,0,1,0.9188410238927724,0.6895008906809498,0.28620262579416117,0
0,2,262,False,late,2,0,1,1.0735396154003753,0.6201173324440169,0.28620262579416117,0
0,2,262,False,late,3,0,1,0.9855528064763025,0.6515003293531272,0.28620262579416117,0
0,2,262,False,late,4,0,1,0.5449796803972532,0.8650989437864233,0.28620262579416117,0
0,2,263,False,late,1,0,1,1.0441767590063733,0.6250967562355983,0.8412823141196262,0
0,2,263,False,late,2,0,1,1.281361840209489,0.4959394407276635,0.8412823141196262,0
0,2,263,False,late,3,0,1,1.3789496760244144,0.4584782619833353,0.8412823141196262,0
0,2,263,False,late,4,0,1,0.09035010112719266,0.9979891473920169,0.8412823141196262,0
0,2,264,False,late,1,0,2,0.7048692938565735,0.8450370014550033,0.153541276715054,0
0,2,264,False,late,2,0,1,0.3723278597783913,0.9345174563742114,0.153541276715054,0
0,2,264,False,late,3,0,1,0.8146677028770756,0.7574737806827115,0.153541276715054,0
0,2,264,False,late,4,0,1,0.964903303411336,0.6975851126217675,0.153541276715054,0
0,2,265,False,late,1,0,1,0.3723278597783913,0.9345174563742114,0.28620262579416117,0
0,2,265,False,late,2,0,1,1.0441767590063733,0.6250967562355983,0.28620262579416117,0
0,2,265,False,late,3,1,7,0.0,1.0,0.28620262579416117,0
0,2,265,False,late,4,0,1,0.9188410238927724,0.6895008906809498,0.28620262579416117,0
0,2,266,False,late,1,0,1,0.3882514718569194,0.9352897015832881,0.4493623407055414,0
0,2,266,False,late,2,0,1,0.5678525013089742,0.857867627679104,0.4493623407055414,0
0,2,266,False,late,3,0,1,1.1477870867347608,0.5556919527602264,0.4493623407055414,0
0,2,266,False,late,4,0,1,0.3882514718569194,0.9352897015832881,0.4493623407055414,0
0,2,267,False,late,1,0,2,0.3938436211627566,0.9333609319787682,0.28340155213938667,0
0,2,267,False,late,2,0,1,0.03534465785254564,0.9994225140464019,0.28340155213938667,0
0,2,267,False,late,3,0,1,0.35779566738835694,0.9394936667409697,0.28340155213938667,0
0,2,267,False,late,4,0,1,1.0191196412030592,0.6440024159959286,0.28340155213938667,0
0,2,268,False,late,1,1,7,0.0,1.0,0.28340155213938667,0
0,2,268,False,late,2,0,2,0.3938436211627566,0.9333609319787682,0.28340155213938667,0
0,2,268,False,late,3,0,1,0.03534465785254564,0.9994225140464019,0.28340155213938667,0
0,2,268,False,late,4,0,1,0.35779566738835694,0.9394936667409697,0.28340155213938667,0
0,2,269,False,late,1,0,1,1.0573207484353124,0.6165372750795672,0.8467522648989061,0
0,2,269,False,late,2,0,1,1.0573207484353124,0.6165372750795672,0.8467522648989061,0
0,2,269,False,late,3,0,1,1.0917246214506098,0.6011086413448117,0.8467522648989061,0
0,2,269,False,late,4,0,1,1.0378220702925975,0.631654618625123,0.8467522648989061,0
0,2,270,False,late,1,0,1,1.0573207484353124,0.6165372750795672,0.28340155213938667,0
0,2,270,False,late,2,1,7,0.0,1.0,0.28340155213938667,0
0,2,270,False,late,3,1,7,0.0,1.0,0.28340155213938667,0
0,2,270,False,late,4,0,2,0.3938436211627566,0.9333609319787682,0.28340155213938667,0
0,2,271,False,late,1,1,7,0.0,1.0,0.28340155213938667,0
0,2,271,False,late,2,0,1,1.0573207484353124,0.6165372750795672,0.28340155213938667,0
0,2,271,False,late,3,1,7,0.0,1.0,0.28340155213938667,0
0,2,271,False,late,4,1,7,0.0,1.0,0.28340155213938667,0
0,2,272,False,late,1,0,1,0.3681503865893646,0.93587576079357,0.1454409727551962,0
0,2,272,False,late,2,0,1,0.3681503865893646,0.93587576079357,0.1454409727551962,0
0,2,272,False,late,3,0,1,0.9041802031885163,0.7252334728685417,0.1454409727551962,0
0,2,272,False,late,4,0,1,0.3681503865893646,0.93587576079357,0.1454409727551962,0
0,2,273,False,late,1,0,1,0.4061655531375644,0.9230000887113127,0.3203070324819382,0
0,2,273,False,late,2,0,1,0.03934541353705522,0.9993428822842627,0.3203070324819382,0
0,2,273,False,late,3,0,1,0.03934541353705522,0.9993428822842627,0.3203070324819382,0
0,2,273,False,late,4,0,1,1.083324721692327,0.5981443442567732,0.3203070324819382,0
0,2,274,False,late,1,0,2,0.02941176470588247,0.9996236571862056,0.33804555277273945,0
0,2,274,False,late,2,0,1,0.42996121956191585,0.9142985093296875,0.33804555277273945,0
0,2,274,False,late,3,0,1,0.0643678279557766,0.9982315904121893,0.33804555277273945,0
0,2,274,False,late,4,0,1,0.0643678279557766,0.9982315904121893,0.33804555277273945,0
0,2,275,False,late,1,0,5,0.38407852977338963,0.9368355315051985,0.44546244975750576,0
0,2,275,False,late,2,0,2,0.38520302300994824,0.9363278578974754,0.44546244975750576,0
0,2,275,False,late,3,0,1,0.5187016047901793,0.8815999210485768,0.44546244975750576,0
0,2,275,False,late,4,0,1,0.38943489097490097,0.9347028479717063,0.44546244975750576,0
0,2,276,False,late,1,1,7,0.0,1.0,0.44546244975750576,0
0,2,276,False,late,2,0,5,0.38407852977338963,0.9368355315051985,0.44546244975750576,0
0,2,276,False,late,3,0,2,0.38520302300994824,0.9363278578974754,0.44546244975750576,0
0,2,276,False,late,4,0,1,0.5187016047901793,0.8815999210485768,0.44546244975750576,0
0,2,277,False,late,1,0,2,0.22264434151379686,0.9795161348274652,0.28950749915658613,0
0,2,277,False,late,2,0,2,0.22264434151379686,0.9795161348274652,0.28950749915658613,0
0,2,277,False,late,3,0,2,0.2277883074771145,0.9764880294273611,0.28950749915658613,0
0,2,277,False,late,4,0,2,0.21408444525814838,0.9790738517884888,0.28950749915658613,0
0,2,278,False,late,1,1,7,0.0,0.9999999999999998,0.28950749915658613,0
0,2,278,False,late,2,0,2,0.22264434151379686,0.9795161348274652,0.28950749915658613,0
0,2,278,False,late,3,0,2,0.22264434151379686,0.9795161348274652,0.28950749915658613,0
0,2,278,False,late,4,0,2,0.2277883074771145,0.9764880294273611,0.28950749915658613,0
0,2,279,False,late,1,1,7,0.0,0.9999999999999998,0.28950749915658613,0
0,2,279,False,late,2,1,7,0.0,0.9999999999999998,0.28950749915658613,0
0,2,279,False,late,3,0,2,0.22264434151379686,0.9795161348274652,0.28950749915658613,0
0,2,279,False,late,4,0,2,0.22264434151379686,0.9795161348274652,0.28950749915658613,0
0,2,280,False,late,1,1,7,0.0,0.9999999999999998,0.28950749915658613,0
0,2,280,False,late,2,1,7,0.0,0.9999999999999998,0.28950749915658613,0
0,2,280,False,late,3,1,7,0.0,0.9999999999999998,0.28950749915658613,0
0,2,280,False,late,4,0,2,0.22264434151379686,0.9795161348274652,0.28950749915658613,0
0,2,281,False,late,1,1,7,0.0,0.9999999999999998,0.28950749915658613,0
0,2,281,False,late,2,1,7,0.0,0.9999999999999998,0.28950749915658613,0
0,2,281,False,late,3,1,7,0.0,0.9999999999999998,0.28950749915658613,0
0,2,281,False,late,4,1,7,0.0,0.9999999999999998,0.28950749915658613,0
0,2,282,False,late,1,0,2,0.18655589210268303,0.9853650125183793,0.4167834681044909,0
0,2,282,False,late,2,0,2,0.18655589210268303,0.9853650125183793,0.4167834681044909,0
0,2,282,False,late,3,0,2,0.18655589210268303,0.9853650125183793,0.4167834681044909,0
0,2,282,False,late,4,0,2,0.18655589210268303,0.9853650125183793,0.4167834681044909,0
0,2,283,False,late,1,0,1,0.41859384633772245,0.9223417224592909,0.0433074939539923,0
0,2,283,False,late,2,0,1,0.2920931043531411,0.9598344496613334,0.0433074939539923,0
0,2,283,False,late,3,0,1,0.2920931043531411,0.9598344496613334,0.0433074939539923,0
0,2,283,False,late,4,0,1,0.2920931043531411,0.9598344496613334,0.0433074939539923,0
0,2,284,False,late,1,1,7,0.0,0.9999999999999998,0.0433074939539923,0
0,2,284,False,late,2,0,1,0.41859384633772245,0.9223417224592909,0.0433074939539923,0
0,2,284,False,late,3,0,1,0.2920931043531411,0.9598344496613334,0.0433074939539923,0
0,2,284,False,late,4,0,1,0.2920931043531411,0.9598344496613334,0.0433074939539923,0
0,2,285,False,late,1,1,7,0.0,0.9999999999999998,0.0433074939539923,0
0,2,285,False,late,2,1,7,0.0,0.9999999999999998,0.0433074939539923,0
0,2,285,False,late,3,0,1,0.41859384633772245,0.9223417224592909,0.0433074939539923,0
0,2,285,False,late,4,0,1,0.2920931043531411,0.9598344496613334,0.0433074939539923,0
0,2,286,False,late,1,1,7,0.0,0.9999999999999998,0.0433074939539923,0
0,2,286,False,late,2,1,7,0.0,0.9999999999999998,0.0433074939539923,0
0,2,286,False,late,3,1,7,0.0,0.9999999999999998,0.0433074939539923,0
0,2,286,False,late,4,0,1,0.41859384633772245,0.9223417224592909,0.0433074939539923,0
0,2,287,False,late,1,1,7,0.0,0.9999999999999998,0.0433074939539923,0
0,2,287,False,late,2,1,7,0.0,0.9999999999999998,0.0433074939539923,0
0,2,287,False,late,3,1,7,0.0,0.9999999999999998,0.0433074939539923,0
0,2,287,False,late,4,1,7,0.0,0.9999999999999998,0.0433074939539923,0
0,2,288,False,late,1,0,1,0.37853035288993025,0.9351643063141601,0.376813864653567,0
0,2,288,False,late,2,0,1,0.37853035288993025,0.9351643063141601,0.376813864653567,0
0,2,288,False,late,3,0,1,0.37853035288993025,0.9351643063141601,0.376813864653567,0
0,2,288,False,late,4,0,1,0.37853035288993025,0.9351643063141601,0.376813864653567,0
0,2,289,False,late,1,0,1,0.9802006295591346,0.6731649729756936,0.8295385744742229,0
0,2,289,False,late,2,0,2,0.8256969238317721,0.7721008387612908,0.8295385744742229,0
0,2,289,False,late,3,0,2,0.8256969238317721,0.7721008387612908,0.8295385744742229,0
0,2,289,False,late,4,0,2,0.8256969238317721,0.7721008387612908,0.8295385744742229,0
0,2,290,False,late,1,0,1,1.2531345205534261,0.46722540282815694,0.4766489597105619,0
0,2,290,False,late,2,0,1,0.5007942744238146,0.8947216808314242,0.4766489597105619,0
0,2,290,False,late,3,0,1,0.4843581500501617,0.8993594653538286,0.4766489597105619,0
0,2,290,False,late,4,0,1,0.4843581500501617,0.8993594653538286,0.4766489597105619,0
0,2,291,False,late,1,0,1,0.9976428216253668,0.6090048192324249,0.5620738979902964,0
0,2,291,False,late,2,0,2,0.2741098644235803,0.9825595234592841,0.5620738979902964,0
0,2,291,False,late,3,0,1,0.7392715586832878,0.7796025602752469,0.5620738979902964,0
0,2,291,False,late,4,0,2,0.5553309501770916,0.8750156035564031,0.5620738979902964,0
0,2,292,False,late,1,0,3,0.08244791798645348,0.9974151245493093,0.5521722381267928,0
0,2,292,False,late,2,0,1,0.9880989837966049,0.6147027868392622,0.5521722381267928,0
0,2,292,False,late,3,0,2,0.2823406023261681,0.9814448404716968,0.5521722381267928,0
0,2,292,False,late,4,0,1,0.7317907431719245,0.7828798685831575,0.5521722381267928,0
0,2,293,False,late,1,0,3,0.05281783417125934,0.9989347096445428,0.5565099420270575,0
0,2,293,False,late,2,0,3,0.040435834810266635,0.9993800784104379,0.5565099420270575,0
0,2,293,False,late,3,0,1,0.9886780524546868,0.6150184009574987,0.5565099420270575,0
0,2,293,False,late,4,0,2,0.2749907591229862,0.9826358607293271,0.5565099420270575,0
0,2,294,False,late,1,0,1,0.9629066341701195,0.6280207088748072,0.4205788851178857,0
0,2,294,False,late,2,0,1,0.9613165233285514,0.628471077712751,0.4205788851178857,0
0,2,294,False,late,3,0,1,0.9701617702844042,0.6233995751636315,0.4205788851178857,0
0,2,294,False,late,4,0,1,0.17745006520963194,0.987118202567535,0.4205788851178857,0
0,2,295,False,late,1,0,1,0.5127045224924496,0.8862957940795251,0.36258868715891235,0
0,2,295,False,late,2,0,2,0.6475544243162537,0.8304437679022737,0.36258868715891235,0
0,2,295,False,late,3,0,2,0.6597751646879314,0.8234195201176351,0.36258868715891235,0
0,2,295,False,late,4,0,2,0.6535042557929757,0.827855880348778,0.36258868715891235,0
0,2,296,False,late,1,0,5,0.2051100001931191,0.9812449755982708,0.2805152679569387,0
0,2,296,False,late,2,0,1,0.5086663017955153,0.8861282294719803,0.2805152679569387,0
0,2,296,False,late,3,0,2,0.6115202397556648,0.8474005450309737,0.2805152679569387,0
0,2,296,False,late,4,0,2,0.6158001177601045,0.8447201596828893,0.2805152679569387,0
0,2,297,False,late,1,0,1,0.6279095826864461,0.8307420573228799,0.4766708562242204,0
0,2,297,False,late,2,0,1,0.6078842975584747,0.844030729187216,0.4766708562242204,0
0,2,297,False,late,3,0,3,0.17811470809635876,0.9870201703211113,0.4766708562242204,0
0,2,297,False,late,4,0,1,0.9886566492590598,0.6150380939233354,0.4766708562242204,0
0,2,298,False,late,1,0,3,0.35407850762146975,0.9481122680564372,0.42524055303241654,0
0,2,298,False,late,2,0,1,0.5368458008689058,0.8733419573518916,0.42524055303241654,0
0,2,298,False,late,3,0,1,0.6301513810826141,0.8284589999451069,0.42524055303241654,0
0,2,298,False,late,4,0,3,0.2628208777509267,0.970704016226226,0.42524055303241654,0
0,2,299,False,late,1,0,3,0.35222931636295857,0.948632988784625,0.47587715001518266,0
0,2,299,False,late,2,0,5,0.0020108823548344867,0.9999983994739774,0.47587715001518266,0
0,2,299,False,late,3,0,1,0.6273909600292503,0.8309524197878001,0.47587715001518266,0
0,2,299,False,late,4,0,1,0.608027298791341,0.8438961375914253,0.47587715001518266,0
0,3,1,True,early,1,0,0,0.2674568241527646,0.9800893163677332,0.7346942654491967,0
0,3,2,True,early,1,0,0,0.07247386300945984,0.9983134093766198,0.7445120772325393,0
0,3,2,True,early,2,0,0,0.28020165100763295,0.9782199346442886,0.7445120772325393,0
0,3,3,True,early,1,0,0,0.08459346647002046,0.9983340183031293,0.813580374157815,0
0,3,3,True,early,2,0,0,0.118924473587756,0.9963078386295673,0.813580374157815,0
0,3,3,True,early,3,0,0,0.3373041965093452,0.9712517595403947,0.813580374157815,0
0,3,4,True,early,1,0,0,0.07575231855144306,0.9982970475082329,0.7955519530424677,0
0,3,4,True,early,2,0,0,0.10437224359713339,0.9968853113132723,0.7955519530424677,0
0,3,4,True,early,3,0,0,0.09316702154519485,0.9976940067124781,0.7955519530424677,0
0,3,4,True,early,4,0,0,0.3190376676226632,0.9738527839138549,0.7955519530424677,0
0,3,5,True,early,1,0,0,0.18922109761405223,0.9896431818473918,0.6956727032503015,0
0,3,5,True,early,2,0,0,0.16608092248351736,0.9928217453707614,0.6956727032503015,0
0,3,5,True,early,3,0,0,0.0969287912590143,0.9971749610857885,0.6956727032503015,0
0,3,5,True,early,4,0,0,0.13304173928012952,0.9943156935723511,0.6956727032503015,0
0,3,6,True,early,1,0,0,0.03850128161549809,0.9995004184659578,0.6945665338618312,0
0,3,6,True,early,2,0,0,0.19791504398296347,0.9885805100581958,0.6945665338618312,0
0,3,6,True,early,3,0,0,0.17361165905494474,0.9920318004292247,0.6945665338618312,0
0,3,6,True,early,4,0,0,0.10098818030108028,0.9969208535273583,0.6945665338618312,0
0,3,7,True,early,1,0,2,0.08861908684909056,0.997354235385477,0.6966458417102426,0
0,3,7,True,early,2,0,0,0.09460697357358284,0.9969857394760353,0.6966458417102426,0
0,3,7,True,early,3,0,0,0.13985852509000107,0.9948420018984174,0.6966458417102426,0
0,3,7,True,early,4,0,0,0.14056688624014174,0.9952898659918766,0.6966458417102426,0
0,3,8,True,early,1,0,2,0.11620193364661258,0.9954488036423049,0.6934197979125488,0
0,3,8,True,early,2,0,4,0.03044329169408386,0.9996873819193268,0.6934197979125488,0
0,3,8,True,early,3,0,0,0.044543416747663496,0.9993313305879935,0.6934197979125488,0
0,3,8,True,early,4,0,0,0.21994778660972195,0.9856395417677991,0.6934197979125488,0
0,3,9,True,early,1,0,2,0.04119549426702251,0.9994268896953074,0.6914167949725303,0
0,3,9,True,early,2,0,3,0.14008001649261606,0.9933813315019989,0.6914167949725303,0
0,3,9,True,early,3,0,2,0.06682371264055945,0.9984927461101953,0.6914167949725303,0
0,3,9,True,early,4,0,0,0.06599194188596859,0.9985317230395699,0.6914167949725303,0
0,3,10,True,early,1,0,0,0.10795137009583974,0.996634977745121,0.607670980388691,0
0,3,10,True,early,2,0,0,0.11283345861628294,0.9962966158868175,0.607670980388691,0
0,3,10,True,early,3,0,0,0.18598941940390312,0.9886992972270843,0.607670980388691,0
0,3,10,True,early,4,0,0,0.1257903853006063,0.9952351367564545,0.607670980388691,0
0,3,11,True,early,1,1,7,0.0,1.0,0.607670980388691,0
0,3,11,True,early,2,0,0,0.10795137009583974,0.996634977745121,0.607670980388691,0
0,3,11,True,early,3,0,0,0.11283345861628294,0.9962966158868175,0.607670980388691,0
0,3,11,True,early,4,0,0,0.18598941940390312,0.9886992972270843,0.607670980388691,0
0,3,12,True,early,1,0,0,0.08314393549684451,0.9977609507542597,0.546237487883233,0
0,3,12,True,early,2,0,0,0.08314393549684451,0.9977609507542597,0.546237487883233,0
0,3,12,True,early,3,0,0,0.19078819870494534,0.9889627926032699,0.546237487883233,0
0,3,12,True,early,4,0,0,0.19303776451340232,0.9887249892111439,0.546237487883233,0
0,3,13,True,early,1,0,0,0.07503989451956841,0.9980062605365083,0.49491452905786,0
0,3,13,True,early,2,0,0,0.1581204854896523,0.9915579830685591,0.49491452905786,0
0,3,13,True,early,3,0,0,0.1581204854896523,0.9915579830685591,0.49491452905786,0
0,3,13,True,early,4,0,0,0.26576830772679294,0.9776498994736121,0.49491452905786,0
0,3,14,True,early,1,0,0,0.06426409648456527,0.998391215469168,0.4646683807561844,0
0,3,14,True,early,2,0,0,0.13284184954088066,0.9935157867137858,0.4646683807561844,0
0,3,14,True,early,3,0,0,0.21396068083840902,0.9840244156307473,0.4646683807561844,0
0,3,14,True,early,4,0,0,0.21396068083840902,0.9840244156307473,0.4646683807561844,0
0,3,15,True,early,1,0,0,0.2020351990074818,0.9830825890730085,0.40511551444555344,0
0,3,15,True,early,2,0,0,0.2658437276402815,0.9712104191859278,0.40511551444555344,0
0,3,15,True,early,3,0,0,0.3329921059751251,0.9563934579123738,0.40511551444555344,0
0,3,15,True,early,4,0,0,0.41052587106366717,0.9365513592416312,0.40511551444555344,0
0,3,16,True,early,1,1,7,0.0,1.0,0.40511551444555344,0
0,3,16,True,early,2,0,0,0.2020351990074818,0.9830825890730085,0.40511551444555344,0
0,3,16,True,early,3,0,0,0.2658437276402815,0.9712104191859278,0.40511551444555344,0
0,3,16,True,early,4,0,0,0.3329921059751251,0.9563934579123738,0.40511551444555344,0
0,3,17,True,early,1,1,7,0.0,1.0,0.40511551444555344,0
0,3,17,True,early,2,1,7,0.0,1.0,0.40511551444555344,0
0,3,17,True,early,3,0,0,0.2020351990074818,0.9830825890730085,0.40511551444555344,0
0,3,17,True,early,4,0,0,0.2658437276402815,0.9712104191859278,0.40511551444555344,0
0,3,18,True,early,1,0,0,0.1339631203340807,0.992305723342463,0.40974017912445715,0
0,3,18,True,early,2,0,0,0.1339631203340807,0.992305723342463,0.40974017912445715,0
0,3,18,True,early,3,0,0,0.1339631203340807,0.992305723342463,0.40974017912445715,0
0,3,18,True,early,4,0,0,0.3355612285745519,0.9529574548683541,0.40974017912445715,0
0,3,19,True,early,1,0,0,0.026015249373540234,0.9997184485272743,0.3972021805865204,0
0,3,19,True,early,2,0,0,0.14645370130861526,0.9907660985608111,0.3972021805865204,0
0,3,19,True,early,3,0,0,0.14645370130861526,0.9907660985608111,0.3972021805865204,0
0,3,19,True,early,4,0,0,0.14645370130861526,0.9907660985608111,0.3972021805865204,0
0,3,20,True,early,1,0,2,0.044163451290087266,0.99919926528582,0.42094312897091163,0
0,3,20,True,early,2,0,0,0.03635297071022036,0.9994443329666421,0.42094312897091163,0
0,3,20,True,early,3,0,0,0.16742036853616157,0.9880436636912773,0.42094312897091163,0
0,3,20,True,early,4,0,0,0.16742036853616157,0.9880436636912773,0.42094312897091163,0
0,3,21,True,early,1,0,0,0.08281721944443253,0.9971917168274427,0.45330106004113085,0
0,3,21,True,early,2,0,0,0.11571975300768031,0.994536338292166,0.45330106004113085,0
0,3,21,True,early,3,0,0,0.11809670374285969,0.9942483575955412,0.45330106004113085,0
0,3,21,True,early,4,0,0,0.25011990060305755,0.9737473034728484,0.45330106004113085,0
0,3,22,True,early,1,0,5,0.008043529419337947,0.9999756041923894,0.4590798321687191,0
0,3,22,True,early,2,0,0,0.08417325059558077,0.9971314444087029,0.4590798321687191,0
0,3,22,True,early,3,0,0,0.11683259261968622,0.9944858459885234,0.4590798321687191,0
0,3,22,True,early,4,0,0,0.119051567458173,0.9942029039564981,0.4590798321687191,0
0,3,23,True,early,1,1,7,0.0,1.0,0.4590798321687191,0
0,3,23,True,early,2,0,5,0.008043529419337947,0.9999756041923894,0.4590798321687191,0
0,3,23,True,early,3,0,0,0.08417325059558077,0.9971314444087029,0.4590798321687191,0
0,3,23,True,early,4,0,0,0.11683259261968622,0.9944858459885234,0.4590798321687191,0
0,3,24,True,early,1,0,2,0.009510971272667153,0.9999684677966824,0.46792798820414216,0
0,3,24,True,early,2,0,2,0.009510971272667153,0.9999684677966824,0.46792798820414216,0
0,3,24,True,early,3,0,2,0.015880947337891693,0.9999114178565303,0.46792798820414216,0
0,3,24,True,early,4,0,0,0.09028218035265889,0.9967497561202844,0.46792798820414216,0
0,3,25,True,early,1,0,2,0.007352941176470562,0.9999793910638168,0.4724698888991785,0
0,3,25,True,early,2,0,2,0.015895150404554487,0.999909326851675,0.4724698888991785,0
0,3,25,True,early,3,0,2,0.015895150404554487,0.999909326851675,0.4724698888991785,0
0,3,25,True,early,4,0,2,0.02035685929073535,0.9998560644320449,0.4724698888991785,0
0,3,26,True,early,1,1,7,0.0,1.0,0.4724698888991785,0
0,3,26,True,early,2,0,2,0.007352941176470562,0.9999793910638168,0.4724698888991785,0
0,3,26,True,early,3,0,2,0.015895150404554487,0.999909326851675,0.4724698888991785,0
0,3,26,True,early,4,0,2,0.015895150404554487,0.999909326851675,0.4724698888991785,0
0,3,27,True,early,1,0,2,0.03725636092294559,0.9994664819179889,0.49210414500986804,0
0,3,27,True,early,2,0,2,0.03725636092294559,0.9994664819179889,0.49210414500986804,0
0,3,27,True,early,3,0,2,0.044528188966224416,0.9992388032854387,0.49210414500986804,0
0,3,27,True,early,4,0,2,0.05147058823529416,0.9990018915056658,0.49210414500986804,0
0,3,28,True,early,1,1,7,0.0,0.9999999999999998,0.49210414500986804,0
0,3,28,True,early,2,0,2,0.03725636092294559,0.9994664819179889,0.49210414500986804,0
0,3,28,True,early,3,0,2,0.03725636092294559,0.9994664819179889,0.49210414500986804,0
0,3,28,True,early,4,0,2,0.044528188966224416,0.9992388032854387,0.49210414500986804,0
0,3,29,True,early,1,0,1,0.023354965014684738,0.9998073655370882,0.5098899251100284,0
0,3,29,True,early,2,0,1,0.023354965014684738,0.9998073655370882,0.5098899251100284,0
0,3,29,True,early,3,0,1,0.0592194171218969,0.9986971756757154,0.5098899251100284,0
0,3,29,True,early,4,0,1,0.0592194171218969,0.9986971756757154,0.5098899251100284,0
0,3,30,True,early,1,0,1,0.05348901707441815,0.9989628719605937,0.5412996814256337,0
0,3,30,True,early,2,0,1,0.07535400693191686,0.9979609002438021,0.5412996814256337,0
0,3,30,True,early,3,0,1,0.07535400693191686,0.9979609002438021,0.5412996814256337,0
0,3,30,True,early,4,0,1,0.10912340655360593,0.9956504659567271,0.5412996814256337,0
0,3,31,True,early,1,0,1,0.013079042002779427,0.9999366984134327,0.5354216203300848,0
0,3,31,True,early,2,0,1,0.05464329167950412,0.9988823825905817,0.5354216203300848,0
0,3,31,True,early,3,0,1,0.0744838767220299,0.9979607626476447,0.5354216203300848,0
0,3,31,True,early,4,0,1,0.0744838767220299,0.9979607626476447,0.5354216203300848,0
0,3,32,True,early,1,0,4,0.027367997389153603,0.999712368931077,0.528360552315435,0
0,3,32,True,early,2,0,1,0.03701563476207075,0.9994817841148839,0.528360552315435,0
0,3,32,True,early,3,0,1,0.07035521174511943,0.9980790538110391,0.528360552315435,0
0,3,32,True,early,4,0,1,0.0860150698773895,0.9971729676760377,0.528360552315435,0
0,3,33,True,early,1,0,2,0.01723871655566976,0.999902898024012,0.5429180019667479,0
0,3,33,True,early,2,0,2,0.03105938121946043,0.9996312002608624,0.5429180019667479,0
0,3,33,True,early,3,0,1,0.039160116063510324,0.9994076278124492,0.5429180019667479,0
0,3,33,True,early,4,0,1,0.07686189576828865,0.9977799662338348,0.5429180019667479,0
0,3,34,True,early,1,0,1,0.030989169246126592,0.999630304408366,0.5382886479437202,0
0,3,34,True,early,2,0,1,0.034942457717595715,0.999533205147643,0.5382886479437202,0
0,3,34,True,early,3,0,1,0.05953060336719986,0.9986252081815348,0.5382886479437202,0
0,3,34,True,early,4,0,1,0.06858861527071229,0.9981793290187659,0.5382886479437202,0
0,3,35,True,early,1,0,4,0.017817076260327486,0.9998769470923058,0.5375140724120295,0
0,3,35,True,early,2,0,1,0.04844571425087509,0.999094162200945,0.5375140724120295,0
0,3,35,True,early,3,0,1,0.05160082423041456,0.9989703885768638,0.5375140724120295,0
0,3,35,True,early,4,0,1,0.07708664416795231,0.9976932055368706,0.5375140724120295,0
0,3,36,True,early,1,0,1,0.026356172650226817,0.9997305005713255,0.5371203047085773,0
0,3,36,True,early,2,0,1,0.04382191838562667,0.9992552884872707,0.5371203047085773,0
0,3,36,True,early,3,0,1,0.07468238878562258,0.9978438522056037,0.5371203047085773,0
0,3,36,True,early,4,0,1,0.0769730062978151,0.9976991064295112,0.5371203047085773,0
0,3,37,True,early,1,0,1,0.02319194730387007,0.9997970623291358,0.5447626650559271,0
0,3,37,True,early,2,0,1,0.04882157271810349,0.9990827755550254,0.5447626650559271,0
0,3,37,True,early,3,0,1,0.0660043727352534,0.9983193296045595,0.5447626650559271,0
0,3,37,True,early,4,0,1,0.09668576909045593,0.9963931047181575,0.5447626650559271,0
0,3,38,True,middle,1,0,2,0.3663607484249956,0.9535537944242597,0.689285744269287,0
0,3,38,True,middle,2,0,1,0.35810950660991203,0.9557776709148438,0.689285744269287,0
0,3,38,True,middle,3,0,1,0.34493959213415004,0.9591316806866097,0.689285744269287,0
0,3,38,True,middle,4,0,1,0.33624595326043055,0.9612705512967235,0.689285744269287,0
0,3,39,True,middle,1,0,1,0.393130260789654,0.9461672641174028,0.5606870928802921,0
0,3,39,True,middle,2,0,1,0.05954470866399775,0.9986648299541355,0.5606870928802921,0
0,3,39,True,middle,3,0,1,0.08099378340119098,0.9975289843146604,0.5606870928802921,0
0,3,39,True,middle,4,0,1,0.10568052195275894,0.9957574821920971,0.5606870928802921,0
0,3,40,True,middle,1,0,2,0.038130913324741174,0.9994508076672604,0.566062102150138,0
0,3,40,True,middle,2,0,1,0.4134241201520354,0.9403005930070317,0.566062102150138,0
0,3,40,True,middle,3,0,1,0.09088393983333562,0.9968847244899967,0.566062102150138,0
0,3,40,True,middle,4,0,1,0.11341729413439479,0.9951439546819836,0.566062102150138,0
0,3,41,True,middle,1,0,1,0.24451236791699077,0.9775506007283229,0.4315686141339326,0
0,3,41,True,middle,2,0,1,0.2373294048675187,0.9787609652074628,0.4315686141339326,0
0,3,41,True,middle,3,0,1,0.5238946932127443,0.9022004741447339,0.4315686141339326,0
0,3,41,True,middle,4,0,1,0.2262283738306265,0.9803597985140492,0.4315686141339326,0
0,3,42,True,middle,1,0,0,0.14067960064695217,0.991638223206931,0.39203071024483716,0
0,3,42,True,middle,2,0,0,0.3088403554734758,0.963638707363003,0.39203071024483716,0
0,3,42,True,middle,3,0,0,0.30859720018711223,0.9634581338693751,0.39203071024483716,0
0,3,42,True,middle,4,0,0,0.579809178102181,0.8787103963737908,0.39203071024483716,0
0,3,43,True,middle,1,0,0,0.1804179744553076,0.9860108376191723,0.41159402726704214,0
0,3,43,True,middle,2,0,2,0.08658056633310221,0.9968432732941364,0.41159402726704214,0
0,3,43,True,middle,3,0,1,0.2634221504181088,0.973923293937112,0.41159402726704214,0
0,3,43,True,middle,4,0,1,0.2452601625672108,0.977447970935282,0.41159402726704214,0
0,3,44,True,middle,1,0,0,0.17682712178301785,0.9866522918762279,0.41587730318543886,0
0,3,44,True,middle,2,0,2,0.03237852975094775,0.9995836767384887,0.41587730318543886,0
0,3,44,True,middle,3,0,0,0.13132845143341618,0.9927051880260942,0.41587730318543886,0
0,3,44,True,middle,4,0,0,0.2831410022003149,0.9695446468510156,0.41587730318543886,0
0,3,45,True,middle,1,0,2,0.13925834321951827,0.9917422229256896,0.3635739990023345,0
0,3,45,True,middle,2,0,0,0.14840399959770417,0.9905606526254269,0.3635739990023345,0
0,3,45,True,middle,3,0,2,0.13123415951081296,0.9925096353715631,0.3635739990023345,0
0,3,45,True,middle,4,0,0,0.17396143814400106,0.9872154586818815,0.3635739990023345,0
0,3,46,True,middle,1,0,2,0.10873619811768376,0.9948494879558674,0.38729496202909774,0
0,3,46,True,middle,2,0,2,0.0400550596114984,0.9993581251912195,0.38729496202909774,0
0,3,46,True,middle,3,0,0,0.1691490275403063,0.9876989438825678,0.38729496202909774,0
0,3,46,True,middle,4,0,3,0.02354857044042454,0.9997605664956492,0.38729496202909774,0
0,3,47,True,middle,1,0,2,0.01648742288469608,0.999881838044398,0.38772357280253855,0
0,3,47,True,middle,2,0,2,0.11834265565686987,0.9938956331929777,0.38772357280253855,0
0,3,47,True,middle,3,0,2,0.03483370901678503,0.9995251212964638,0.38772357280253855,0
0,3,47,True,middle,4,0,0,0.17826609063932772,0.9863340662507462,0.38772357280253855,0
0,3,48,True,middle,1,0,0,0.3213524847341315,0.957470646713215,0.48986216552687173,0
0,3,48,True,middle,2,0,0,0.32200967328065483,0.9572927962368737,0.48986216552687173,0
0,3,48,True,middle,3,0,0,0.3227998664397539,0.9570620908857809,0.48986216552687173,0
0,3,48,True,middle,4,0,0,0.3346525535398801,0.9539543162705464,0.48986216552687173,0
0,3,49,True,middle,1,0,0,0.10142972167001872,0.9958479070606808,0.47103224533064847,0
0,3,49,True,middle,2,0,0,0.38346993288059644,0.9384383611473165,0.47103224533064847,0
0,3,49,True,middle,3,0,0,0.3833821463123754,0.9384621678131068,0.47103224533064847,0
0,3,49,True,middle,4,0,0,0.36951797901938754,0.942680900005808,0.47103224533064847,0
0,3,50,True,middle,1,0,0,0.0934233058336055,0.9971051315554725,0.5535229493784997,0
0,3,50,True,middle,2,0,0,0.12982791506942734,0.9937187607049053,0.5535229493784997,0
0,3,50,True,middle,3,0,0,0.4464798099607836,0.9207169865153056,0.5535229493784997,0
0,3,50,True,middle,4,0,0,0.4468896847811034,0.9205650750473702,0.5535229493784997,0
0,3,51,True,middle,1,0,0,0.18411259748498754,0.9874457540613248,0.5971100976475467,0
0,3,51,True,middle,2,0,0,0.212225490049745,0.983874896715446,0.5971100976475467,0
0,3,51,True,middle,3,0,0,0.2833203448576644,0.9700634057004006,0.5971100976475467,0
0,3,51,True,middle,4,0,0,0.5648180307526384,0.8757096868471169,0.5971100976475467,0
0,3,52,True,middle,1,0,0,0.10290385264884366,0.9960903061960399,0.5849775520421406,0
0,3,52,True,middle,2,0,0,0.09081475134144117,0.9969772773445834,0.5849775520421406,0
0,3,52,True,middle,3,0,0,0.14421233462899843,0.9929829973535398,0.5849775520421406,0
0,3,52,True,middle,4,0,0,0.1963371732530941,0.9858443069507278,0.5849775520421406,0
0,3,53,True,middle,1,0,0,0.18219231701937447,0.9880393173891162,0.6272409022510241,0
0,3,53,True,middle,2,0,0,0.0843419520482992,0.9975029819881807,0.6272409022510241,0
0,3,53,True,middle,3,0,0,0.2655050583929567,0.9743963024758593,0.6272409022510241,0
0,3,53,True,middle,4,0,0,0.28277323001536697,0.9715183826912865,0.6272409022510241,0
0,3,54,True,middle,1,0,1,0.1969006847121851,0.9860505620102106,0.6204625475189378,0
0,3,54,True,middle,2,0,0,0.08010500702455851,0.9977698214325792,0.6204625475189378,0
0,3,54,True,middle,3,0,0,0.13722125798046056,0.993185069819581,0.6204625475189378,0
0,3,54,True,middle,4,0,0,0.12987145196125993,0.9941569641576343,0.6204625475189378,0
0,3,55,True,middle,1,0,1,0.1969006847121851,0.9860505620102106,0.6272409022510241,0
0,3,55,True,middle,2,1,7,0.0,1.0000000000000002,0.6272409022510241,0
0,3,55,True,middle,3,0,0,0.18219231701937447,0.9880393173891162,0.6272409022510241,0
0,3,55,True,middle,4,0,0,0.0843419520482992,0.9975029819881807,0.6272409022510241,0
0,3,56,True,middle,1,0,0,0.0877118364968182,0.997481696886775,0.6698484849433506,0
0,3,56,True,middle,2,0,0,0.2759408647274858,0.9733752239506366,0.6698484849433506,0
0,3,56,True,middle,3,0,0,0.0877118364968182,0.997481696886775,0.6698484849433506,0
0,3,56,True,middle,4,0,0,0.2692340146914435,0.9747372779216297,0.6698484849433506,0
0,3,57,True,middle,1,0,0,0.05351788042542449,0.9992507125067188,0.7145551504881834,0
0,3,57,True,middle,2,0,0,0.13650121556429437,0.9943934263657808,0.7145551504881834,0
0,3,57,True,middle,3,0,0,0.31488946579500754,0.96666615603004,0.7145551504881834,0
0,3,57,True,middle,4,0,0,0.13650121556429437,0.9943934263657808,0.7145551504881834,0
0,3,58,True,middle,1,0,0,0.05259509425759892,0.9993420831178464,0.7602322406618404,0
0,3,58,True,middle,2,0,0,0.1050926262307272,0.9972607468839305,0.7602322406618404,0
0,3,58,True,middle,3,0,0,0.18500854337942205,0.9903922375289279,0.7602322406618404,0
0,3,58,True,middle,4,0,0,0.35359490760979906,0.9598401030169839,0.7602322406618404,0
0,3,59,True,middle,1,1,7,0.0,1.0,0.7602322406618404,0
0,3,59,True,middle,2,0,0,0.05259509425759892,0.9993420831178464,0.7602322406618404,0
0,3,59,True,middle,3,0,0,0.1050926262307272,0.9972607468839305,0.7602322406618404,0
0,3,59,True,middle,4,0,0,0.18500854337942205,0.9903922375289279,0.7602322406618404,0
0,3,60,True,middle,1,0,0,0.031648601030323506,0.9997813523696522,0.788618291215066,0
0,3,60,True,middle,2,0,0,0.031648601030323506,0.9997813523696522,0.788618291215066,0
0,3,60,True,middle,3,0,0,0.08231867263951122,0.9984675427347877,0.788618291215066,0
0,3,60,True,middle,4,0,0,0.13410326432878616,0.995728961239039,0.788618291215066,0
0,3,61,True,middle,1,0,0,0.21829008109705783,0.9852022193851622,0.7544418962769607,0
0,3,61,True,middle,2,0,1,0.21551491206241388,0.9852454288142561,0.7544418962769607,0
0,3,61,True,middle,3,0,1,0.21551491206241388,0.9852454288142561,0.7544418962769607,0
0,3,61,True,middle,4,0,0,0.1980794928669145,0.9874389849159285,0.7544418962769607,0
0,3,62,True,middle,1,0,0,0.20631927721178464,0.9870152023971492,0.8022385646898482,0
0,3,62,True,middle,2,0,0,0.02838041063981939,0.9997753562044007,0.8022385646898482,0
0,3,62,True,middle,3,0,0,0.0537820654193762,0.9993095496894171,0.8022385646898482,0
0,3,62,True,middle,4,0,0,0.0537820654193762,0.9993095496894171,0.8022385646898482,0
0,3,63,True,middle,1,0,1,0.0638115314784507,0.998760973901552,0.7977084686258307,0
0,3,63,True,middle,2,0,0,0.14541241090963736,0.9936217202185099,0.7977084686258307,0
0,3,63,True,middle,3,0,0,0.08190651257867372,0.9979507964899416,0.7977084686258307,0
0,3,63,True,middle,4,0,0,0.09323127771439327,0.9974603729071752,0.7977084686258307,0
0,3,64,True,middle,1,0,0,0.20485300202389697,0.9872234360497479,0.7372613817909152,0
0,3,64,True,middle,2,0,0,0.26409907305726843,0.9785978347897712,0.7372613817909152,0
0,3,64,True,middle,3,0,0,0.06781272745528685,0.9985565071418872,0.7372613817909152,0
0,3,64,True,middle,4,0,0,0.2739991004318612,0.9765823060792859,0.7372613817909152,0
0,3,65,True,middle,1,1,7,0.0,0.9999999999999999,0.7372613817909152,0
0,3,65,True,middle,2,0,0,0.20485300202389697,0.9872234360497479,0.7372613817909152,0
0,3,65,True,middle,3,0,0,0.26409907305726843,0.9785978347897712,0.7372613817909152,0
0,3,65,True,middle,4,0,0,0.06781272745528685,0.9985565071418872,0.7372613817909152,0
0,3,66,True,middle,1,0,0,0.1244763754853837,0.9952030630015322,0.6805085866139133,0
0,3,66,True,middle,2,0,0,0.1244763754853837,0.9952030630015322,0.6805085866139133,0
0,3,66,True,middle,3,0,0,0.3129567855813223,0.9699164096161323,0.6805085866139133,0
0,3,66,True,middle,4,0,0,0.3685158241586292,0.9579045272393235,0.6805085866139133,0
0,3,67,True,middle,1,0,0,0.44038433145080524,0.9324523747093567,0.3903835945995449,0
0,3,67,True,middle,2,0,0,0.5223410984963903,0.9084087146036641,0.3903835945995449,0
0,3,67,True,middle,3,0,0,0.5223410984963903,0.9084087146036641,0.3903835945995449,0
0,3,67,True,middle,4,0,0,0.6197133274315928,0.8755715164549654,0.3903835945995449,0
0,3,68,True,middle,1,0,0,0.2114129379315626,0.9806651434794891,0.39849893171552203,0
0,3,68,True,middle,2,0,0,0.5769145638630712,0.8789970573730931,0.39849893171552203,0
0,3,68,True,middle,3,0,0,0.6771175451388869,0.8388837065512537,0.39849893171552203,0
0,3,68,True,middle,4,0,0,0.6771175451388869,0.8388837065512537,0.39849893171552203,0
0,3,69,True,middle,1,0,1,0.06481720279809593,0.9981879622583444,0.3867496476625479,0
0,3,69,True,middle,2,0,0,0.17345135627931918,0.9869313663059371,0.3867496476625479,0
0,3,69,True,middle,3,0,0,0.5588166158505993,0.886884748502167,0.3867496476625479,0
0,3,69,True,middle,4,0,0,0.6549763156569568,0.8498509750833481,0.3867496476625479,0
0,3,70,True,middle,1,0,0,0.08976638183886233,0.9965543641175277,0.40982372496027897,0
0,3,70,True,middle,2,0,0,0.10487221673427917,0.995280873774176,0.40982372496027897,0
0,3,70,True,middle,3,0,0,0.22113494230886682,0.9789473517512497,0.40982372496027897,0
0,3,70,True,middle,4,0,0,0.5723984284418412,0.8810322781039688,0.40982372496027897,0
0,3,71,True,middle,1,0,0,0.0873350278423914,0.9968461008755884,0.4431629245039097,0
0,3,71,True,middle,2,0,1,0.11209426308868584,0.9948420807493874,0.4431629245039097,0
0,3,71,True,middle,3,0,1,0.08156014925361685,0.9973026266492134,0.4431629245039097,0
0,3,71,True,middle,4,0,0,0.2559350821438985,0.9722827239979019,0.4431629245039097,0
0,3,72,True,middle,1,0,1,0.19904526329896838,0.9838793435944303,0.28321692322987924,0
0,3,72,True,middle,2,0,0,0.14816992590473962,0.9909896225491782,0.28321692322987924,0
0,3,72,True,middle,3,0,1,0.13412919435393914,0.9924119659726587,0.28321692322987924,0
0,3,72,True,middle,4,0,1,0.17218660414108297,0.9873667648045645,0.28321692322987924,0
0,3,73,True,middle,1,0,1,0.01908331000525719,0.9998389316119737,0.2970717373198919,0
0,3,73,True,middle,2,0,1,0.19203544915970483,0.9849625271376591,0.2970717373198919,0
0,3,73,True,middle,3,0,0,0.13983715052329201,0.9919522042967107,0.2970717373198919,0
0,3,73,True,middle,4,0,1,0.12619665453687587,0.9932564615277826,0.2970717373198919,0
0,3,74,True,middle,1,0,1,0.10570713853852737,0.9948775885652142,0.30394521862093765,0
0,3,74,True,middle,2,0,2,0.10247123464344006,0.9951825215454799,0.30394521862093765,0
0,3,74,True,middle,3,0,1,0.14295982159172047,0.9920954873478591,0.30394521862093765,0
0,3,74,True,middle,4,0,0,0.12479854681304334,0.9936651211971501,0.30394521862093765,0
0,3,75,True,late,1,0,0,0.22205230119712907,0.9799629313584307,0.46182637890086736,0
0,3,75,True,late,2,0,0,0.23791865752406596,0.9768479517028378,0.46182637890086736,0
0,3,75,True,late,3,0,0,0.24396197064637304,0.9756931715714037,0.46182637890086736,0
0,3,75,True,late,4,0,0,0.19070888573376557,0.984930936363413,0.46182637890086736,0
0,3,76,True,late,1,0,0,0.14531644375344113,0.9915755227529723,0.3653089300756447,0
0,3,76,True,late,2,0,0,0.2178447834807787,0.9788459140534052,0.3653089300756447,0
0,3,76,True,late,3,0,0,0.2410403020409311,0.974050284604466,0.3653089300756447,0
0,3,76,True,late,4,0,0,0.24084651318658384,0.9740776424549337,0.3653089300756447,0
0,3,77,True,late,1,0,0,0.050724623960644005,0.9988792162394111,0.34437937089194665,0
0,3,77,True,late,2,0,0,0.1433379904878647,0.992007319762198,0.34437937089194665,0
0,3,77,True,late,3,0,0,0.17790728676448214,0.9857539155849285,0.34437937089194665,0
0,3,77,True,late,4,0,0,0.20658267730396732,0.9807545610504933,0.34437937089194665,0
0,3,78,True,late,1,0,0,0.08842756416444873,0.9965672341475813,0.2915842956398294,0
0,3,78,True,late,2,0,0,0.1357326906395566,0.9919318517258962,0.2915842956398294,0
0,3,78,True,late,3,0,0,0.2052736554762114,0.983198192121335,0.2915842956398294,0
0,3,78,True,late,4,0,0,0.13727442771859188,0.9913511999425606,0.2915842956398294,0
0,3,79,True,late,1,0,0,0.04678688665909204,0.9990131302958019,0.26159576621478997,0
0,3,79,True,late,2,0,0,0.1339833506659446,0.9920528232995214,0.26159576621478997,0
0,3,79,True,late,3,0,0,0.17980757189256608,0.9857466113835918,0.26159576621478997,0
0,3,79,True,late,4,0,0,0.24533759858822496,0.9755883642632658,0.26159576621478997,0
0,3,80,True,late,1,1,7,0.0,0.9999999999999998,0.26159576621478997,0
0,3,80,True,late,2,0,0,0.04678688665909204,0.9990131302958019,0.26159576621478997,0
0,3,80,True,late,3,0,0,0.1339833506659446,0.9920528232995214,0.26159576621478997,0
0,3,80,True,late,4,0,0,0.17980757189256608,0.9857466113835918,0.26159576621478997,0
0,3,81,True,late,1,0,1,0.03594427421346589,0.9994171419900693,0.28526860924325786,0
0,3,81,True,late,2,0,1,0.03594427421346589,0.9994171419900693,0.28526860924325786,0
0,3,81,True,late,3,0,0,0.043841161254047765,0.9991142046207188,0.28526860924325786,0
0,3,81,True,late,4,0,0,0.1227878894761732,0.9932889598437661,0.28526860924325786,0
0,3,82,True,late,1,0,0,0.048224226849328256,0.9989315101534675,0.29559405730172394,0
0,3,82,True,late,2,0,0,0.06062222307481501,0.9983338216650721,0.29559405730172394,0
0,3,82,True,late,3,0,0,0.06062222307481501,0.9983338216650721,0.29559405730172394,0
0,3,82,True,late,4,0,0,0.08259866622962929,0.9968600274190199,0.29559405730172394,0
0,3,83,True,late,1,0,1,0.20858127396931614,0.9836331718476408,0.49606602433890573,0
0,3,83,True,late,2,0,0,0.23366553527739556,0.9789954724931621,0.49606602433890573,0
0,3,83,True,late,3,0,0,0.2583756575893664,0.9740301632787423,0.49606602433890573,0
0,3,83,True,late,4,0,0,0.2583756575893664,0.9740301632787423,0.49606602433890573,0
0,3,84,True,late,1,0,0,1.0459781879175991,0.6869632500016701,1.0182478270367719,0
0,3,84,True,late,2,0,0,0.9982167433621564,0.7148701332842944,1.0182478270367719,0
0,3,84,True,late,3,0,0,1.021663807979385,0.6988734296552254,1.0182478270367719,0
0,3,84,True,late,4,0,0,0.9973703633932443,0.7153314940592502,1.0182478270367719,0
0,3,85,True,late,1,0,0,0.9286545242441377,0.7666929766960033,0.7422828547690873,0
0,3,85,True,late,2,0,0,0.37842840527630023,0.9544885160705111,0.7422828547690873,0
0,3,85,True,late,3,0,0,0.49158644513614713,0.9227640091439077,0.7422828547690873,0
0,3,85,True,late,4,0,0,0.5280153331430367,0.9086636989845758,0.7422828547690873,0
0,3,86,True,late,1,0,0,1.0852905308064607,0.6953569935013062,1.0908266714679355,0
0,3,86,True,late,2,0,1,0.17744204459479734,0.9932023666666451,1.0908266714679355,0
0,3,86,True,late,3,0,0,1.1817694476775407,0.6172880955231596,1.0908266714679355,0
0,3,86,True,late,4,0,0,1.1125703942248906,0.6608215030472636,1.0908266714679355,0
0,3,87,True,late,1,0,0,0.13213548184169344,0.9965319070839092,1.1482065671025474,0
0,3,87,True,late,2,0,0,1.202809489398114,0.6387898214997204,1.1482065671025474,0
0,3,87,True,late,3,0,0,0.3038312941023866,0.9808556264990578,1.1482065671025474,0
0,3,87,True,late,4,0,0,1.2766810961674167,0.569093346185388,1.1482065671025474,0
0,3,88,True,late,1,0,0,0.1466787105047393,0.9953496700847337,1.1408318528024501,0
0,3,88,True,late,2,0,0,0.1588060867089831,0.9946920413545116,1.1408318528024501,0
0,3,88,True,late,3,0,0,1.1802784953813659,0.6508703800678244,1.1408318528024501,0
0,3,88,True,late,4,0,0,0.31647557950733723,0.9787365540845079,1.1408318528024501,0
0,3,89,True,late,1,0,0,1.113167343853688,0.6794920837780958,0.17081814870868647,0
0,3,89,True,late,2,0,0,1.1371615675179194,0.6650002601778155,0.17081814870868647,0
0,3,89,True,late,3,0,0,1.072642357881521,0.6889249137568568,0.17081814870868647,0
0,3,89,True,late,4,0,0,0.6894835010371808,0.832964816361947,0.17081814870868647,0
0,3,90,True,late,1,0,0,0.06163545655586817,0.9982325470963984,0.22727320809553958,0
0,3,90,True,late,2,0,0,1.1086614299192366,0.6826328246705526,0.22727320809553958,0
0,3,90,True,late,3,0,0,1.1384335171468343,0.6641259718249488,0.22727320809553958,0
0,3,90,True,late,4,0,0,1.0718315943342893,0.6895013860536096,0.22727320809553958,0
0,3,91,True,late,1,0,0,0.3596402272779917,0.9394540032894441,0.28526860924325786,0
0,3,91,True,late,2,0,0,0.32942261981739346,0.9488728990118221,0.28526860924325786,0
0,3,91,True,late,3,0,0,1.2109117706627328,0.6074355989610474,0.28526860924325786,0
0,3,91,True,late,4,0,0,1.214216847543975,0.6080197331599426,0.28526860924325786,0
0,3,92,True,late,1,0,0,1.1931246638964093,0.6172285847576858,1.1317693331916467,0
0,3,92,True,late,2,0,0,1.1493388487275855,0.6494066231745627,1.1317693331916467,0
0,3,92,True,late,3,0,0,1.1410574499366242,0.6553145644114929,1.1317693331916467,0
0,3,92,True,late,4,0,0,0.33319341692648796,0.9757828405354863,1.1317693331916467,0
0,3,93,True,late,1,0,0,0.6778367836214741,0.9073484559138618,1.2589649944909485,0
0,3,93,True,late,2,0,0,1.300225288479465,0.5908690819542661,1.2589649944909485,0
0,3,93,True,late,3,0,0,1.1652463990155026,0.6910654878522429,1.2589649944909485,0
0,3,93,True,late,4,0,0,1.184940271939818,0.6774925468689411,1.2589649944909485,0
0,3,94,True,late,1,0,0,0.030221009124806415,0.9998254074865318,1.2627909227068719,0
0,3,94,True,late,2,0,0,0.6604527725944044,0.9124245495699045,1.2627909227068719,0
0,3,94,True,late,3,0,0,1.3089568254609085,0.5858489817674544,1.2627909227068719,0
0,3,94,True,late,4,0,0,1.1721350764185545,0.6878260737071725,1.2627909227068719,0
0,3,95,True,late,1,0,0,0.15568861923594968,0.9954087799175855,1.2809175463410225,0
0,3,95,True,late,2,0,0,0.1853390700717297,0.9934832138160539,1.2809175463410225,0
0,3,95,True,late,3,0,0,0.5739192251167488,0.9355787256809087,1.2809175463410225,0
0,3,95,True,late,4,0,0,1.350810065468009,0.5614171239434972,1.2809175463410225,0
0,3,96,True,late,1,1,7,0.0,1.0,1.2809175463410225,0
0,3,96,True,late,2,0,0,0.15568861923594968,0.9954087799175855,1.2809175463410225,0
0,3,96,True,late,3,0,0,0.1853390700717297,0.9934832138160539,1.2809175463410225,0
0,3,96,True,late,4,0,0,0.5739192251167488,0.9355787256809087,1.2809175463410225,0
0,3,97,True,late,1,0,0,0.30447701176706427,0.9838953611063789,1.3625876627379137,0
0,3,97,True,late,2,0,0,0.30447701176706427,0.9838953611063789,1.3625876627379137,0
0,3,97,True,late,3,0,0,0.4552168229782915,0.9630995597484564,1.3625876627379137,0
0,3,97,True,late,4,0,0,0.4833328875043418,0.9582645824597446,1.3625876627379137,0
0,3,98,True,late,1,0,0,0.30447701176706427,0.9838953611063789,1.2809175463410225,0
0,3,98,True,late,2,1,7,0.0,1.0,1.2809175463410225,0
0,3,98,True,late,3,1,7,0.0,1.0,1.2809175463410225,0
0,3,98,True,late,4,0,0,0.15568861923594968,0.9954087799175855,1.2809175463410225,0
0,3,99,True,late,1,0,0,0.30557262517932243,0.982925136892712,1.1636920494770955,0
0,3,99,True,late,2,0,0,0.2662997070891389,0.9910088017029812,1.1636920494770955,0
0,3,99,True,late,3,0,0,0.30557262517932243,0.982925136892712,1.1636920494770955,0
0,3,99,True,late,4,0,0,0.30557262517932243,0.982925136892712,1.1636920494770955,0
0,3,100,True,late,1,0,0,0.23668871412861037,0.9904119752346178,1.2808064578324625,0
0,3,100,True,late,2,0,0,0.3196781567044156,0.9806495063240164,1.2808064578324625,0
0,3,100,True,late,3,0,0,0.13335929980055158,0.9975363826836655,1.2808064578324625,0
0,3,100,True,late,4,0,0,0.3196781567044156,0.9806495063240164,1.2808064578324625,0
0,3,101,True,late,1,0,0,0.031929440345468255,0.9998258830689101,1.26773070215238,0
0,3,101,True,late,2,0,0,0.22857955427878643,0.9907574611167774,1.26773070215238,0
0,3,101,True,late,3,0,0,0.34191886396829735,0.9777428137032238,1.26773070215238,0
0,3,101,True,late,4,0,0,0.14469325194496432,0.997208479693325,1.26773070215238,0
0,3,102,True,late,1,0,2,0.08463933029925708,0.9988338922165078,1.307093866080922,0
0,3,102,True,late,2,0,0,0.08959080889431824,0.9985801902374773,1.307093866080922,0
0,3,102,True,late,3,0,0,0.22989381433489128,0.9919929994808708,1.307093866080922,0
0,3,102,True,late,4,0,0,0.3391792515783651,0.9785721558659614,1.307093866080922,0
0,3,103,True,late,1,1,7,0.0,1.0000000000000002,1.307093866080922,0
0,3,103,True,late,2,0,2,0.08463933029925708,0.9988338922165078,1.307093866080922,0
0,3,103,True,late,3,0,0,0.08959080889431824,0.9985801902374773,1.307093866080922,0
0,3,103,True,late,4,0,0,0.22989381433489128,0.9919929994808708,1.307093866080922,0
0,3,104,True,late,1,0,2,0.08480928286334173,0.9987553757793557,1.2775413686613077,0
0,3,104,True,late,2,0,2,0.08480928286334173,0.9987553757793557,1.2775413686613077,0
0,3,104,True,late,3,0,2,0.029125291667634938,0.9998494471454998,1.2775413686613077,0
0,3,104,True,late,4,0,0,0.03819849394851874,0.9997245161529822,1.2775413686613077,0
0,3,105,True,late,1,0,0,0.0798913569839771,0.9988164984554425,1.2909428095892723,0
0,3,105,True,late,2,0,0,0.018051216075900475,0.9999698492756721,1.2909428095892723,0
0,3,105,True,late,3,0,0,0.018051216075900475,0.9999698492756721,1.2909428095892723,0
0,3,105,True,late,4,0,0,0.07589175731986456,0.9989712193348147,1.2909428095892723,0
0,3,106,True,late,1,0,0,0.1771072590604156,0.9947017303910878,1.2075501021640136,0
0,3,106,True,late,2,0,0,0.1676592375482754,0.995058871389951,1.2075501021640136,0
0,3,106,True,late,3,0,0,0.18711197664955376,0.9943914333038841,1.2075501021640136,0
0,3,106,True,late,4,0,0,0.18711197664955376,0.9943914333038841,1.2075501021640136,0
0,3,107,True,late,1,0,0,0.08551941936371939,0.9990067298027747,1.2689513070252092,0
0,3,107,True,late,2,0,0,0.1594993904024554,0.9952354993624251,1.2689513070252092,0
0,3,107,True,late,3,0,0,0.1672952419630141,0.9946698890868044,1.2689513070252092,0
0,3,107,True,late,4,0,0,0.16567728306581403,0.9950089930568632,1.2689513070252092,0
0,3,108,True,late,1,0,3,0.05208284112908482,0.9994808448810075,1.270121132282684,0
0,3,108,True,late,2,0,0,0.10493046843407204,0.998295480110482,1.270121132282684,0
0,3,108,True,late,3,0,0,0.1502187980409842,0.9957767773496115,1.270121132282684,0
0,3,108,True,late,4,0,0,0.1758991156813255,0.9941077692236454,1.270121132282684,0
0,3,109,True,late,1,0,0,0.24562076409995243,0.9909050248724975,1.1015728586939728,0
0,3,109,True,late,2,0,0,0.2419531554297054,0.9912227737655386,1.1015728586939728,0
0,3,109,True,late,3,0,0,0.21159632784829646,0.9917776409848602,1.1015728586939728,0
0,3,109,True,late,4,0,0,0.2977924808632531,0.9860868706210233,1.1015728586939728,0
0,3,110,True,late,1,0,0,0.257769848979971,0.9892452953982845,1.2617089745059928,0
0,3,110,True,late,2,0,0,0.17120893047208224,0.9943768472758908,1.2617089745059928,0
0,3,110,True,late,3,0,0,0.16492657672777372,0.9947774142823674,1.2617089745059928,0
0,3,110,True,late,4,0,0,0.17531162586946084,0.9942628072191401,1.2617089745059928,0
0,3,111,True,late,1,0,0,0.2632334614966979,0.988783831466222,1.0975033982267988,0
0,3,111,True,late,2,0,2,0.008327761213200073,0.9999863539068053,1.0975033982267988,0
0,3,111,True,late,3,0,0,0.25315350876248044,0.9902673114792803,1.0975033982267988,0
0,3,111,True,late,4,0,0,0.2496614064024751,0.9905774563271186,1.0975033982267988,0
0,4,1,True,early,1,0,0,0.0981479991589559,0.996185966894937,0.42309098392207395,0
0,4,2,True,early,1,0,1,0.16836007545015821,0.9886146629184313,0.49112386189395263,0
0,4,2,True,early,2,0,0,0.20259277028178446,0.9839889567698475,0.49112386189395263,0
0,4,3,True,early,1,0,0,0.4035734454752654,0.9384590776677926,0.6019546091841482,0
0,4,3,True,early,2,0,0,0.29986459238802654,0.9671379253938845,0.6019546091841482,0
0,4,3,True,early,3,0,0,0.32083164735030334,0.9632571734354409,0.6019546091841482,0
0,4,4,True,early,1,0,0,0.3831893512557481,0.9462587896787775,0.608045425897967,0
0,4,4,True,early,2,0,0,0.1367356003621065,0.9940440232106178,0.608045425897967,0
0,4,4,True,early,3,0,0,0.2254712849612898,0.9828091020857218,0.608045425897967,0
0,4,4,True,early,4,0,0,0.29230194681681354,0.970720227008007,0.608045425897967,0
0,4,5,True,early,1,0,0,0.3894734963224196,0.9447688711676396,0.6136653998394004,0
0,4,5,True,early,2,0,0,0.02121539882697577,0.9998491740776101,0.6136653998394004,0
0,4,5,True,early,3,0,0,0.4111851555818567,0.9366671375058964,0.6136653998394004,0
0,4,5,True,early,4,0,0,0.3117726137600561,0.9648527963905059,0.6136653998394004,0
0,4,6,True,early,1,0,0,0.09069944079867552,0.9970381462075735,0.5891408342168635,0
0,4,6,True,early,2,0,0,0.31846089101905806,0.9627037858994646,0.5891408342168635,0
0,4,6,True,early,3,0,0,0.08928553829219271,0.9970735441311543,0.5891408342168635,0
0,4,6,True,early,4,0,0,0.34202000150148776,0.955604983844265,0.5891408342168635,0
0,4,7,True,early,1,0,0,0.20150036350292985,0.9858201840075668,0.6558031871421729,0
0,4,7,True,early,2,0,0,0.23674613511547132,0.9802081640044534,0.6558031871421729,0
0,4,7,True,early,3,0,0,0.2608106643025822,0.9759314066180974,0.6558031871421729,0
0,4,7,True,early,4,0,0,0.24291239170242301,0.9791571729685331,0.6558031871421729,0
0,4,8,True,early,1,0,3,0.04023484707686325,0.9994423519356431,0.6635492975713788,0
0,4,8,True,early,2,0,0,0.19427807679912779,0.9870110173031736,0.6635492975713788,0
0,4,8,True,early,3,0,0,0.23239489213626782,0.9810782326092687,0.6635492975713788,0
0,4,8,True,early,4,0,0,0.2613640309160238,0.975998028889498,0.6635492975713788,0
0,4,9,True,early,1,0,1,0.0696315361885835,0.998335641535892,0.645976139602879,0
0,4,9,True,early,2,0,1,0.07971409102659277,0.9977784137165087,0.645976139602879,0
0,4,9,True,early,3,0,0,0.1623970134225678,0.9907792581080441,0.645976139602879,0
0,4,9,True,early,4,0,0,0.17927182595027813,0.988601725740588,0.645976139602879,0
0,4,10,True,early,1,0,0,0.18683558688575969,0.9876784583012669,0.5914482004177356,0
0,4,10,True,early,2,0,0,0.23747376338531223,0.9803036299914857,0.5914482004177356,0
0,4,10,True,early,3,0,0,0.24950007948845732,0.9780146914154755,0.5914482004177356,0
0,4,10,True,early,4,0,1,0.10632605395712397,0.9958085696190043,0.5914482004177356,0
0,4,11,True,early,1,0,0,0.17163167372002494,0.989156687014029,0.5276877893533951,0
0,4,11,True,early,2,0,0,0.14053458960505533,0.9939926726174791,0.5276877893533951,0
0,4,11,True,early,3,0,0,0.18366818373161398,0.9893466024850757,0.5276877893533951,0
0,4,11,True,early,4,0,0,0.18925217481766374,0.9883262590003821,0.5276877893533951,0
0,4,12,True,early,1,0,0,0.13626758722676235,0.992714597944274,0.5033072190319854,0
0,4,12,True,early,2,0,0,0.114905317940972,0.9956121773928484,0.5033072190319854,0
0,4,12,True,early,3,0,0,0.23148570932816415,0.9817872235483213,0.5033072190319854,0
0,4,12,True,early,4,0,0,0.28094761201713125,0.9730439643650106,0.5033072190319854,0
0,4,13,True,early,1,0,4,0.02423347617023459,0.9997694416879497,0.5095229637673564,0
0,4,13,True,early,2,0,0,0.14834927343138077,0.9913563466354592,0.5095229637673564,0
0,4,13,True,early,3,0,0,0.11025816252017895,0.995936324982196,0.5095229637673564,0
0,4,13,True,early,4,0,0,0.23613527861213734,0.9808729273227011,0.5095229637673564,0
0,4,14,True,early,1,0,4,0.02166605886542965,0.9998165001303223,0.5031341162024382,0
0,4,14,True,early,2,0,4,0.003909713912736265,0.999993903834324,0.5031341162024382,0
0,4,14,True,early,3,0,0,0.13764181608409884,0.992566086835976,0.5031341162024382,0
0,4,14,True,early,4,0,0,0.11308729520317434,0.9957737556764039,0.5031341162024382,0
0,4,15,True,early,1,0,0,0.044984351731369235,0.9992877156138144,0.5349661048471356,0
0,4,15,True,early,2,0,0,0.0577238577020429,0.998745578915592,0.5349661048471356,0
0,4,15,True,early,3,0,0,0.04403947417104174,0.9993199948162534,0.5349661048471356,0
0,4,15,True,early,4,0,0,0.1351234399855828,0.992885261770545,0.5349661048471356,0
0,4,16,True,early,1,0,0,0.12053217198544158,0.9943389345813367,0.5155400794445721,0
0,4,16,True,early,2,0,0,0.12115931541278349,0.9941847975166958,0.5155400794445721,0
0,4,16,True,early,3,0,0,0.13061018117993536,0.9932479724485686,0.5155400794445721,0
0,4,16,True,early,4,0,0,0.12040696854649453,0.9942570026187306,0.5155400794445721,0
0,4,17,True,early,1,0,0,0.1202541853786441,0.9943755175968161,0.536738589175416,0
0,4,17,True,early,2,0,2,0.017169981866348036,0.999885751419,0.536738589175416,0
0,4,17,True,early,3,0,0,0.05075192938280889,0.999080875615056,0.536738589175416,0
0,4,17,True,early,4,0,0,0.06476601964795768,0.9984159217156163,0.536738589175416,0
0,4,18,True,early,1,0,0,0.20586957275027254,0.9842523356114723,0.383133152584,0
0,4,18,True,early,2,0,0,0.22169686841574246,0.9808214443584379,0.383133152584,0
0,4,18,True,early,3,0,0,0.2083164982737254,0.9837795985631899,0.383133152584,0
0,4,18,True,early,4,0,0,0.172948978562281,0.9885076987585062,0.383133152584,0
0,4,19,True,early,1,0,3,0.022600874113483365,0.9997795529271828,0.38883567776838035,0
0,4,19,True,early,2,0,0,0.20796837417350547,0.9838195520404831,0.38883567776838035,0
0,4,19,True,early,3,0,0,0.2250015852072375,0.9801562641529437,0.38883567776838035,0
0,4,19,True,early,4,0,0,0.2118398554557243,0.9830973989973395,0.38883567776838035,0
0,4,20,True,early,1,0,4,0.042594816747474076,0.9992194977950749,0.39813622765970297,0
0,4,20,True,early,2,0,3,0.06411853423427614,0.9982295433591697,0.39813622765970297,0
0,4,20,True,early,3,0,0,0.21910764453635181,0.9817554521131651,0.39813622765970297,0
0,4,20,True,early,4,0,0,0.23538895050447084,0.978102660817075,0.39813622765970297,0
0,4,21,True,early,1,0,0,0.1454660714662679,0.9910761976048119,0.43555221156078316,0
0,4,21,True,early,2,0,0,0.13165101265408607,0.9927303712307749,0.43555221156078316,0
0,4,21,True,early,3,0,0,0.1313428029279707,0.9927842258418423,0.43555221156078316,0
0,4,21,True,early,4,0,0,0.1446275121846539,0.9923407123661137,0.43555221156078316,0
0,4,22,True,early,1,0,0,0.29475649392223396,0.9630755348317153,0.3968241343724257,0
0,4,22,True,early,2,0,0,0.22075042452725932,0.9789590233624194,0.3968241343724257,0
0,4,22,True,early,3,0,0,0.2278771509074591,0.9775109376503501,0.3968241343724257,0
0,4,22,True,early,4,0,0,0.23637925798460388,0.9757618495632363,0.3968241343724257,0
0,4,23,True,early,1,0,0,0.1472719745050508,0.9906365053585161,0.39853250063723206,0
0,4,23,True,early,2,0,0,0.17838313599957317,0.986536159954713,0.39853250063723206,0
0,4,23,True,early,3,0,0,0.12697539527001617,0.9930425723431114,0.39853250063723206,0
0,4,23,True,early,4,0,0,0.11150916507119302,0.9946226711687333,0.39853250063723206,0
0,4,24,True,early,1,0,0,0.13212307865788075,0.9924397120108175,0.37818120340762185,0
0,4,24,True,early,2,0,0,0.21833122546225878,0.9792982876282293,0.37818120340762185,0
0,4,24,True,early,3,0,0,0.11752004851746027,0.9942786101946136,0.37818120340762185,0
0,4,24,True,early,4,0,0,0.08869960845013736,0.9966041505430882,0.37818120340762185,0
0,4,25,True,early,1,0,0,0.24166264518250002,0.9745006432268388,0.3835687755012359,0
0,4,25,True,early,2,0,0,0.13437434249426997,0.9921824092674325,0.3835687755012359,0
0,4,25,True,early,3,0,4,0.13311548948520174,0.9923211234804838,0.3835687755012359,0
0,4,25,True,early,4,0,0,0.29058920185478027,0.9640247517656676,0.3835687755012359,0
0,4,26,True,early,1,0,0,0.16503265154704538,0.9880583549133537,0.3416518619340707,0
0,4,26,True,early,2,0,0,0.18125364410901623,0.98552842238744,0.3416518619340707,0
0,4,26,True,early,3,0,0,0.13671062789514554,0.9919565043977135,0.3416518619340707,0
0,4,26,True,early,4,0,0,0.19270585807851912,0.9838288075589925,0.3416518619340707,0
0,4,27,True,early,1,0,0,0.147109380442362,0.990484426968368,0.3773456720473048,0
0,4,27,True,early,2,0,0,0.08283439446827424,0.9970051930293545,0.3773456720473048,0
0,4,27,True,early,3,0,0,0.2309261756527391,0.9766664207821399,0.3773456720473048,0
0,4,27,True,early,4,0,0,0.1305790755330192,0.992615816562627,0.3773456720473048,0
0,4,28,True,early,1,0,0,0.14836841111191487,0.9903186764500241,0.34464464323149246,0
0,4,28,True,early,2,0,5,0.0040217647096689735,0.9999931867585932,0.34464464323149246,0
0,4,28,True,early,3,0,0,0.16537532529464022,0.9880075163965831,0.34464464323149246,0
0,4,28,True,early,4,0,0,0.1820994254219841,0.9853956242550133,0.34464464323149246,0
0,4,29,True,early,1,0,0,0.21388254971539963,0.9801201532706791,0.4025827640950082,0
0,4,29,True,early,2,0,0,0.13648096095156614,0.9919531488733351,0.4025827640950082,0
0,4,29,True,early,3,0,0,0.21388254971539963,0.9801195787386412,0.4025827640950082,0
0,4,29,True,early,4,0,0,0.09308470390327213,0.9962685909476425,0.4025827640950082,0
0,4,30,True,early,1,0,0,0.09239404671956317,0.9963203291870838,0.3933436038652488,0
0,4,30,True,early,2,0,0,0.23349474636802772,0.9761414051769051,0.3933436038652488,0
0,4,30,True,early,3,0,0,0.20861043368341595,0.9810693128289848,0.3933436038652488,0
0,4,30,True,early,4,0,0,0.23415190329717253,0.975998992539079,0.3933436038652488,0
0,4,31,True,early,1,0,0,0.20739380940695007,0.9811990168507456,0.33168124909002583,0
0,4,31,True,early,2,0,2,0.20842781437089325,0.981137638387782,0.33168124909002583,0
0,4,31,True,early,3,0,0,0.05807334108749599,0.9984945684503681,0.33168124909002583,0
0,4,31,True,early,4,0,0,0.17884130816517158,0.9859018174441223,0.33168124909002583,0
0,4,32,True,early,1,0,0,0.02623328188840867,0.9996945780526094,0.3407153719715686,0
0,4,32,True,early,2,0,0,0.21291091309647261,0.9801793163315919,0.3407153719715686,0
0,4,32,True,early,3,0,0,0.2039679060362839,0.9819384414322393,0.3407153719715686,0
0,4,32,True,early,4,0,0,0.03786682675445562,0.9993591228502309,0.3407153719715686,0
0,4,33,True,early,1,0,0,0.015743309148884953,0.9998905761733649,0.3344115426698838,0
0,4,33,True,early,2,0,0,0.011181601965516033,0.9999440626812862,0.3344115426698838,0
0,4,33,True,early,3,0,0,0.20835931400665636,0.981021598836127,0.3344115426698838,0
0,4,33,True,early,4,0,0,0.20528391780673366,0.981706998451209,0.3344115426698838,0
0,4,34,True,early,1,1,7,0.0,1.0000000000000002,0.3344115426698838,0
0,4,34,True,early,2,0,0,0.015743309148884953,0.9998905761733649,0.3344115426698838,0
0,4,34,True,early,3,0,0,0.011181601965516033,0.9999440626812862,0.3344115426698838,0
0,4,34,True,early,4,0,0,0.20835931400665636,0.981021598836127,0.3344115426698838,0
0,4,35,True,early,1,0,0,0.2174471434083331,0.9793552827711852,0.39634277127012313,0
0,4,35,True,early,2,0,0,0.2174471434083331,0.9793552827711852,0.39634277127012313,0
0,4,35,True,early,3,0,0,0.21740145125406055,0.9793675184823578,0.39634277127012313,0
0,4,35,True,early,4,0,0,0.220110508394613,0.9788407306187484,0.39634277127012313,0
0,4,36,True,early,1,0,0,0.04698724053321823,0.9990463131842666,0.3898157687830667,0
0,4,36,True,early,2,0,2,0.22791692419610096,0.9772069606101214,0.3898157687830667,0
0,4,36,True,early,3,0,2,0.22791692419610096,0.9772069606101214,0.3898157687830667,0
0,4,36,True,early,4,0,0,0.22563768214560337,0.9776745710533254,0.3898157687830667,0
0,4,37,True,early,1,0,0,0.11954272335732985,0.9937780046575734,0.37204789143402606,0
0,4,37,True,early,2,0,0,0.08403614095045028,0.9969564917395237,0.37204789143402606,0
0,4,37,True,early,3,0,0,0.19412591078007224,0.9833216802297785,0.37204789143402606,0
0,4,37,True,early,4,0,0,0.19412591078007224,0.9833216802297785,0.37204789143402606,0
0,4,38,True,early,1,0,0,0.04193834250972146,0.9992293608537803,0.3760060661838715,0
0,4,38,True,early,2,0,0,0.11934617968727643,0.9937997437262505,0.3760060661838715,0
0,4,38,True,early,3,0,0,0.08793269514021453,0.9966592232299696,0.3760060661838715,0
0,4,38,True,early,4,0,0,0.2015446743913784,0.982056739837927,0.3760060661838715,0
0,4,39,True,middle,1,0,0,0.05973319380685315,0.9984427886683273,0.38262211739153557,0
0,4,39,True,middle,2,0,1,0.09870250770735296,0.9957421978532173,0.38262211739153557,0
0,4,39,True,middle,3,0,0,0.15464016491700888,0.9895982462142329,0.38262211739153557,0
0,4,39,True,middle,4,0,0,0.1299818567850327,0.9926760310693225,0.38262211739153557,0
0,4,40,True,middle,1,0,0,0.038070874689427464,0.9993677225711214,0.3795821650279775,0
0,4,40,True,middle,2,0,0,0.05620107894937204,0.9986186755442539,0.3795821650279775,0
0,4,40,True,middle,3,0,0,0.09538651573128885,0.9960168318415813,0.3795821650279775,0
0,4,40,True,middle,4,0,0,0.14048749730308888,0.9914098354926061,0.3795821650279775,0
0,4,41,True,middle,1,0,0,0.016323051389511865,0.9998841412903096,0.382501472570073,0
0,4,41,True,middle,2,0,0,0.043243869398489336,0.9991843570356431,0.382501472570073,0
0,4,41,True,middle,3,0,0,0.07113017051248008,0.9977906918424643,0.382501472570073,0
0,4,41,True,middle,4,0,0,0.11031977194454094,0.9946790541283302,0.382501472570073,0
0,4,42,True,middle,1,1,7,0.0,1.0,0.382501472570073,0
0,4,42,True,middle,2,0,0,0.016323051389511865,0.9998841412903096,0.382501472570073,0
0,4,42,True,middle,3,0,0,0.043243869398489336,0.9991843570356431,0.382501472570073,0
0,4,42,True,middle,4,0,0,0.07113017051248008,0.9977906918424643,0.382501472570073,0
0,4,43,True,middle,1,0,0,0.01541582751287622,0.999896493300184,0.38050955206726955,0
0,4,43,True,middle,2,0,0,0.01541582751287622,0.999896493300184,0.38050955206726955,0
0,4,43,True,middle,3,0,4,0.007819427825472472,0.9999733340436862,0.38050955206726955,0
0,4,43,True,middle,4,0,0,0.038564887290798,0.9993511295336245,0.38050955206726955,0
0,4,44,True,middle,1,0,0,0.13100704147954054,0.9924798227796683,0.3479535273580932,0
0,4,44,True,middle,2,0,0,0.13772253058721218,0.9916960413779522,0.3479535273580932,0
0,4,44,True,middle,3,0,0,0.13772253058721218,0.9916960413779522,0.3479535273580932,0
0,4,44,True,middle,4,0,0,0.13025357920600797,0.9925612215068452,0.3479535273580932,0
0,4,45,True,middle,1,0,0,0.16719201727241853,0.987623985046902,0.3666454591262813,0
0,4,45,True,middle,2,0,1,0.2297274185166195,0.9768553384467238,0.3666454591262813,0
0,4,45,True,middle,3,0,0,0.2344294092225694,0.9759170050663668,0.3666454591262813,0
0,4,45,True,middle,4,0,0,0.2344294092225694,0.9759170050663668,0.3666454591262813,0
0,4,46,True,middle,1,0,0,0.17026508276378233,0.987155371233315,0.34336539209897005,0
0,4,46,True,middle,2,0,2,0.009951613139711058,0.9999567712349603,0.34336539209897005,0
0,4,46,True,middle,3,0,0,0.13542120859651913,0.9919651173350611,0.34336539209897005,0
0,4,46,True,middle,4,0,0,0.14192798967034473,0.9911814991869556,0.34336539209897005,0
0,4,47,True,middle,1,0,0,0.19162662338978467,0.9842996364460571,0.41897072866969687,0
0,4,47,True,middle,2,0,0,0.19317210332458545,0.9840017019014539,0.41897072866969687,0
0,4,47,True,middle,3,0,0,0.18791844130163332,0.9849006991036465,0.41897072866969687,0
0,4,47,True,middle,4,0,0,0.25215886609232974,0.9726823028160787,0.41897072866969687,0
0,4,48,True,middle,1,0,3,0.019859235499339385,0.9998322735192119,0.41774361704997476,0
0,4,48,True,middle,2,0,0,0.1938706358884491,0.9839042756737035,0.41774361704997476,0
0,4,48,True,middle,3,0,0,0.19347071050545697,0.9839369499317329,0.41774361704997476,0
0,4,48,True,middle,4,0,0,0.1902653034037619,0.9844969723079063,0.41774361704997476,0
0,4,49,True,middle,1,0,0,0.23994077686691065,0.975188372280952,0.352376472223131,0
0,4,49,True,middle,2,0,0,0.23896850868603667,0.9754115043137879,0.352376472223131,0
0,4,49,True,middle,3,0,0,0.05740301634086915,0.9985342316522716,0.352376472223131,0
0,4,49,True,middle,4,0,0,0.1795602820079601,0.9857349897131337,0.352376472223131,0
0,4,50,True,middle,1,0,0,0.088869993097586,0.9966058826505867,0.39009590132150224,0
0,4,50,True,middle,2,0,0,0.25640697660039974,0.9717880284781418,0.39009590132150224,0
0,4,50,True,middle,3,0,0,0.25534041036185745,0.9720391579029072,0.39009590132150224,0
0,4,50,True,middle,4,0,0,0.11322822721359602,0.9944656903262316,0.39009590132150224,0
0,4,51,True,middle,1,0,0,0.0961744210888784,0.9960193539649244,0.34968110778015554,0
0,4,51,True,middle,2,0,2,0.007352941176470562,0.9999762875366394,0.34968110778015554,0
0,4,51,True,middle,3,0,0,0.23960254416775856,0.9752567052732377,0.34968110778015554,0
0,4,51,True,middle,4,0,0,0.23862889789753977,0.975480354460996,0.34968110778015554,0
0,4,52,True,middle,1,0,4,0.01508823563070863,0.9998991737886371,0.3458100313099365,0
0,4,52,True,middle,2,0,0,0.09656813254518021,0.9959975685717888,0.3458100313099365,0
0,4,52,True,middle,3,0,2,0.016784534500319682,0.9998765295090772,0.3458100313099365,0
0,4,52,True,middle,4,0,0,0.24713792065697807,0.9736554537975849,0.3458100313099365,0
0,4,53,True,middle,1,0,0,0.5855971950321375,0.8707448944646877,0.6451473577780237,0
0,4,53,True,middle,2,0,0,0.5811528225388424,0.8728241686852664,0.6451473577780237,0
0,4,53,True,middle,3,0,0,0.5920103270076787,0.8681421583691308,0.6451473577780237,0
0,4,53,True,middle,4,0,0,0.5819430563138648,0.8724748937736311,0.6451473577780237,0
0,4,54,True,middle,1,0,0,0.13017729884154303,0.9940087347358377,0.6415953650221153,0
0,4,54,True,middle,2,0,0,0.5860781685516523,0.870111447210194,0.6415953650221153,0
0,4,54,True,middle,3,0,0,0.5828972954390951,0.871613735249096,0.6415953650221153,0
0,4,54,True,middle,4,0,0,0.6039880946518419,0.862138172184541,0.6415953650221153,0
0,4,55,True,middle,1,0,0,0.64920268608768,0.8388717133490267,0.33072770459281053,0
0,4,55,True,middle,2,0,0,0.6479052176384941,0.8400114990592106,0.33072770459281053,0
0,4,55,True,middle,3,0,0,0.14839102111952432,0.9901313989967508,0.33072770459281053,0
0,4,55,True,middle,4,0,0,0.15267592909197975,0.9895713995486131,0.33072770459281053,0
0,4,56,True,middle,1,0,0,0.6145223160598327,0.8548651841819122,0.6291455884518689,0
0,4,56,True,middle,2,0,0,0.1868437855156888,0.9875807779115328,0.6291455884518689,0
0,4,56,True,middle,3,0,0,0.07745981583311273,0.9978925445623981,0.6291455884518689,0
0,4,56,True,middle,4,0,0,0.5570551441303034,0.8819706860205749,0.6291455884518689,0
0,4,57,True,middle,1,0,0,0.47067672366351715,0.9176121545313968,0.32756309748903617,0
0,4,57,True,middle,2,0,0,0.16776386837353963,0.9873036390468781,0.32756309748903617,0
0,4,57,True,middle,3,0,0,0.4969900754100068,0.9085996887883462,0.32756309748903617,0
0,4,57,True,middle,4,0,0,0.4984249079312307,0.9083869820407389,0.32756309748903617,0
0,4,58,True,middle,1,0,0,0.05938179770545386,0.9984286388891463,0.3443525598538844,0
0,4,58,True,middle,2,0,0,0.42061539579593754,0.9353417310743418,0.3443525598538844,0
0,4,58,True,middle,3,0,0,0.21424463796174661,0.97940619223831,0.3443525598538844,0
0,4,58,True,middle,4,0,0,0.4437048054754854,0.9284399344595748,0.3443525598538844,0
0,4,59,True,middle,1,0,0,0.04731470469370151,0.9990151706347393,0.3219284595255843,0
0,4,59,True,middle,2,0,0,0.045313328039341724,0.9990726678036166,0.3219284595255843,0
0,4,59,True,middle,3,0,0,0.4615644584388128,0.9210801334851529,0.3219284595255843,0
0,4,59,True,middle,4,0,0,0.17757030947859107,0.98575526327615,0.3219284595255843,0
0,4,60,True,middle,1,0,0,0.08067837757815373,0.9971295929120118,0.3546571459839091,0
0,4,60,True,middle,2,0,0,0.05818066398883964,0.9984969221302096,0.3546571459839091,0
0,4,60,True,middle,3,0,0,0.10979118235954878,0.9946361006320773,0.3546571459839091,0
0,4,60,True,middle,4,0,0,0.38833837400197696,0.9456323539945027,0.3546571459839091,0
0,4,61,True,middle,1,0,0,0.18147166413821328,0.9860052574254947,0.4253594679923657,0
0,4,61,True,middle,2,0,0,0.2499318403967757,0.9732146027083403,0.4253594679923657,0
0,4,61,True,middle,3,0,0,0.22782214707158663,0.9777882150335122,0.4253594679923657,0
0,4,61,True,middle,4,0,0,0.27025904211259916,0.9685817394242209,0.4253594679923657,0
0,4,62,True,middle,1,0,0,0.2978726295367681,0.9692424699085054,0.6347271616948972,0
0,4,62,True,middle,2,0,0,0.41185250827833886,0.9385723759267844,0.6347271616948972,0
0,4,62,True,middle,3,0,0,0.4830303726301705,0.9134482549343911,0.6347271616948972,0
0,4,62,True,middle,4,0,0,0.446104478883164,0.926984990180283,0.6347271616948972,0
0,4,63,True,middle,1,0,0,0.2576611314583569,0.9766476801136867,0.4962405008127016,0
0,4,63,True,middle,2,0,0,0.16684240074541473,0.9888896209394699,0.4962405008127016,0
0,4,63,True,middle,3,0,0,0.21482860451098534,0.9818106928459992,0.4962405008127016,0
0,4,63,True,middle,4,0,0,0.29103736901776106,0.9657348464713031,0.4962405008127016,0
0,4,64,True,middle,1,0,0,0.12582646951060478,0.9941768725213158,0.5612601065429822,0
0,4,64,True,middle,2,0,0,0.23889003095792133,0.9795146748089228,0.5612601065429822,0
0,4,64,True,middle,3,0,0,0.2567761470732724,0.9749913948663833,0.5612601065429822,0
0,4,64,True,middle,4,0,0,0.3181756735993343,0.9614171787411123,0.5612601065429822,0
0,4,65,True,middle,1,0,0,0.21626379230207401,0.9837095173534482,0.6513818860318276,0
0,4,65,True,middle,2,0,0,0.3123506392144691,0.965615513878045,0.6513818860318276,0
0,4,65,True,middle,3,0,0,0.3968529668051675,0.9443205516965095,0.6513818860318276,0
0,4,65,True,middle,4,0,0,0.42664283179541423,0.9342163401355268,0.6513818860318276,0
0,4,66,True,middle,1,0,0,0.22252892379482325,0.9827077964423918,0.6615208652128325,0
0,4,66,True,middle,2,0,0,0.30970858805426554,0.9661121407561339,0.6615208652128325,0
0,4,66,True,middle,3,0,0,0.38568961887980574,0.9469838173283518,0.6615208652128325,0
0,4,66,True,middle,4,0,0,0.4048672945347033,0.9423629323853714,0.6615208652128325,0
0,4,67,True,middle,1,0,3,0.025750235311423713,0.999769452644491,0.6619732001812096,0
0,4,67,True,middle,2,0,0,0.21847542280899426,0.9833368869885435,0.6619732001812096,0
0,4,67,True,middle,3,0,0,0.3059070289102821,0.9669795781147976,0.6619732001812096,0
0,4,67,True,middle,4,0,0,0.3781744217105199,0.9491542231118931,0.6619732001812096,0
0,4,68,True,middle,1,0,0,0.14981256550600958,0.9923934441149949,0.6911024940611887,0
0,4,68,True,middle,2,0,0,0.15171712627605377,0.9921976653212882,0.6911024940611887,0
0,4,68,True,middle,3,0,0,0.2990497143945262,0.9693458992609708,0.6911024940611887,0
0,4,68,True,middle,4,0,0,0.368331352899701,0.9530363834350323,0.6911024940611887,0
0,4,69,True,middle,1,0,0,0.11360835069750172,0.9962322629476787,0.6047635175049029,0
0,4,69,True,middle,2,0,0,0.17835890147031366,0.9889849754683462,0.6047635175049029,0
0,4,69,True,middle,3,0,0,0.17948033818428732,0.9888340570499754,0.6047635175049029,0
0,4,69,True,middle,4,0,0,0.27815999110034106,0.9724823460254497,0.6047635175049029,0
0,4,70,True,middle,1,0,0,0.03636047320328346,0.9995532599479032,0.6230787420277076,0
0,4,70,True,middle,2,0,0,0.09415903545605545,0.9973917168393115,0.6230787420277076,0
0,4,70,True,middle,3,0,0,0.1496928419856697,0.9922271629884453,0.6230787420277076,0
0,4,70,True,middle,4,0,0,0.15102728562347859,0.992079821459086,0.6230787420277076,0
0,4,71,True,middle,1,0,1,0.1940397680773911,0.9878881923374809,0.455714725352699,0
0,4,71,True,middle,2,0,0,0.19298552225715288,0.9873919075761344,0.455714725352699,0
0,4,71,True,middle,3,0,0,0.2573393263565934,0.9803044480480635,0.455714725352699,0
0,4,71,True,middle,4,0,0,0.21408912791137402,0.9864285187591408,0.455714725352699,0
0,4,72,True,middle,1,0,1,0.06114920843596955,0.998502759723882,0.4237871313923885,0
0,4,72,True,middle,2,0,1,0.2437989671723844,0.9800930927109541,0.4237871313923885,0
0,4,72,True,middle,3,0,0,0.24206897911153877,0.979601561660548,0.4237871313923885,0
0,4,72,True,middle,4,0,0,0.30435550156419516,0.9712676573722264,0.4237871313923885,0
0,4,73,True,middle,1,0,0,0.11118563400095757,0.9951160987965848,0.3244595903895088,0
0,4,73,True,middle,2,0,0,0.14304455670594923,0.9921262209208265,0.3244595903895088,0
0,4,73,True,middle,3,0,0,0.32478642501900457,0.963921787298442,0.3244595903895088,0
0,4,73,True,middle,4,0,0,0.31464185272794615,0.9653133813345203,0.3244595903895088,0
0,4,74,True,middle,1,1,7,0.0,1.0,0.3244595903895088,0
0,4,74,True,middle,2,0,0,0.11118563400095757,0.9951160987965848,0.3244595903895088,0
0,4,74,True,middle,3,0,0,0.14304455670594923,0.9921262209208265,0.3244595903895088,0
0,4,74,True,middle,4,0,0,0.32478642501900457,0.963921787298442,0.3244595903895088,0
0,4,75,True,middle,1,0,0,0.07836774095373328,0.9972398626294213,0.29090499977744083,0
0,4,75,True,middle,2,0,0,0.07836774095373328,0.9972398626294213,0.29090499977744083,0
0,4,75,True,middle,3,0,0,0.15672987522397513,0.9900223683907968,0.29090499977744083,0
0,4,75,True,middle,4,0,0,0.1814127113210969,0.9870661506617455,0.29090499977744083,0
0,4,76,True,middle,1,1,7,0.0,1.0,0.29090499977744083,0
0,4,76,True,middle,2,0,0,0.07836774095373328,0.9972398626294213,0.29090499977744083,0
0,4,76,True,middle,3,0,0,0.07836774095373328,0.9972398626294213,0.29090499977744083,0
0,4,76,True,middle,4,0,0,0.15672987522397513,0.9900223683907968,0.29090499977744083,0
0,4,77,True,late,1,0,0,0.1365508828712823,0.9914035325134664,0.290551795752203,0
0,4,77,True,late,2,0,0,0.1365508828712823,0.9914035325134664,0.290551795752203,0
0,4,77,True,late,3,0,0,0.21200552441080484,0.9795181126602098,0.290551795752203,0
0,4,77,True,late,4,0,0,0.21200552441080484,0.9795181126602098,0.290551795752203,0
0,4,78,True,late,1,0,0,0.17992447163079012,0.9852078995278766,0.316655284593952,0
0,4,78,True,late,2,0,0,0.2591625006358195,0.9692841670594233,0.316655284593952,0
0,4,78,True,late,3,0,0,0.2591625006358195,0.9692841670594233,0.316655284593952,0
0,4,78,True,late,4,0,0,0.31639876859787885,0.9546131312865463,0.316655284593952,0
0,4,79,True,late,1,1,7,0.0,0.9999999999999998,0.316655284593952,0
0,4,79,True,late,2,0,0,0.17992447163079012,0.9852078995278766,0.316655284593952,0
0,4,79,True,late,3,0,0,0.2591625006358195,0.9692841670594233,0.316655284593952,0
0,4,79,True,late,4,0,0,0.2591625006358195,0.9692841670594233,0.316655284593952,0
0,4,80,True,late,1,0,2,0.163920181718631,0.9882354710665602,0.3814133468680764,0
0,4,80,True,late,2,0,2,0.163920181718631,0.9882354710665602,0.3814133468680764,0
0,4,80,True,late,3,0,0,0.12954405233213215,0.9928464775200413,0.3814133468680764,0
0,4,80,True,late,4,0,0,0.2556939580890207,0.9710447720443073,0.3814133468680764,0
0,4,81,True,late,1,0,0,0.24400260908479424,0.9736851772541961,0.26856634317866096,0
0,4,81,True,late,2,0,0,0.12354135420721522,0.9930577032970868,0.26856634317866096,0
0,4,81,True,late,3,0,0,0.12354135420721522,0.9930577032970868,0.26856634317866096,0
0,4,81,True,late,4,0,0,0.1920781482847864,0.9829080661477803,0.26856634317866096,0
0,4,82,True,late,1,0,0,0.18851307035741954,0.9833044659193834,0.22129366271879444,0
0,4,82,True,late,2,0,0,0.21440244827990837,0.9800005036257581,0.22129366271879444,0
0,4,82,True,late,3,0,0,0.2197895962826252,0.9778020556567059,0.22129366271879444,0
0,4,82,True,late,4,0,0,0.2197895962826252,0.9778020556567059,0.22129366271879444,0
0,4,83,True,late,1,0,1,0.3044308240268466,0.9578213327313173,0.3479737879621171,0
0,4,83,True,late,2,0,0,0.1682986934114254,0.9873314321096965,0.3479737879621171,0
0,4,83,True,late,3,0,0,0.3126166030054252,0.9569376172387148,0.3479737879621171,0
0,4,83,True,late,4,0,0,0.1888162844918251,0.9839937323209073,0.3479737879621171,0
0,4,84,True,late,1,0,1,0.1794491054493941,0.9856249219448927,0.24414148429894142,0
0,4,84,True,late,2,0,1,0.1719773781721285,0.9859859074245108,0.24414148429894142,0
0,4,84,True,late,3,0,0,0.03027936318512677,0.9995871564464167,0.24414148429894142,0
0,4,84,True,late,4,0,0,0.25522109858112213,0.9711968245319593,0.24414148429894142,0
0,4,85,True,late,1,0,3,0.19026373531993182,0.9832313217758039,0.2968303481693353,0
0,4,85,True,late,2,0,1,0.11459590628256744,0.9941664200371915,0.2968303481693353,0
0,4,85,True,late,3,0,1,0.2653886181812909,0.9672054862182382,0.2968303481693353,0
0,4,85,True,late,4,0,0,0.1908423844826524,0.9831672557757196,0.2968303481693353,0
0,4,86,True,late,1,1,7,0.0,0.9999999999999998,0.2968303481693353,0
0,4,86,True,late,2,0,3,0.19026373531993182,0.9832313217758039,0.2968303481693353,0
0,4,86,True,late,3,0,1,0.11459590628256744,0.9941664200371915,0.2968303481693353,0
0,4,86,True,late,4,0,1,0.2653886181812909,0.9672054862182382,0.2968303481693353,0
0,4,87,True,late,1,0,0,0.401729439419517,0.9303169772142533,0.44121945332272644,0
0,4,87,True,late,2,0,0,0.401729439419517,0.9303169772142533,0.44121945332272644,0
0,4,87,True,late,3,0,0,0.42670722335131267,0.9208840987378129,0.44121945332272644,0
0,4,87,True,late,4,0,0,0.3933097541439819,0.9336716305416297,0.44121945332272644,0
0,4,88,True,late,1,0,0,0.14654136668717957,0.9909865446347853,0.431406826586372,0
0,4,88,True,late,2,0,0,0.3349962177025872,0.95153845590805,0.431406826586372,0
0,4,88,True,late,3,0,0,0.3349962177025872,0.95153845590805,0.431406826586372,0
0,4,88,True,late,4,0,0,0.3576670562482841,0.9445355467144183,0.431406826586372,0
0,4,89,True,late,1,0,0,0.3454900959460752,0.9491206099666252,0.3954412335550262,0
0,4,89,True,late,2,0,0,0.40227240320976193,0.9312934071925794,0.3954412335550262,0
0,4,89,True,late,3,0,0,0.17558065942081177,0.9867212237523142,0.3954412335550262,0
0,4,89,True,late,4,0,0,0.17558065942081177,0.9867212237523142,0.3954412335550262,0
0,4,90,True,late,1,0,1,0.9533151096671193,0.6931081539319385,0.8310864640518858,0
0,4,90,True,late,2,0,0,1.186718904879045,0.5185034242096074,0.8310864640518858,0
0,4,90,True,late,3,0,0,1.232356582446087,0.4808139460602111,0.8310864640518858,0
0,4,90,True,late,4,0,0,0.882518582877897,0.737266332434035,0.8310864640518858,0
0,4,91,True,late,1,0,0,0.0959906218882445,0.9981493092346161,0.7390147782577756,0
0,4,91,True,late,2,0,0,0.8733263071621378,0.7253656998949585,0.7390147782577756,0
0,4,91,True,late,3,0,0,1.096063557567349,0.5652349650687291,0.7390147782577756,0
0,4,91,True,late,4,0,0,1.1425058520548126,0.5281082113626767,0.7390147782577756,0
0,4,92,True,late,1,0,0,0.5061609873701797,0.9259632999985016,0.8925757981221749,0
0,4,92,True,late,2,0,0,0.5135680456029923,0.9247970844593805,0.8925757981221749,0
0,4,92,True,late,3,0,0,1.1597632853757973,0.5577942991816256,0.8925757981221749,0
0,4,92,True,late,4,0,0,1.30088123616223,0.44201017713868196,0.8925757981221749,0
0,4,93,True,late,1,0,0,0.2659755712252724,0.9887350798413077,1.1179357094827005,0
0,4,93,True,late,2,0,0,0.650940745825865,0.9040415123263106,1.1179357094827005,0
0,4,93,True,late,3,0,0,0.6352695421585154,0.9067571972232673,1.1179357094827005,0
0,4,93,True,late,4,0,0,1.390190008854039,0.4567815676962769,1.1179357094827005,0
0,4,94,True,late,1,0,0,0.2743520127381125,0.9863839531176894,0.9208826493430312,0
0,4,94,True,late,2,0,0,0.07817384092020548,0.9984223176065202,0.9208826493430312,0
0,4,94,True,late,3,0,0,0.5805796988236107,0.9042743564832001,0.9208826493430312,0
0,4,94,True,late,4,0,0,0.5890645895467694,0.9028356538351499,0.9208826493430312,0
0,4,95,True,late,1,0,0,0.26312602386652684,0.9919032368885113,1.1803228369815604,0
0,4,95,True,late,2,0,0,0.18547906883188947,0.9930640138005594,1.1803228369815604,0
0,4,95,True,late,3,0,0,0.2910010996116573,0.9898708632575426,1.1803228369815604,0
0,4,95,True,late,4,0,0,0.738370328341506,0.8822376468204043,1.1803228369815604,0
0,4,96,True,late,1,0,0,0.26355166427948795,0.9881492345428831,1.3036207637238673,0
0,4,96,True,late,2,0,0,0.4326252521329095,0.9761024639938598,1.3036207637238673,0
0,4,96,True,late,3,0,1,0.30746148793155553,0.9849729283376966,1.3036207637238673,0
0,4,96,True,late,4,0,0,0.4744967207736056,0.9696703458588364,1.3036207637238673,0
0,4,97,True,late,1,0,0,0.41839833926351516,0.9736142932510313,0.9996177078752728,0
0,4,97,True,late,2,0,0,0.20049108818640682,0.994857558850797,0.9996177078752728,0
0,4,97,True,late,3,0,0,0.10661932207718626,0.9978162461393294,0.9996177078752728,0
0,4,97,True,late,4,0,0,0.2632889511359141,0.9853999476720566,0.9996177078752728,0
0,4,98,True,late,1,0,0,0.2159721753957276,0.990177960225331,1.1005650795122575,0
0,4,98,True,late,2,0,0,0.2956091851806609,0.9870949163690692,1.1005650795122575,0
0,4,98,True,late,3,0,0,0.2155787524482699,0.9906801144572368,1.1005650795122575,0
0,4,98,True,late,4,0,0,0.22707899385970237,0.991273275683069,1.1005650795122575,0
0,4,99,True,late,1,0,0,0.05384699974324065,0.9994361025950804,1.1265327102308136,0
0,4,99,True,late,2,0,0,0.26627813556628754,0.9853593331574404,1.1265327102308136,0
0,4,99,True,late,3,0,0,0.2733256804962943,0.9886795669684221,1.1265327102308136,0
0,4,99,True,late,4,0,0,0.2453539115463255,0.9874378540094882,1.1265327102308136,0
0,4,100,True,late,1,0,1,0.16120824405009293,0.9947651880221878,1.0507801753123283,0
0,4,100,True,late,2,0,0,0.17532443010566537,0.9931829016291239,1.0507801753123283,0
0,4,100,True,late,3,0,0,0.3432596651029561,0.9716028536382633,1.0507801753123283,0
0,4,100,True,late,4,0,0,0.38933006802615383,0.9759680353428541,1.0507801753123283,0
0,4,101,True,late,1,0,0,0.38964757230092895,0.9759234200572819,1.3037168381574085,0
0,4,101,True,late,2,0,0,0.2730376102449623,0.9887160978774476,1.3037168381574085,0
0,4,101,True,late,3,0,0,0.29553311405498445,0.987109585046118,1.3037168381574085,0
0,4,101,True,late,4,0,0,0.4185058040442727,0.9736036780406464,1.3037168381574085,0
0,4,102,True,late,1,0,0,0.29261711785433386,0.9858510805653546,1.1460248547605139,0
0,4,102,True,late,2,0,0,0.15743325759312482,0.9955066161346323,1.1460248547605139,0
0,4,102,True,late,3,0,0,0.04578431769920633,0.9995892623383048,1.1460248547605139,0
0,4,102,True,late,4,0,1,0.08909450734001437,0.9985000314950299,1.1460248547605139,0
0,4,103,True,late,1,0,1,0.020235807852094053,0.9999407382404526,1.161299479047176,0
0,4,103,True,late,2,0,0,0.29137984415475127,0.9855679349451866,1.161299479047176,0
0,4,103,True,late,3,0,0,0.16278682969824426,0.9955504221885454,1.161299479047176,0
0,4,103,True,late,4,0,0,0.06302246689349567,0.999288125247534,1.161299479047176,0
0,4,104,True,late,1,1,7,0.0,1.0,1.161299479047176,0
0,4,104,True,late,2,0,1,0.020235807852094053,0.9999407382404526,1.161299479047176,0
0,4,104,True,late,3,0,0,0.29137984415475127,0.9855679349451866,1.161299479047176,0
0,4,104,True,late,4,0,0,0.16278682969824426,0.9955504221885454,1.161299479047176,0
0,4,105,True,late,1,0,1,0.0070386295227893945,0.9999927081423075,1.1664402358510353,0
0,4,105,True,late,2,0,1,0.0070386295227893945,0.9999927081423075,1.1664402358510353,0
0,4,105,True,late,3,0,1,0.027055908250704457,0.9998943899214544,1.1664402358510353,0
0,4,105,True,late,4,0,0,0.2913412884353991,0.9854412702575921,1.1664402358510353,0
0,4,106,True,late,1,0,1,0.0067452692840312065,0.9999936123081494,1.171581688655966,0
0,4,106,True,late,2,0,1,0.013639584990070994,0.9999735018695611,1.171581688655966,0
0,4,106,True,late,3,0,1,0.013639584990070994,0.9999735018695611,1.171581688655966,0
0,4,106,True,late,4,0,1,0.033786241144841786,0.9998362734319874,1.171581688655966,0
0,4,107,True,late,1,0,0,0.15619166181125477,0.9951986452659344,1.107412417948906,0
0,4,107,True,late,2,0,0,0.15429346019641654,0.9952361178598575,1.107412417948906,0
0,4,107,True,late,3,0,0,0.15247114840899703,0.995273984578411,1.107412417948906,0
0,4,107,True,late,4,0,0,0.15247114840899703,0.995273984578411,1.107412417948906,0
0,4,108,True,late,1,0,0,0.1561885066409132,0.9952699861590173,1.1753680002192228,0
0,4,108,True,late,2,0,0,0.010601602699541104,0.9999781053744409,1.1753680002192228,0
0,4,108,True,late,3,0,0,0.015415827512875962,0.99995960391785,1.1753680002192228,0
0,4,108,True,late,4,0,0,0.021018274617765703,0.999930753806796,1.1753680002192228,0
0,4,109,True,late,1,0,1,0.042683378100892955,0.9997299820054757,1.1442493798098108,0
0,4,109,True,late,2,0,0,0.14549261821812465,0.9954994411945249,1.1442493798098108,0
0,4,109,True,late,3,0,0,0.038236683724262574,0.9997790971124534,1.1442493798098108,0
0,4,109,True,late,4,0,0,0.031919107407617914,0.9998421044446995,1.1442493798098108,0
0,4,110,True,late,1,0,1,0.04315810449489201,0.9996878478334865,1.1707424076073267,0
0,4,110,True,late,2,0,2,0.00898819788837469,0.9999856071506995,1.1707424076073267,0
0,4,110,True,late,3,0,0,0.15009977960317805,0.9955894385305121,1.1707424076073267,0
0,4,110,True,late,4,0,0,0.015203682822152256,0.9999513529702144,1.1707424076073267,0
0,4,111,True,late,1,0,5,0.0020108823548344867,0.9999991471388853,1.170740629875935,0
0,4,111,True,late,2,0,1,0.04348479640640981,0.999681787190216,1.170740629875935,0
0,4,111,True,late,3,0,2,0.010050171167970568,0.9999813545606031,1.170740629875935,0
0,4,111,True,late,4,0,0,0.15000546090728742,0.99559556709164,1.170740629875935,0
0,4,112,True,late,1,0,0,0.016376534486838963,0.9999488561652545,1.1639602803240963,0
0,4,112,True,late,2,0,0,0.016499531194661583,0.9999480034331772,1.1639602803240963,0
0,4,112,True,late,3,0,0,0.04654105663695963,0.9995831459051224,1.1639602803240963,0
0,4,112,True,late,4,0,0,0.022103631494120236,0.9999127176314895,1.1639602803240963,0
0,4,113,True,late,1,0,0,0.01451274388311611,0.9999558573913975,1.1660484878619124,0
0,4,113,True,late,2,0,2,0.008546623378650049,0.9999872445056978,1.1660484878619124,0
0,4,113,True,late,3,0,2,0.008780001083227284,0.9999863917139675,1.1660484878619124,0
0,4,113,True,late,4,0,1,0.04456901913501498,0.9996327097407277,1.1660484878619124,0
0,4,114,True,late,1,0,0,0.15256514782723327,0.9954314089399862,1.1006606727329076,0
0,4,114,True,late,2,0,1,0.15414868696908832,0.9952867820945615,1.1006606727329076,0
0,4,114,True,late,3,0,0,0.1579648737115646,0.9951549266111605,1.1006606727329076,0
0,4,114,True,late,4,0,0,0.15805444271397578,0.995148780755254,1.1006606727329076,0
0,5,1,True,early,1,0,0,0.15955990913362136,0.987784980077315,0.05433758725656724,0
0,5,2,True,early,1,0,0,0.3199234132920832,0.954180894484878,0.3738735411044701,0
0,5,2,True,early,2,0,0,0.16653514514086637,0.9882284876451182,0.3738735411044701,0
0,5,3,True,early,1,1,7,0.0,0.9999999999999998,0.3738735411044701,0
0,5,3,True,early,2,0,0,0.3199234132920832,0.954180894484878,0.3738735411044701,0
0,5,3,True,early,3,0,0,0.16653514514086637,0.9882284876451182,0.3738735411044701,0
0,5,4,True,early,1,0,0,0.1459232699654797,0.990963676483404,0.24632148218141767,0
0,5,4,True,early,2,0,0,0.1459232699654797,0.990963676483404,0.24632148218141767,0
0,5,4,True,early,3,0,0,0.19444505391832095,0.9820626789087302,0.24632148218141767,0
0,5,4,True,early,4,0,0,0.06859053303291679,0.997792079201952,0.24632148218141767,0
0,5,5,True,early,1,0,0,0.20274281669259378,0.9825173835377141,0.40200699496916287,0
0,5,5,True,early,2,0,1,0.12297067555365275,0.9934739720076803,0.40200699496916287,0
0,5,5,True,early,3,0,1,0.12297067555365275,0.9934739720076803,0.40200699496916287,0
0,5,5,True,early,4,0,0,0.3507641723914603,0.9457030021497252,0.40200699496916287,0
0,5,6,True,early,1,0,0,0.17619511844359628,0.9867991757748608,0.28381473649971845,0
0,5,6,True,early,2,0,0,0.03952601283508047,0.9993134246964825,0.28381473649971845,0
0,5,6,True,early,3,0,0,0.11027012207111511,0.9948776247185259,0.28381473649971845,0
0,5,6,True,early,4,0,0,0.11027012207111511,0.9948776247185259,0.28381473649971845,0
0,5,7,True,early,1,0,0,0.2310099195437657,0.9786104297762168,0.46928406597143085,0
0,5,7,True,early,2,0,0,0.14252721094619294,0.9917716758582532,0.46928406597143085,0
0,5,7,True,early,3,0,0,0.2638020600698238,0.971870190481479,0.46928406597143085,0
0,5,7,True,early,4,0,0,0.1264966837068433,0.9937972998658866,0.46928406597143085,0
0,5,8,True,early,1,1,7,0.0,0.9999999999999998,0.46928406597143085,0
0,5,8,True,early,2,0,0,0.2310099195437657,0.9786104297762168,0.46928406597143085,0
0,5,8,True,early,3,0,0,0.14252721094619294,0.9917716758582532,0.46928406597143085,0
0,5,8,True,early,4,0,0,0.2638020600698238,0.971870190481479,0.46928406597143085,0
0,5,9,True,early,1,1,7,0.0,0.9999999999999998,0.46928406597143085,0
0,5,9,True,early,2,1,7,0.0,0.9999999999999998,0.46928406597143085,0
0,5,9,True,early,3,0,0,0.2310099195437657,0.9786104297762168,0.46928406597143085,0
0,5,9,True,early,4,0,0,0.14252721094619294,0.9917716758582532,0.46928406597143085,0
0,5,10,True,early,1,0,0,0.10096785559340568,0.9958446505833676,0.43723614706342606,0
0,5,10,True,early,2,0,0,0.10096785559340568,0.9958446505833676,0.43723614706342606,0
0,5,10,True,early,3,0,0,0.10096785559340568,0.9958446505833676,0.43723614706342606,0
0,5,10,True,early,4,0,0,0.23388265063936783,0.97708008960101,0.43723614706342606,0
0,5,11,True,early,1,0,0,0.41459724263167447,0.9478181571038247,0.7663675661978426,0
0,5,11,True,early,2,0,0,0.35748149223806097,0.962747373502825,0.7663675661978426,0
0,5,11,True,early,3,0,0,0.35748149223806097,0.962747373502825,0.7663675661978426,0
0,5,11,True,early,4,0,0,0.35748149223806097,0.962747373502825,0.7663675661978426,0
0,5,12,True,early,1,0,0,0.38487065520754166,0.9559792487628732,0.45202009602351323,0
0,5,12,True,early,2,0,0,0.04244275770670581,0.9992630596825302,0.45202009602351323,0
0,5,12,True,early,3,0,0,0.09636895867173718,0.9961910437693434,0.45202009602351323,0
0,5,12,True,early,4,0,0,0.09636895867173718,0.9961910437693434,0.45202009602351323,0
0,5,13,True,early,1,1,7,0.0,1.0,0.45202009602351323,0
0,5,13,True,early,2,0,0,0.38487065520754166,0.9559792487628732,0.45202009602351323,0
0,5,13,True,early,3,0,0,0.04244275770670581,0.9992630596825302,0.45202009602351323,0
0,5,13,True,early,4,0,0,0.09636895867173718,0.9961910437693434,0.45202009602351323,0
0,5,14,True,early,1,0,0,0.03934478276079737,0.9993572012645636,0.449120294573406,0
0,5,14,True,early,2,0,0,0.03934478276079737,0.9993572012645636,0.449120294573406,0
0,5,14,True,early,3,0,0,0.38825049799550265,0.9551260799028609,0.449120294573406,0
0,5,14,True,early,4,0,0,0.07560787659522349,0.997620686914568,0.449120294573406,0
0,5,15,True,early,1,0,0,0.010865579142379622,0.9999513794895107,0.4462998707413673,0
0,5,15,True,early,2,0,0,0.04346493179801672,0.999216265009673,0.4462998707413673,0
0,5,15,True,early,3,0,0,0.04346493179801672,0.999216265009673,0.4462998707413673,0
0,5,15,True,early,4,0,0,0.3975877600424074,0.9525568694905817,0.4462998707413673,0
0,5,16,True,early,1,1,7,0.0,1.0000000000000002,0.4462998707413673,0
0,5,16,True,early,2,0,0,0.010865579142379622,0.9999513794895107,0.4462998707413673,0
0,5,16,True,early,3,0,0,0.04346493179801672,0.999216265009673,0.4462998707413673,0
0,5,16,True,early,4,0,0,0.04346493179801672,0.999216265009673,0.4462998707413673,0
0,5,17,True,early,1,0,0,0.023978043351106156,0.9997729762430766,0.4319404797331626,0
0,5,17,True,early,2,0,0,0.023978043351106156,0.9997729762430766,0.4319404797331626,0
0,5,17,True,early,3,0,0,0.033514528989527455,0.9995497688388038,0.4319404797331626,0
0,5,17,True,early,4,0,0,0.06241730077650755,0.9983980310540032,0.4319404797331626,0
0,5,18,True,early,1,1,7,0.0,1.0000000000000002,0.4319404797331626,0
0,5,18,True,early,2,0,0,0.023978043351106156,0.9997729762430766,0.4319404797331626,0
0,5,18,True,early,3,0,0,0.023978043351106156,0.9997729762430766,0.4319404797331626,0
0,5,18,True,early,4,0,0,0.033514528989527455,0.9995497688388038,0.4319404797331626,0
0,5,19,True,early,1,1,7,0.0,1.0000000000000002,0.4319404797331626,0
0,5,19,True,early,2,1,7,0.0,1.0000000000000002,0.4319404797331626,0
0,5,19,True,early,3,0,0,0.023978043351106156,0.9997729762430766,0.4319404797331626,0
0,5,19,True,early,4,0,0,0.023978043351106156,0.9997729762430766,0.4319404797331626,0
0,5,20,True,early,1,0,0,0.00894828140866312,0.9999677322973471,0.43654716276038535,0
0,5,20,True,early,2,0,0,0.00894828140866312,0.9999677322973471,0.43654716276038535,0
0,5,20,True,early,3,0,0,0.00894828140866312,0.9999677322973471,0.43654716276038535,0
0,5,20,True,early,4,0,0,0.017753938620811757,0.9998745925594379,0.43654716276038535,0
0,5,21,True,early,1,1,7,0.0,0.9999999999999998,0.43654716276038535,0
0,5,21,True,early,2,0,0,0.00894828140866312,0.9999677322973471,0.43654716276038535,0
0,5,21,True,early,3,0,0,0.00894828140866312,0.9999677322973471,0.43654716276038535,0
0,5,21,True,early,4,0,0,0.00894828140866312,0.9999677322973471,0.43654716276038535,0
0,5,22,True,early,1,0,5,0.0020108823548344867,0.9999983572189124,0.43563395823642337,0
0,5,22,True,early,2,0,5,0.0020108823548344867,0.9999983572189124,0.43563395823642337,0
0,5,22,True,early,3,0,0,0.0100144884738837,0.9999587057307467,0.43563395823642337,0
0,5,22,True,early,4,0,0,0.0100144884738837,0.9999587057307467,0.43563395823642337,0
0,5,23,True,early,1,1,7,0.0,1.0,0.43563395823642337,0
0,5,23,True,early,2,0,5,0.0020108823548344867,0.9999983572189124,0.43563395823642337,0
0,5,23,True,early,3,0,5,0.0020108823548344867,0.9999983572189124,0.43563395823642337,0
0,5,23,True,early,4,0,0,0.0100144884738837,0.9999587057307467,0.43563395823642337,0
0,5,24,True,early,1,1,7,0.0,1.0,0.43563395823642337,0
0,5,24,True,early,2,1,7,0.0,1.0,0.43563395823642337,0
0,5,24,True,early,3,0,5,0.0020108823548344867,0.9999983572189124,0.43563395823642337,0
0,5,24,True,early,4,0,5,0.0020108823548344867,0.9999983572189124,0.43563395823642337,0
0,5,25,True,early,1,0,2,0.034484983167239254,0.999500852608314,0.43759102045011394,0
0,5,25,True,early,2,0,2,0.034484983167239254,0.999500852608314,0.43759102045011394,0
0,5,25,True,early,3,0,2,0.034484983167239254,0.999500852608314,0.43759102045011394,0
0,5,25,True,early,4,0,2,0.03500866885000967,0.9994855576418221,0.43759102045011394,0
0,5,26,True,early,1,1,7,0.0,1.0000000000000002,0.43759102045011394,0
0,5,26,True,early,2,0,2,0.034484983167239254,0.999500852608314,0.43759102045011394,0
0,5,26,True,early,3,0,2,0.034484983167239254,0.999500852608314,0.43759102045011394,0
0,5,26,True,early,4,0,2,0.034484983167239254,0.999500852608314,0.43759102045011394,0
0,5,27,True,early,1,0,0,0.04308373782917337,0.9992207777134655,0.43611379686627727,0
0,5,27,True,early,2,0,0,0.04308373782917337,0.9992207777134655,0.43611379686627727,0
0,5,27,True,early,3,0,0,0.07341269142549642,0.9977355253939272,0.43611379686627727,0
0,5,27,True,early,4,0,0,0.07341269142549642,0.9977355253939272,0.43611379686627727,0
0,5,28,True,early,1,0,0,0.029935531742017178,0.9996337567807151,0.44737315593262433,0
0,5,28,True,early,2,0,1,0.07056642533966077,0.9979244329843131,0.44737315593262433,0
0,5,28,True,early,3,0,1,0.07056642533966077,0.9979244329843131,0.44737315593262433,0
0,5,28,True,early,4,0,1,0.10085467378981057,0.9957532962845184,0.44737315593262433,0
0,5,29,True,early,1,1,7,0.0,1.0000000000000002,0.44737315593262433,0
0,5,29,True,early,2,0,0,0.029935531742017178,0.9996337567807151,0.44737315593262433,0
0,5,29,True,early,3,0,1,0.07056642533966077,0.9979244329843131,0.44737315593262433,0
0,5,29,True,early,4,0,1,0.07056642533966077,0.9979244329843131,0.44737315593262433,0
0,5,30,True,early,1,0,0,0.03010323944382499,0.9996325353665096,0.4583583224878674,0
0,5,30,True,early,2,0,0,0.03010323944382499,0.9996325353665096,0.4583583224878674,0
0,5,30,True,early,3,0,0,0.05953800468184068,0.998557496472204,0.4583583224878674,0
0,5,30,True,early,4,0,0,0.0997132552381147,0.9958898067005225,0.4583583224878674,0
0,5,31,True,early,1,0,0,0.39122227656062525,0.9360999983178516,0.4276246711868719,0
0,5,31,True,early,2,0,0,0.3918998288876739,0.9355742761769186,0.4276246711868719,0
0,5,31,True,early,3,0,0,0.3918998288876739,0.9355742761769186,0.4276246711868719,0
0,5,31,True,early,4,0,0,0.3944248611885481,0.934447291662926,0.4276246711868719,0
0,5,32,True,early,1,0,0,0.09008479052623637,0.9966008434144289,0.39325406986683015,0
0,5,32,True,early,2,0,0,0.4163583372408978,0.9269468867937726,0.39325406986683015,0
0,5,32,True,early,3,0,0,0.41269929080477835,0.9278437558382446,0.39325406986683015,0
0,5,32,True,early,4,0,0,0.41269929080477835,0.9278437558382446,0.39325406986683015,0
0,5,33,True,early,1,0,2,0.11555861966369342,0.9942037141886236,0.38348147724455867,0
0,5,33,True,early,2,0,0,0.13996138411931122,0.9917094437110536,0.38348147724455867,0
0,5,33,True,early,3,0,0,0.40011573523538463,0.9324155983105323,0.38348147724455867,0
0,5,33,True,early,4,0,0,0.39878342728717076,0.9324862224701256,0.38348147724455867,0
0,5,34,True,early,1,0,2,0.04522492954809138,0.9991109415701204,0.38797296284480287,0
0,5,34,True,early,2,0,3,0.07199095096940376,0.9977533070332179,0.38797296284480287,0
0,5,34,True,early,3,0,0,0.10454936151609558,0.9954111843050235,0.38797296284480287,0
0,5,34,True,early,4,0,0,0.40510149592509237,0.9307775698836694,0.38797296284480287,0
0,5,35,True,early,1,0,0,0.38902214202287216,0.9361396564746852,0.45691062829995344,0
0,5,35,True,early,2,0,0,0.3828454644168888,0.9381056300035969,0.45691062829995344,0
0,5,35,True,early,3,0,0,0.4033176543763522,0.9314179442804192,0.45691062829995344,0
0,5,35,True,early,4,0,0,0.3755483003273802,0.9410843286563466,0.45691062829995344,0
0,5,36,True,early,1,0,0,0.31892367628134966,0.957046329042344,0.3582667807115596,0
0,5,36,True,early,2,0,0,0.1961470730762149,0.983163791453311,0.3582667807115596,0
0,5,36,True,early,3,0,0,0.16293893759827668,0.9883655742573316,0.3582667807115596,0
0,5,36,True,early,4,0,0,0.24673032701097863,0.9733997544315968,0.3582667807115596,0
0,5,37,True,early,1,0,2,0.1569806124153891,0.9892448182896092,0.38962696248325696,0
0,5,37,True,early,2,0,0,0.3020445130791627,0.96163225895763,0.38962696248325696,0
0,5,37,True,early,3,0,0,0.1161749076418185,0.9941380083678693,0.38962696248325696,0
0,5,37,True,early,4,0,0,0.09771314114180361,0.9958488386645404,0.38962696248325696,0
0,5,38,True,early,1,0,0,0.13942824124029035,0.9915306323981817,0.35329969363771757,0
0,5,38,True,early,2,0,0,0.02996953672729922,0.999602604402144,0.35329969363771757,0
0,5,38,True,early,3,0,0,0.2988254652358307,0.9623570609269548,0.35329969363771757,0
0,5,38,True,early,4,0,0,0.18146091448895765,0.9855911950841881,0.35329969363771757,0
0,5,39,True,early,1,0,0,0.057637378025606895,0.9985227472693111,0.3451797093845533,0
0,5,39,True,early,2,0,0,0.14588644489985528,0.9907307117070835,0.3451797093845533,0
0,5,39,True,early,3,0,0,0.05206704050978394,0.9988021625304687,0.3451797093845533,0
0,5,39,True,early,4,0,0,0.35090228217423786,0.9478087735863326,0.3451797093845533,0
0,5,40,True,early,1,0,0,0.21401694694125195,0.980652319270717,0.4372949574952276,0
0,5,40,True,early,2,0,0,0.1750724754075526,0.987171945432865,0.4372949574952276,0
0,5,40,True,early,3,0,0,0.160346789824249,0.989166580297935,0.4372949574952276,0
0,5,40,True,early,4,0,0,0.1864920590103766,0.985368252578828,0.4372949574952276,0
0,5,41,True,early,1,0,0,0.16122880884850777,0.9891749463339586,0.3547745936187309,0
0,5,41,True,early,2,0,0,0.07305788100486484,0.9976269937609894,0.3547745936187309,0
0,5,41,True,early,3,0,0,0.01718358811245144,0.9998689139746796,0.3547745936187309,0
0,5,41,True,early,4,0,0,0.13546353166490724,0.9920077311716005,0.3547745936187309,0
0,5,42,True,early,1,0,0,0.04478898606672641,0.9991132292874095,0.3614429496692273,0
0,5,42,True,early,2,0,0,0.12418174226070101,0.9936966687966323,0.3614429496692273,0
0,5,42,True,early,3,0,0,0.11108250483367521,0.9945283193274949,0.3614429496692273,0
0,5,42,True,early,4,0,0,0.06131782117516484,0.998336314964139,0.3614429496692273,0
0,5,43,True,early,1,0,0,0.07370150813496178,0.9977150781676505,0.4008458531676682,0
0,5,43,True,early,2,0,0,0.11493825979820413,0.994337615949135,0.4008458531676682,0
0,5,43,True,early,3,0,0,0.07929664092811027,0.997410585438014,0.4008458531676682,0
0,5,43,True,early,4,0,0,0.1694949810426342,0.9875626540038736,0.4008458531676682,0
0,5,44,True,early,1,0,0,0.10485276768298099,0.9952935423245394,0.35920712747292577,0
0,5,44,True,early,2,0,0,0.034857540819864086,0.999462543820952,0.35920712747292577,0
0,5,44,True,early,3,0,0,0.010957752394034306,0.999947735216038,0.35920712747292577,0
0,5,44,True,early,4,0,0,0.15075436713330892,0.9905609720782662,0.35920712747292577,0
0,5,45,True,early,1,0,3,0.020105904815464898,0.9998220679727178,0.35393451002266074,0
0,5,45,True,early,2,0,0,0.10296389340123595,0.9954817129241876,0.35393451002266074,0
0,5,45,True,early,3,0,0,0.03424423059936948,0.9994830132294034,0.35393451002266074,0
0,5,45,True,early,4,0,0,0.025840155122182684,0.9997034229345192,0.35393451002266074,0
0,5,46,True,early,1,0,0,0.03292581688149358,0.9995358717339581,0.37100612193173643,0
0,5,46,True,early,2,0,0,0.036864075937458,0.999407680863982,0.37100612193173643,0
0,5,46,True,early,3,0,0,0.07158005767930582,0.9978207804290731,0.37100612193173643,0
0,5,46,True,early,4,0,0,0.01872298383075167,0.9998502232407088,0.37100612193173643,0
0,5,47,True,early,1,1,7,0.0,1.0,0.37100612193173643,0
0,5,47,True,early,2,0,0,0.03292581688149358,0.9995358717339581,0.37100612193173643,0
0,5,47,True,early,3,0,0,0.036864075937458,0.999407680863982,0.37100612193173643,0
0,5,47,True,early,4,0,0,0.07158005767930582,0.9978207804290731,0.37100612193173643,0
0,5,48,True,early,1,0,0,0.03727069861962229,0.9993974301265924,0.381395117246266,0
0,5,48,True,early,2,0,0,0.03727069861962229,0.9993974301265924,0.381395117246266,0
0,5,48,True,early,3,0,0,0.06693046625966595,0.9980666685826288,0.381395117246266,0
0,5,48,True,early,4,0,0,0.07384257824844655,0.9976286983296835,0.381395117246266,0
0,5,49,True,early,1,0,4,0.05600714696269032,0.9986612277571018,0.4007318120970899,0
0,5,49,True,early,2,0,0,0.07591438712693728,0.9975421190432048,0.4007318120970899,0
0,5,49,True,early,3,0,0,0.07591438712693728,0.9975421190432048,0.4007318120970899,0
0,5,49,True,early,4,0,0,0.09340331782094549,0.9963023235509697,0.4007318120970899,0
0,5,50,True,early,1,0,0,0.054472263826122566,0.9987348393590699,0.4122353494664463,0
0,5,50,True,early,2,0,0,0.054006933044109015,0.9987960888139352,0.4122353494664463,0
0,5,50,True,early,3,0,0,0.08569307384699659,0.9969153715372168,0.4122353494664463,0
0,5,50,True,early,4,0,0,0.08569307384699659,0.9969153715372168,0.4122353494664463,0
0,5,51,True,early,1,0,2,0.04712906510513917,0.9990843361526709,0.3854794950137633,0
0,5,51,True,early,2,0,0,0.05979733321020264,0.9984649823650246,0.3854794950137633,0
0,5,51,True,early,3,0,0,0.05477075573601391,0.9986932754457297,0.3854794950137633,0
0,5,51,True,early,4,0,0,0.06942146106493415,0.9979034673784991,0.3854794950137633,0
0,5,52,True,early,1,0,0,0.29740756099422294,0.9663593972974116,0.5625070176996807,0
0,5,52,True,early,2,0,0,0.25652534090399953,0.9752272133180097,0.5625070176996807,0
0,5,52,True,early,3,0,0,0.27768133372091325,0.9707937904510419,0.5625070176996807,0
0,5,52,True,early,4,0,0,0.2848562809746035,0.9693800761207628,0.5625070176996807,0
0,5,53,True,middle,1,0,0,0.22570960936802834,0.9807724455372663,0.4506519509948651,0
0,5,53,True,middle,2,0,0,0.15339053878535197,0.9902608524556709,0.4506519509948651,0
0,5,53,True,middle,3,0,0,0.12637899937728722,0.9933664240202692,0.4506519509948651,0
0,5,53,True,middle,4,0,0,0.11357559032333077,0.9947034551479397,0.4506519509948651,0
0,5,54,True,middle,1,0,0,0.08202019701939499,0.9972516912413609,0.4150856160080304,0
0,5,54,True,middle,2,0,0,0.22805630415657288,0.9807475654919169,0.4150856160080304,0
0,5,54,True,middle,3,0,0,0.0976368023318843,0.9959444839166928,0.4150856160080304,0
0,5,54,True,middle,4,0,0,0.06839575615135289,0.9980032760587842,0.4150856160080304,0
0,5,55,True,middle,1,0,0,0.11071683044990493,0.9947862150867307,0.37773592668828126,0
0,5,55,True,middle,2,0,0,0.1648112804209867,0.9887483903461288,0.37773592668828126,0
0,5,55,True,middle,3,0,0,0.2897399511652425,0.9682812007812224,0.37773592668828126,0
0,5,55,True,middle,4,0,1,0.03810444326392172,0.9993696396311659,0.37773592668828126,0
0,5,56,True,middle,1,0,0,0.07432843233345302,0.9977847845925079,0.42922060147568325,0
0,5,56,True,middle,2,0,0,0.11611657141222669,0.994291169009717,0.42922060147568325,0
0,5,56,True,middle,3,0,0,0.16921126492858105,0.9880372556475346,0.42922060147568325,0
0,5,56,True,middle,4,0,0,0.24528290766680336,0.9773070560125132,0.42922060147568325,0
0,5,57,True,middle,1,0,0,0.32375873845711545,0.9610319386400744,0.5986551553261374,0
0,5,57,True,middle,2,0,0,0.35131219624080845,0.9542084379884198,0.5986551553261374,0
0,5,57,True,middle,3,0,0,0.4278674418618575,0.9301779362684448,0.5986551553261374,0
0,5,57,True,middle,4,0,0,0.48387171900453596,0.9102695046875966,0.5986551553261374,0
0,5,58,True,middle,1,0,0,0.252409242103981,0.9771341723505655,0.43595615313986924,0
0,5,58,True,middle,2,0,0,0.12626703418960636,0.9932879836529752,0.43595615313986924,0
0,5,58,True,middle,3,0,0,0.13500495201526452,0.9923913929003789,0.43595615313986924,0
0,5,58,True,middle,4,0,0,0.21395579091096245,0.9806499776073921,0.43595615313986924,0
0,5,59,True,middle,1,0,0,0.08567994443487219,0.99691432046101,0.42016512822251584,0
0,5,59,True,middle,2,0,0,0.25775563188123984,0.9763063786656077,0.42016512822251584,0
0,5,59,True,middle,3,0,0,0.09472010586762485,0.9962048739981629,0.42016512822251584,0
0,5,59,True,middle,4,0,0,0.09622827584838564,0.996113466626736,0.42016512822251584,0
0,5,60,True,middle,1,0,0,0.30103294313773554,0.96500518953356,0.5583036430536775,0
0,5,60,True,middle,2,0,0,0.23361990812819688,0.979342463659259,0.5583036430536775,0
0,5,60,True,middle,3,0,1,0.27952222447957703,0.9708862370273926,0.5583036430536775,0
0,5,60,True,middle,4,0,0,0.34684430608989736,0.9530449615848975,0.5583036430536775,0
0,5,61,True,middle,1,0,0,0.33062093248822605,0.9576082078199882,0.3955226210747215,0
0,5,61,True,middle,2,0,0,0.16683483537673097,0.9881060549778253,0.3955226210747215,0
0,5,61,True,middle,3,0,0,0.1926254891298497,0.9842882713931703,0.3955226210747215,0
0,5,61,True,middle,4,0,0,0.2927170592614352,0.969058376962329,0.3955226210747215,0
0,5,62,True,middle,1,0,0,0.2662944047099854,0.9719000828903869,0.5215353191601441,0
0,5,62,True,middle,2,0,0,0.34223729220068916,0.9547799729485741,0.5215353191601441,0
0,5,62,True,middle,3,0,0,0.28204380309094534,0.968247880200618,0.5215353191601441,0
0,5,62,True,middle,4,0,0,0.30353455090537096,0.9631123110893073,0.5215353191601441,0
0,5,63,True,middle,1,0,0,0.2635904678249263,0.9727228131120943,0.3661382394250677,0
0,5,63,True,middle,2,0,0,0.21180478073028866,0.9804609712583067,0.3661382394250677,0
0,5,63,True,middle,3,0,0,0.447081962910633,0.9207058706427421,0.3661382394250677,0
0,5,63,True,middle,4,0,0,0.25371442679365946,0.9723052958722529,0.3661382394250677,0
0,5,64,True,middle,1,0,0,0.3571907704413495,0.950441344039188,0.560118759899153,0
0,5,64,True,middle,2,0,0,0.276983126619275,0.9704560320333836,0.560118759899153,0
0,5,64,True,middle,3,0,1,0.41063105530051286,0.9336331841994079,0.560118759899153,0
0,5,64,True,middle,4,0,0,0.5671878722418479,0.87746743938463,0.560118759899153,0
0,5,65,True,middle,1,0,0,0.23722519663381517,0.9784342167300245,0.47368565676588664,0
0,5,65,True,middle,2,0,0,0.18073313402326258,0.986873910250878,0.47368565676588664,0
0,5,65,True,middle,3,0,0,0.19113131825134727,0.9855456556695203,0.47368565676588664,0
0,5,65,True,middle,4,0,0,0.25097821831715594,0.9739392927524608,0.47368565676588664,0
0,5,66,True,middle,1,0,2,0.05147518095090117,0.9989329363687681,0.4852337262912597,0
0,5,66,True,middle,2,0,0,0.2628019549135532,0.9733661286237985,0.4852337262912597,0
0,5,66,True,middle,3,0,0,0.16212826912687917,0.9898133814425807,0.4852337262912597,0
0,5,66,True,middle,4,0,0,0.19621469797889157,0.9847502861897854,0.4852337262912597,0
0,5,67,True,middle,1,0,2,0.6343766112834076,0.8662157256478611,0.7818484178711032,0
0,5,67,True,middle,2,0,2,0.6250642981991105,0.8703571136531688,0.7818484178711032,0
0,5,67,True,middle,3,0,0,0.5457437667128835,0.9028600658489737,0.7818484178711032,0
0,5,67,True,middle,4,0,0,0.6537153598546839,0.857392305609944,0.7818484178711032,0
0,5,68,True,middle,1,0,1,0.6605504778994437,0.8556883112821511,0.5792798534746603,0
0,5,68,True,middle,2,0,1,0.1921305928066629,0.9863902899590192,0.5792798534746603,0
0,5,68,True,middle,3,0,1,0.17509725454694317,0.9889567979836893,0.5792798534746603,0
0,5,68,True,middle,4,0,0,0.17026991198459931,0.989090368578718,0.5792798534746603,0
0,5,69,True,middle,1,0,5,0.004021764709669001,0.9999940020716217,0.5800469924130404,0
0,5,69,True,middle,2,0,1,0.6606361752075366,0.8556680009473034,0.5800469924130404,0
0,5,69,True,middle,3,0,1,0.19014194407700413,0.9867039065070364,0.5800469924130404,0
0,5,69,True,middle,4,0,1,0.17342653562877627,0.9892029123229799,0.5800469924130404,0
0,5,70,True,middle,1,0,0,0.018666929186102844,0.9998708189759655,0.5761814721352351,0
0,5,70,True,middle,2,0,0,0.021486655972918423,0.999827829132632,0.5761814721352351,0
0,5,70,True,middle,3,0,0,0.6611934667184791,0.8553255576929778,0.5761814721352351,0
0,5,70,True,middle,4,0,0,0.18512244470131106,0.9873500843818168,0.5761814721352351,0
0,5,71,True,middle,1,0,0,0.29885940404015515,0.9659057982213868,0.4782942224471105,0
0,5,71,True,middle,2,0,0,0.31061864900321196,0.9632368105242334,0.4782942224471105,0
0,5,71,True,middle,3,0,0,0.31054053090448724,0.9632292875602532,0.4782942224471105,0
0,5,71,True,middle,4,0,0,0.5872734769219315,0.8866410967754348,0.4782942224471105,0
0,5,72,True,middle,1,0,0,0.08839819917381528,0.9969259061208341,0.5078279572073057,0
0,5,72,True,middle,2,0,0,0.25958054941734005,0.9743813555176641,0.5078279572073057,0
0,5,72,True,middle,3,0,0,0.2740849518389682,0.9714892814095434,0.5078279572073057,0
0,5,72,True,middle,4,0,0,0.2744682686805685,0.9713884951940144,0.5078279572073057,0
0,5,73,True,middle,1,0,0,0.19345384496503584,0.985459919721144,0.38602650454310056,0
0,5,73,True,middle,2,0,0,0.1495979652677151,0.9911456710482873,0.38602650454310056,0
0,5,73,True,middle,3,0,0,0.3817526782150182,0.9438296929464302,0.38602650454310056,0
0,5,73,True,middle,4,0,0,0.39025871758112973,0.9414039270103911,0.38602650454310056,0
0,5,74,True,middle,1,0,0,0.13395234367914227,0.9923402462207248,0.418182137519624,0
0,5,74,True,middle,2,0,0,0.1118015056452342,0.9954416887879692,0.418182137519624,0
0,5,74,True,middle,3,0,0,0.12613814309813765,0.9936302844345599,0.418182137519624,0
0,5,74,True,middle,4,0,0,0.29422860511119964,0.9673682340495464,0.418182137519624,0
0,5,75,True,middle,1,0,0,0.18471831243656642,0.9860802205597805,0.2396990265336725,0
0,5,75,True,middle,2,0,0,0.17127984243869598,0.9875548428109283,0.2396990265336725,0
0,5,75,True,middle,3,0,0,0.27947554426128307,0.9699067235539319,0.2396990265336725,0
0,5,75,True,middle,4,0,0,0.262926696664058,0.9724961194533824,0.2396990265336725,0
0,5,76,True,middle,1,0,0,0.3520189716829178,0.9509133747747817,0.5226677321396049,0
0,5,76,True,middle,2,0,0,0.27715792235369685,0.9694033622784741,0.5226677321396049,0
0,5,76,True,middle,3,0,0,0.20951893005547764,0.983169314806599,0.5226677321396049,0
0,5,76,True,middle,4,0,0,0.27820356186033507,0.969438849122124,0.5226677321396049,0
0,5,77,True,middle,1,0,0,0.2334973640792513,0.978394479867354,0.4908379550020263,0
0,5,77,True,middle,2,0,0,0.28074551779816226,0.9687985754222268,0.4908379550020263,0
0,5,77,True,middle,3,0,0,0.16521280905960617,0.9890710405245031,0.4908379550020263,0
0,5,77,True,middle,4,0,0,0.18274490805469007,0.9867564196725714,0.4908379550020263,0
0,5,78,True,middle,1,0,1,0.17359103548334512,0.9887998868931346,0.3252503024415956,0
0,5,78,True,middle,2,0,0,0.28410550429980436,0.9684715182607401,0.3252503024415956,0
0,5,78,True,middle,3,0,0,0.13075332873854972,0.992344564328405,0.3252503024415956,0
0,5,78,True,middle,4,0,0,0.15741586057315746,0.9895890170251183,0.3252503024415956,0
0,5,79,True,middle,1,0,4,0.07222610533785694,0.9976904554231432,0.3511128925998974,0
0,5,79,True,middle,2,0,1,0.15846555589295755,0.9906056534791551,0.3511128925998974,0
0,5,79,True,middle,3,0,0,0.2823301535765855,0.9686351496438783,0.3511128925998974,0
0,5,79,True,middle,4,0,0,0.18856456479244718,0.9841435729141369,0.3511128925998974,0
0,5,80,True,middle,1,0,0,0.23016911847008456,0.9777052693076613,0.44600977226172306,0
0,5,80,True,middle,2,0,0,0.22403169151109642,0.9790225372812369,0.44600977226172306,0
0,5,80,True,middle,3,0,0,0.19478364034967022,0.9845954420611268,0.44600977226172306,0
0,5,80,True,middle,4,0,0,0.1553513284009365,0.9906844959927479,0.44600977226172306,0
0,5,81,True,middle,1,0,0,0.1264743212359876,0.994819670642916,0.5665415142878464,0
0,5,81,True,middle,2,0,0,0.32202159712213196,0.960722159193596,0.5665415142878464,0
0,5,81,True,middle,3,0,0,0.3169501477495753,0.9623951163779019,0.5665415142878464,0
0,5,81,True,middle,4,0,0,0.22668627038447953,0.9804205995455663,0.5665415142878464,0
0,5,82,True,middle,1,0,0,0.2314394462382911,0.980332683732816,0.40986944490361654,0
0,5,82,True,middle,2,0,0,0.15240313891508186,0.9902714991437317,0.40986944490361654,0
0,5,82,True,middle,3,0,0,0.24114335812931223,0.9748066709869404,0.40986944490361654,0
0,5,82,True,middle,4,0,0,0.2506973125863117,0.9727232693010748,0.40986944490361654,0
0,5,83,True,middle,1,0,0,0.16053806133162313,0.9889792750832,0.41284143444748717,0
0,5,83,True,middle,2,0,0,0.2526843598121439,0.9761555651315692,0.41284143444748717,0
0,5,83,True,middle,3,0,0,0.19864922581009375,0.9834161729928179,0.41284143444748717,0
0,5,83,True,middle,4,0,0,0.32460250653436473,0.9542645939492003,0.41284143444748717,0
0,5,84,True,middle,1,0,5,0.02211970590317952,0.9997910204757743,0.4132199396947229,0
0,5,84,True,middle,2,0,0,0.16477667629630047,0.9883913118686989,0.4132199396947229,0
0,5,84,True,middle,3,0,0,0.2545259679204943,0.9757753610208085,0.4132199396947229,0
0,5,84,True,middle,4,0,0,0.19943138117912498,0.9832853972322757,0.4132199396947229,0
0,5,85,True,middle,1,1,7,0.0,0.9999999999999998,0.4132199396947229,0
0,5,85,True,middle,2,0,5,0.02211970590317952,0.9997910204757743,0.4132199396947229,0
0,5,85,True,middle,3,0,0,0.16477667629630047,0.9883913118686989,0.4132199396947229,0
0,5,85,True,middle,4,0,0,0.2545259679204943,0.9757753610208085,0.4132199396947229,0
0,5,86,True,middle,1,1,7,0.0,0.9999999999999998,0.4132199396947229,0
0,5,86,True,middle,2,1,7,0.0,0.9999999999999998,0.4132199396947229,0
0,5,86,True,middle,3,0,5,0.02211970590317952,0.9997910204757743,0.4132199396947229,0
0,5,86,True,middle,4,0,0,0.16477667629630047,0.9883913118686989,0.4132199396947229,0
0,5,87,True,middle,1,0,0,0.22349535793948885,0.9791519496741558,0.45823844672357267,0
0,5,87,True,middle,2,0,0,0.22349535793948885,0.9791519496741558,0.45823844672357267,0
0,5,87,True,middle,3,0,0,0.22349535793948885,0.9791519496741558,0.45823844672357267,0
0,5,87,True,middle,4,0,0,0.2227976977808263,0.9792821758988303,0.45823844672357267,0
0,5,88,True,middle,1,1,7,0.0,1.0,0.45823844672357267,0
0,5,88,True,middle,2,0,0,0.22349535793948885,0.9791519496741558,0.45823844672357267,0
0,5,88,True,middle,3,0,0,0.22349535793948885,0.9791519496741558,0.45823844672357267,0
0,5,88,True,middle,4,0,0,0.22349535793948885,0.9791519496741558,0.45823844672357267,0
0,5,89,True,middle,1,1,7,0.0,1.0,0.45823844672357267,0
0,5,89,True,middle,2,1,7,0.0,1.0,0.45823844672357267,0
0,5,89,True,middle,3,0,0,0.22349535793948885,0.9791519496741558,0.45823844672357267,0
0,5,89,True,middle,4,0,0,0.22349535793948885,0.9791519496741558,0.45823844672357267,0
0,5,90,True,middle,1,0,0,0.21910230765713012,0.9803161609350036,0.3180171402150698,0
0,5,90,True,middle,2,0,0,0.21910230765713012,0.9803161609350036,0.3180171402150698,0
0,5,90,True,middle,3,0,0,0.21910230765713012,0.9803161609350036,0.3180171402150698,0
0,5,90,True,middle,4,0,0,0.3250609294411831,0.9539383045929261,0.3180171402150698,0
0,5,91,True,middle,1,0,1,0.28119863993825206,0.9692795995532089,0.5234701208968925,0
0,5,91,True,middle,2,0,0,0.07897222087022535,0.9978209346094498,0.5234701208968925,0
0,5,91,True,middle,3,0,0,0.07897222087022535,0.9978209346094498,0.5234701208968925,0
0,5,91,True,middle,4,0,0,0.07897222087022535,0.9978209346094498,0.5234701208968925,0
0,5,92,True,middle,1,0,1,0.20427659100787282,0.9835602722279456,0.45003478394764007,0
0,5,92,True,middle,2,0,1,0.3251539165860354,0.9550312931341803,0.45003478394764007,0
0,5,92,True,middle,3,0,0,0.21017663565845568,0.9816942301051729,0.45003478394764007,0
0,5,92,True,middle,4,0,0,0.21017663565845568,0.9816942301051729,0.45003478394764007,0
0,5,93,True,middle,1,0,0,0.24897292841832397,0.9767795619627203,0.5750128039811421,0
0,5,93,True,middle,2,0,0,0.17283032681791172,0.9887656043273834,0.5750128039811421,0
0,5,93,True,middle,3,0,0,0.3529916955920027,0.9530142053600391,0.5750128039811421,0
0,5,93,True,middle,4,0,0,0.22605750146038917,0.9809929299567568,0.5750128039811421,0
0,5,94,True,middle,1,0,4,0.10375376979057016,0.9959475169401415,0.5627657661688859,0
0,5,94,True,middle,2,0,0,0.2583142782445213,0.974514631178568,0.5627657661688859,0
0,5,94,True,middle,3,0,0,0.20199883566932977,0.9843837738153919,0.5627657661688859,0
0,5,94,True,middle,4,0,0,0.3773365260038856,0.9448745420304075,0.5627657661688859,0
0,5,95,True,middle,1,0,4,0.10375376979057016,0.9959475169401415,0.5750128039811421,0
0,5,95,True,middle,2,1,7,0.0,1.0,0.5750128039811421,0
0,5,95,True,middle,3,0,0,0.24897292841832397,0.9767795619627203,0.5750128039811421,0
0,5,95,True,middle,4,0,0,0.17283032681791172,0.9887656043273834,0.5750128039811421,0
0,5,96,True,middle,1,0,2,0.1045381402121526,0.9958896069616453,0.572387550093584,0
0,5,96,True,middle,2,0,2,0.022122437688020306,0.9998234528169181,0.572387550093584,0
0,5,96,True,middle,3,0,2,0.1045381402121526,0.9958896069616453,0.572387550093584,0
0,5,96,True,middle,4,0,0,0.25174891525699833,0.9761450011588877,0.572387550093584,0
0,5,97,True,middle,1,1,7,0.0,0.9999999999999998,0.572387550093584,0
0,5,97,True,middle,2,0,2,0.1045381402121526,0.9958896069616453,0.572387550093584,0
0,5,97,True,middle,3,0,2,0.022122437688020306,0.9998234528169181,0.572387550093584,0
0,5,97,True,middle,4,0,2,0.1045381402121526,0.9958896069616453,0.572387550093584,0
0,5,98,True,middle,1,1,7,0.0,0.9999999999999998,0.572387550093584,0
0,5,98,True,middle,2,1,7,0.0,0.9999999999999998,0.572387550093584,0
0,5,98,True,middle,3,0,2,0.1045381402121526,0.9958896069616453,0.572387550093584,0
0,5,98,True,middle,4,0,2,0.022122437688020306,0.9998234528169181,0.572387550093584,0
0,5,99,True,middle,1,1,7,0.0,0.9999999999999998,0.572387550093584,0
0,5,99,True,middle,2,1,7,0.0,0.9999999999999998,0.572387550093584,0
0,5,99,True,middle,3,1,7,0.0,0.9999999999999998,0.572387550093584,0
0,5,99,True,middle,4,0,2,0.1045381402121526,0.9958896069616453,0.572387550093584,0
0,5,100,True,middle,1,0,1,0.11898762589314982,0.9947085113838553,0.5842599322690684,0
0,5,100,True,middle,2,0,1,0.11898762589314982,0.9947085113838553,0.5842599322690684,0
0,5,100,True,middle,3,0,1,0.11898762589314982,0.9947085113838553,0.5842599322690684,0
0,5,100,True,middle,4,0,1,0.11898762589314982,0.9947085113838553,0.5842599322690684,0
0,5,101,True,middle,1,1,7,0.0,0.9999999999999999,0.5842599322690684,0
0,5,101,True,middle,2,0,1,0.11898762589314982,0.9947085113838553,0.5842599322690684,0
0,5,101,True,middle,3,0,1,0.11898762589314982,0.9947085113838553,0.5842599322690684,0
0,5,101,True,middle,4,0,1,0.11898762589314982,0.9947085113838553,0.5842599322690684,0
0,5,102,True,middle,1,0,0,0.373542744251981,0.9472294266107328,0.3387309456241536,0
0,5,102,True,middle,2,0,0,0.373542744251981,0.9472294266107328,0.3387309456241536,0
0,5,102,True,middle,3,0,0,0.3728439740598711,0.9466859989024068,0.3387309456241536,0
0,5,102,True,middle,4,0,0,0.3728439740598711,0.9466859989024068,0.3387309456241536,0
0,5,103,True,middle,1,0,0,0.20135305129637296,0.9835294048328398,0.4645716108854225,0
0,5,103,True,middle,2,0,0,0.2342162478445855,0.9797290222353604,0.4645716108854225,0
0,5,103,True,middle,3,0,0,0.2342162478445855,0.9797290222353604,0.4645716108854225,0
0,5,103,True,middle,4,0,0,0.23094283241662877,0.9799778376029894,0.4645716108854225,0
0,5,104,True,middle,1,0,0,0.13719895642167976,0.9928519899858639,0.33925388264247036,0
0,5,104,True,middle,2,0,0,0.16688014884184452,0.9875107370817415,0.33925388264247036,0
0,5,104,True,middle,3,0,0,0.32049487239992624,0.9622757269735875,0.33925388264247036,0
0,5,104,True,middle,4,0,0,0.32049487239992624,0.9622757269735875,0.33925388264247036,0
0,5,105,True,late,1,0,0,0.14782163341032878,0.991764576631792,0.4747023831569971,0
0,5,105,True,late,2,0,2,0.02941176470588236,0.9996532347507858,0.4747023831569971,0
0,5,105,True,late,3,0,0,0.2237378425761182,0.9797030929250152,0.4747023831569971,0
0,5,105,True,late,4,0,0,0.21495751143715458,0.9830023364982583,0.4747023831569971,0
0,5,106,True,late,1,0,1,0.07390884039573914,0.9977990639930794,0.4889943746224388,0
0,5,106,True,late,2,0,0,0.15674267307141873,0.9909401414879075,0.4889943746224388,0
0,5,106,True,late,3,0,1,0.06780460740634557,0.9981721768020784,0.4889943746224388,0
0,5,106,True,late,4,0,0,0.24347708005199156,0.9761790221733763,0.4889943746224388,0
0,5,107,True,late,1,0,4,0.02347058875888003,0.9997793417518094,0.4930237944979951,0
0,5,107,True,late,2,0,1,0.058450265631315994,0.9986417018070453,0.4930237944979951,0
0,5,107,True,late,3,0,0,0.15972667787338524,0.990641109259108,0.4930237944979951,0
0,5,107,True,late,4,0,1,0.050511203205400014,0.999023718698747,0.4930237944979951,0
0,5,108,True,late,1,0,1,0.22260920531926492,0.979960761905123,0.47684620207874506,0
0,5,108,True,late,2,0,1,0.23076730062816847,0.9784203166233681,0.47684620207874506,0
0,5,108,True,late,3,0,1,0.16860094009558316,0.9884106687319242,0.47684620207874506,0
0,5,108,True,late,4,0,0,0.2275745311835049,0.9790163114293089,0.47684620207874506,0
0,5,109,True,late,1,0,0,0.08236073813495481,0.9974809073253568,0.40908129600409693,0
0,5,109,True,late,2,0,0,0.20438326114459415,0.9831553046480135,0.40908129600409693,0
0,5,109,True,late,3,0,0,0.2132397856461974,0.9815411425677006,0.40908129600409693,0
0,5,109,True,late,4,0,0,0.14969271666511086,0.9909259718273589,0.40908129600409693,0
0,5,110,True,late,1,0,0,0.16573392322244565,0.988516697436445,0.4498429633834296,0
0,5,110,True,late,2,0,0,0.1942903168227933,0.9845161020761487,0.4498429633834296,0
0,5,110,True,late,3,0,0,0.09197217465491976,0.9966790874467137,0.4498429633834296,0
0,5,110,True,late,4,0,0,0.09111251231456988,0.9967127672786141,0.4498429633834296,0
0,5,111,True,late,1,0,2,0.06104555586640973,0.9984514055390739,0.4514239726553543,0
0,5,111,True,late,2,0,0,0.19777313407711583,0.9836201240908942,0.4514239726553543,0
0,5,111,True,late,3,0,0,0.23101816045372134,0.9780938999268178,0.4514239726553543,0
0,5,111,True,late,4,0,0,0.1332450693333255,0.9928720578243962,0.4514239726553543,0
0,5,112,True,late,1,0,5,0.07842441183854551,0.9974438190753683,0.43957045805090317,0
0,5,112,True,late,2,0,2,0.03233606917691247,0.9995707905584256,0.43957045805090317,0
0,5,112,True,late,3,0,0,0.17981383463639666,0.9863621327629805,0.43957045805090317,0
0,5,112,True,late,4,0,0,0.20991654715174657,0.9818936666754027,0.43957045805090317,0
0,5,113,True,late,1,0,2,0.029096747611402348,0.9996455858168222,0.43613598960929806,0
0,5,113,True,late,2,0,2,0.10683011064539243,0.9952487847004334,0.43613598960929806,0
0,5,113,True,late,3,0,2,0.05791328520650135,0.9986110473297106,0.43613598960929806,0
0,5,113,True,late,4,0,0,0.18477726574357012,0.9855641822289088,0.43613598960929806,0
0,5,114,True,late,1,0,2,0.12402052537914761,0.9935265130883845,0.4299753062336193,0
0,5,114,True,late,2,0,2,0.1149906430301569,0.9944458652928887,0.4299753062336193,0
0,5,114,True,late,3,0,2,0.10864404075189454,0.9950896854820653,0.4299753062336193,0
0,5,114,True,late,4,0,2,0.11575421119784002,0.9944138787306204,0.4299753062336193,0
0,5,115,True,late,1,0,1,0.13084785902227036,0.9931749165117609,0.31827801351624035,0
0,5,115,True,late,2,0,1,0.14978537927162058,0.9909554897945514,0.31827801351624035,0
0,5,115,True,late,3,0,1,0.15746784241728443,0.9899880779623783,0.31827801351624035,0
0,5,115,True,late,4,0,1,0.18804832680590344,0.9856336586701446,0.31827801351624035,0
0,5,116,True,late,1,0,1,0.09874764430798086,0.9955657187836106,0.310792632613329,0
0,5,116,True,late,2,0,1,0.20061170933693015,0.9830963972347723,0.310792632613329,0
0,5,116,True,late,3,0,1,0.23176599259834363,0.9773301042272953,0.310792632613329,0
0,5,116,True,late,4,0,1,0.24241023971423925,0.9752060693977416,0.310792632613329,0
0,5,117,True,late,1,1,7,0.0,1.0,0.310792632613329,0
0,5,117,True,late,2,0,1,0.09874764430798086,0.9955657187836106,0.310792632613329,0
0,5,117,True,late,3,0,1,0.20061170933693015,0.9830963972347723,0.310792632613329,0
0,5,117,True,late,4,0,1,0.23176599259834363,0.9773301042272953,0.310792632613329,0
0,5,118,True,late,1,0,1,0.1931255074443205,0.9838772132873848,0.4010958155908864,0
0,5,118,True,late,2,0,1,0.1931255074443205,0.9838772132873848,0.4010958155908864,0
0,5,118,True,late,3,0,1,0.13565111849869277,0.992209859580635,0.4010958155908864,0
0,5,118,True,late,4,0,1,0.15107448099509682,0.9903221418865736,0.4010958155908864,0
0,5,119,True,late,1,0,0,0.21668004370434565,0.9796125493311278,0.36746349354855534,0
0,5,119,True,late,2,0,0,0.28096342503526317,0.9647695348296741,0.36746349354855534,0
0,5,119,True,late,3,0,0,0.28096342503526317,0.9647695348296741,0.36746349354855534,0
0,5,119,True,late,4,0,0,0.21662304425883877,0.9791280879432169,0.36746349354855534,0
0,5,120,True,late,1,0,1,0.026134453567803972,0.9997184593059877,0.3468527452000971,0
0,5,120,True,late,2,0,0,0.22365997591100606,0.9782258605564477,0.3468527452000971,0
0,5,120,True,late,3,0,0,0.27913425392204083,0.9649088471996409,0.3468527452000971,0
0,5,120,True,late,4,0,0,0.27913425392204083,0.9649088471996409,0.3468527452000971,0
0,5,121,True,late,1,0,0,0.17692717897870186,0.9861455188001782,0.3680858351408232,0
0,5,121,True,late,2,0,0,0.1690301393486108,0.9874164573694137,0.3680858351408232,0
0,5,121,True,late,3,0,1,0.12890499829196048,0.9928246902121685,0.3680858351408232,0
0,5,121,True,late,4,0,1,0.2385092972400371,0.9746620273799751,0.3680858351408232,0
0,5,122,True,late,1,0,0,0.4956137368482822,0.9300381985858043,0.8226046241712999,0
0,5,122,True,late,2,0,0,0.5530212345357229,0.908818132361267,0.8226046241712999,0
0,5,122,True,late,3,0,0,0.5383138106719482,0.9140583251785374,0.8226046241712999,0
0,5,122,True,late,4,0,0,0.47834226689106085,0.9349394240020215,0.8226046241712999,0
0,5,123,True,late,1,0,0,0.3861178316838006,0.9688020391970165,1.0763322968672162,0
0,5,123,True,late,2,0,0,0.8173218302874625,0.838672525478672,1.0763322968672162,0
0,5,123,True,late,3,0,0,0.8411289566005086,0.8267593980868153,1.0763322968672162,0
0,5,123,True,late,4,0,0,0.8339935566443697,0.8299010876385687,1.0763322968672162,0
0,5,124,True,late,1,0,0,0.3889725387950908,0.9678290463923507,0.8320223168432547,0
0,5,124,True,late,2,0,0,0.4096602598122888,0.950195815466878,0.8320223168432547,0
0,5,124,True,late,3,0,0,0.6274802367907805,0.877947972074938,0.8320223168432547,0
0,5,124,True,late,4,0,0,0.5813530946494051,0.8986120220720213,0.8320223168432547,0
0,5,125,True,late,1,0,0,0.14191064585860952,0.994168008418933,0.8534480967088642,0
0,5,125,True,late,2,0,0,0.40689526059006365,0.9633206187598179,0.8534480967088642,0
0,5,125,True,late,3,0,0,0.34987214651399917,0.9641614451977331,0.8534480967088642,0
0,5,125,True,late,4,0,0,0.6042930834584157,0.8918104742365642,0.8534480967088642,0
0,5,126,True,late,1,0,0,0.15334401356757518,0.9964501766523198,1.0027332994844051,0
0,5,126,True,late,2,0,0,0.23356174341639288,0.9888010262286419,1.0027332994844051,0
0,5,126,True,late,3,0,0,0.34544462101084894,0.9719982635610431,1.0027332994844051,0
0,5,126,True,late,4,0,0,0.3924204993770245,0.9620213192034776,1.0027332994844051,0
0,5,127,True,late,1,1,7,0.0,1.0000000000000002,1.0027332994844051,0
0,5,127,True,late,2,0,0,0.15334401356757518,0.9964501766523198,1.0027332994844051,0
0,5,127,True,late,3,0,0,0.23356174341639288,0.9888010262286419,1.0027332994844051,0
0,5,127,True,late,4,0,0,0.34544462101084894,0.9719982635610431,1.0027332994844051,0
0,5,128,True,late,1,1,7,0.0,1.0000000000000002,1.0027332994844051,0
0,5,128,True,late,2,1,7,0.0,1.0000000000000002,1.0027332994844051,0
0,5,128,True,late,3,0,0,0.15334401356757518,0.9964501766523198,1.0027332994844051,0
0,5,128,True,late,4,0,0,0.23356174341639288,0.9888010262286419,1.0027332994844051,0
0,5,129,True,late,1,1,7,0.0,1.0000000000000002,1.0027332994844051,0
0,5,129,True,late,2,1,7,0.0,1.0000000000000002,1.0027332994844051,0
0,5,129,True,late,3,1,7,0.0,1.0000000000000002,1.0027332994844051,0
0,5,129,True,late,4,0,0,0.15334401356757518,0.9964501766523198,1.0027332994844051,0
0,5,130,True,late,1,0,0,0.23371111105305506,0.9870759312388449,1.0550831088696648,0
0,5,130,True,late,2,0,0,0.23371111105305506,0.9870759312388449,1.0550831088696648,0
0,5,130,True,late,3,0,0,0.23371111105305506,0.9870759312388449,1.0550831088696648,0
0,5,130,True,late,4,0,0,0.23371111105305506,0.9870759312388449,1.0550831088696648,0
0,5,131,True,late,1,1,7,0.0,0.9999999999999998,1.0550831088696648,0
0,5,131,True,late,2,0,0,0.23371111105305506,0.9870759312388449,1.0550831088696648,0
0,5,131,True,late,3,0,0,0.23371111105305506,0.9870759312388449,1.0550831088696648,0
0,5,131,True,late,4,0,0,0.23371111105305506,0.9870759312388449,1.0550831088696648,0
0,5,132,True,late,1,1,7,0.0,0.9999999999999998,1.0550831088696648,0
0,5,132,True,late,2,1,7,0.0,0.9999999999999998,1.0550831088696648,0
0,5,132,True,late,3,0,0,0.23371111105305506,0.9870759312388449,1.0550831088696648,0
0,5,132,True,late,4,0,0,0.23371111105305506,0.9870759312388449,1.0550831088696648,0
0,5,133,True,late,1,0,0,0.23371111105305506,0.9870759312388449,1.0027332994844051,0
0,5,133,True,late,2,0,0,0.23371111105305506,0.9870759312388449,1.0027332994844051,0
0,5,133,True,late,3,0,0,0.23371111105305506,0.9870759312388449,1.0027332994844051,0
0,5,133,True,late,4,1,7,0.0,1.0000000000000002,1.0027332994844051,0
0,5,134,True,late,1,1,7,0.0,1.0000000000000002,1.0027332994844051,0
0,5,134,True,late,2,0,0,0.23371111105305506,0.9870759312388449,1.0027332994844051,0
0,5,134,True,late,3,0,0,0.23371111105305506,0.9870759312388449,1.0027332994844051,0
0,5,134,True,late,4,0,0,0.23371111105305506,0.9870759312388449,1.0027332994844051,0
0,5,135,True,late,1,0,0,1.1438459767471076,0.6981730143344854,1.1424810850001441,0
0,5,135,True,late,2,0,0,1.1438459767471076,0.6981730143344854,1.1424810850001441,0
0,5,135,True,late,3,0,0,0.964381318584151,0.7902594414846579,1.1424810850001441,0
0,5,135,True,late,4,0,0,0.964381318584151,0.7902594414846579,1.1424810850001441,0
0,5,136,True,late,1,0,0,0.10265512461301753,0.9978046797915366,1.1103715847395987,0
0,5,136,True,late,2,0,0,1.1005012223659525,0.7152853314791856,1.1103715847395987,0
0,5,136,True,late,3,0,0,1.1005012223659525,0.7152853314791856,1.1103715847395987,0
0,5,136,True,late,4,0,1,0.9264095616390619,0.8028334609360983,1.1103715847395987,0
0,5,137,True,late,1,0,1,0.11716625492984101,0.9970639314441738,1.1382287443680483,0
0,5,137,True,late,2,0,0,0.15944808502309027,0.9944763142554235,1.1382287443680483,0
0,5,137,True,late,3,0,0,1.1981841901386874,0.6677301204916467,1.1382287443680483,0
0,5,137,True,late,4,0,0,1.1981841901386874,0.6677301204916467,1.1382287443680483,0
0,5,138,True,late,1,0,0,0.06644495959054685,0.9990459218495845,1.1443642075748657,0
0,5,138,True,late,2,0,0,0.1523544108274305,0.995031709475183,1.1443642075748657,0
0,5,138,True,late,3,0,0,0.18805334324451367,0.9923373023315949,1.1443642075748657,0
0,5,138,True,late,4,0,0,1.226929380498934,0.6527607505500848,1.1443642075748657,0
0,5,139,True,late,1,1,7,0.0,1.0,1.1443642075748657,0
0,5,139,True,late,2,0,0,0.06644495959054685,0.9990459218495845,1.1443642075748657,0
0,5,139,True,late,3,0,0,0.1523544108274305,0.995031709475183,1.1443642075748657,0
0,5,139,True,late,4,0,0,0.18805334324451367,0.9923373023315949,1.1443642075748657,0
0,5,140,True,late,1,0,0,0.1245941566340423,0.9969638334887787,1.1896414952159755,0
0,5,140,True,late,2,0,0,0.1245941566340423,0.9969638334887787,1.1896414952159755,0
0,5,140,True,late,3,0,0,0.16588509549961603,0.9944795713817103,1.1896414952159755,0
0,5,140,True,late,4,0,0,0.2667526739219454,0.9854497795059453,1.1896414952159755,0
0,5,141,True,late,1,0,0,0.028487395305259455,0.9998417612732812,1.1982843100748122,0
0,5,141,True,late,2,0,1,0.12129374335088412,0.9972530898616486,1.1982843100748122,0
0,5,141,True,late,3,0,1,0.12129374335088412,0.9972530898616486,1.1982843100748122,0
0,5,141,True,late,4,0,0,0.16951449037127744,0.9943641610894416,1.1982843100748122,0
0,5,142,True,late,1,0,0,0.13610743492623983,0.9961943095475524,1.1963813954320297,0
0,5,142,True,late,2,0,0,0.10969494205283871,0.997522711360949,1.1963813954320297,0
0,5,142,True,late,3,0,0,0.20974939383715072,0.9910470542196358,1.1963813954320297,0
0,5,142,True,late,4,0,0,0.20974939383715072,0.9910470542196358,1.1963813954320297,0
0,5,143,True,late,1,0,0,0.04836522478624203,0.9995568974444913,1.1776924011569685,0
0,5,143,True,late,2,0,0,0.14224538451634225,0.9958558473947487,1.1776924011569685,0
0,5,143,True,late,3,0,0,0.11894226217630194,0.9970713063626955,1.1776924011569685,0
0,5,143,True,late,4,0,0,0.2268323079724106,0.9891787883303451,1.1776924011569685,0
0,5,144,True,late,1,1,7,0.0,0.9999999999999998,1.1776924011569685,0
0,5,144,True,late,2,0,0,0.04836522478624203,0.9995568974444913,1.1776924011569685,0
0,5,144,True,late,3,0,0,0.14224538451634225,0.9958558473947487,1.1776924011569685,0
0,5,144,True,late,4,0,0,0.11894226217630194,0.9970713063626955,1.1776924011569685,0
0,5,145,True,late,1,0,0,0.09093114819649412,0.9987588810890032,1.238103307748207,0
0,5,145,True,late,2,0,0,0.09093114819649412,0.9987588810890032,1.238103307748207,0
0,5,145,True,late,3,0,0,0.05810291912804828,0.9995291873399924,1.238103307748207,0
0,5,145,True,late,4,0,0,0.17942445639262214,0.9937103521465342,1.238103307748207,0
0,5,146,True,late,1,0,0,0.08384998197821766,0.9986127605584155,1.238949918276336,0
0,5,146,True,late,2,0,0,0.086946974002135,0.9989159946592227,1.238949918276336,0
0,5,146,True,late,3,0,0,0.086946974002135,0.9989159946592227,1.238949918276336,0
0,5,146,True,late,4,0,0,0.09129663877720749,0.9985392545877592,1.238949918276336,0
0,5,147,True,late,1,0,0,0.03131247354232525,0.9998603522466836,1.2598096829902807,0
0,5,147,True,late,2,0,0,0.0745086060162368,0.9989717378012644,1.2598096829902807,0
0,5,147,True,late,3,0,0,0.10148260027306462,0.9987384909298026,1.2598096829902807,0
0,5,147,True,late,4,0,0,0.10148260027306462,0.9987384909298026,1.2598096829902807,0
0,5,148,True,late,1,1,7,0.0,1.0,1.2598096829902807,0
0,5,148,True,late,2,0,0,0.03131247354232525,0.9998603522466836,1.2598096829902807,0
0,5,148,True,late,3,0,0,0.0745086060162368,0.9989717378012644,1.2598096829902807,0
0,5,148,True,late,4,0,0,0.10148260027306462,0.9987384909298026,1.2598096829902807,0
0,5,149,True,late,1,0,0,0.1539048638340242,0.9967056738233383,1.14670369835239,0
0,5,149,True,late,2,0,0,0.1539048638340242,0.9967056738233383,1.14670369835239,0
0,5,149,True,late,3,0,0,0.12966962055655046,0.9975605828095062,1.14670369835239,0
0,5,149,True,late,4,0,0,0.14026288845547785,0.9969499943384119,1.14670369835239,0
0,5,150,True,late,1,0,0,0.0240663360161788,0.9998792069085867,1.1405236770808582,0
0,5,150,True,late,2,0,0,0.17207511001611392,0.9956519559103759,1.1405236770808582,0
0,5,150,True,late,3,0,0,0.17207511001611392,0.9956519559103759,1.1405236770808582,0
0,5,150,True,late,4,0,0,0.14742493144022145,0.9966751451688052,1.1405236770808582,0
0,5,151,True,late,1,0,0,0.06018382442589075,0.9994154132167864,1.1796779333700007,0
0,5,151,True,late,2,0,0,0.054028822536451554,0.9995125457138567,1.1796779333700007,0
0,5,151,True,late,3,0,0,0.1306334020744055,0.9973414565182838,1.1796779333700007,0
0,5,151,True,late,4,0,0,0.1306334020744055,0.9973414565182838,1.1796779333700007,0
0,5,152,True,late,1,0,1,0.06523211095603365,0.9993951030848384,1.129602558405436,0
0,5,152,True,late,2,0,0,0.01735990507338841,0.9999488245159045,1.129602558405436,0
0,5,152,True,late,3,0,0,0.030755305649664486,0.9998299087684508,1.129602558405436,0
0,5,152,True,late,4,0,0,0.18149385114193894,0.9952653730074823,1.129602558405436,0
0,5,153,True,late,1,0,0,0.05680319015666746,0.9993779385856478,1.1016224468524427,0
0,5,153,True,late,2,0,0,0.10692385647444055,0.998263976244056,1.1016224468524427,0
0,5,153,True,late,3,0,0,0.06941535379971073,0.9991191359734163,1.1016224468524427,0
0,5,153,True,late,4,0,0,0.08742364835307777,0.9985624189097675,1.1016224468524427,0
0,5,154,True,late,1,1,7,0.0,1.0000000000000002,1.1016224468524427,0
0,5,154,True,late,2,0,0,0.05680319015666746,0.9993779385856478,1.1016224468524427,0
0,5,154,True,late,3,0,0,0.10692385647444055,0.998263976244056,1.1016224468524427,0
0,5,154,True,late,4,0,0,0.06941535379971073,0.9991191359734163,1.1016224468524427,0
0,5,155,True,late,1,0,0,0.2488450189489952,0.9890740449667954,1.23500449027203,0
0,5,155,True,late,2,0,0,0.2488450189489952,0.9890740449667954,1.23500449027203,0
0,5,155,True,late,3,0,0,0.19266889735907156,0.9936080244791156,1.23500449027203,0
0,5,155,True,late,4,0,0,0.16563490550142057,0.9947875268391662,1.23500449027203,0
0,5,156,True,late,1,0,1,0.03325658778627899,0.99984002512852,1.212377894518575,0
0,5,156,True,late,2,0,0,0.23950571498543521,0.9892341896170732,1.212377894518575,0
0,5,156,True,late,3,0,0,0.23950571498543521,0.9892341896170732,1.212377894518575,0
0,5,156,True,late,4,0,0,0.18326955371773598,0.9937521405676752,1.212377894518575,0
